Rk,Player,Nation,Pos,Squad,Comp,Age,Born,Playing Time_MP,Playing Time_Starts,Playing Time_Min,Playing Time_90s,Performance_Gls,Performance_Ast,Performance_G+A,Performance_G-PK,Performance_PK,Performance_PKatt,Performance_CrdY,Performance_CrdR,Per 90 Minutes_Gls,Per 90 Minutes_Ast,Per 90 Minutes_G+A,Per 90 Minutes_G-PK,Per 90 Minutes_G+A-PK,Matches,Standard_Gls,Standard_Sh,Standard_SoT,Standard_SoT%,Standard_Sh/90,Standard_SoT/90,Standard_G/Sh,Standard_G/SoT,Standard_PK,Standard_PKatt,Matches_shooting,Total_Cmp,Total_Att,Total_Cmp%,Total_TotDist,Total_PrgDist,Short_Cmp,Short_Att,Short_Cmp%,Medium_Cmp,Medium_Att,Medium_Cmp%,Long_Cmp,Long_Att,Long_Cmp%,Ast,A-xAG,KP,1/3,PPA,CrsPA,Matches_passing,Tackles_Tkl,Tackles_TklW,Tackles_Def 3rd,Tackles_Mid 3rd,Tackles_Att 3rd,Challenges_Tkl,Challenges_Att,Challenges_Tkl%,Challenges_Lost,Blocks_Blocks,Blocks_Sh,Blocks_Pass,Int,Tkl+Int,Clr,Err,Matches_defense,Touches_Touches,Touches_Def Pen,Touches_Def 3rd,Touches_Mid 3rd,Touches_Att 3rd,Touches_Att Pen,Touches_Live,Take-Ons_Att,Take-Ons_Succ,Take-Ons_Succ%,Take-Ons_Tkld,Take-Ons_Tkld%,Carries_Carries,Carries_TotDist,Carries_PrgDist,Carries_1/3,Carries_CPA,Carries_Mis,Carries_Dis,Rec,Matches_possession,nombre_normalizado,xG,xA,npxG,xGChain,xGBuildup,Pos_Principal,KPI_Goles_90,KPI_npxG_90,KPI_G_menos_xG_90,KPI_Conversion_Tiros,KPI_Regates_Exitosos_Pct,KPI_Asistencias_90,KPI_xA_90,KPI_PasesClave_90,KPI_DistPaseProgresivo_90,KPI_DistConduccionProgresiva_90,KPI_PasesCompletados_Pct,KPI_AccionesDefensivas_90,KPI_DuelosGanados_Pct,KPI_Despejes_90,KPI_Bloqueos_90,KPI_Errores_90
1,Brenden Aaronson,us USA,"MF,FW",Leeds United,eng Premier League,24.0,2000.0,37,30,2449.0,27.2,4.0,5.0,9,4,0,0,3,0,0.15,0.18,0.33,0.15,0.33,Matches,4,47,17,36.2,1.73,0.62,0.09,0.24,0,0,Matches,,,,,,,,,,,,,,,5.0,,,,,,Matches,,27,,,,,,,,,,,17,,,,Matches,,,,,,,,,,,,,,,,,,,,,Matches,brenden aaronson,5.881288753822446,5.662709843367338,5.881288753822446,13.203591203317046,3.4881920777261257,MF,0.14705882352941177,0.2162238512434723,-0.06916502771406051,0.09,,0.18382352941176472,0.20818786188850508,,,,,,,,,
4,Jones El-Abdellaoui,ma MAR,"MF,FW",Celta Vigo,es La Liga,19.0,2006.0,22,4,681.0,7.6,2.0,0.0,2,2,0,0,0,0,0.26,0.0,0.26,0.26,0.26,Matches,2,17,4,23.5,2.25,0.53,0.12,0.5,0,0,Matches,,,,,,,,,,,,,,,0.0,,,,,,Matches,,3,,,,,,,,,,,3,,,,Matches,,,,,,,,,,,,,,,,,,,,,Matches,jones el abdellaoui,2.383013777434826,0.5126708522439003,2.383013777434826,4.237487357109785,1.919035546481609,MF,0.2631578947368421,0.31355444439931923,-0.05039654966247709,0.12,,0.0,0.06745669108472373,,,,,,,,,
6,Himad Abdelli,dz ALG,MF,Angers,fr Ligue 1,25.0,1999.0,13,11,943.0,10.5,2.0,0.0,2,0,2,2,1,0,0.19,0.0,0.19,0.0,0.0,Matches,2,11,5,45.5,1.05,0.48,0.18,0.4,2,2,Matches,,,,,,,,,,,,,,,0.0,,,,,,Matches,,17,,,,,,,,,,,13,,,,Matches,,,,,,,,,,,,,,,,,,,,,Matches,himad abdelli,1.9301752112805843,0.554893160238862,0.4099849201738834,6.202800817787647,5.655766012147069,MF,0.19047619047619047,0.03904618287370318,0.0066499798780395875,0.18,,0.0,0.05284696764179638,,,,,,,,,
7,Ali Abdi,tn TUN,"MF,DF",Nice,fr Ligue 1,31.0,1993.0,22,13,1187.0,13.2,3.0,0.0,3,3,0,0,4,1,0.23,0.0,0.23,0.23,0.23,Matches,3,16,4,25.0,1.21,0.3,0.19,0.75,0,0,Matches,,,,,,,,,,,,,,,0.0,,,,,,Matches,,11,,,,,,,,,,,10,,,,Matches,,,,,,,,,,,,,,,,,,,,,Matches,ali abdi,2.4035323709249496,2.0493611991405487,2.4035323709249496,2.7499186024069786,1.635716256685555,MF,0.2272727272727273,0.18208578567613257,0.045186941596594726,0.19,,0.0,0.15525463629852643,,,,,,,,,
8,Salis Abdul Samed,gh GHA,MF,Nice,fr Ligue 1,25.0,2000.0,18,12,911.0,10.1,0.0,0.0,0,0,0,0,3,0,0.0,0.0,0.0,0.0,0.0,Matches,0,1,0,0.0,0.1,0.0,0.0,,0,0,Matches,,,,,,,,,,,,,,,0.0,,,,,,Matches,,7,,,,,,,,,,,11,,,,Matches,,,,,,,,,,,,,,,,,,,,,Matches,salis abdul samed,0.0150888161733746,0.0130633702501654,0.0150888161733746,1.7302154079079628,1.7171520367264748,MF,0.0,0.0014939421953836238,-0.0014939421953836238,0.0,,0.0,0.0012934029950658812,,,,,,,,,
9,Saud Abdulhamid,sa KSA,MF,Lens,fr Ligue 1,26.0,1999.0,25,14,1352.0,15.0,2.0,4.0,6,2,0,0,4,1,0.13,0.27,0.4,0.13,0.4,Matches,2,8,3,37.5,0.53,0.2,0.25,0.67,0,0,Matches,,,,,,,,,,,,,,,4.0,,,,,,Matches,,22,,,,,,,,,,,9,,,,Matches,,,,,,,,,,,,,,,,,,,,,Matches,saud abdulhamid,1.1027701515704391,2.749265618622303,1.1027701515704391,8.15099280513823,4.640084641054273,MF,0.13333333333333333,0.07351801010469594,0.05981532322863739,0.25,,0.26666666666666666,0.1832843745748202,,,,,,,,,
11,Laurent Abergel,fr FRA,MF,Lorient,fr Ligue 1,32.0,1993.0,28,27,2318.0,25.8,1.0,0.0,1,1,0,0,7,0,0.04,0.0,0.04,0.04,0.04,Matches,1,22,5,22.7,0.85,0.19,0.05,0.2,0,0,Matches,,,,,,,,,,,,,,,0.0,,,,,,Matches,,23,,,,,,,,,,,28,,,,Matches,,,,,,,,,,,,,,,,,,,,,Matches,laurent abergel,0.7855375036597252,0.8618717035278678,0.7855375036597252,7.721735946834087,6.832115706056356,MF,0.03875968992248062,0.030447190064330432,0.008312499858150186,0.05,,0.0,0.033405879981700304,,,,,,,,,
12,Matthis Abline,fr FRA,"FW,MF",Nantes,fr Ligue 1,22.0,2003.0,32,27,2494.0,27.7,6.0,4.0,10,6,0,1,6,0,0.22,0.14,0.36,0.22,0.36,Matches,6,84,22,26.2,3.03,0.79,0.07,0.27,0,1,Matches,,,,,,,,,,,,,,,4.0,,,,,,Matches,,13,,,,,,,,,,,9,,,,Matches,,,,,,,,,,,,,,,,,,,,,Matches,matthis abline,8.401815695688128,4.085846895352006,7.641720516607165,12.297505926340818,3.86945753544569,FW,0.21660649819494585,0.2758743868811251,-0.0867081478587772,0.07,,0.1444043321299639,0.14750349802714824,,,,,,,,,
13,Abner,br BRA,"DF,MF",Lyon,fr Ligue 1,25.0,2000.0,26,25,2150.0,23.9,3.0,2.0,5,3,0,0,4,1,0.13,0.08,0.21,0.13,0.21,Matches,3,17,7,41.2,0.71,0.29,0.18,0.43,0,0,Matches,,,,,,,,,,,,,,,2.0,,,,,,Matches,,24,,,,,,,,,,,8,,,,Matches,,,,,,,,,,,,,,,,,,,,,Matches,abner,2.2416549902409315,3.11980695836246,2.2416549902409315,13.472650602459908,9.003189485520124,DF,0.12552301255230125,0.0937930958259804,0.03172991672632086,0.18,,0.08368200836820085,0.1305358559984293,,,,,,,,,
14,Zakaria Aboukhlal,ma MAR,MF,Torino,it Serie A,25.0,2000.0,15,6,511.0,5.7,0.0,0.0,0,0,0,0,4,0,0.0,0.0,0.0,0.0,0.0,Matches,0,7,2,28.6,1.23,0.35,0.0,0.0,0,0,Matches,,,,,,,,,,,,,,,0.0,,,,,,Matches,,12,,,,,,,,,,,1,,,,Matches,,,,,,,,,,,,,,,,,,,,,Matches,zakaria aboukhlal,0.4121775142848491,0.5975706037133932,0.4121775142848491,1.3414292484521866,0.4527049548923969,MF,0.0,0.07231184461137703,-0.07231184461137703,0.0,,0.0,0.10483694801989354,,,,,,,,,
15,Abdel Abqar,ma MAR,DF,Getafe,es La Liga,26.0,1999.0,23,17,1437.0,16.0,0.0,2.0,2,0,0,0,10,1,0.0,0.13,0.13,0.0,0.13,Matches,0,7,1,14.3,0.44,0.06,0.0,0.0,0,0,Matches,,,,,,,,,,,,,,,2.0,,,,,,Matches,,17,,,,,,,,,,,20,,,,Matches,,,,,,,,,,,,,,,,,,,,,Matches,abdel abqar,0.3874060558155179,0.7393411099910736,0.3874060558155179,0.4710551081225276,0.3116732258349657,DF,0.0,0.02421287848846987,-0.02421287848846987,0.0,,0.125,0.0462088193744421,,,,,,,,,
17,Francis Abu,gh GHA,MF,Toulouse,fr Ligue 1,24.0,2001.0,8,7,526.0,5.8,0.0,0.0,0,0,0,0,2,0,0.0,0.0,0.0,0.0,0.0,Matches,0,6,0,0.0,1.03,0.0,0.0,,0,0,Matches,,,,,,,,,,,,,,,0.0,,,,,,Matches,,12,,,,,,,,,,,8,,,,Matches,,,,,,,,,,,,,,,,,,,,,Matches,francis abu,0.1765392795205116,0.0443781726062297,0.1765392795205116,1.878791879862547,1.688640858978033,MF,0.0,0.03043780681388131,-0.03043780681388131,0.0,,0.0,0.007651409070039603,,,,,,,,,
18,Giorgi Abuashvili,ge GEO,"MF,FW",Metz,fr Ligue 1,22.0,2003.0,23,6,698.0,7.8,2.0,0.0,2,2,0,0,1,0,0.26,0.0,0.26,0.26,0.26,Matches,2,23,9,39.1,2.97,1.16,0.09,0.22,0,0,Matches,,,,,,,,,,,,,,,0.0,,,,,,Matches,,8,,,,,,,,,,,5,,,,Matches,,,,,,,,,,,,,,,,,,,,,Matches,giorgi abuashvili,1.1833200315013528,0.5751661360263824,1.1833200315013528,3.10530792362988,1.852052802219987,MF,0.25641025641025644,0.15170769634632728,0.10470256006392913,0.09,,0.0,0.07373924820851058,,,,,,,,,
20,Francesco Acerbi,it ITA,DF,Inter,it Serie A,37.0,1988.0,18,15,1378.0,15.3,0.0,1.0,1,0,0,0,3,0,0.0,0.07,0.07,0.0,0.07,Matches,0,3,1,33.3,0.2,0.07,0.0,0.0,0,0,Matches,,,,,,,,,,,,,,,1.0,,,,,,Matches,,9,,,,,,,,,,,18,,,,Matches,,,,,,,,,,,,,,,,,,,,,Matches,francesco acerbi,0.370837839320302,0.9359209798276424,0.370837839320302,4.627755414694548,4.529267143458128,DF,0.0,0.024237767275836732,-0.024237767275836732,0.0,,0.06535947712418301,0.06117130587108774,,,,,,,,,
21,Ragnar Ache,de GER,FW,Köln,de Bundesliga,27.0,1998.0,29,18,1718.0,19.1,7.0,4.0,11,7,0,0,3,0,0.37,0.21,0.58,0.37,0.58,Matches,7,52,22,42.3,2.72,1.15,0.13,0.32,0,0,Matches,,,,,,,,,,,,,,,4.0,,,,,,Matches,,8,,,,,,,,,,,4,,,,Matches,,,,,,,,,,,,,,,,,,,,,Matches,ragnar ache,11.002535559237003,2.971193479374051,11.002535559237003,12.966331753879786,3.521890965290368,FW,0.36649214659685864,0.5760489821590054,-0.20955683556214674,0.13,,0.20942408376963348,0.15555986803005503,,,,,,,,,
22,Joshua Acheampong,eng ENG,DF,Chelsea,eng Premier League,19.0,2006.0,17,8,666.0,7.4,1.0,0.0,1,1,0,0,1,0,0.14,0.0,0.14,0.14,0.14,Matches,1,4,2,50.0,0.54,0.27,0.25,0.5,0,0,Matches,,,,,,,,,,,,,,,0.0,,,,,,Matches,,8,,,,,,,,,,,12,,,,Matches,,,,,,,,,,,,,,,,,,,,,Matches,joshua acheampong,0.6709242314100266,0.137966588139534,0.6709242314100266,2.121888380497694,2.050211239606142,DF,0.13513513513513511,0.09066543667703061,0.04446969845810452,0.25,,0.0,0.018644133532369458,,,,,,,,,
23,Akor Adams,ng NGA,FW,Sevilla,es La Liga,25.0,2000.0,32,21,2064.0,22.9,10.0,3.0,13,7,3,3,3,0,0.44,0.13,0.57,0.31,0.44,Matches,10,61,30,49.2,2.66,1.31,0.16,0.33,3,3,Matches,,,,,,,,,,,,,,,3.0,,,,,,Matches,,4,,,,,,,,,,,1,,,,Matches,,,,,,,,,,,,,,,,,,,,,Matches,akor adams,10.047341846860943,1.1498911064118147,7.8175089890137315,9.731918376870452,1.3182228859513998,FW,0.4366812227074236,0.3413759383848791,-0.002067329557246439,0.16,,0.13100436681222707,0.05021358543283034,,,,,,,,,
24,Ché Adams,sct SCO,FW,Torino,it Serie A,29.0,1996.0,33,19,1893.0,21.0,6.0,2.0,8,6,0,0,0,0,0.29,0.1,0.38,0.29,0.38,Matches,6,53,18,34.0,2.52,0.86,0.11,0.33,0,0,Matches,,,,,,,,,,,,,,,2.0,,,,,,Matches,,9,,,,,,,,,,,1,,,,Matches,,,,,,,,,,,,,,,,,,,,,Matches,che adams,6.609602872282267,3.2093243608251214,6.609602872282267,12.337604934349656,3.927069513127208,FW,0.2857142857142857,0.31474299391820315,-0.02902870820391746,0.11,,0.09523809523809523,0.15282496956310102,,,,,,,,,
25,Tyler Adams,us USA,MF,Bournemouth,eng Premier League,26.0,1999.0,25,21,1772.0,19.7,2.0,2.0,4,2,0,0,8,0,0.1,0.1,0.2,0.1,0.2,Matches,2,10,6,60.0,0.51,0.3,0.2,0.33,0,0,Matches,,,,,,,,,,,,,,,2.0,,,,,,Matches,,24,,,,,,,,,,,30,,,,Matches,,,,,,,,,,,,,,,,,,,,,Matches,tyler adams,0.9289743825793266,1.2302900850772858,0.9289743825793266,6.869911018759012,5.867583338171244,MF,0.10152284263959391,0.04715606002940744,0.054366782610186466,0.2,,0.10152284263959391,0.062451273354176946,,,,,,,,,
27,Tosin Adarabioyo,eng ENG,DF,Chelsea,eng Premier League,27.0,1997.0,16,8,795.0,8.8,0.0,0.0,0,0,0,0,2,0,0.0,0.0,0.0,0.0,0.0,Matches,0,2,0,0.0,0.23,0.0,0.0,,0,0,Matches,,,,,,,,,,,,,,,0.0,,,,,,Matches,,6,,,,,,,,,,,9,,,,Matches,,,,,,,,,,,,,,,,,,,,,Matches,tosin adarabioyo,0.0724174678325653,0.4159756898880005,0.0724174678325653,3.179009012877941,3.179009012877941,DF,0.0,0.008229257708246056,-0.008229257708246056,0.0,,0.0,0.047269964760000054,,,,,,,,,
28,Jayden Addai,nl NED,MF,Como,it Serie A,19.0,2005.0,12,7,686.0,7.6,3.0,0.0,3,3,0,0,4,0,0.39,0.0,0.39,0.39,0.39,Matches,3,13,6,46.2,1.71,0.79,0.23,0.5,0,0,Matches,,,,,,,,,,,,,,,0.0,,,,,,Matches,,2,,,,,,,,,,,2,,,,Matches,,,,,,,,,,,,,,,,,,,,,Matches,jayden addai,1.5144574735313654,1.0214554481208324,1.5144574735313654,3.735154617577791,1.3605918884277344,MF,0.39473684210526316,0.19927072020149544,0.19546612190376772,0.23,,0.0,0.13440203264747796,,,,,,,,,
29,Karim Adeyemi,de GER,"MF,FW",Dortmund,de Bundesliga,23.0,2002.0,28,15,1195.0,13.3,7.0,4.0,11,7,0,0,5,0,0.53,0.3,0.83,0.53,0.83,Matches,7,31,14,45.2,2.33,1.05,0.23,0.5,0,0,Matches,,,,,,,,,,,,,,,4.0,,,,,,Matches,,4,,,,,,,,,,,8,,,,Matches,,,,,,,,,,,,,,,,,,,,,Matches,karim adeyemi,5.215220987796784,3.458098405972123,5.215220987796784,11.94034506380558,4.0952072106301785,MF,0.5263157894736842,0.39212187878171306,0.1341939106919711,0.23,,0.3007518796992481,0.2600073989452724,,,,,,,,,
30,Simon Adingra,ci CIV,"MF,FW",Sunderland,eng Premier League,23.0,2002.0,14,9,653.0,7.3,1.0,0.0,1,1,0,0,2,0,0.14,0.0,0.14,0.14,0.14,Matches,1,6,2,33.3,0.83,0.28,0.17,0.5,0,0,Matches,,,,,,,,,,,,,,,0.0,,,,,,Matches,,8,,,,,,,,,,,2,,,,Matches,,,,,,,,,,,,,,,,,,,,,Matches,simon adingra,0.3356043994426727,0.7323711905628443,0.3356043994426727,1.9754448235034945,1.0532179661095142,MF,0.136986301369863,0.045973205403105843,0.09101309596675716,0.17,,0.0,0.10032482062504716,,,,,,,,,
31,Simon Adingra,ci CIV,"MF,FW",Monaco,fr Ligue 1,23.0,2002.0,14,10,855.0,9.5,3.0,2.0,5,3,0,0,0,0,0.32,0.21,0.53,0.32,0.53,Matches,3,22,6,27.3,2.32,0.63,0.14,0.5,0,0,Matches,,,,,,,,,,,,,,,2.0,,,,,,Matches,,9,,,,,,,,,,,6,,,,Matches,,,,,,,,,,,,,,,,,,,,,Matches,simon adingra,0.3356043994426727,0.7323711905628443,0.3356043994426727,1.9754448235034945,1.0532179661095142,MF,0.3157894736842105,0.035326778888702386,0.2804626947955081,0.14,,0.21052631578947367,0.07709170426977308,,,,,,,,,
32,Nathaniel Adjei,gh GHA,DF,Lorient,fr Ligue 1,22.0,2002.0,15,9,835.0,9.3,0.0,0.0,0,0,0,0,0,0,0.0,0.0,0.0,0.0,0.0,Matches,0,4,2,50.0,0.43,0.22,0.0,0.0,0,0,Matches,,,,,,,,,,,,,,,0.0,,,,,,Matches,,7,,,,,,,,,,,9,,,,Matches,,,,,,,,,,,,,,,,,,,,,Matches,nathaniel adjei,0.5435007661581039,0.0711866319179534,0.5435007661581039,1.2726756948977709,1.2014890629798174,DF,0.0,0.05844094259764558,-0.05844094259764558,0.0,,0.0,0.007654476550317569,,,,,,,,,
34,Amine Adli,ma MAR,MF,Bournemouth,eng Premier League,25.0,2000.0,31,10,1094.0,12.2,3.0,1.0,4,3,0,0,2,0,0.25,0.08,0.33,0.25,0.33,Matches,3,20,9,45.0,1.65,0.74,0.15,0.33,0,0,Matches,,,,,,,,,,,,,,,1.0,,,,,,Matches,,17,,,,,,,,,,,6,,,,Matches,,,,,,,,,,,,,,,,,,,,,Matches,amine adli,3.5744741037487984,1.2779199946671724,3.5744741037487984,6.13513302244246,2.169084176421165,MF,0.24590163934426232,0.2929896806351474,-0.04708804129088511,0.15,,0.0819672131147541,0.10474754054648955,,,,,,,,,
37,Michel Aebischer,ch SUI,MF,Pisa,it Serie A,28.0,1997.0,35,33,2892.0,32.1,1.0,2.0,3,1,0,0,8,0,0.03,0.06,0.09,0.03,0.09,Matches,1,19,5,26.3,0.59,0.16,0.05,0.2,0,0,Matches,,,,,,,,,,,,,,,2.0,,,,,,Matches,,37,,,,,,,,,,,35,,,,Matches,,,,,,,,,,,,,,,,,,,,,Matches,michel aebischer,0.8299102364107966,3.4363013366237283,0.8299102364107966,9.910697347484527,7.117089634761214,MF,0.03115264797507788,0.02585390144581921,0.005298746529258672,0.05,,0.06230529595015576,0.1070498858761286,,,,,,,,,
38,David Affengruber,at AUT,DF,Elche,es La Liga,24.0,2001.0,36,33,2949.0,32.8,1.0,1.0,2,1,0,0,7,1,0.03,0.03,0.06,0.03,0.06,Matches,1,14,4,28.6,0.43,0.12,0.07,0.25,0,0,Matches,,,,,,,,,,,,,,,1.0,,,,,,Matches,,50,,,,,,,,,,,50,,,,Matches,,,,,,,,,,,,,,,,,,,,,Matches,david affengruber,1.327795687597245,1.4741862853989005,1.327795687597245,9.452831268310549,8.721062500029802,DF,0.030487804878048783,0.04048157584137942,-0.00999377096333064,0.07,,0.030487804878048783,0.044944703823137214,,,,,,,,,
40,Emmanuel Agbadou,ci CIV,DF,Wolves,eng Premier League,28.0,1997.0,14,12,1101.0,12.2,0.0,0.0,0,0,0,0,1,1,0.0,0.0,0.0,0.0,0.0,Matches,0,10,3,30.0,0.82,0.25,0.0,0.0,0,0,Matches,,,,,,,,,,,,,,,0.0,,,,,,Matches,,21,,,,,,,,,,,14,,,,Matches,,,,,,,,,,,,,,,,,,,,,Matches,emmanuel agbadou,0.44676383305341,0.1717668529599905,0.44676383305341,1.6553496047854424,1.543709209188819,DF,0.0,0.03661998631585328,-0.03661998631585328,0.0,,0.0,0.014079250242622174,,,,,,,,,
41,Julen Agirrezabala,es ESP,GK,Valencia,es La Liga,24.0,2000.0,18,18,1620.0,18.0,0.0,0.0,0,0,0,0,1,0,0.0,0.0,0.0,0.0,0.0,Matches,0,0,0,,0.0,0.0,,,0,0,Matches,,,,,,,,,,,,,,,0.0,,,,,,Matches,,1,,,,,,,,,,,0,,,,Matches,,,,,,,,,,,,,,,,,,,,,Matches,julen agirrezabala,0.0,0.0134038729593157,0.0,0.8106938730925322,0.8106938730925322,GK,,,,,,,,,,,,,,,,
42,Lucien Agoume,fr FRA,MF,Sevilla,es La Liga,23.0,2002.0,34,31,2686.0,29.8,1.0,3.0,4,1,0,0,12,0,0.03,0.1,0.13,0.03,0.13,Matches,1,15,2,13.3,0.5,0.07,0.07,0.5,0,0,Matches,,,,,,,,,,,,,,,3.0,,,,,,Matches,,40,,,,,,,,,,,49,,,,Matches,,,,,,,,,,,,,,,,,,,,,Matches,lucien agoume,0.8295221757143736,3.1899660043418407,0.8295221757143736,9.656975163146852,6.904327908530831,MF,0.03355704697986577,0.027836314621287703,0.0057207323585780675,0.07,,0.10067114093959731,0.10704583907187384,,,,,,,,,
43,Felix Agu,ng NGA,"DF,MF",Werder Bremen,de Bundesliga,25.0,1999.0,11,9,744.0,8.3,0.0,0.0,0,0,0,0,1,0,0.0,0.0,0.0,0.0,0.0,Matches,0,2,1,50.0,0.24,0.12,0.0,0.0,0,0,Matches,,,,,,,,,,,,,,,0.0,,,,,,Matches,,14,,,,,,,,,,,11,,,,Matches,,,,,,,,,,,,,,,,,,,,,Matches,felix agu,0.0819280599243938,0.4471510555595159,0.0819280599243938,1.301962075755,1.035733675584197,DF,0.0,0.009870850593300456,-0.009870850593300456,0.0,,0.0,0.0538736211517489,,,,,,,,,
45,Marc Aguado,es ESP,MF,Elche,es La Liga,25.0,2000.0,35,30,2500.0,27.8,1.0,2.0,3,1,0,0,3,0,0.04,0.07,0.11,0.04,0.11,Matches,1,3,2,66.7,0.11,0.07,0.33,0.5,0,0,Matches,,,,,,,,,,,,,,,2.0,,,,,,Matches,,26,,,,,,,,,,,42,,,,Matches,,,,,,,,,,,,,,,,,,,,,Matches,marc aguado,0.2163164913654327,0.5746705206111073,0.2163164913654327,5.5891433618962765,5.029345314949751,MF,0.03597122302158273,0.007781168754152256,0.028190054267430476,0.33,,0.07194244604316546,0.020671601460831197,,,,,,,,,
47,Nayef Aguerd,ma MAR,DF,Marseille,fr Ligue 1,29.0,1996.0,16,16,1396.0,15.5,1.0,0.0,1,1,0,0,4,0,0.06,0.0,0.06,0.06,0.06,Matches,1,10,2,20.0,0.64,0.13,0.1,0.5,0,0,Matches,,,,,,,,,,,,,,,0.0,,,,,,Matches,,16,,,,,,,,,,,21,,,,Matches,,,,,,,,,,,,,,,,,,,,,Matches,nayef aguerd,0.8858112841844559,0.2695878790691495,0.8858112841844559,9.148570242337884,9.126714654266834,DF,0.06451612903225806,0.05714911510867457,0.007367013923583492,0.1,,0.0,0.017392766391558033,,,,,,,,,
49,Ruben Aguilar,fr FRA,MF,Lens,fr Ligue 1,32.0,1993.0,26,20,1720.0,19.1,2.0,2.0,4,2,0,0,6,1,0.1,0.1,0.21,0.1,0.21,Matches,2,13,3,23.1,0.68,0.16,0.15,0.67,0,0,Matches,,,,,,,,,,,,,,,2.0,,,,,,Matches,,24,,,,,,,,,,,24,,,,Matches,,,,,,,,,,,,,,,,,,,,,Matches,ruben aguilar,1.0442059729248283,3.235480770468712,1.0442059729248283,10.672712955623863,8.755061404779553,MF,0.10471204188481674,0.054670469786640224,0.05004157209817652,0.15,,0.10471204188481674,0.16939689897741947,,,,,,,,,
51,Naouirou Ahamada,fr FRA,MF,Auxerre,fr Ligue 1,23.0,2002.0,15,8,682.0,7.6,0.0,1.0,1,0,0,0,0,0,0.0,0.13,0.13,0.0,0.13,Matches,0,6,1,16.7,0.79,0.13,0.0,0.0,0,0,Matches,,,,,,,,,,,,,,,1.0,,,,,,Matches,,10,,,,,,,,,,,5,,,,Matches,,,,,,,,,,,,,,,,,,,,,Matches,naouirou ahamada,0.42560575902462,0.436866957694292,0.42560575902462,1.4489535465836525,0.5864808410406113,MF,0.0,0.056000757766397374,-0.056000757766397374,0.0,,0.13157894736842105,0.05748249443345948,,,,,,,,,
52,Honest Ahanor,it ITA,DF,Atalanta,it Serie A,17.0,2008.0,22,15,1377.0,15.3,0.0,0.0,0,0,0,0,2,1,0.0,0.0,0.0,0.0,0.0,Matches,0,13,4,30.8,0.85,0.26,0.0,0.0,0,0,Matches,,,,,,,,,,,,,,,0.0,,,,,,Matches,,20,,,,,,,,,,,24,,,,Matches,,,,,,,,,,,,,,,,,,,,,Matches,honest ahanor,2.38193753361702,0.1237909533083438,2.38193753361702,3.2897915095090866,2.9145306274294853,DF,0.0,0.1556821917396745,-0.1556821917396745,0.0,,0.0,0.008090911980937502,,,,,,,,,
53,Lucas Ahijado,es ESP,DF,Oviedo,es La Liga,30.0,1995.0,20,11,1098.0,12.2,0.0,1.0,1,0,0,0,3,0,0.0,0.08,0.08,0.0,0.08,Matches,0,10,2,20.0,0.82,0.16,0.0,0.0,0,0,Matches,,,,,,,,,,,,,,,1.0,,,,,,Matches,,29,,,,,,,,,,,17,,,,Matches,,,,,,,,,,,,,,,,,,,,,Matches,lucas ahijado,1.1217116303741932,1.3586394265294075,1.1217116303741932,4.464726865757257,2.8245097422041,DF,0.0,0.09194357626017978,-0.09194357626017978,0.0,,0.0819672131147541,0.11136388742044324,,,,,,,,,
54,Joseph Aidoo,gh GHA,DF,Celta Vigo,es La Liga,29.0,1995.0,8,7,639.0,7.1,0.0,0.0,0,0,0,0,0,0,0.0,0.0,0.0,0.0,0.0,Matches,0,2,0,0.0,0.28,0.0,0.0,,0,0,Matches,,,,,,,,,,,,,,,0.0,,,,,,Matches,,3,,,,,,,,,,,10,,,,Matches,,,,,,,,,,,,,,,,,,,,,Matches,joseph aidoo,0.3532345592975616,0.0,0.3532345592975616,1.9199420809745789,1.9199420809745789,DF,0.0,0.049751346379938256,-0.049751346379938256,0.0,,0.0,0.0,,,,,,,,,
55,Ola Aina,ng NGA,DF,Nottingham,eng Premier League,28.0,1996.0,18,18,1588.0,17.6,0.0,0.0,0,0,0,0,3,0,0.0,0.0,0.0,0.0,0.0,Matches,0,12,1,8.3,0.68,0.06,0.0,0.0,0,0,Matches,,,,,,,,,,,,,,,0.0,,,,,,Matches,,21,,,,,,,,,,,26,,,,Matches,,,,,,,,,,,,,,,,,,,,,Matches,ola aina,0.4096037317067384,0.341342007741332,0.4096037317067384,3.950665080919862,3.527306206524372,DF,0.0,0.023272939301519226,-0.023272939301519226,0.0,,0.0,0.019394432258030225,,,,,,,,,
56,Abdelhamid Ait Boudlal,ma MAR,DF,Rennes,fr Ligue 1,19.0,2006.0,20,17,1403.0,15.6,2.0,1.0,3,2,0,0,3,1,0.13,0.06,0.19,0.13,0.19,Matches,2,13,4,30.8,0.83,0.26,0.15,0.5,0,0,Matches,,,,,,,,,,,,,,,1.0,,,,,,Matches,,11,,,,,,,,,,,18,,,,Matches,,,,,,,,,,,,,,,,,,,,,Matches,abdelhamid ait boudlal,1.8210137831047173,0.531465470790863,1.8210137831047173,4.456149698235095,4.422290397807956,DF,0.12820512820512822,0.1167316527631229,0.011473475442005302,0.15,,0.06410256410256411,0.03406829940967071,,,,,,,,,
57,Rayan Aït-Nouri,dz ALG,DF,Manchester City,eng Premier League,24.0,2001.0,17,12,974.0,10.8,0.0,2.0,2,0,0,0,2,0,0.0,0.18,0.18,0.0,0.18,Matches,0,10,2,20.0,0.92,0.18,0.0,0.0,0,0,Matches,,,,,,,,,,,,,,,2.0,,,,,,Matches,,21,,,,,,,,,,,13,,,,Matches,,,,,,,,,,,,,,,,,,,,,Matches,rayan ait nouri,0.4981528613716364,1.7330033089965582,0.4981528613716364,7.305326489731669,6.587442610412836,DF,0.0,0.04612526494181818,-0.04612526494181818,0.0,,0.18518518518518517,0.16046326935153316,,,,,,,,,
58,Tosin Aiyegun,bj BEN,"FW,MF",Lorient,fr Ligue 1,27.0,1998.0,27,11,1073.0,11.9,5.0,0.0,5,5,0,1,1,0,0.42,0.0,0.42,0.42,0.42,Matches,5,30,12,40.0,2.52,1.01,0.17,0.42,0,1,Matches,,,,,,,,,,,,,,,0.0,,,,,,Matches,,5,,,,,,,,,,,1,,,,Matches,,,,,,,,,,,,,,,,,,,,,Matches,tosin aiyegun,6.6367923226207495,1.0361506454646587,5.876697203144431,6.243498589843512,0.4303169213235378,FW,0.42016806722689076,0.49384010110457405,-0.13754557332947473,0.17,,0.0,0.0870714828121562,,,,,,,,,
60,Kristoffer Ajer,no NOR,DF,Brentford,eng Premier League,27.0,1998.0,27,20,1810.0,20.1,0.0,1.0,1,0,0,0,4,0,0.0,0.05,0.05,0.0,0.05,Matches,0,10,3,30.0,0.5,0.15,0.0,0.0,0,0,Matches,,,,,,,,,,,,,,,1.0,,,,,,Matches,,23,,,,,,,,,,,15,,,,Matches,,,,,,,,,,,,,,,,,,,,,Matches,kristoffer ajer,1.053914662450552,0.9042857214808464,1.053914662450552,5.491811184212565,3.873572135344148,DF,0.0,0.05243356529604736,-0.05243356529604736,0.0,,0.04975124378109452,0.04498933937715653,,,,,,,,,
61,Ludovic Ajorque,fr FRA,FW,Brest,fr Ligue 1,31.0,1994.0,32,32,2820.0,31.3,8.0,9.0,17,8,0,0,9,1,0.26,0.29,0.54,0.26,0.54,Matches,8,55,17,30.9,1.76,0.54,0.15,0.47,0,0,Matches,,,,,,,,,,,,,,,9.0,,,,,,Matches,,20,,,,,,,,,,,11,,,,Matches,,,,,,,,,,,,,,,,,,,,,Matches,ludovic ajorque,9.856391444802284,3.817546840757132,9.856391444802284,16.418825870379806,5.105777461081743,FW,0.25559105431309903,0.3149006851374532,-0.05930963082435413,0.15,,0.28753993610223644,0.12196635273984448,,,,,,,,,
62,Manuel Akanji,ch SUI,DF,Inter,it Serie A,30.0,1995.0,33,31,2821.0,31.3,2.0,0.0,2,2,0,0,4,0,0.06,0.0,0.06,0.06,0.06,Matches,2,23,6,26.1,0.73,0.19,0.09,0.33,0,0,Matches,,,,,,,,,,,,,,,0.0,,,,,,Matches,,24,,,,,,,,,,,37,,,,Matches,,,,,,,,,,,,,,,,,,,,,Matches,manuel akanji,2.2994977347552776,0.3260261919349432,2.2994977347552776,16.78327063843608,16.27327786386013,DF,0.06389776357827476,0.07346638130208555,-0.009568617723810787,0.09,,0.0,0.010416172266292115,,,,,,,,,
63,Nathan Aké,nl NED,DF,Manchester City,eng Premier League,30.0,1995.0,18,6,695.0,7.7,0.0,0.0,0,0,0,0,1,0,0.0,0.0,0.0,0.0,0.0,Matches,0,7,1,14.3,0.91,0.13,0.0,0.0,0,0,Matches,,,,,,,,,,,,,,,0.0,,,,,,Matches,,6,,,,,,,,,,,5,,,,Matches,,,,,,,,,,,,,,,,,,,,,Matches,nathan ake,1.096199356019497,0.7114442009478807,1.096199356019497,4.447547908872366,3.9373395331203938,DF,0.0,0.1423635527298048,-0.1423635527298048,0.0,,0.0,0.09239535077245205,,,,,,,,,
65,Ilias Akhomach,ma MAR,"MF,FW",Rayo Vallecano,es La Liga,21.0,2004.0,11,7,709.0,7.9,0.0,1.0,1,0,0,0,2,0,0.0,0.13,0.13,0.0,0.13,Matches,0,18,6,33.3,2.28,0.76,0.0,0.0,0,0,Matches,,,,,,,,,,,,,,,1.0,,,,,,Matches,,10,,,,,,,,,,,2,,,,Matches,,,,,,,,,,,,,,,,,,,,,Matches,ilias akhomach,2.596906803548336,1.5595727320760489,2.596906803548336,5.816525641828775,2.7779084891080856,MF,0.0,0.32872238019599187,-0.32872238019599187,0.0,,0.12658227848101264,0.19741426988304414,,,,,,,,,
66,Ebenezer Akinsanmiro,ng NGA,MF,Pisa,it Serie A,20.0,2004.0,24,16,1444.0,16.0,0.0,1.0,1,0,0,0,2,0,0.0,0.06,0.06,0.0,0.06,Matches,0,13,3,23.1,0.81,0.19,0.0,0.0,0,0,Matches,,,,,,,,,,,,,,,1.0,,,,,,Matches,,25,,,,,,,,,,,27,,,,Matches,,,,,,,,,,,,,,,,,,,,,Matches,ebenezer akinsanmiro,1.112527676858008,1.6431705905124545,1.112527676858008,4.29768105968833,1.7949366383254528,MF,0.0,0.0695329798036255,-0.0695329798036255,0.0,,0.0625,0.1026981619070284,,,,,,,,,
67,Maghnes Akliouche,fr FRA,"MF,FW",Monaco,fr Ligue 1,23.0,2002.0,31,28,2400.0,26.7,6.0,6.0,12,6,0,0,3,0,0.23,0.23,0.45,0.23,0.45,Matches,6,48,19,39.6,1.8,0.71,0.13,0.32,0,0,Matches,,,,,,,,,,,,,,,6.0,,,,,,Matches,,26,,,,,,,,,,,18,,,,Matches,,,,,,,,,,,,,,,,,,,,,Matches,maghnes akliouche,6.614660864695907,5.355240166187286,6.614660864695907,18.967163242399693,8.312718050554395,MF,0.2247191011235955,0.24774010729198154,-0.023021006168386017,0.13,,0.2247191011235955,0.20057079274109688,,,,,,,,,
68,Clément Akpa,ci CIV,DF,Auxerre,fr Ligue 1,23.0,2001.0,26,21,1944.0,21.6,0.0,0.0,0,0,0,0,4,1,0.0,0.0,0.0,0.0,0.0,Matches,0,6,0,0.0,0.28,0.0,0.0,,0,0,Matches,,,,,,,,,,,,,,,0.0,,,,,,Matches,,19,,,,,,,,,,,23,,,,Matches,,,,,,,,,,,,,,,,,,,,,Matches,clement akpa,0.2357997857034206,0.4232827648520469,0.2357997857034206,2.524600649252534,2.4244638979434967,DF,0.0,0.010916656745528731,-0.010916656745528731,0.0,,0.0,0.019596424298705874,,,,,,,,,
69,Jean-Daniel Akpa-Akpro,ci CIV,MF,Hellas Verona,it Serie A,32.0,1992.0,22,17,1504.0,16.7,1.0,0.0,1,1,0,0,9,0,0.06,0.0,0.06,0.06,0.06,Matches,1,13,4,30.8,0.78,0.24,0.08,0.25,0,0,Matches,,,,,,,,,,,,,,,0.0,,,,,,Matches,,32,,,,,,,,,,,22,,,,Matches,,,,,,,,,,,,,,,,,,,,,Matches,jean daniel akpa akpro,0.8760971613228321,0.3872304651886225,0.8760971613228321,2.588825137354433,1.5401012059301138,MF,0.059880239520958084,0.052460907863642645,0.007419331657315443,0.08,,0.0,0.023187453005306734,,,,,,,,,
71,Al-Musrati,ly LBY,MF,Hellas Verona,it Serie A,29.0,1996.0,18,8,844.0,9.4,0.0,1.0,1,0,0,0,6,1,0.0,0.11,0.11,0.0,0.11,Matches,0,9,1,11.1,0.96,0.11,0.0,0.0,0,0,Matches,,,,,,,,,,,,,,,1.0,,,,,,Matches,,7,,,,,,,,,,,11,,,,Matches,,,,,,,,,,,,,,,,,,,,,Matches,al musrati,0.194909268990159,0.4103963738307357,0.194909268990159,1.4359240951016543,0.9848715346306562,MF,0.0,0.02073502861597436,-0.02073502861597436,0.0,,0.10638297872340426,0.04365918870539741,,,,,,,,,
75,Raúl Albiol,es ESP,DF,Pisa,it Serie A,39.0,1985.0,8,5,500.0,5.6,0.0,1.0,1,0,0,0,1,0,0.0,0.18,0.18,0.0,0.18,Matches,0,1,0,0.0,0.18,0.0,0.0,,0,0,Matches,,,,,,,,,,,,,,,1.0,,,,,,Matches,,4,,,,,,,,,,,7,,,,Matches,,,,,,,,,,,,,,,,,,,,,Matches,raul albiol,0.0676460266113281,0.9096565768122672,0.0676460266113281,0.972431879490614,0.8516329564154148,DF,0.0,0.012079647609165732,-0.012079647609165732,0.0,,0.17857142857142858,0.16243867443076201,,,,,,,,,
76,Carlos Alcaraz,ar ARG,MF,Everton,eng Premier League,22.0,2002.0,20,6,689.0,7.7,0.0,1.0,1,0,0,0,4,0,0.0,0.13,0.13,0.0,0.13,Matches,0,20,5,25.0,2.61,0.65,0.0,0.0,0,0,Matches,,,,,,,,,,,,,,,1.0,,,,,,Matches,,9,,,,,,,,,,,2,,,,Matches,,,,,,,,,,,,,,,,,,,,,Matches,carlos alcaraz,1.0087895719334483,1.21384940110147,1.0087895719334483,2.683815789408982,1.3459198297932744,MF,0.0,0.13101163271862964,-0.13101163271862964,0.0,,0.12987012987012986,0.15764277936382726,,,,,,,,,
77,Omar Alderete,py PAR,DF,Sunderland,eng Premier League,28.0,1996.0,33,32,2798.0,31.1,1.0,1.0,2,1,0,0,6,0,0.03,0.03,0.06,0.03,0.06,Matches,1,24,9,37.5,0.77,0.29,0.04,0.11,0,0,Matches,,,,,,,,,,,,,,,1.0,,,,,,Matches,,18,,,,,,,,,,,36,,,,Matches,,,,,,,,,,,,,,,,,,,,,Matches,omar alderete,1.5455667236819863,0.6074565481394529,1.5455667236819863,4.549569208174944,3.7731494531035423,DF,0.03215434083601286,0.0496966792180703,-0.01754233838205744,0.04,,0.03215434083601286,0.019532364891943824,,,,,,,,,
78,Alexandre Alemão,br BRA,FW,Rayo Vallecano,es La Liga,27.0,1998.0,26,11,1136.0,12.6,4.0,0.0,4,4,0,0,3,0,0.32,0.0,0.32,0.32,0.32,Matches,4,26,12,46.2,2.06,0.95,0.15,0.33,0,0,Matches,,,,,,,,,,,,,,,0.0,,,,,,Matches,,2,,,,,,,,,,,1,,,,Matches,,,,,,,,,,,,,,,,,,,,,Matches,alexandre alemao,4.114549320191145,0.3112838324159384,4.114549320191145,6.356759304180741,2.0705359429121017,FW,0.31746031746031744,0.32655153334850356,-0.009091215888186108,0.15,,0.0,0.024705066064757013,,,,,,,,,
79,Carles Aleñá,es ESP,MF,Alavés,es La Liga,27.0,1998.0,34,23,1989.0,22.1,0.0,4.0,4,0,0,0,5,0,0.0,0.18,0.18,0.0,0.18,Matches,0,29,5,17.2,1.31,0.23,0.0,0.0,0,0,Matches,,,,,,,,,,,,,,,4.0,,,,,,Matches,,24,,,,,,,,,,,12,,,,Matches,,,,,,,,,,,,,,,,,,,,,Matches,carles alena,2.2455996740609407,4.067961330525577,2.2455996740609407,7.837335070595145,3.891140911728144,MF,0.0,0.10161084498013306,-0.10161084498013306,0.0,,0.18099547511312217,0.18407064844007134,,,,,,,,,
80,Trent Alexander-Arnold,eng ENG,DF,Real Madrid,es La Liga,26.0,1998.0,21,14,1163.0,12.9,0.0,4.0,4,0,0,0,4,0,0.0,0.31,0.31,0.0,0.31,Matches,0,10,2,20.0,0.77,0.15,0.0,0.0,0,0,Matches,,,,,,,,,,,,,,,4.0,,,,,,Matches,,10,,,,,,,,,,,13,,,,Matches,,,,,,,,,,,,,,,,,,,,,Matches,trent alexander arnold,0.403125662356615,2.0283965058624744,0.403125662356615,6.278945114463568,5.344461210072041,DF,0.0,0.03125005134547403,-0.03125005134547403,0.0,,0.31007751937984496,0.1572400392141453,,,,,,,,,
83,Mohamed Ali Cho,fr FRA,"FW,MF",Nice,fr Ligue 1,21.0,2004.0,24,20,1667.0,18.5,4.0,3.0,7,4,0,0,1,0,0.22,0.16,0.38,0.22,0.38,Matches,4,32,14,43.8,1.73,0.76,0.13,0.29,0,0,Matches,,,,,,,,,,,,,,,3.0,,,,,,Matches,,9,,,,,,,,,,,4,,,,Matches,,,,,,,,,,,,,,,,,,,,,Matches,mohamed ali cho,4.278947148472071,3.5190721238031983,4.278947148472071,9.6834735609591,4.643952438607812,FW,0.21621621621621623,0.23129444045794978,-0.015078224241733551,0.13,,0.16216216216216217,0.1902201148001729,,,,,,,,,
84,Alisson,br BRA,GK,Liverpool,eng Premier League,32.0,1992.0,26,26,2340.0,26.0,0.0,0.0,0,0,0,0,1,0,0.0,0.0,0.0,0.0,0.0,Matches,0,0,0,,0.0,0.0,,,0,0,Matches,,,,,,,,,,,,,,,0.0,,,,,,Matches,,0,,,,,,,,,,,0,,,,Matches,,,,,,,,,,,,,,,,,,,,,Matches,alisson,0.0,0.0,0.0,4.577883286401629,4.577883286401629,GK,,,,,,,,,,,,,,,,
87,Thiago Almada,ar ARG,"MF,FW",Atlético Madrid,es La Liga,24.0,2001.0,27,16,1311.0,14.6,3.0,1.0,4,3,0,0,2,1,0.21,0.07,0.27,0.21,0.27,Matches,3,21,10,47.6,1.44,0.69,0.14,0.3,0,0,Matches,,,,,,,,,,,,,,,1.0,,,,,,Matches,,18,,,,,,,,,,,9,,,,Matches,,,,,,,,,,,,,,,,,,,,,Matches,thiago almada,3.557283066213131,2.79449667967856,3.557283066213131,10.92075067013502,6.215710032731295,MF,0.20547945205479454,0.24364952508309118,-0.03817007302829664,0.14,,0.0684931506849315,0.1914038821697644,,,,,,,,,
88,André Almeida,pt POR,MF,Valencia,es La Liga,25.0,2000.0,22,11,1017.0,11.3,0.0,2.0,2,0,0,0,0,0,0.0,0.18,0.18,0.0,0.18,Matches,0,9,3,33.3,0.8,0.27,0.0,0.0,0,0,Matches,,,,,,,,,,,,,,,2.0,,,,,,Matches,,11,,,,,,,,,,,8,,,,Matches,,,,,,,,,,,,,,,,,,,,,Matches,andre almeida,0.874655444175005,2.1850007213652134,0.874655444175005,6.30531516764313,4.309371467679739,MF,0.0,0.0774031366526553,-0.0774031366526553,0.0,,0.17699115044247787,0.19336289569603657,,,,,,,,,
89,Pontus Almqvist,se SWE,MF,Parma,it Serie A,26.0,1999.0,13,4,457.0,5.1,0.0,1.0,1,0,0,0,0,0,0.0,0.2,0.2,0.0,0.2,Matches,0,5,2,40.0,0.98,0.39,0.0,0.0,0,0,Matches,,,,,,,,,,,,,,,1.0,,,,,,Matches,,6,,,,,,,,,,,6,,,,Matches,,,,,,,,,,,,,,,,,,,,,Matches,pontus almqvist,0.3375041931867599,1.8195517510175705,0.3375041931867599,2.522960741072893,0.990849431604147,MF,0.0,0.06617729278171763,-0.06617729278171763,0.0,,0.19607843137254904,0.3567748531407001,,,,,,,,,
90,Marcos Alonso,es ESP,DF,Celta Vigo,es La Liga,34.0,1990.0,32,31,2768.0,30.8,1.0,0.0,1,0,1,1,5,0,0.03,0.0,0.03,0.0,0.0,Matches,1,24,3,12.5,0.78,0.1,0.04,0.33,1,1,Matches,,,,,,,,,,,,,,,0.0,,,,,,Matches,,24,,,,,,,,,,,30,,,,Matches,,,,,,,,,,,,,,,,,,,,,Matches,marcos alonso,2.298372241668403,1.568596050143242,1.555094632320106,14.406851345673203,13.42302238382399,DF,0.032467532467532464,0.05049008546493851,-0.04215494291131179,0.04,,0.0,0.0509284431864689,,,,,,,,,
92,Sergi Altimira,es ESP,MF,Real Betis,es La Liga,23.0,2001.0,24,13,1186.0,13.2,1.0,2.0,3,1,0,0,3,0,0.08,0.15,0.23,0.08,0.23,Matches,1,7,3,42.9,0.53,0.23,0.14,0.33,0,0,Matches,,,,,,,,,,,,,,,2.0,,,,,,Matches,,36,,,,,,,,,,,20,,,,Matches,,,,,,,,,,,,,,,,,,,,,Matches,sergi altimira,0.5072789322584867,0.5556181967258453,0.5072789322584867,4.316389311105013,3.758835602551698,MF,0.07575757575757576,0.03843022214079445,0.03732735361678131,0.14,,0.15151515151515152,0.042092287630745864,,,,,,,,,
93,Carlos Álvarez,es ESP,MF,Levante,es La Liga,21.0,2003.0,30,23,1890.0,21.0,3.0,1.0,4,3,0,0,3,0,0.14,0.05,0.19,0.14,0.19,Matches,3,30,11,36.7,1.43,0.52,0.1,0.27,0,0,Matches,,,,,,,,,,,,,,,1.0,,,,,,Matches,,13,,,,,,,,,,,13,,,,Matches,,,,,,,,,,,,,,,,,,,,,Matches,carlos alvarez,2.646204930730164,4.597994323819876,2.646204930730164,10.988976924680172,6.164044106379151,MF,0.14285714285714285,0.12600975860619829,0.01684738425094457,0.1,,0.047619047619047616,0.2189521106580893,,,,,,,,,
94,Hugo Álvarez,es ESP,"FW,MF",Celta Vigo,es La Liga,22.0,2003.0,28,15,1340.0,14.9,4.0,2.0,6,4,0,0,2,0,0.27,0.13,0.4,0.27,0.4,Matches,4,14,8,57.1,0.94,0.54,0.29,0.5,0,0,Matches,,,,,,,,,,,,,,,2.0,,,,,,Matches,,9,,,,,,,,,,,10,,,,Matches,,,,,,,,,,,,,,,,,,,,,Matches,hugo alvarez,2.272590968757868,2.45073258318007,2.272590968757868,8.504904292523861,5.041602535173297,FW,0.2684563758389262,0.15252288380925286,0.1159334920296733,0.29,,0.1342281879194631,0.16447869685772282,,,,,,,,,
95,Julián Álvarez,ar ARG,FW,Atlético Madrid,es La Liga,25.0,2000.0,29,22,1895.0,21.1,8.0,4.0,12,6,2,3,2,0,0.38,0.19,0.57,0.28,0.47,Matches,8,54,26,48.1,2.56,1.23,0.15,0.31,2,3,Matches,,,,,,,,,,,,,,,4.0,,,,,,Matches,,13,,,,,,,,,,,3,,,,Matches,,,,,,,,,,,,,,,,,,,,,Matches,julian alvarez,8.894600672647357,6.265264900401235,6.664767829701304,17.452052727341652,7.806348083540797,FW,0.3791469194312796,0.31586577391949305,-0.042398136144424496,0.15,,0.1895734597156398,0.2969319858010064,,,,,,,,,
96,Yeray Álvarez,es ESP,DF,Athletic Club,es La Liga,30.0,1995.0,7,6,513.0,5.7,0.0,0.0,0,0,0,0,0,0,0.0,0.0,0.0,0.0,0.0,Matches,0,1,0,0.0,0.18,0.0,0.0,,0,0,Matches,,,,,,,,,,,,,,,0.0,,,,,,Matches,,1,,,,,,,,,,,14,,,,Matches,,,,,,,,,,,,,,,,,,,,,Matches,yeray alvarez,0.1283213347196579,0.1133810803294181,0.1283213347196579,2.1851428039371967,2.112127650529146,DF,0.0,0.022512514863097875,-0.022512514863097875,0.0,,0.0,0.0198914176016523,,,,,,,,,
99,Ayoube Amaimouni,ma MAR,"MF,FW",Frankfurt,de Bundesliga,20.0,2004.0,17,6,586.0,6.5,2.0,3.0,5,2,0,0,1,0,0.31,0.46,0.77,0.31,0.77,Matches,2,12,7,58.3,1.84,1.08,0.17,0.29,0,0,Matches,,,,,,,,,,,,,,,3.0,,,,,,Matches,,5,,,,,,,,,,,2,,,,Matches,,,,,,,,,,,,,,,,,,,,,Matches,ayoube amaimouni,,,,,,MF,0.3076923076923077,,,0.17,,0.46153846153846156,,,,,,,,,,
103,Aurèle Amenda,ch SUI,DF,Frankfurt,de Bundesliga,22.0,2003.0,24,18,1678.0,18.6,0.0,0.0,0,0,0,0,5,0,0.0,0.0,0.0,0.0,0.0,Matches,0,10,2,20.0,0.54,0.11,0.0,0.0,0,0,Matches,,,,,,,,,,,,,,,0.0,,,,,,Matches,,12,,,,,,,,,,,29,,,,Matches,,,,,,,,,,,,,,,,,,,,,Matches,aurele amenda,1.009096633642912,0.3360993862152099,1.009096633642912,5.7146389447152615,5.516352321952581,DF,0.0,0.054252507185102786,-0.054252507185102786,0.0,,0.0,0.018069859473936016,,,,,,,,,
104,Kelvin Amian,fr FRA,DF,Nantes,fr Ligue 1,27.0,1998.0,23,22,1961.0,21.8,0.0,1.0,1,0,0,0,3,0,0.0,0.05,0.05,0.0,0.05,Matches,0,10,2,20.0,0.46,0.09,0.0,0.0,0,0,Matches,,,,,,,,,,,,,,,1.0,,,,,,Matches,,18,,,,,,,,,,,8,,,,Matches,,,,,,,,,,,,,,,,,,,,,Matches,kelvin amian,,,,,,DF,0.0,,,0.0,,0.04587155963302752,,,,,,,,,,
105,Michael Amir Murillo,pa PAN,"DF,MF",Marseille,fr Ligue 1,29.0,1996.0,16,11,989.0,11.0,2.0,1.0,3,2,0,0,4,0,0.18,0.09,0.27,0.18,0.27,Matches,2,9,2,22.2,0.82,0.18,0.22,1.0,0,0,Matches,,,,,,,,,,,,,,,1.0,,,,,,Matches,,13,,,,,,,,,,,6,,,,Matches,,,,,,,,,,,,,,,,,,,,,Matches,michael amir murillo,1.0468609929084778,1.9396317675709724,1.0468609929084778,9.449122466146946,7.076627906411886,DF,0.18181818181818182,0.09516918117349799,0.08664900064468384,0.22,,0.09090909090909091,0.17633016068827023,,,,,,,,,
106,Nadiem Amiri,de GER,MF,Mainz 05,de Bundesliga,28.0,1996.0,26,24,2083.0,23.1,12.0,2.0,14,4,8,8,6,0,0.52,0.09,0.6,0.17,0.26,Matches,12,54,22,40.7,2.33,0.95,0.22,0.55,8,8,Matches,,,,,,,,,,,,,,,2.0,,,,,,Matches,,18,,,,,,,,,,,19,,,,Matches,,,,,,,,,,,,,,,,,,,,,Matches,nadiem amiri,10.704714082181454,6.560079865157604,4.642500706017017,12.271673714742064,5.860426990315318,MF,0.5194805194805194,0.2009740565375332,0.05607298345534832,0.22,,0.08658008658008658,0.283986141348814,,,,,,,,,
107,Samuel Amo-Ameyaw,eng ENG,"MF,DF",Strasbourg,fr Ligue 1,19.0,2006.0,25,9,1047.0,11.6,2.0,2.0,4,2,0,0,2,0,0.17,0.17,0.34,0.17,0.34,Matches,2,17,5,29.4,1.46,0.43,0.12,0.4,0,0,Matches,,,,,,,,,,,,,,,2.0,,,,,,Matches,,12,,,,,,,,,,,3,,,,Matches,,,,,,,,,,,,,,,,,,,,,Matches,samuel amo ameyaw,1.184529721736908,1.229766269214451,1.184529721736908,4.935548759996891,3.270142339169979,MF,0.1724137931034483,0.10211463118421621,0.07029916191923208,0.12,,0.1724137931034483,0.10601433355296992,,,,,,,,,
108,Amorim,br BRA,MF,Genoa,it Serie A,20.0,2005.0,11,6,552.0,6.1,0.0,0.0,0,0,0,0,1,0,0.0,0.0,0.0,0.0,0.0,Matches,0,2,0,0.0,0.33,0.0,0.0,,0,0,Matches,,,,,,,,,,,,,,,0.0,,,,,,Matches,,6,,,,,,,,,,,7,,,,Matches,,,,,,,,,,,,,,,,,,,,,Matches,amorim,0.1271370165050029,0.7567969225347042,0.1271370165050029,1.344626486301422,0.7348281238228083,MF,0.0,0.020842133853279165,-0.020842133853279165,0.0,,0.0,0.1240650692679843,,,,,,,,,
110,Mohamed Amoura,dz ALG,"FW,MF",Wolfsburg,de Bundesliga,25.0,2000.0,30,23,1919.0,21.3,8.0,3.0,11,7,1,1,2,0,0.38,0.14,0.52,0.33,0.47,Matches,8,60,19,31.7,2.81,0.89,0.13,0.42,1,1,Matches,,,,,,,,,,,,,,,3.0,,,,,,Matches,,22,,,,,,,,,,,7,,,,Matches,,,,,,,,,,,,,,,,,,,,,Matches,mohamed amoura,9.9565003933385,3.972602378576994,9.198723715730011,14.962777476757765,4.446937231346965,FW,0.3755868544600939,0.4318649631798127,-0.09185447856049293,0.13,,0.14084507042253522,0.18650715392380252,,,,,,,,,
111,Ethan Ampadu,wls WAL,MF,Leeds United,eng Premier League,24.0,2000.0,35,35,3119.0,34.7,1.0,1.0,2,1,0,0,10,0,0.03,0.03,0.06,0.03,0.06,Matches,1,26,6,23.1,0.75,0.17,0.04,0.17,0,0,Matches,,,,,,,,,,,,,,,1.0,,,,,,Matches,,46,,,,,,,,,,,50,,,,Matches,,,,,,,,,,,,,,,,,,,,,Matches,ethan ampadu,1.946105619892478,1.1763546681031585,1.946105619892478,11.866393697448077,10.690290067344904,MF,0.02881844380403458,0.05608373544358726,-0.02726529163955268,0.04,,0.02881844380403458,0.033900710896344624,,,,,,,,,
112,Sofyan Amrabat,ma MAR,MF,Real Betis,es La Liga,28.0,1996.0,17,14,1295.0,14.4,0.0,0.0,0,0,0,0,4,0,0.0,0.0,0.0,0.0,0.0,Matches,0,8,1,12.5,0.56,0.07,0.0,0.0,0,0,Matches,,,,,,,,,,,,,,,0.0,,,,,,Matches,,13,,,,,,,,,,,11,,,,Matches,,,,,,,,,,,,,,,,,,,,,Matches,sofyan amrabat,0.2392287040129304,0.2395817404612898,0.2392287040129304,3.977388694882393,3.5761187840253115,MF,0.0,0.016613104445342388,-0.016613104445342388,0.0,,0.0,0.016637620865367346,,,,,,,,,
113,Joachim Andersen,dk DEN,DF,Fulham,eng Premier League,29.0,1996.0,33,33,2875.0,31.9,0.0,1.0,1,0,0,0,7,1,0.0,0.03,0.03,0.0,0.03,Matches,0,16,4,25.0,0.5,0.13,0.0,0.0,0,0,Matches,,,,,,,,,,,,,,,1.0,,,,,,Matches,,26,,,,,,,,,,,34,,,,Matches,,,,,,,,,,,,,,,,,,,,,Matches,joachim andersen,1.659308227710426,0.5809159595519304,1.659308227710426,9.259830322116612,8.9278842844069,DF,0.0,0.052015931903148155,-0.052015931903148155,0.0,,0.031347962382445145,0.018210531647395937,,,,,,,,,
114,Elliot Anderson,eng ENG,MF,Nottingham,eng Premier League,22.0,2002.0,38,37,3331.0,37.0,4.0,4.0,8,3,1,1,8,0,0.11,0.11,0.22,0.08,0.19,Matches,4,44,10,22.7,1.19,0.27,0.09,0.4,1,1,Matches,,,,,,,,,,,,,,,4.0,,,,,,Matches,,60,,,,,,,,,,,41,,,,Matches,,,,,,,,,,,,,,,,,,,,,Matches,elliot anderson,3.4442944694310427,4.842637189663947,2.6831256318837404,16.282568987458944,11.95789561793208,MF,0.10810810810810811,0.07251690896983082,0.015019068393755603,0.09,,0.10810810810810811,0.13088208620713368,,,,,,,,,
115,Tomoya Ando,jp JPN,DF,St Pauli,de Bundesliga,26.0,1999.0,15,14,1260.0,14.0,0.0,1.0,1,0,0,0,3,0,0.0,0.07,0.07,0.0,0.07,Matches,0,8,2,25.0,0.57,0.14,0.0,0.0,0,0,Matches,,,,,,,,,,,,,,,1.0,,,,,,Matches,,23,,,,,,,,,,,14,,,,Matches,,,,,,,,,,,,,,,,,,,,,Matches,tomoya ando,0.5493685305118561,1.295797783881426,0.5493685305118561,3.70635798573494,3.663719467818737,DF,0.0,0.03924060932227543,-0.03924060932227543,0.0,,0.07142857142857142,0.09255698456295901,,,,,,,,,
116,Nícolas Andrade,br BRA,GK,Pisa,it Serie A,37.0,1988.0,6,6,540.0,6.0,0.0,0.0,0,0,0,0,0,0,0.0,0.0,0.0,0.0,0.0,Matches,0,0,0,,0.0,0.0,,,0,0,Matches,,,,,,,,,,,,,,,0.0,,,,,,Matches,,0,,,,,,,,,,,0,,,,Matches,,,,,,,,,,,,,,,,,,,,,Matches,nicolas andrade,0.0,0.0,0.0,0.0721409525722265,0.0721409525722265,GK,,,,,,,,,,,,,,,,
117,André,br BRA,MF,Wolves,eng Premier League,24.0,2001.0,35,30,2762.0,30.7,1.0,0.0,1,1,0,0,12,0,0.03,0.0,0.03,0.03,0.03,Matches,1,15,1,6.7,0.49,0.03,0.07,1.0,0,0,Matches,,,,,,,,,,,,,,,0.0,,,,,,Matches,,42,,,,,,,,,,,25,,,,Matches,,,,,,,,,,,,,,,,,,,,,Matches,andre,0.5156588805839419,1.24783924408257,0.5156588805839419,6.220211643725634,5.526091292500496,MF,0.03257328990228013,0.016796706207945992,0.01577658369433414,0.07,,0.0,0.04064622944894365,,,,,,,,,
118,Benjamin André,fr FRA,MF,Lille,fr Ligue 1,34.0,1990.0,27,26,2332.0,25.9,2.0,2.0,4,2,0,0,9,0,0.08,0.08,0.15,0.08,0.15,Matches,2,27,6,22.2,1.04,0.23,0.07,0.33,0,0,Matches,,,,,,,,,,,,,,,2.0,,,,,,Matches,,40,,,,,,,,,,,31,,,,Matches,,,,,,,,,,,,,,,,,,,,,Matches,benjamin andre,2.5734788700938225,1.9330890672281384,2.5734788700938225,11.715144013985991,9.41398911178112,MF,0.07722007722007722,0.09936211853644103,-0.022142041316363804,0.07,,0.07722007722007722,0.07463664352232195,,,,,,,,,
119,Robert Andrich,de GER,"DF,MF",Leverkusen,de Bundesliga,30.0,1994.0,32,29,2546.0,28.3,2.0,0.0,2,2,0,0,6,1,0.07,0.0,0.07,0.07,0.07,Matches,2,12,3,25.0,0.42,0.11,0.17,0.67,0,0,Matches,,,,,,,,,,,,,,,0.0,,,,,,Matches,,30,,,,,,,,,,,33,,,,Matches,,,,,,,,,,,,,,,,,,,,,Matches,robert andrich,0.8109990963712335,0.5380814289674163,0.8109990963712335,14.814566032029688,14.427350432612002,DF,0.0706713780918728,0.02865721188590931,0.04201416620596348,0.17,,0.0,0.019013478055385735,,,,,,,,,
124,Samuele Angori,it ITA,MF,Pisa,it Serie A,21.0,2003.0,35,30,2599.0,28.9,0.0,2.0,2,0,0,0,2,0,0.0,0.07,0.07,0.0,0.07,Matches,0,14,3,21.4,0.48,0.1,0.0,0.0,0,0,Matches,,,,,,,,,,,,,,,2.0,,,,,,Matches,,25,,,,,,,,,,,23,,,,Matches,,,,,,,,,,,,,,,,,,,,,Matches,samuele angori,1.318560840561986,3.855747262947261,1.318560840561986,8.059615784324706,5.591387763619423,MF,0.0,0.045624942579999515,-0.045624942579999515,0.0,,0.06920415224913495,0.13341686030959382,,,,,,,,,
125,Frank Anguissa,cm CMR,MF,Napoli,it Serie A,29.0,1995.0,18,14,1258.0,14.0,4.0,1.0,5,4,0,0,1,0,0.29,0.07,0.36,0.29,0.36,Matches,4,23,9,39.1,1.65,0.64,0.17,0.44,0,0,Matches,,,,,,,,,,,,,,,1.0,,,,,,Matches,,14,,,,,,,,,,,13,,,,Matches,,,,,,,,,,,,,,,,,,,,,Matches,frank anguissa,,,,,,MF,0.2857142857142857,,,0.17,,0.07142857142857142,,,,,,,,,,
128,Ilyas Ansah,de GER,"MF,FW",Union Berlin,de Bundesliga,20.0,2004.0,33,23,1892.0,21.0,5.0,1.0,6,5,0,0,1,0,0.24,0.05,0.29,0.24,0.29,Matches,5,33,12,36.4,1.57,0.57,0.15,0.42,0,0,Matches,,,,,,,,,,,,,,,1.0,,,,,,Matches,,9,,,,,,,,,,,4,,,,Matches,,,,,,,,,,,,,,,,,,,,,Matches,ilyas ansah,3.8260167790576816,1.5223449170589447,3.8260167790576816,6.577519843354821,2.983498431742192,MF,0.23809523809523808,0.18219127519322292,0.055903962902015165,0.15,,0.047619047619047616,0.07249261509804499,,,,,,,,,
132,Jaidon Anthony,eng ENG,MF,Burnley,eng Premier League,25.0,1999.0,37,32,2722.0,30.2,8.0,2.0,10,8,0,0,4,0,0.26,0.07,0.33,0.26,0.33,Matches,8,55,23,41.8,1.82,0.76,0.15,0.35,0,0,Matches,,,,,,,,,,,,,,,2.0,,,,,,Matches,,21,,,,,,,,,,,16,,,,Matches,,,,,,,,,,,,,,,,,,,,,Matches,jaidon anthony,5.564454321749508,4.374400090426207,5.564454321749508,12.432500068098308,5.833836998790503,MF,0.26490066225165565,0.18425345436256652,0.08064720788908913,0.15,,0.06622516556291391,0.14484768511345056,,,,,,,,,
133,Waldemar Anton,de GER,DF,Dortmund,de Bundesliga,29.0,1996.0,32,32,2880.0,32.0,2.0,0.0,2,2,0,0,3,0,0.06,0.0,0.06,0.06,0.06,Matches,2,16,6,37.5,0.5,0.19,0.13,0.33,0,0,Matches,,,,,,,,,,,,,,,0.0,,,,,,Matches,,42,,,,,,,,,,,33,,,,Matches,,,,,,,,,,,,,,,,,,,,,Matches,waldemar anton,1.846938699483872,0.4476184593513608,1.846938699483872,13.16260596551001,12.66744858212769,DF,0.0625,0.057716834358871,0.004783165641129003,0.13,,0.0,0.013988076854730025,,,,,,,,,
136,Antony,br BRA,"MF,FW",Real Betis,es La Liga,25.0,2000.0,32,30,2447.0,27.2,8.0,6.0,14,8,0,0,6,1,0.29,0.22,0.51,0.29,0.51,Matches,8,90,34,37.8,3.31,1.25,0.09,0.24,0,0,Matches,,,,,,,,,,,,,,,6.0,,,,,,Matches,,23,,,,,,,,,,,22,,,,Matches,,,,,,,,,,,,,,,,,,,,,Matches,antony,9.02497192658484,6.643909856677055,9.02497192658484,22.010275080800056,10.2550476831384,MF,0.29411764705882354,0.33180043847738383,-0.03768279141856029,0.09,,0.22058823529411764,0.24426139178959763,,,,,,,,,
137,Youssef El-Arabi,ma MAR,FW,Nantes,fr Ligue 1,38.0,1987.0,25,11,941.0,10.5,3.0,0.0,3,3,0,1,0,0,0.29,0.0,0.29,0.29,0.29,Matches,3,15,9,60.0,1.43,0.86,0.2,0.33,0,1,Matches,,,,,,,,,,,,,,,0.0,,,,,,Matches,,9,,,,,,,,,,,4,,,,Matches,,,,,,,,,,,,,,,,,,,,,Matches,youssef el arabi,4.204976715147495,0.5688040424138308,3.444881595671177,2.720785405486822,0.5000742729753256,FW,0.2857142857142857,0.328083961492493,-0.11475968715690431,0.2,,0.0,0.054171813563221975,,,,,,,,,
138,Mauro Arambarri,uy URU,MF,Getafe,es La Liga,29.0,1995.0,37,37,3249.0,36.1,6.0,2.0,8,4,2,3,6,0,0.17,0.06,0.22,0.11,0.17,Matches,6,58,19,32.8,1.61,0.53,0.1,0.32,2,3,Matches,,,,,,,,,,,,,,,2.0,,,,,,Matches,,43,,,,,,,,,,,21,,,,Matches,,,,,,,,,,,,,,,,,,,,,Matches,mauro arambarri,8.078672235831618,0.9766136407852172,5.848839415237308,5.961405856534839,2.0200484236702323,MF,0.16620498614958448,0.16201771233344345,-0.05758094836098666,0.1,,0.055401662049861494,0.027053009440033717,,,,,,,,,
139,Jon Aramburu,ve VEN,DF,Real Sociedad,es La Liga,23.0,2002.0,35,31,2773.0,30.8,1.0,0.0,1,1,0,0,11,0,0.03,0.0,0.03,0.03,0.03,Matches,1,21,5,23.8,0.68,0.16,0.05,0.2,0,0,Matches,,,,,,,,,,,,,,,0.0,,,,,,Matches,,66,,,,,,,,,,,47,,,,Matches,,,,,,,,,,,,,,,,,,,,,Matches,jon aramburu,2.057084806263447,0.4437111411243677,2.057084806263447,6.378528879955411,5.833133289590478,DF,0.032467532467532464,0.0667884677358262,-0.034320935268293724,0.05,,0.0,0.014406205880661289,,,,,,,,,
141,Ronald Araújo,uy URU,DF,Barcelona,es La Liga,26.0,1999.0,24,11,1071.0,11.9,3.0,0.0,3,3,0,0,2,0,0.25,0.0,0.25,0.25,0.25,Matches,3,12,5,41.7,1.01,0.42,0.25,0.6,0,0,Matches,,,,,,,,,,,,,,,0.0,,,,,,Matches,,15,,,,,,,,,,,10,,,,Matches,,,,,,,,,,,,,,,,,,,,,Matches,ronald araujo,2.3027837397530675,0.5996876899152994,2.3027837397530675,6.535599049180746,5.450850985944271,DF,0.25210084033613445,0.19351123863471154,0.0585896017014229,0.25,,0.0,0.05039392352229407,,,,,,,,,
142,Carlens Arcus,ht HAI,DF,Angers,fr Ligue 1,29.0,1996.0,26,24,2040.0,22.7,0.0,3.0,3,0,0,0,7,0,0.0,0.13,0.13,0.0,0.13,Matches,0,9,1,11.1,0.4,0.04,0.0,0.0,0,0,Matches,,,,,,,,,,,,,,,3.0,,,,,,Matches,,29,,,,,,,,,,,29,,,,Matches,,,,,,,,,,,,,,,,,,,,,Matches,carlens arcus,0.2048528864979744,2.0858899280428886,0.2048528864979744,8.311523443087935,7.4888695646077394,DF,0.0,0.009024356233390943,-0.009024356233390943,0.0,,0.13215859030837004,0.09188942414285853,,,,,,,,,
144,Alphonse Areola,fr FRA,GK,West Ham,eng Premier League,32.0,1993.0,20,20,1800.0,20.0,0.0,1.0,1,0,0,0,0,0,0.0,0.05,0.05,0.0,0.05,Matches,0,0,0,,0.0,0.0,,,0,0,Matches,,,,,,,,,,,,,,,1.0,,,,,,Matches,,0,,,,,,,,,,,1,,,,Matches,,,,,,,,,,,,,,,,,,,,,Matches,alphonse areola,0.0,0.0221445709466934,0.0,0.4307949170470238,0.4307949170470238,GK,,,,,,,,,,,,,,,,
145,Jesús Areso,es ESP,DF,Athletic Club,es La Liga,26.0,1999.0,26,14,1506.0,16.7,0.0,1.0,1,0,0,0,3,0,0.0,0.06,0.06,0.0,0.06,Matches,0,3,0,0.0,0.18,0.0,0.0,,0,0,Matches,,,,,,,,,,,,,,,1.0,,,,,,Matches,,16,,,,,,,,,,,20,,,,Matches,,,,,,,,,,,,,,,,,,,,,Matches,jesus areso,0.095483249053359,1.5605541560798883,0.095483249053359,2.973411399871111,2.2149724885821342,DF,0.0,0.005717559823554432,-0.005717559823554432,0.0,,0.059880239520958084,0.09344635665149033,,,,,,,,,
149,Jhon Arias,co COL,"FW,MF",Wolves,eng Premier League,27.0,1997.0,23,14,1124.0,12.5,1.0,0.0,1,1,0,0,1,0,0.08,0.0,0.08,0.08,0.08,Matches,1,16,3,18.8,1.28,0.24,0.06,0.33,0,0,Matches,,,,,,,,,,,,,,,0.0,,,,,,Matches,,27,,,,,,,,,,,7,,,,Matches,,,,,,,,,,,,,,,,,,,,,Matches,jhon arias,3.293146742507816,0.8962265644222498,3.293146742507816,4.877626428380609,1.3450943380594254,FW,0.08,0.2634517394006253,-0.18345173940062526,0.06,,0.0,0.07169812515377999,,,,,,,,,
151,Adam Armstrong,eng ENG,"FW,MF",Wolves,eng Premier League,28.0,1997.0,14,14,1140.0,12.7,2.0,2.0,4,1,1,1,3,0,0.16,0.16,0.32,0.08,0.24,Matches,2,18,6,33.3,1.42,0.47,0.11,0.33,1,1,Matches,,,,,,,,,,,,,,,2.0,,,,,,Matches,,4,,,,,,,,,,,1,,,,Matches,,,,,,,,,,,,,,,,,,,,,Matches,adam armstrong,2.8085783179849386,1.501315450295806,2.0474094804376364,2.8539646565914154,0.716374509036541,FW,0.15748031496062992,0.16121334491634934,-0.06366758409330225,0.11,,0.15748031496062992,0.11821381498392174,,,,,,,,,
152,Harrison Armstrong,eng ENG,MF,Everton,eng Premier League,18.0,2007.0,13,6,529.0,5.9,0.0,0.0,0,0,0,0,0,0,0.0,0.0,0.0,0.0,0.0,Matches,0,5,2,40.0,0.85,0.34,0.0,0.0,0,0,Matches,,,,,,,,,,,,,,,0.0,,,,,,Matches,,10,,,,,,,,,,,4,,,,Matches,,,,,,,,,,,,,,,,,,,,,Matches,harrison armstrong,0.4391051679849624,0.1213887110352516,0.4391051679849624,1.601274512708187,1.3438003733754158,MF,0.0,0.07442460474321397,-0.07442460474321397,0.0,,0.0,0.020574357802585017,,,,,,,,,
153,Maximilian Arnold,de GER,MF,Wolfsburg,de Bundesliga,31.0,1994.0,25,20,1859.0,20.7,1.0,4.0,5,1,0,0,5,0,0.05,0.19,0.24,0.05,0.24,Matches,1,13,5,38.5,0.63,0.24,0.08,0.2,0,0,Matches,,,,,,,,,,,,,,,4.0,,,,,,Matches,,15,,,,,,,,,,,24,,,,Matches,,,,,,,,,,,,,,,,,,,,,Matches,maximilian arnold,0.367392455227673,4.247929247096181,0.367392455227673,5.136144082993269,4.320300527848303,MF,0.04830917874396135,0.017748427788776475,0.030560750955184877,0.08,,0.1932367149758454,0.2052139732896706,,,,,,,,,
154,Tolu Arokodare,ng NGA,FW,Wolves,eng Premier League,24.0,2000.0,33,13,1419.0,15.8,3.0,1.0,4,3,0,1,1,0,0.19,0.06,0.25,0.19,0.25,Matches,3,46,16,34.8,2.92,1.01,0.07,0.19,0,1,Matches,,,,,,,,,,,,,,,1.0,,,,,,Matches,,4,,,,,,,,,,,5,,,,Matches,,,,,,,,,,,,,,,,,,,,,Matches,tolu arokodare,7.426559334620833,1.1596579402685163,6.665390497073531,5.404460851103067,1.1024699872359631,FW,0.18987341772151897,0.42186015804262855,-0.2801619832038502,0.07,,0.06329113924050632,0.07339607216889343,,,,,,,,,
156,Kervin Arriaga,hn HON,MF,Levante,es La Liga,27.0,1998.0,27,16,1532.0,17.0,3.0,3.0,6,3,0,0,8,1,0.18,0.18,0.35,0.18,0.35,Matches,3,16,6,37.5,0.94,0.35,0.19,0.5,0,0,Matches,,,,,,,,,,,,,,,3.0,,,,,,Matches,,26,,,,,,,,,,,14,,,,Matches,,,,,,,,,,,,,,,,,,,,,Matches,kervin arriaga,1.0908419089391828,1.162239396944642,1.0908419089391828,5.125545285642147,3.795021541416645,MF,0.17647058823529413,0.06416717111406957,0.11230341712122455,0.19,,0.17647058823529413,0.06836702334968482,,,,,,,,,
158,Arthur,br BRA,MF,Leverkusen,de Bundesliga,22.0,2003.0,20,13,1136.0,12.6,1.0,3.0,4,1,0,0,3,0,0.08,0.24,0.32,0.08,0.32,Matches,1,10,2,20.0,0.79,0.16,0.1,0.5,0,0,Matches,,,,,,,,,,,,,,,3.0,,,,,,Matches,,12,,,,,,,,,,,18,,,,Matches,,,,,,,,,,,,,,,,,,,,,Matches,arthur,1.1891322792507708,1.199713435024023,1.1891322792507708,6.4784804452210665,5.219180366024375,MF,0.07936507936507936,0.09437557771831515,-0.015010498353235778,0.1,,0.2380952380952381,0.09521535198603358,,,,,,,,,
159,Takuma Asano,jp JPN,"MF,FW",Mallorca,es La Liga,30.0,1994.0,20,8,664.0,7.4,1.0,0.0,1,1,0,0,2,0,0.14,0.0,0.14,0.14,0.14,Matches,1,17,2,11.8,2.3,0.27,0.06,0.5,0,0,Matches,,,,,,,,,,,,,,,0.0,,,,,,Matches,,10,,,,,,,,,,,1,,,,Matches,,,,,,,,,,,,,,,,,,,,,Matches,takuma asano,2.239371344447136,1.018438033759594,2.239371344447136,3.7131067626178265,1.4350337330251932,MF,0.13513513513513511,0.30261774924961293,-0.16748261411447782,0.06,,0.0,0.13762676131886403,,,,,,,,,
160,Raúl Asencio,es ESP,DF,Real Madrid,es La Liga,22.0,2003.0,23,18,1708.0,19.0,2.0,0.0,2,2,0,0,4,0,0.11,0.0,0.11,0.11,0.11,Matches,2,14,4,28.6,0.74,0.21,0.14,0.5,0,0,Matches,,,,,,,,,,,,,,,0.0,,,,,,Matches,,12,,,,,,,,,,,10,,,,Matches,,,,,,,,,,,,,,,,,,,,,Matches,raul asencio,1.511999098584056,0.4637518934905529,1.511999098584056,7.886597044765949,7.307897858321667,DF,0.10526315789473684,0.07957889992547662,0.025684257969260216,0.14,,0.0,0.024407994394239626,,,,,,,,,
161,Fisnik Asllani,xk KVX,"FW,MF",Hoffenheim,de Bundesliga,22.0,2002.0,33,31,2335.0,25.9,10.0,7.0,17,10,0,0,2,0,0.39,0.27,0.66,0.39,0.66,Matches,10,73,28,38.4,2.81,1.08,0.14,0.36,0,0,Matches,,,,,,,,,,,,,,,7.0,,,,,,Matches,,7,,,,,,,,,,,5,,,,Matches,,,,,,,,,,,,,,,,,,,,,Matches,fisnik asllani,9.504826286807656,5.401737725362182,9.504826286807656,19.754683665931225,6.661823563277721,FW,0.3861003861003861,0.36698170991535356,0.019118676185032577,0.14,,0.2702702702702703,0.208561302137536,,,,,,,,,
162,Kristjan Asllani,al ALB,MF,Torino,it Serie A,23.0,2002.0,15,13,1129.0,12.5,0.0,0.0,0,0,0,1,3,0,0.0,0.0,0.0,0.0,0.0,Matches,0,20,4,20.0,1.59,0.32,0.0,0.0,0,1,Matches,,,,,,,,,,,,,,,0.0,,,,,,Matches,,14,,,,,,,,,,,12,,,,Matches,,,,,,,,,,,,,,,,,,,,,Matches,kristjan asllani,1.1615827651694417,1.1300613693892956,0.4002839298918843,2.6788381403312087,2.2846737299114466,MF,0.0,0.032022714391350744,-0.09292662121355534,0.0,,0.0,0.09040490955114365,,,,,,,,,
164,Iago Aspas,es ESP,"FW,MF",Celta Vigo,es La Liga,37.0,1987.0,32,11,1140.0,12.7,5.0,3.0,8,3,2,2,4,0,0.39,0.24,0.63,0.24,0.47,Matches,5,28,12,42.9,2.21,0.95,0.18,0.42,2,2,Matches,,,,,,,,,,,,,,,3.0,,,,,,Matches,,11,,,,,,,,,,,12,,,,Matches,,,,,,,,,,,,,,,,,,,,,Matches,iago aspas,4.438365060836077,4.45842863060534,2.9518098421394825,11.226651870645584,6.235691965557635,FW,0.3937007874015748,0.2324259718220065,0.044223223556214435,0.18,,0.2362204724409449,0.35105737248860946,,,,,,,,,
165,Yaser Asprilla,co COL,"FW,MF",Girona,es La Liga,21.0,2003.0,15,6,611.0,6.8,0.0,0.0,0,0,0,0,0,0,0.0,0.0,0.0,0.0,0.0,Matches,0,15,5,33.3,2.21,0.74,0.0,0.0,0,0,Matches,,,,,,,,,,,,,,,0.0,,,,,,Matches,,4,,,,,,,,,,,5,,,,Matches,,,,,,,,,,,,,,,,,,,,,Matches,yaser asprilla,0.5583002185449004,1.7849864326417446,0.5583002185449004,1.4411142249591649,0.7090051285922527,FW,0.0,0.08210297331542653,-0.08210297331542653,0.0,,0.0,0.2624980048002566,,,,,,,,,
166,Lorenz Assignon,tg TOG,"DF,MF",Stuttgart,de Bundesliga,25.0,2000.0,24,12,1094.0,12.2,0.0,0.0,0,0,0,0,3,1,0.0,0.0,0.0,0.0,0.0,Matches,0,12,4,33.3,0.99,0.33,0.0,0.0,0,0,Matches,,,,,,,,,,,,,,,0.0,,,,,,Matches,,15,,,,,,,,,,,15,,,,Matches,,,,,,,,,,,,,,,,,,,,,Matches,lorenz assignon,0.6752535561099648,1.0527520487084985,0.6752535561099648,5.320500722154975,4.25156906992197,DF,0.0,0.055348652140161055,-0.055348652140161055,0.0,,0.0,0.08629115153348349,,,,,,,,,
167,Dehmaine Assoumani,fr FRA,MF,Nantes,fr Ligue 1,20.0,2005.0,27,14,1276.0,14.2,1.0,0.0,1,1,0,0,5,0,0.07,0.0,0.07,0.07,0.07,Matches,1,29,7,24.1,2.05,0.49,0.03,0.14,0,0,Matches,,,,,,,,,,,,,,,0.0,,,,,,Matches,,18,,,,,,,,,,,16,,,,Matches,,,,,,,,,,,,,,,,,,,,,Matches,dehmaine assoumani,1.7984376410022378,2.039490785449744,1.7984376410022378,3.9870292702689767,1.7710418915376067,MF,0.07042253521126761,0.12665053809874915,-0.05622800288748154,0.03,,0.0,0.14362611165139044,,,,,,,,,
169,Otavio Ataide,br BRA,DF,Paris FC,fr Ligue 1,23.0,2002.0,23,21,1901.0,21.1,1.0,0.0,1,1,0,0,6,1,0.05,0.0,0.05,0.05,0.05,Matches,1,12,3,25.0,0.57,0.14,0.08,0.33,0,0,Matches,,,,,,,,,,,,,,,0.0,,,,,,Matches,,29,,,,,,,,,,,27,,,,Matches,,,,,,,,,,,,,,,,,,,,,Matches,otavio ataide,0.5789848626591265,0.1723948009312153,0.5789848626591265,5.907242963090539,5.754136506468058,DF,0.04739336492890995,0.02744004088431879,0.01995332404459116,0.08,,0.0,0.00817036971237987,,,,,,,,,
170,Zachary Athekame,ch SUI,"MF,DF",Milan,it Serie A,20.0,2004.0,27,7,833.0,9.3,2.0,2.0,4,2,0,0,3,0,0.22,0.22,0.43,0.22,0.43,Matches,2,13,4,30.8,1.4,0.43,0.15,0.5,0,0,Matches,,,,,,,,,,,,,,,2.0,,,,,,Matches,,8,,,,,,,,,,,4,,,,Matches,,,,,,,,,,,,,,,,,,,,,Matches,zachary athekame,0.381818194873631,1.562887266278267,0.381818194873631,4.83278364315629,3.5311308968812227,MF,0.2150537634408602,0.04105571987888505,0.17399804356197515,0.15,,0.2150537634408602,0.16805239422346954,,,,,,,,,
171,Arthur Atta,fr FRA,MF,Udinese,it Serie A,22.0,2003.0,32,29,2557.0,28.4,5.0,3.0,8,5,0,0,3,0,0.18,0.11,0.28,0.18,0.28,Matches,5,57,20,35.1,2.01,0.7,0.09,0.25,0,0,Matches,,,,,,,,,,,,,,,3.0,,,,,,Matches,,17,,,,,,,,,,,23,,,,Matches,,,,,,,,,,,,,,,,,,,,,Matches,arthur atta,4.234897628426552,3.253640430048108,4.234897628426552,14.451863273978232,8.205154605209827,MF,0.17605633802816903,0.14911611367699126,0.026940224351177756,0.09,,0.10563380281690142,0.1145648038749334,,,,,,,,,
172,Noah Atubolu,de GER,GK,Freiburg,de Bundesliga,23.0,2002.0,34,34,3060.0,34.0,0.0,0.0,0,0,0,0,1,0,0.0,0.0,0.0,0.0,0.0,Matches,0,0,0,,0.0,0.0,,,0,0,Matches,,,,,,,,,,,,,,,0.0,,,,,,Matches,,0,,,,,,,,,,,1,,,,Matches,,,,,,,,,,,,,,,,,,,,,Matches,noah atubolu,0.0,0.3416177351027727,0.0,5.907610785216093,5.56599305011332,GK,,,,,,,,,,,,,,,,
173,Pierre-Emerick Aubameyang,ga GAB,FW,Marseille,fr Ligue 1,36.0,1989.0,30,23,2039.0,22.7,10.0,5.0,15,10,0,0,1,0,0.44,0.22,0.66,0.44,0.66,Matches,10,60,34,56.7,2.65,1.5,0.17,0.29,0,0,Matches,,,,,,,,,,,,,,,5.0,,,,,,Matches,,6,,,,,,,,,,,7,,,,Matches,,,,,,,,,,,,,,,,,,,,,Matches,pierre emerick aubameyang,15.525875067338347,5.136944656725973,15.525875067338347,20.571721328422427,3.708862965926528,FW,0.4405286343612335,0.6839592540677686,-0.24343061970653515,0.17,,0.22026431718061676,0.22629712144167283,,,,,,,,,
174,Emil Audero,id IDN,GK,Cremonese,it Serie A,28.0,1997.0,34,34,3060.0,34.0,0.0,0.0,0,0,0,0,0,0,0.0,0.0,0.0,0.0,0.0,Matches,0,0,0,,0.0,0.0,,,0,0,Matches,,,,,,,,,,,,,,,0.0,,,,,,Matches,,0,,,,,,,,,,,0,,,,Matches,,,,,,,,,,,,,,,,,,,,,Matches,emil audero,0.0,0.0,0.0,0.9797998899593948,0.9797998899593948,GK,,,,,,,,,,,,,,,,
175,Carlos Augusto,br BRA,"MF,DF",Inter,it Serie A,26.0,1999.0,34,18,1763.0,19.6,1.0,1.0,2,1,0,0,6,0,0.05,0.05,0.1,0.05,0.1,Matches,1,20,6,30.0,1.02,0.31,0.05,0.17,0,0,Matches,,,,,,,,,,,,,,,1.0,,,,,,Matches,,22,,,,,,,,,,,19,,,,Matches,,,,,,,,,,,,,,,,,,,,,Matches,carlos augusto,1.9602262806147337,1.1390730757266283,1.9602262806147337,13.039269134402277,11.17293145507574,MF,0.0510204081632653,0.10001154492932314,-0.04899113676605784,0.05,,0.0510204081632653,0.05811597325135858,,,,,,,,,
176,Yann Aurel Bisseck,de GER,DF,Inter,it Serie A,24.0,2000.0,23,21,1922.0,21.4,3.0,1.0,4,3,0,0,2,0,0.14,0.05,0.19,0.14,0.19,Matches,3,25,12,48.0,1.17,0.56,0.12,0.25,0,0,Matches,,,,,,,,,,,,,,,1.0,,,,,,Matches,,18,,,,,,,,,,,23,,,,Matches,,,,,,,,,,,,,,,,,,,,,Matches,yann aurel bisseck,2.830854626372457,0.6501033678650856,2.830854626372457,11.501843765377998,10.405136041343212,DF,0.14018691588785048,0.13228292646600268,0.007903989421847805,0.12,,0.04672897196261683,0.03037866204977036,,,,,,,,,
177,Leon Avdullahu,xk KVX,MF,Hoffenheim,de Bundesliga,21.0,2004.0,33,32,2834.0,31.5,0.0,1.0,1,0,0,0,5,0,0.0,0.03,0.03,0.0,0.03,Matches,0,14,2,14.3,0.44,0.06,0.0,0.0,0,0,Matches,,,,,,,,,,,,,,,1.0,,,,,,Matches,,30,,,,,,,,,,,33,,,,Matches,,,,,,,,,,,,,,,,,,,,,Matches,leon avdullahu,0.5229936568066478,1.3252581506967545,0.5229936568066478,13.051670419052243,11.703141951933503,MF,0.0,0.01660297323195707,-0.01660297323195707,0.0,,0.031746031746031744,0.04207168732370649,,,,,,,,,
179,Arthur Avom,cm CMR,MF,Lorient,fr Ligue 1,20.0,2004.0,31,22,2119.0,23.5,2.0,1.0,3,2,0,0,3,0,0.08,0.04,0.13,0.08,0.13,Matches,2,21,6,28.6,0.89,0.25,0.1,0.33,0,0,Matches,,,,,,,,,,,,,,,1.0,,,,,,Matches,,31,,,,,,,,,,,28,,,,Matches,,,,,,,,,,,,,,,,,,,,,Matches,arthur avom,1.0540359923616052,3.175200704485178,1.0540359923616052,9.312216808088124,6.713715405203402,MF,0.0851063829787234,0.044852595419642774,0.04025378755908063,0.1,,0.0425531914893617,0.13511492359511396,,,,,,,,,
180,Chidozie Awaziem,ng NGA,DF,Nantes,fr Ligue 1,28.0,1997.0,26,25,2231.0,24.8,1.0,2.0,3,1,0,0,7,0,0.04,0.08,0.12,0.04,0.12,Matches,1,11,4,36.4,0.44,0.16,0.09,0.25,0,0,Matches,,,,,,,,,,,,,,,2.0,,,,,,Matches,,20,,,,,,,,,,,20,,,,Matches,,,,,,,,,,,,,,,,,,,,,Matches,chidozie awaziem,0.5838352423161268,1.5799404215067625,0.5838352423161268,4.797361323609948,3.7837975714355694,DF,0.04032258064516129,0.023541743641779307,0.016780837003381982,0.09,,0.08064516129032258,0.06370727506075655,,,,,,,,,
181,Taiwo Awoniyi,ng NGA,FW,Nottingham,eng Premier League,27.0,1997.0,17,3,494.0,5.5,4.0,1.0,5,4,0,0,2,0,0.73,0.18,0.91,0.73,0.91,Matches,4,15,8,53.3,2.73,1.46,0.27,0.5,0,0,Matches,,,,,,,,,,,,,,,1.0,,,,,,Matches,,1,,,,,,,,,,,1,,,,Matches,,,,,,,,,,,,,,,,,,,,,Matches,taiwo awoniyi,4.346804939210415,1.319865755736828,4.346804939210415,5.521583408117294,1.5340364016592505,FW,0.7272727272727273,0.79032817076553,-0.0630554434928027,0.27,,0.18181818181818182,0.23997559195215057,,,,,,,,,
182,Yasin Ayari,se SWE,MF,Brighton,eng Premier League,21.0,2003.0,29,20,1929.0,21.4,3.0,3.0,6,3,0,0,1,0,0.14,0.14,0.28,0.14,0.28,Matches,3,41,10,24.4,1.91,0.47,0.07,0.3,0,0,Matches,,,,,,,,,,,,,,,3.0,,,,,,Matches,,25,,,,,,,,,,,26,,,,Matches,,,,,,,,,,,,,,,,,,,,,Matches,yasin ayari,2.1179441660642624,1.4007999636232853,2.1179441660642624,7.900783270597458,5.476744862273336,MF,0.14018691588785048,0.0989693535544048,0.04121756233344569,0.07,,0.14018691588785048,0.06545794222538717,,,,,,,,,
183,Neil El Aynaoui,ma MAR,MF,Roma,it Serie A,24.0,2001.0,25,8,999.0,11.1,1.0,2.0,3,1,0,0,5,0,0.09,0.18,0.27,0.09,0.27,Matches,1,6,4,66.7,0.54,0.36,0.17,0.25,0,0,Matches,,,,,,,,,,,,,,,2.0,,,,,,Matches,,10,,,,,,,,,,,18,,,,Matches,,,,,,,,,,,,,,,,,,,,,Matches,neil el aynaoui,0.9577326010912656,1.7740114629268646,0.9577326010912656,5.916931334882975,3.715265704318881,MF,0.0900900900900901,0.08628221631452843,0.0038078737755616607,0.17,,0.1801801801801802,0.15982085251593375,,,,,,,,,
185,César Azpilicueta,es ESP,DF,Sevilla,es La Liga,35.0,1989.0,17,17,1213.0,13.5,0.0,1.0,1,0,0,0,4,0,0.0,0.07,0.07,0.0,0.07,Matches,0,1,0,0.0,0.07,0.0,0.0,,0,0,Matches,,,,,,,,,,,,,,,1.0,,,,,,Matches,,19,,,,,,,,,,,22,,,,Matches,,,,,,,,,,,,,,,,,,,,,Matches,cesar azpilicueta,0.0123422164469957,0.5649564769119024,0.0123422164469957,2.7488847002387047,2.219164974987507,DF,0.0,0.0009142382553330149,-0.0009142382553330149,0.0,,0.07407407407407407,0.04184862791940018,,,,,,,,,
186,Oussama El Azzouzi,ma MAR,"MF,DF",Auxerre,fr Ligue 1,24.0,2001.0,11,10,807.0,9.0,1.0,0.0,1,1,0,0,1,1,0.11,0.0,0.11,0.11,0.11,Matches,1,5,1,20.0,0.56,0.11,0.2,1.0,0,0,Matches,,,,,,,,,,,,,,,0.0,,,,,,Matches,,15,,,,,,,,,,,16,,,,Matches,,,,,,,,,,,,,,,,,,,,,Matches,oussama el azzouzi,0.6952410852536559,0.5211914069950581,0.6952410852536559,1.5860830247402191,0.8512548767030239,MF,0.1111111111111111,0.07724900947262843,0.033862101638482675,0.2,,0.0,0.05791015633278423,,,,,,,,,
187,Mio Backhaus,de GER,GK,Werder Bremen,de Bundesliga,21.0,2004.0,32,32,2880.0,32.0,0.0,0.0,0,0,0,0,1,0,0.0,0.0,0.0,0.0,0.0,Matches,0,0,0,,0.0,0.0,,,0,0,Matches,,,,,,,,,,,,,,,0.0,,,,,,Matches,,0,,,,,,,,,,,0,,,,Matches,,,,,,,,,,,,,,,,,,,,,Matches,mio backhaus,0.0,0.0,0.0,3.336742208339274,3.336742208339274,GK,,,,,,,,,,,,,,,,
188,Loïc Bade,fr FRA,DF,Leverkusen,de Bundesliga,25.0,2000.0,23,19,1653.0,18.4,0.0,0.0,0,0,0,0,4,0,0.0,0.0,0.0,0.0,0.0,Matches,0,12,4,33.3,0.65,0.22,0.0,0.0,0,0,Matches,,,,,,,,,,,,,,,0.0,,,,,,Matches,,19,,,,,,,,,,,21,,,,Matches,,,,,,,,,,,,,,,,,,,,,Matches,loic bade,1.2505972078070045,0.1378594860434532,1.2505972078070045,10.064088642597198,9.906061917543411,DF,0.0,0.06796723955472851,-0.06796723955472851,0.0,,0.0,0.007492363371926805,,,,,,,,,
189,Benoît Badiashile,fr FRA,DF,Chelsea,eng Premier League,24.0,2001.0,8,6,471.0,5.2,0.0,0.0,0,0,0,0,2,0,0.0,0.0,0.0,0.0,0.0,Matches,0,0,0,,0.0,0.0,,,0,0,Matches,,,,,,,,,,,,,,,0.0,,,,,,Matches,,5,,,,,,,,,,,9,,,,Matches,,,,,,,,,,,,,,,,,,,,,Matches,benoit badiashile,0.0,0.0,0.0,1.0458098985254765,1.0458098985254765,DF,0.0,0.0,0.0,,,0.0,0.0,,,,,,,,,
190,Álex Baena,es ESP,"MF,FW",Atlético Madrid,es La Liga,24.0,2001.0,27,21,1560.0,17.3,2.0,3.0,5,2,0,0,5,0,0.12,0.17,0.29,0.12,0.29,Matches,2,29,7,24.1,1.67,0.4,0.07,0.29,0,0,Matches,,,,,,,,,,,,,,,3.0,,,,,,Matches,,11,,,,,,,,,,,16,,,,Matches,,,,,,,,,,,,,,,,,,,,,Matches,alex baena,1.78207378834486,6.565278625115752,1.78207378834486,11.438657112419603,6.362705545499921,MF,0.11560693641618497,0.10301004556906705,0.012596890847117913,0.07,,0.17341040462427745,0.3794958742841475,,,,,,,,,
191,Samson Baidoo,at AUT,DF,Lens,fr Ligue 1,21.0,2004.0,23,20,1827.0,20.3,2.0,1.0,3,2,0,0,2,0,0.1,0.05,0.15,0.1,0.15,Matches,2,16,4,25.0,0.79,0.2,0.13,0.5,0,0,Matches,,,,,,,,,,,,,,,1.0,,,,,,Matches,,23,,,,,,,,,,,25,,,,Matches,,,,,,,,,,,,,,,,,,,,,Matches,samson baidoo,2.39372334536165,0.4557065162807703,2.39372334536165,6.110715292394161,5.60930996760726,DF,0.09852216748768472,0.11791740617545074,-0.01939523868776601,0.13,,0.04926108374384236,0.02244859686112169,,,,,,,,,
192,Leon Bailey,jm JAM,MF,Aston Villa,eng Premier League,27.0,1997.0,13,3,459.0,5.1,0.0,1.0,1,0,0,0,1,0,0.0,0.2,0.2,0.0,0.2,Matches,0,8,1,12.5,1.57,0.2,0.0,0.0,0,0,Matches,,,,,,,,,,,,,,,1.0,,,,,,Matches,,6,,,,,,,,,,,4,,,,Matches,,,,,,,,,,,,,,,,,,,,,Matches,leon bailey,0.7073369584977627,1.1167646050453186,0.7073369584977627,2.2412565387785435,1.1618106737732887,MF,0.0,0.1386935212740711,-0.1386935212740711,0.0,,0.19607843137254904,0.21897345196967033,,,,,,,,,
194,Eric Bailly,ci CIV,DF,Oviedo,es La Liga,31.0,1994.0,15,15,1234.0,13.7,1.0,0.0,1,1,0,0,3,0,0.07,0.0,0.07,0.07,0.07,Matches,1,6,1,16.7,0.44,0.07,0.17,1.0,0,0,Matches,,,,,,,,,,,,,,,0.0,,,,,,Matches,,10,,,,,,,,,,,17,,,,Matches,,,,,,,,,,,,,,,,,,,,,Matches,eric bailly,0.3379696104675531,0.1631991881877184,0.3379696104675531,1.960602704435587,1.890581227838993,DF,0.07299270072992702,0.02466931463266811,0.0483233860972589,0.17,,0.0,0.011912349502753168,,,,,,,,,
196,Cédric Bakambu,cd COD,FW,Real Betis,es La Liga,34.0,1991.0,18,5,569.0,6.3,3.0,1.0,4,3,0,0,1,0,0.47,0.16,0.63,0.47,0.63,Matches,3,21,9,42.9,3.32,1.42,0.14,0.33,0,0,Matches,,,,,,,,,,,,,,,1.0,,,,,,Matches,,2,,,,,,,,,,,2,,,,Matches,,,,,,,,,,,,,,,,,,,,,Matches,cedric bakambu,4.446228556334972,1.0754088601097465,4.446228556334972,5.470247928053141,1.102149996906519,FW,0.4761904761904762,0.7057505644976146,-0.22956008830713848,0.14,,0.15873015873015872,0.17069981906503912,,,,,,,,,
197,Johan Bakayoko,be BEL,"FW,MF",RB Leipzig,de Bundesliga,22.0,2003.0,20,8,777.0,8.6,2.0,0.0,2,2,0,0,1,0,0.23,0.0,0.23,0.23,0.23,Matches,2,24,9,37.5,2.78,1.04,0.08,0.22,0,0,Matches,,,,,,,,,,,,,,,0.0,,,,,,Matches,,3,,,,,,,,,,,2,,,,Matches,,,,,,,,,,,,,,,,,,,,,Matches,johan bakayoko,2.3763104043900967,1.30585958622396,2.3763104043900967,6.649200826883316,3.972378112375736,FW,0.23255813953488372,0.27631516330117406,-0.043757023766290315,0.08,,0.0,0.1518441379330186,,,,,,,,,
201,Ridle Baku,de GER,DF,RB Leipzig,de Bundesliga,27.0,1998.0,32,28,2504.0,27.8,2.0,3.0,5,2,0,0,4,0,0.07,0.11,0.18,0.07,0.18,Matches,2,30,6,20.0,1.08,0.22,0.07,0.33,0,0,Matches,,,,,,,,,,,,,,,3.0,,,,,,Matches,,40,,,,,,,,,,,31,,,,Matches,,,,,,,,,,,,,,,,,,,,,Matches,ridle baku,,,,,,DF,0.07194244604316546,,,0.07,,0.1079136690647482,,,,,,,,,,
203,Dilane Bakwa,fr FRA,MF,Nottingham,eng Premier League,22.0,2002.0,14,6,553.0,6.1,0.0,2.0,2,0,0,0,1,0,0.0,0.33,0.33,0.0,0.33,Matches,0,9,3,33.3,1.46,0.49,0.0,0.0,0,0,Matches,,,,,,,,,,,,,,,2.0,,,,,,Matches,,3,,,,,,,,,,,0,,,,Matches,,,,,,,,,,,,,,,,,,,,,Matches,dilane bakwa,0.7644308656454086,1.2161817625164986,0.7644308656454086,2.93642945215106,1.6830938644707203,MF,0.0,0.12531653535170634,-0.12531653535170634,0.0,,0.3278688524590164,0.1993740594289342,,,,,,,,,
207,Alejandro Balde,es ESP,DF,Barcelona,es La Liga,21.0,2003.0,28,21,1869.0,20.8,0.0,2.0,2,0,0,0,2,0,0.0,0.1,0.1,0.0,0.1,Matches,0,10,1,10.0,0.48,0.05,0.0,0.0,0,0,Matches,,,,,,,,,,,,,,,2.0,,,,,,Matches,,21,,,,,,,,,,,6,,,,Matches,,,,,,,,,,,,,,,,,,,,,Matches,alejandro balde,0.7527575083076954,2.8991151619702578,0.7527575083076954,16.041015792638063,12.891519032418728,DF,0.0,0.03619026482248536,-0.03619026482248536,0.0,,0.09615384615384615,0.13938053663318548,,,,,,,,,
209,Carlos Baleba,cm CMR,MF,Brighton,eng Premier League,21.0,2004.0,31,23,1652.0,18.4,0.0,0.0,0,0,0,0,5,0,0.0,0.0,0.0,0.0,0.0,Matches,0,20,2,10.0,1.09,0.11,0.0,0.0,0,0,Matches,,,,,,,,,,,,,,,0.0,,,,,,Matches,,21,,,,,,,,,,,28,,,,Matches,,,,,,,,,,,,,,,,,,,,,Matches,carlos baleba,0.5733493687584996,0.812482200562954,0.5733493687584996,5.856022956781089,4.607899966649711,MF,0.0,0.031160291780353244,-0.031160291780353244,0.0,,0.0,0.04415664133494315,,,,,,,,,
210,Leonardo Balerdi,ar ARG,DF,Marseille,fr Ligue 1,26.0,1999.0,26,21,2001.0,22.2,0.0,1.0,1,0,0,0,5,0,0.0,0.04,0.04,0.0,0.04,Matches,0,20,5,25.0,0.9,0.22,0.0,0.0,0,0,Matches,,,,,,,,,,,,,,,1.0,,,,,,Matches,,28,,,,,,,,,,,27,,,,Matches,,,,,,,,,,,,,,,,,,,,,Matches,leonardo balerdi,2.5971892066299915,0.2388758808374405,2.5971892066299915,13.10189403500408,12.960436417721212,DF,0.0,0.11699050480315278,-0.11699050480315278,0.0,,0.04504504504504505,0.01076017481249732,,,,,,,,,
211,Daniel Ballard,nir NIR,DF,Sunderland,eng Premier League,25.0,1999.0,29,24,2149.0,23.9,2.0,0.0,2,2,0,0,4,1,0.08,0.0,0.08,0.08,0.08,Matches,2,26,9,34.6,1.09,0.38,0.08,0.22,0,0,Matches,,,,,,,,,,,,,,,0.0,,,,,,Matches,,17,,,,,,,,,,,20,,,,Matches,,,,,,,,,,,,,,,,,,,,,Matches,daniel ballard,3.695435624569656,1.5805855486541986,3.695435624569656,4.752503437921405,2.608859278261661,DF,0.08368200836820085,0.15462073742969273,-0.07093872906149187,0.08,,0.0,0.06613328655456899,,,,,,,,,
213,Iván Balliu,al ALB,DF,Rayo Vallecano,es La Liga,33.0,1992.0,14,6,582.0,6.5,0.0,0.0,0,0,0,0,2,0,0.0,0.0,0.0,0.0,0.0,Matches,0,4,0,0.0,0.62,0.0,0.0,,0,0,Matches,,,,,,,,,,,,,,,0.0,,,,,,Matches,,9,,,,,,,,,,,9,,,,Matches,,,,,,,,,,,,,,,,,,,,,Matches,ivan balliu,0.9272420238703488,0.0937120970338583,0.9272420238703488,2.041639376431704,1.0687691681087017,DF,0.0,0.14265261905697674,-0.14265261905697674,0.0,,0.0,0.014417245697516661,,,,,,,,,
214,Fodé Ballo-Touré,sn SEN,"DF,MF",Metz,fr Ligue 1,28.0,1997.0,13,11,836.0,9.3,0.0,0.0,0,0,0,0,2,0,0.0,0.0,0.0,0.0,0.0,Matches,0,5,1,20.0,0.54,0.11,0.0,0.0,0,0,Matches,,,,,,,,,,,,,,,0.0,,,,,,Matches,,16,,,,,,,,,,,5,,,,Matches,,,,,,,,,,,,,,,,,,,,,Matches,fode ballo toure,0.2401369120925665,0.9939170219004154,0.2401369120925665,1.0049719577655196,0.7275086650624871,DF,0.0,0.025821173343286718,-0.025821173343286718,0.0,,0.0,0.1068727980538081,,,,,,,,,
215,Folarin Balogun,us USA,FW,Monaco,fr Ligue 1,24.0,2001.0,30,26,2230.0,24.8,13.0,4.0,17,10,3,3,4,1,0.52,0.16,0.69,0.4,0.57,Matches,13,77,32,41.6,3.11,1.29,0.17,0.41,3,3,Matches,,,,,,,,,,,,,,,4.0,,,,,,Matches,,6,,,,,,,,,,,4,,,,Matches,,,,,,,,,,,,,,,,,,,,,Matches,folarin balogun,14.09382818453014,4.190360508859158,11.813542751595378,15.975783936679363,1.964771009981632,FW,0.5241935483870968,0.47635253030626523,-0.044105975182666964,0.17,,0.16129032258064516,0.16896614955077247,,,,,,,,,
217,Aladji Bamba,fr FRA,MF,Monaco,fr Ligue 1,19.0,2006.0,18,10,816.0,9.1,0.0,2.0,2,0,0,0,2,0,0.0,0.22,0.22,0.0,0.22,Matches,0,2,1,50.0,0.22,0.11,0.0,0.0,0,0,Matches,,,,,,,,,,,,,,,2.0,,,,,,Matches,,20,,,,,,,,,,,8,,,,Matches,,,,,,,,,,,,,,,,,,,,,Matches,aladji bamba,0.110935527831316,1.7227396704256537,0.110935527831316,3.5805662348866463,2.6919214464724064,MF,0.0,0.01219071734410066,-0.01219071734410066,0.0,,0.21978021978021978,0.1893120516951268,,,,,,,,,
218,Mohamed Bamba,ci CIV,FW,Lorient,fr Ligue 1,23.0,2001.0,18,7,682.0,7.6,1.0,2.0,3,1,0,1,3,0,0.13,0.26,0.4,0.13,0.4,Matches,1,13,6,46.2,1.72,0.79,0.08,0.17,0,1,Matches,,,,,,,,,,,,,,,2.0,,,,,,Matches,,2,,,,,,,,,,,2,,,,Matches,,,,,,,,,,,,,,,,,,,,,Matches,mohamed bamba,2.8765433095395565,1.6329459995031357,2.116448190063238,3.6792133301496506,0.6662338711321354,FW,0.13157894736842105,0.2784800250083208,-0.24691359336046798,0.08,,0.2631578947368421,0.2148613157240968,,,,,,,,,
219,Lameck Banda,zm ZAM,"MF,FW",Lecce,it Serie A,24.0,2001.0,32,21,1752.0,19.5,5.0,4.0,9,5,0,0,6,1,0.26,0.21,0.46,0.26,0.46,Matches,5,38,15,39.5,1.95,0.77,0.13,0.33,0,0,Matches,,,,,,,,,,,,,,,4.0,,,,,,Matches,,17,,,,,,,,,,,7,,,,Matches,,,,,,,,,,,,,,,,,,,,,Matches,lameck banda,3.2459914926439524,3.3277904372662306,3.2459914926439524,7.624415159225464,2.613522628322244,MF,0.2564102564102564,0.16646110218686935,0.08994915422338706,0.13,,0.20512820512820512,0.1706559198598067,,,,,,,,,
220,Noahkai Banks,us USA,DF,Augsburg,de Bundesliga,18.0,2006.0,23,20,1725.0,19.2,1.0,1.0,2,1,0,0,8,0,0.05,0.05,0.1,0.05,0.1,Matches,1,9,5,55.6,0.47,0.26,0.11,0.2,0,0,Matches,,,,,,,,,,,,,,,1.0,,,,,,Matches,,29,,,,,,,,,,,18,,,,Matches,,,,,,,,,,,,,,,,,,,,,Matches,noahkai banks,1.230864397250116,0.9259122600778936,1.230864397250116,4.726021298207343,3.706311522051692,DF,0.052083333333333336,0.06410752069011022,-0.012024187356776881,0.11,,0.052083333333333336,0.04822459687905696,,,,,,,,,
221,Ezechiel Banzuzi,nl NED,MF,RB Leipzig,de Bundesliga,20.0,2005.0,24,2,597.0,6.6,0.0,1.0,1,0,0,0,3,0,0.0,0.15,0.15,0.0,0.15,Matches,0,15,4,26.7,2.26,0.6,0.0,0.0,0,0,Matches,,,,,,,,,,,,,,,1.0,,,,,,Matches,,10,,,,,,,,,,,6,,,,Matches,,,,,,,,,,,,,,,,,,,,,Matches,ezechiel banzuzi,1.248297218233347,0.353797547519207,1.248297218233347,3.044343562796712,1.835137458518148,MF,0.0,0.18913594215656773,-0.18913594215656773,0.0,,0.15151515151515152,0.05360568901806167,,,,,,,,,
222,Tommaso Barbieri,it ITA,MF,Cremonese,it Serie A,22.0,2002.0,29,18,1707.0,19.0,0.0,1.0,1,0,0,0,8,0,0.0,0.05,0.05,0.0,0.05,Matches,0,16,2,12.5,0.84,0.11,0.0,0.0,0,0,Matches,,,,,,,,,,,,,,,1.0,,,,,,Matches,,26,,,,,,,,,,,14,,,,Matches,,,,,,,,,,,,,,,,,,,,,Matches,tommaso barbieri,0.9889214904978872,1.833732210099697,0.9889214904978872,5.086522728204727,2.3321381313726306,MF,0.0,0.0520484994998888,-0.0520484994998888,0.0,,0.05263157894736842,0.09651222158419458,,,,,,,,,
223,Valentín Barco,ar ARG,MF,Strasbourg,fr Ligue 1,21.0,2004.0,27,24,2168.0,24.1,2.0,4.0,6,2,0,0,5,1,0.08,0.17,0.25,0.08,0.25,Matches,2,27,10,37.0,1.12,0.42,0.07,0.2,0,0,Matches,,,,,,,,,,,,,,,4.0,,,,,,Matches,,33,,,,,,,,,,,14,,,,Matches,,,,,,,,,,,,,,,,,,,,,Matches,valentin barco,3.289822520688176,5.2952551282942295,3.289822520688176,17.073288526386023,10.955026110634208,MF,0.08298755186721991,0.13650715853477907,-0.05351960666755917,0.07,,0.16597510373443983,0.2197201298047398,,,,,,,,,
224,Bradley Barcola,fr FRA,FW,PSG,fr Ligue 1,22.0,2002.0,29,21,1743.0,19.4,11.0,1.0,12,11,0,0,2,0,0.57,0.05,0.62,0.57,0.62,Matches,11,66,30,45.5,3.41,1.55,0.17,0.37,0,0,Matches,,,,,,,,,,,,,,,1.0,,,,,,Matches,,16,,,,,,,,,,,12,,,,Matches,,,,,,,,,,,,,,,,,,,,,Matches,bradley barcola,11.655976854264736,4.783318970352411,11.655976854264736,20.67596305720508,7.601958399638534,FW,0.5670103092783506,0.600823549188904,-0.03381323991055341,0.17,,0.051546391752577324,0.24656283352332017,,,,,,,,,
225,Melvin Bard,fr FRA,"DF,MF",Nice,fr Ligue 1,24.0,2000.0,29,26,2394.0,26.6,2.0,1.0,3,2,0,0,4,0,0.08,0.04,0.11,0.08,0.11,Matches,2,15,5,33.3,0.56,0.19,0.13,0.4,0,0,Matches,,,,,,,,,,,,,,,1.0,,,,,,Matches,,29,,,,,,,,,,,41,,,,Matches,,,,,,,,,,,,,,,,,,,,,Matches,melvin bard,0.796496226452291,1.8040241403505208,0.796496226452291,7.336340324953198,5.745990822091699,DF,0.07518796992481203,0.029943467159860564,0.04524450276495146,0.13,,0.03759398496240601,0.06782045640415492,,,,,,,,,
226,Roony Bardghji,se SWE,"MF,FW",Barcelona,es La Liga,19.0,2005.0,21,7,648.0,7.2,1.0,1.0,2,1,0,0,0,0,0.14,0.14,0.28,0.14,0.28,Matches,1,22,12,54.5,3.06,1.67,0.05,0.08,0,0,Matches,,,,,,,,,,,,,,,1.0,,,,,,Matches,,4,,,,,,,,,,,2,,,,Matches,,,,,,,,,,,,,,,,,,,,,Matches,roony bardghji,1.7539864536374807,1.9085090141743424,1.7539864536374807,7.304453872144222,5.050251752138138,MF,0.1388888888888889,0.24360922967187232,-0.10472034078298344,0.05,,0.1388888888888889,0.2650706964131031,,,,,,,,,
227,Nicolò Barella,it ITA,MF,Inter,it Serie A,28.0,1997.0,34,31,2517.0,28.0,3.0,8.0,11,3,0,0,7,0,0.11,0.29,0.39,0.11,0.39,Matches,3,35,5,14.3,1.25,0.18,0.09,0.6,0,0,Matches,,,,,,,,,,,,,,,8.0,,,,,,Matches,,31,,,,,,,,,,,9,,,,Matches,,,,,,,,,,,,,,,,,,,,,Matches,nicolo barella,3.819744417443872,7.965625556185842,3.819744417443872,20.255492981523275,12.331657081842422,MF,0.10714285714285714,0.1364194434801383,-0.02927658633728114,0.09,,0.2857142857142857,0.2844866270066372,,,,,,,,,
229,Ross Barkley,eng ENG,MF,Aston Villa,eng Premier League,31.0,1993.0,21,7,857.0,9.5,3.0,1.0,4,3,0,0,1,0,0.32,0.11,0.42,0.32,0.42,Matches,3,18,8,44.4,1.89,0.84,0.17,0.38,0,0,Matches,,,,,,,,,,,,,,,1.0,,,,,,Matches,,11,,,,,,,,,,,2,,,,Matches,,,,,,,,,,,,,,,,,,,,,Matches,ross barkley,1.9129743836820128,2.0321620935574174,1.9129743836820128,6.251385242678225,4.001594062894583,MF,0.3157894736842105,0.20136572459810662,0.11442374908610392,0.17,,0.10526315789473684,0.2139117993218334,,,,,,,,,
231,Harvey Barnes,eng ENG,"FW,MF",Newcastle,eng Premier League,27.0,1997.0,37,19,1966.0,21.8,7.0,1.0,8,7,0,0,1,0,0.32,0.05,0.37,0.32,0.37,Matches,7,58,21,36.2,2.66,0.96,0.12,0.33,0,0,Matches,,,,,,,,,,,,,,,1.0,,,,,,Matches,,5,,,,,,,,,,,3,,,,Matches,,,,,,,,,,,,,,,,,,,,,Matches,harvey barnes,8.050524456426501,3.1062511932104826,8.050524456426501,12.753550255671144,4.153433019295335,FW,0.3211009174311926,0.36929011268011475,-0.048189195248922075,0.12,,0.04587155963302752,0.14248858684451754,,,,,,,,,
232,Ander Barrenetxea,es ESP,MF,Real Sociedad,es La Liga,23.0,2001.0,30,22,1763.0,19.6,3.0,5.0,8,3,0,0,5,0,0.15,0.26,0.41,0.15,0.41,Matches,3,35,11,31.4,1.79,0.56,0.09,0.27,0,0,Matches,,,,,,,,,,,,,,,5.0,,,,,,Matches,,18,,,,,,,,,,,17,,,,Matches,,,,,,,,,,,,,,,,,,,,,Matches,ander barrenetxea,3.134013439528644,6.596155438572168,3.134013439528644,13.03077031299472,6.245771812275052,MF,0.1530612244897959,0.1598986448739104,-0.006837420384114494,0.09,,0.25510204081632654,0.3365385427842943,,,,,,,,,
233,Pablo Barrios,es ESP,MF,Atlético Madrid,es La Liga,22.0,2003.0,23,20,1661.0,18.5,1.0,1.0,2,1,0,0,0,0,0.05,0.05,0.11,0.05,0.11,Matches,1,23,6,26.1,1.25,0.33,0.04,0.17,0,0,Matches,,,,,,,,,,,,,,,1.0,,,,,,Matches,,16,,,,,,,,,,,26,,,,Matches,,,,,,,,,,,,,,,,,,,,,Matches,pablo barrios,1.4689873531460762,1.6999459583312273,1.4689873531460762,10.741906240582466,8.18633103556931,MF,0.05405405405405406,0.07940472179167979,-0.025350667737625742,0.04,,0.05405405405405406,0.09188897072060688,,,,,,,,,
234,Thierno Barry,fr FRA,FW,Everton,eng Premier League,22.0,2002.0,38,21,1914.0,21.3,8.0,0.0,8,8,0,0,3,0,0.38,0.0,0.38,0.38,0.38,Matches,8,38,14,36.8,1.79,0.66,0.21,0.57,0,0,Matches,,,,,,,,,,,,,,,0.0,,,,,,Matches,,4,,,,,,,,,,,5,,,,Matches,,,,,,,,,,,,,,,,,,,,,Matches,thierno barry,9.149327086284757,1.003938363865018,9.149327086284757,10.248973826877773,2.152141290716827,FW,0.3755868544600939,0.42954587259552846,-0.053959018135434585,0.21,,0.0,0.047133256519484405,,,,,,,,,
235,Davide Bartesaghi,it ITA,"MF,DF",Milan,it Serie A,19.0,2005.0,31,27,2441.0,27.1,2.0,0.0,2,2,0,0,3,0,0.07,0.0,0.07,0.07,0.07,Matches,2,22,7,31.8,0.81,0.26,0.09,0.29,0,0,Matches,,,,,,,,,,,,,,,0.0,,,,,,Matches,,35,,,,,,,,,,,15,,,,Matches,,,,,,,,,,,,,,,,,,,,,Matches,davide bartesaghi,1.3741471637040377,3.913629310205579,1.3741471637040377,9.807490270584822,7.979077003896236,MF,0.07380073800738007,0.05070653740605305,0.02309420060132702,0.09,,0.0,0.14441436569024274,,,,,,,,,
236,Marc Bartra,es ESP,DF,Real Betis,es La Liga,34.0,1991.0,25,21,1978.0,22.0,1.0,0.0,1,1,0,0,3,0,0.05,0.0,0.05,0.05,0.05,Matches,1,16,5,31.3,0.73,0.23,0.06,0.2,0,0,Matches,,,,,,,,,,,,,,,0.0,,,,,,Matches,,18,,,,,,,,,,,29,,,,Matches,,,,,,,,,,,,,,,,,,,,,Matches,marc bartra,0.7785803359001875,0.1219159569591283,0.7785803359001875,6.516638816334307,6.29856242146343,DF,0.045454545454545456,0.03539001526819034,0.010064530186355114,0.06,,0.0,0.005541634407233104,,,,,,,,,
237,Federico Baschirotto,it ITA,DF,Cremonese,it Serie A,28.0,1996.0,29,29,2540.0,28.2,2.0,0.0,2,2,0,0,2,0,0.07,0.0,0.07,0.07,0.07,Matches,2,12,5,41.7,0.43,0.18,0.17,0.4,0,0,Matches,,,,,,,,,,,,,,,0.0,,,,,,Matches,,13,,,,,,,,,,,24,,,,Matches,,,,,,,,,,,,,,,,,,,,,Matches,federico baschirotto,1.139559891074896,0.0707463789731264,1.139559891074896,1.8369396440684795,1.706673014909029,DF,0.07092198581560284,0.040409925215421846,0.030512060600180992,0.17,,0.0,0.0025087368430186667,,,,,,,,,
238,Toma Bašić,hr CRO,MF,Lazio,it Serie A,28.0,1996.0,23,23,1735.0,19.3,2.0,3.0,5,2,0,0,0,1,0.1,0.16,0.26,0.1,0.26,Matches,2,30,12,40.0,1.56,0.62,0.07,0.17,0,0,Matches,,,,,,,,,,,,,,,3.0,,,,,,Matches,,16,,,,,,,,,,,9,,,,Matches,,,,,,,,,,,,,,,,,,,,,Matches,toma basic,1.3050178922712805,2.412645953707397,1.3050178922712805,6.426472737453878,4.705115885473788,MF,0.10362694300518134,0.06761750737156894,0.036009435633612405,0.07,,0.15544041450777202,0.1250075623682589,,,,,,,,,
239,Calvin Bassey,ng NGA,DF,Fulham,eng Premier League,25.0,1999.0,30,28,2534.0,28.2,1.0,0.0,1,1,0,0,5,0,0.04,0.0,0.04,0.04,0.04,Matches,1,12,1,8.3,0.43,0.04,0.08,1.0,0,0,Matches,,,,,,,,,,,,,,,0.0,,,,,,Matches,,32,,,,,,,,,,,22,,,,Matches,,,,,,,,,,,,,,,,,,,,,Matches,calvin bassey,1.1909357141703367,0.4309475254267454,1.1909357141703367,6.188590038567781,5.893190614879131,DF,0.03546099290780142,0.04223176291384173,-0.0067707700060403095,0.08,,0.0,0.01528182714279239,,,,,,,,,
240,Alessandro Bastoni,it ITA,DF,Inter,it Serie A,26.0,1999.0,28,28,2239.0,24.9,1.0,4.0,5,1,0,0,6,0,0.04,0.16,0.2,0.04,0.2,Matches,1,17,8,47.1,0.68,0.32,0.06,0.13,0,0,Matches,,,,,,,,,,,,,,,4.0,,,,,,Matches,,39,,,,,,,,,,,21,,,,Matches,,,,,,,,,,,,,,,,,,,,,Matches,alessandro bastoni,1.6852088272571564,3.203112171962857,1.6852088272571564,13.949626933783293,11.816649977117777,DF,0.040160642570281124,0.06767906936775729,-0.02751842679747616,0.06,,0.1606425702811245,0.12863904305071716,,,,,,,,,
241,Augusto Batalla,ar ARG,GK,Rayo Vallecano,es La Liga,29.0,1996.0,34,34,3060.0,34.0,0.0,0.0,0,0,0,0,6,0,0.0,0.0,0.0,0.0,0.0,Matches,0,0,0,,0.0,0.0,,,0,0,Matches,,,,,,,,,,,,,,,0.0,,,,,,Matches,,1,,,,,,,,,,,0,,,,Matches,,,,,,,,,,,,,,,,,,,,,Matches,augusto batalla,0.0,0.0504690390080213,0.0,7.632259892299771,7.612099843099713,GK,,,,,,,,,,,,,,,,
243,Martin Baturina,hr CRO,"MF,FW",Como,it Serie A,22.0,2003.0,29,17,1569.0,17.4,6.0,3.0,9,6,0,0,0,0,0.34,0.17,0.52,0.34,0.52,Matches,6,28,9,32.1,1.61,0.52,0.21,0.67,0,0,Matches,,,,,,,,,,,,,,,3.0,,,,,,Matches,,14,,,,,,,,,,,5,,,,Matches,,,,,,,,,,,,,,,,,,,,,Matches,martin baturina,1.901092293672264,6.69613741338253,1.901092293672264,11.85915962420404,7.063820514827967,MF,0.3448275862068966,0.10925817779725656,0.23556940840964005,0.21,,0.1724137931034483,0.38483548352773167,,,,,,,,,
244,Daniel Batz,de GER,GK,Mainz 05,de Bundesliga,34.0,1991.0,21,21,1890.0,21.0,0.0,0.0,0,0,0,0,2,0,0.0,0.0,0.0,0.0,0.0,Matches,0,0,0,,0.0,0.0,,,0,0,Matches,,,,,,,,,,,,,,,0.0,,,,,,Matches,,0,,,,,,,,,,,0,,,,Matches,,,,,,,,,,,,,,,,,,,,,Matches,daniel batz,0.0,0.0,0.0,3.298780217766762,3.298780217766762,GK,,,,,,,,,,,,,,,,
246,Oliver Baumann,de GER,GK,Hoffenheim,de Bundesliga,35.0,1990.0,34,34,3060.0,34.0,0.0,0.0,0,0,0,0,3,0,0.0,0.0,0.0,0.0,0.0,Matches,0,0,0,,0.0,0.0,,,0,0,Matches,,,,,,,,,,,,,,,0.0,,,,,,Matches,,0,,,,,,,,,,,1,,,,Matches,,,,,,,,,,,,,,,,,,,,,Matches,oliver baumann,0.0,0.033280711621046,0.0,5.951814202591777,5.951814202591777,GK,,,,,,,,,,,,,,,,
247,Christoph Baumgartner,at AUT,MF,RB Leipzig,de Bundesliga,25.0,1999.0,33,32,2780.0,30.9,13.0,8.0,21,13,0,1,10,0,0.42,0.26,0.68,0.42,0.68,Matches,13,81,35,43.2,2.62,1.13,0.16,0.37,0,1,Matches,,,,,,,,,,,,,,,8.0,,,,,,Matches,,40,,,,,,,,,,,22,,,,Matches,,,,,,,,,,,,,,,,,,,,,Matches,christoph baumgartner,18.02284111827612,4.292830726131797,17.26506443321705,24.001264337450262,8.360922181978822,MF,0.42071197411003236,0.5587399492950501,-0.1625514925008453,0.16,,0.25889967637540456,0.13892656071623938,,,,,,,,,
248,Altay Bayındır,tr TUR,GK,Manchester Utd,eng Premier League,27.0,1998.0,6,6,540.0,6.0,0.0,0.0,0,0,0,0,0,0,0.0,0.0,0.0,0.0,0.0,Matches,0,0,0,,0.0,0.0,,,0,0,Matches,,,,,,,,,,,,,,,0.0,,,,,,Matches,,0,,,,,,,,,,,0,,,,Matches,,,,,,,,,,,,,,,,,,,,,Matches,altay bay nd r,,,,,,GK,,,,,,,,,,,,,,,,
249,Vakoun Bayo,ci CIV,FW,Udinese,it Serie A,28.0,1997.0,15,4,453.0,5.0,0.0,2.0,2,0,0,0,0,0,0.0,0.4,0.4,0.0,0.4,Matches,0,14,2,14.3,2.78,0.4,0.0,0.0,0,0,Matches,,,,,,,,,,,,,,,2.0,,,,,,Matches,,1,,,,,,,,,,,0,,,,Matches,,,,,,,,,,,,,,,,,,,,,Matches,vakoun bayo,1.3255622079595923,0.7309733182191849,1.3255622079595923,1.77715667989105,0.3394588828086853,FW,0.0,0.2651124415919185,-0.2651124415919185,0.0,,0.4,0.146194663643837,,,,,,,,,
252,Adrian Beck,de GER,MF,Heidenheim,de Bundesliga,28.0,1997.0,24,9,868.0,9.6,1.0,1.0,2,1,0,0,1,0,0.1,0.1,0.21,0.1,0.21,Matches,1,11,4,36.4,1.14,0.41,0.09,0.25,0,0,Matches,,,,,,,,,,,,,,,1.0,,,,,,Matches,,17,,,,,,,,,,,3,,,,Matches,,,,,,,,,,,,,,,,,,,,,Matches,adrian beck,1.0052050724625587,2.5323722325265408,1.0052050724625587,4.769298311322928,3.3315641935914755,MF,0.10416666666666667,0.10470886171484987,-0.0005421950481832027,0.09,,0.10416666666666667,0.2637887742215147,,,,,,,,,
254,Sheraldo Becker,sr SUR,FW,Mainz 05,de Bundesliga,30.0,1995.0,14,11,946.0,10.5,3.0,3.0,6,3,0,0,2,0,0.29,0.29,0.57,0.29,0.57,Matches,3,29,15,51.7,2.76,1.43,0.1,0.2,0,0,Matches,,,,,,,,,,,,,,,3.0,,,,,,Matches,,0,,,,,,,,,,,3,,,,Matches,,,,,,,,,,,,,,,,,,,,,Matches,sheraldo becker,0.1651192680001258,0.2503879070281982,0.1651192680001258,0.4155071675777435,0.0,FW,0.2857142857142857,0.01572564457144055,0.26998864114284515,0.1,,0.2857142857142857,0.023846467336018876,,,,,,,,,
257,Hannes Behrens,de GER,"DF,MF",Heidenheim,de Bundesliga,20.0,2005.0,16,15,1318.0,14.6,1.0,2.0,3,1,0,0,0,0,0.07,0.14,0.2,0.07,0.2,Matches,1,9,4,44.4,0.61,0.27,0.11,0.25,0,0,Matches,,,,,,,,,,,,,,,2.0,,,,,,Matches,,18,,,,,,,,,,,18,,,,Matches,,,,,,,,,,,,,,,,,,,,,Matches,hannes behrens,,,,,,DF,0.0684931506849315,,,0.11,,0.136986301369863,,,,,,,,,,
258,Maximilian Beier,de GER,"MF,FW",Dortmund,de Bundesliga,22.0,2002.0,32,24,2026.0,22.5,9.0,6.0,15,9,0,0,3,0,0.4,0.27,0.67,0.4,0.67,Matches,9,50,20,40.0,2.22,0.89,0.18,0.45,0,0,Matches,,,,,,,,,,,,,,,6.0,,,,,,Matches,,16,,,,,,,,,,,11,,,,Matches,,,,,,,,,,,,,,,,,,,,,Matches,maximilian beier,8.248568028211594,4.9559360314160585,8.248568028211594,16.043212147429585,5.098700201138854,MF,0.4,0.3666030234760708,0.03339697652392917,0.18,,0.26666666666666666,0.22026382361849148,,,,,,,,,
261,Reda Belahyane,ma MAR,MF,Lazio,it Serie A,21.0,2004.0,13,5,609.0,6.8,0.0,2.0,2,0,0,0,1,1,0.0,0.3,0.3,0.0,0.3,Matches,0,3,1,33.3,0.44,0.15,0.0,0.0,0,0,Matches,,,,,,,,,,,,,,,2.0,,,,,,Matches,,8,,,,,,,,,,,3,,,,Matches,,,,,,,,,,,,,,,,,,,,,Matches,reda belahyane,0.207035519182682,1.128248251974583,0.207035519182682,1.7242567455396056,1.4414831502363086,MF,0.0,0.03044639987980618,-0.03044639987980618,0.0,,0.29411764705882354,0.16591886058449748,,,,,,,,,
263,Rafik Belghali,dz ALG,MF,Hellas Verona,it Serie A,23.0,2002.0,26,22,1920.0,21.3,2.0,0.0,2,2,0,0,6,0,0.09,0.0,0.09,0.09,0.09,Matches,2,21,6,28.6,0.98,0.28,0.1,0.33,0,0,Matches,,,,,,,,,,,,,,,0.0,,,,,,Matches,,13,,,,,,,,,,,17,,,,Matches,,,,,,,,,,,,,,,,,,,,,Matches,rafik belghali,2.600799420848489,2.2100214837118983,2.600799420848489,6.700727174058557,2.843379066325724,MF,0.09389671361502347,0.12210325919476472,-0.028206545579741258,0.1,,0.0,0.10375687716957269,,,,,,,,,
264,Haris Belkebla,dz ALG,MF,Angers,fr Ligue 1,31.0,1994.0,33,33,2875.0,31.9,0.0,0.0,0,0,0,0,7,0,0.0,0.0,0.0,0.0,0.0,Matches,0,5,0,0.0,0.16,0.0,0.0,,0,0,Matches,,,,,,,,,,,,,,,0.0,,,,,,Matches,,44,,,,,,,,,,,30,,,,Matches,,,,,,,,,,,,,,,,,,,,,Matches,haris belkebla,0.1648719646036625,0.588433382101357,0.1648719646036625,6.914338298141956,6.294488521292806,MF,0.0,0.005168400144315439,-0.005168400144315439,0.0,,0.0,0.018446187526688307,,,,,,,,,
265,Yassin Belkhdim,fr FRA,MF,Angers,fr Ligue 1,23.0,2002.0,27,26,2135.0,23.7,2.0,2.0,4,2,0,0,5,0,0.08,0.08,0.17,0.08,0.17,Matches,2,33,14,42.4,1.39,0.59,0.06,0.14,0,0,Matches,,,,,,,,,,,,,,,2.0,,,,,,Matches,,43,,,,,,,,,,,32,,,,Matches,,,,,,,,,,,,,,,,,,,,,Matches,yassin belkhdim,2.30356415361166,1.5286035342141986,2.30356415361166,7.509297637268901,4.55259077064693,MF,0.08438818565400844,0.0971967997304498,-0.012808614076441351,0.06,,0.08438818565400844,0.06449803941832062,,,,,,,,,
266,Stefan Bell,de GER,DF,Mainz 05,de Bundesliga,33.0,1991.0,18,13,1039.0,11.5,2.0,1.0,3,2,0,0,4,0,0.17,0.09,0.26,0.17,0.26,Matches,2,12,5,41.7,1.04,0.43,0.17,0.4,0,0,Matches,,,,,,,,,,,,,,,1.0,,,,,,Matches,,6,,,,,,,,,,,19,,,,Matches,,,,,,,,,,,,,,,,,,,,,Matches,stefan bell,1.840271808207035,1.202451154589653,1.840271808207035,3.578166848048568,1.6757325250655413,DF,0.17391304347826086,0.16002363549626392,0.01388940798199695,0.17,,0.08695652173913043,0.10456096996431766,,,,,,,,,
267,Armel Bella Kotchap,de GER,DF,Hellas Verona,it Serie A,23.0,2001.0,19,14,1347.0,15.0,0.0,0.0,0,0,0,0,3,0,0.0,0.0,0.0,0.0,0.0,Matches,0,3,0,0.0,0.2,0.0,0.0,,0,0,Matches,,,,,,,,,,,,,,,0.0,,,,,,Matches,,12,,,,,,,,,,,29,,,,Matches,,,,,,,,,,,,,,,,,,,,,Matches,armel bella kotchap,0.0762253142893314,0.0466984026134014,0.0762253142893314,2.4115765765309334,2.3733383491635323,DF,0.0,0.00508168761928876,-0.00508168761928876,0.0,,0.0,0.0031132268408934267,,,,,,,,,
268,Raoul Bellanova,it ITA,MF,Atalanta,it Serie A,25.0,2000.0,24,15,1377.0,15.3,0.0,1.0,1,0,0,0,2,0,0.0,0.07,0.07,0.0,0.07,Matches,0,13,5,38.5,0.85,0.33,0.0,0.0,0,0,Matches,,,,,,,,,,,,,,,1.0,,,,,,Matches,,9,,,,,,,,,,,10,,,,Matches,,,,,,,,,,,,,,,,,,,,,Matches,raoul bellanova,0.5010053906589746,1.94262045621872,0.5010053906589746,5.808547647669911,4.122412154451013,MF,0.0,0.032745450369867625,-0.032745450369867625,0.0,,0.06535947712418301,0.12696865726919737,,,,,,,,,
269,Jean-Ricner Bellegarde,ht HAI,"MF,FW",Wolves,eng Premier League,27.0,1998.0,26,15,1248.0,13.9,1.0,1.0,2,1,0,0,5,0,0.07,0.07,0.14,0.07,0.14,Matches,1,21,7,33.3,1.51,0.5,0.05,0.14,0,0,Matches,,,,,,,,,,,,,,,1.0,,,,,,Matches,,15,,,,,,,,,,,9,,,,Matches,,,,,,,,,,,,,,,,,,,,,Matches,jean ricner bellegarde,0.8698065197095275,1.216556794941425,0.8698065197095275,5.200756997801364,3.501467832364142,MF,0.07194244604316546,0.06257600861219623,0.009366437430969245,0.05,,0.07194244604316546,0.0875220715785198,,,,,,,,,
270,Héctor Bellerín,es ESP,DF,Real Betis,es La Liga,30.0,1995.0,27,20,1822.0,20.2,2.0,3.0,5,2,0,0,2,0,0.1,0.15,0.25,0.1,0.25,Matches,2,7,5,71.4,0.35,0.25,0.29,0.4,0,0,Matches,,,,,,,,,,,,,,,3.0,,,,,,Matches,,16,,,,,,,,,,,14,,,,Matches,,,,,,,,,,,,,,,,,,,,,Matches,hector bellerin,0.5421263910830021,3.8523782826960087,0.5421263910830021,8.855655074119568,6.866296399384737,DF,0.09900990099009901,0.026837940152623866,0.07217196083747515,0.29,,0.1485148514851485,0.19071179617306974,,,,,,,,,
271,Jobe Bellingham,eng ENG,MF,Dortmund,de Bundesliga,19.0,2005.0,32,20,1786.0,19.8,0.0,1.0,1,0,0,0,2,1,0.0,0.05,0.05,0.0,0.05,Matches,0,19,6,31.6,0.96,0.3,0.0,0.0,0,0,Matches,,,,,,,,,,,,,,,1.0,,,,,,Matches,,23,,,,,,,,,,,41,,,,Matches,,,,,,,,,,,,,,,,,,,,,Matches,jobe bellingham,0.9893369525671004,0.7723528351634741,0.9893369525671004,9.601684469729662,8.472049668431282,MF,0.0,0.04996651275591416,-0.04996651275591416,0.0,,0.050505050505050504,0.039007718947650205,,,,,,,,,
272,Jude Bellingham,eng ENG,MF,Real Madrid,es La Liga,22.0,2003.0,28,22,1916.0,21.3,6.0,4.0,10,6,0,0,3,0,0.28,0.19,0.47,0.28,0.47,Matches,6,51,26,51.0,2.4,1.22,0.12,0.23,0,0,Matches,,,,,,,,,,,,,,,4.0,,,,,,Matches,,37,,,,,,,,,,,14,,,,Matches,,,,,,,,,,,,,,,,,,,,,Matches,jude bellingham,7.732056498527527,3.037935324013233,7.732056498527527,13.966085232794285,8.35675865970552,MF,0.28169014084507044,0.36300734734871015,-0.08131720650363976,0.12,,0.18779342723004694,0.14262607154991705,,,,,,,,,
273,Jeanuël Belocian,fr FRA,DF,Wolfsburg,de Bundesliga,20.0,2005.0,14,14,1254.0,13.9,0.0,1.0,1,0,0,0,3,0,0.0,0.07,0.07,0.0,0.07,Matches,0,3,0,0.0,0.22,0.0,0.0,,0,0,Matches,,,,,,,,,,,,,,,1.0,,,,,,Matches,,17,,,,,,,,,,,16,,,,Matches,,,,,,,,,,,,,,,,,,,,,Matches,jeanuel belocian,0.4228645600378513,0.4648522362112999,0.4228645600378513,4.143129628151655,3.372005421668291,DF,0.0,0.03042191079409002,-0.03042191079409002,0.0,,0.07194244604316546,0.03344260692167625,,,,,,,,,
276,Fran Beltrán,es ESP,MF,Girona,es La Liga,26.0,1999.0,17,11,1012.0,11.2,1.0,0.0,1,1,0,0,3,0,0.09,0.0,0.09,0.09,0.09,Matches,1,10,3,30.0,0.89,0.27,0.1,0.33,0,0,Matches,,,,,,,,,,,,,,,0.0,,,,,,Matches,,14,,,,,,,,,,,11,,,,Matches,,,,,,,,,,,,,,,,,,,,,Matches,fran beltran,0.6319965291768312,0.9035117849707603,0.6319965291768312,7.461615744046867,6.426595215685666,MF,0.08928571428571429,0.05642826153364565,0.03285745275206864,0.1,,0.0,0.08067069508667504,,,,,,,,,
277,Fran Beltrán,es ESP,MF,Celta Vigo,es La Liga,26.0,1999.0,10,7,528.0,5.9,0.0,0.0,0,0,0,0,0,0,0.0,0.0,0.0,0.0,0.0,Matches,0,6,1,16.7,1.02,0.17,0.0,0.0,0,0,Matches,,,,,,,,,,,,,,,0.0,,,,,,Matches,,5,,,,,,,,,,,8,,,,Matches,,,,,,,,,,,,,,,,,,,,,Matches,fran beltran,0.6319965291768312,0.9035117849707603,0.6319965291768312,7.461615744046867,6.426595215685666,MF,0.0,0.10711805579268326,-0.10711805579268326,0.0,,0.0,0.15313759067301022,,,,,,,,,
278,Lucas Beltrán,ar ARG,FW,Valencia,es La Liga,24.0,2001.0,27,16,1365.0,15.2,1.0,2.0,3,1,0,0,1,0,0.07,0.13,0.2,0.07,0.2,Matches,1,34,9,26.5,2.24,0.59,0.03,0.11,0,0,Matches,,,,,,,,,,,,,,,2.0,,,,,,Matches,,10,,,,,,,,,,,4,,,,Matches,,,,,,,,,,,,,,,,,,,,,Matches,lucas beltran,4.7564667742699385,1.9911325313150885,4.7564667742699385,9.75975489616394,3.336976980790496,FW,0.06578947368421052,0.31292544567565383,-0.24713597199144333,0.03,,0.13157894736842105,0.1309955612707295,,,,,,,,,
282,Adrian Benedyczak,pl POL,FW,Parma,it Serie A,24.0,2000.0,14,5,490.0,5.4,1.0,1.0,2,0,1,1,1,0,0.18,0.18,0.37,0.0,0.18,Matches,1,8,3,37.5,1.47,0.55,0.13,0.33,1,1,Matches,,,,,,,,,,,,,,,1.0,,,,,,Matches,,6,,,,,,,,,,,1,,,,Matches,,,,,,,,,,,,,,,,,,,,,Matches,adrian benedyczak,1.993855711072684,1.453725766390562,1.2325568906962872,2.225842133164406,0.817415039986372,FW,0.18518518518518517,0.22825127605486797,-0.1840473539023489,0.13,,0.18518518518518517,0.26920847525751146,,,,,,,,,
283,Yassine Benhattab,fr FRA,"MF,FW",Nantes,fr Ligue 1,22.0,2002.0,10,5,477.0,5.3,0.0,0.0,0,0,0,0,0,0,0.0,0.0,0.0,0.0,0.0,Matches,0,4,1,25.0,0.75,0.19,0.0,0.0,0,0,Matches,,,,,,,,,,,,,,,0.0,,,,,,Matches,,6,,,,,,,,,,,0,,,,Matches,,,,,,,,,,,,,,,,,,,,,Matches,yassine benhattab,0.1792120113968849,0.6935239918529987,0.1792120113968849,1.123983647674322,0.3270279392600059,MF,0.0,0.03381358705601602,-0.03381358705601602,0.0,,0.0,0.13085358336849034,,,,,,,,,
287,Ramy Bensebaini,dz ALG,DF,Dortmund,de Bundesliga,30.0,1995.0,21,15,1530.0,17.0,5.0,2.0,7,3,2,2,6,0,0.29,0.12,0.41,0.18,0.29,Matches,5,17,7,41.2,1.0,0.41,0.29,0.71,2,2,Matches,,,,,,,,,,,,,,,2.0,,,,,,Matches,,14,,,,,,,,,,,18,,,,Matches,,,,,,,,,,,,,,,,,,,,,Matches,ramy bensebaini,3.257725358940661,0.7206321377307177,1.742172003723681,6.887229710817337,6.485647883266211,DF,0.29411764705882354,0.102480706101393,0.10248674359172583,0.29,,0.11764705882352941,0.04239012574886575,,,,,,,,,
288,Nabil Bentaleb,dz ALG,MF,Lille,fr Ligue 1,30.0,1994.0,26,13,1287.0,14.3,2.0,2.0,4,1,1,1,3,0,0.14,0.14,0.28,0.07,0.21,Matches,2,18,6,33.3,1.26,0.42,0.11,0.33,1,1,Matches,,,,,,,,,,,,,,,2.0,,,,,,Matches,,12,,,,,,,,,,,15,,,,Matches,,,,,,,,,,,,,,,,,,,,,Matches,nabil bentaleb,1.2046611299738288,1.771717581897974,0.4445659844204783,10.07475517038256,8.462944879196584,MF,0.13986013986013984,0.031088530379054423,0.05561810279903295,0.11,,0.13986013986013984,0.12389633439845972,,,,,,,,,
289,Rodrigo Bentancur,uy URU,MF,Tottenham,eng Premier League,28.0,1997.0,26,23,1883.0,20.9,1.0,1.0,2,1,0,0,7,0,0.05,0.05,0.1,0.05,0.1,Matches,1,13,3,23.1,0.62,0.14,0.08,0.33,0,0,Matches,,,,,,,,,,,,,,,1.0,,,,,,Matches,,36,,,,,,,,,,,36,,,,Matches,,,,,,,,,,,,,,,,,,,,,Matches,rodrigo bentancur,0.9771954659372568,0.8773890770971775,0.9771954659372568,4.669173881411552,4.175999607890844,MF,0.04784688995215311,0.046755763920442915,0.0010911260317102004,0.08,,0.04784688995215311,0.04198033861708984,,,,,,,,,
291,Lucas Beraldo,br BRA,"DF,MF",PSG,fr Ligue 1,21.0,2003.0,20,18,1567.0,17.4,2.0,1.0,3,2,0,0,2,0,0.11,0.06,0.17,0.11,0.17,Matches,2,14,4,28.6,0.8,0.23,0.14,0.5,0,0,Matches,,,,,,,,,,,,,,,1.0,,,,,,Matches,,21,,,,,,,,,,,18,,,,Matches,,,,,,,,,,,,,,,,,,,,,Matches,lucas beraldo,,,,,,DF,0.1149425287356322,,,0.14,,0.0574712643678161,,,,,,,,,,
292,Domenico Berardi,it ITA,FW,Sassuolo,it Serie A,30.0,1994.0,26,24,1958.0,21.8,8.0,4.0,12,6,2,3,2,1,0.37,0.18,0.55,0.28,0.46,Matches,8,40,21,52.5,1.84,0.97,0.2,0.38,2,3,Matches,,,,,,,,,,,,,,,4.0,,,,,,Matches,,17,,,,,,,,,,,24,,,,Matches,,,,,,,,,,,,,,,,,,,,,Matches,domenico berardi,6.783539568074048,5.058273881673813,4.499643106944859,13.033610694110394,6.80599008500576,FW,0.36697247706422015,0.20640564710756235,0.05580093724430974,0.2,,0.18348623853211007,0.2320309120033859,,,,,,,,,
293,Yuri Berchiche,es ESP,DF,Athletic Club,es La Liga,35.0,1990.0,32,31,2705.0,30.1,0.0,6.0,6,0,0,0,5,0,0.0,0.2,0.2,0.0,0.2,Matches,0,24,5,20.8,0.8,0.17,0.0,0.0,0,0,Matches,,,,,,,,,,,,,,,6.0,,,,,,Matches,,29,,,,,,,,,,,34,,,,Matches,,,,,,,,,,,,,,,,,,,,,Matches,yuri berchiche,0.6064393315464258,4.848095130175352,0.6064393315464258,10.560181383043528,8.312423763796687,DF,0.0,0.0201474860978879,-0.0201474860978879,0.0,,0.19933554817275748,0.16106628339452997,,,,,,,,,
294,Álex Berenguer,es ESP,MF,Athletic Club,es La Liga,30.0,1995.0,31,25,2154.0,23.9,2.0,3.0,5,2,0,0,4,0,0.08,0.13,0.21,0.08,0.21,Matches,2,44,20,45.5,1.84,0.84,0.05,0.1,0,0,Matches,,,,,,,,,,,,,,,3.0,,,,,,Matches,,17,,,,,,,,,,,13,,,,Matches,,,,,,,,,,,,,,,,,,,,,Matches,alex berenguer,5.271908729337156,5.47127471677959,5.271908729337156,11.005357883870602,4.127182766795158,MF,0.08368200836820085,0.22058195520239146,-0.13689994683419063,0.05,,0.12552301255230125,0.22892362831713767,,,,,,,,,
295,Sander Berge,no NOR,MF,Fulham,eng Premier League,27.0,1998.0,35,34,2905.0,32.3,0.0,1.0,1,0,0,0,5,0,0.0,0.03,0.03,0.0,0.03,Matches,0,14,3,21.4,0.43,0.09,0.0,0.0,0,0,Matches,,,,,,,,,,,,,,,1.0,,,,,,Matches,,41,,,,,,,,,,,26,,,,Matches,,,,,,,,,,,,,,,,,,,,,Matches,sander berge,1.3464614748954773,1.985070546157658,1.3464614748954773,10.621809985488651,8.998958602547646,MF,0.0,0.04168611377385379,-0.04168611377385379,0.0,,0.030959752321981428,0.061457292450701494,,,,,,,,,
296,Lucas Bergström,fi FIN,GK,Mallorca,es La Liga,22.0,2002.0,5,5,450.0,5.0,0.0,0.0,0,0,0,0,1,0,0.0,0.0,0.0,0.0,0.0,Matches,0,0,0,,0.0,0.0,,,0,0,Matches,,,,,,,,,,,,,,,0.0,,,,,,Matches,,0,,,,,,,,,,,0,,,,Matches,,,,,,,,,,,,,,,,,,,,,Matches,lucas bergstrom,0.0,0.0,0.0,0.9126056060194968,0.9126056060194968,GK,,,,,,,,,,,,,,,,
297,Lucas Bergvall,se SWE,MF,Tottenham,eng Premier League,19.0,2006.0,23,11,965.0,10.7,1.0,3.0,4,1,0,0,2,0,0.09,0.28,0.37,0.09,0.37,Matches,1,12,5,41.7,1.12,0.47,0.08,0.2,0,0,Matches,,,,,,,,,,,,,,,3.0,,,,,,Matches,,14,,,,,,,,,,,3,,,,Matches,,,,,,,,,,,,,,,,,,,,,Matches,lucas bergvall,1.4342994708567858,0.2916291374713182,1.4342994708567858,3.274197237566113,1.6925846990197897,MF,0.09345794392523366,0.13404667951932578,-0.04058873559409213,0.08,,0.28037383177570097,0.027255059576758712,,,,,,,,,
298,Medon Berisha,al ALB,MF,Lecce,it Serie A,21.0,2003.0,13,12,871.0,9.7,2.0,3.0,5,2,0,0,0,0,0.21,0.31,0.52,0.21,0.52,Matches,2,24,5,20.8,2.48,0.52,0.08,0.4,0,0,Matches,,,,,,,,,,,,,,,3.0,,,,,,Matches,,12,,,,,,,,,,,5,,,,Matches,,,,,,,,,,,,,,,,,,,,,Matches,medon berisha,1.3144496940076351,2.889189299196005,1.3144496940076351,3.122663255780936,1.600425161421299,MF,0.2061855670103093,0.1355102777327459,0.07067528927756339,0.08,,0.30927835051546393,0.2978545669274232,,,,,,,,,
300,Adrian Bernabe,es ESP,MF,Parma,it Serie A,24.0,2001.0,32,31,2470.0,27.4,3.0,1.0,4,3,0,0,0,0,0.11,0.04,0.15,0.11,0.15,Matches,3,50,12,24.0,1.82,0.44,0.06,0.25,0,0,Matches,,,,,,,,,,,,,,,1.0,,,,,,Matches,,23,,,,,,,,,,,17,,,,Matches,,,,,,,,,,,,,,,,,,,,,Matches,adrian bernabe,2.6228388603776693,4.641438805498183,2.6228388603776693,8.53368706163019,4.340929888188839,MF,0.10948905109489052,0.09572404599918502,0.0137650050957055,0.06,,0.03649635036496351,0.16939557684299938,,,,,,,,,
301,Marc Bernal,es ESP,MF,Barcelona,es La Liga,18.0,2007.0,22,9,790.0,8.8,2.0,1.0,3,2,0,0,4,0,0.23,0.11,0.34,0.23,0.34,Matches,2,7,2,28.6,0.8,0.23,0.29,1.0,0,0,Matches,,,,,,,,,,,,,,,1.0,,,,,,Matches,,19,,,,,,,,,,,12,,,,Matches,,,,,,,,,,,,,,,,,,,,,Matches,marc bernal,1.022160867229104,0.6727183200418949,1.022160867229104,5.647717952728272,5.217132003977895,MF,0.22727272727272727,0.11615464400330727,0.11111808326941999,0.29,,0.11363636363636363,0.07644526364112442,,,,,,,,,
303,Federico Bernardeschi,it ITA,"MF,FW",Bologna,it Serie A,31.0,1994.0,29,12,1217.0,13.5,4.0,2.0,6,3,1,1,3,0,0.3,0.15,0.44,0.22,0.37,Matches,4,39,13,33.3,2.88,0.96,0.1,0.31,1,1,Matches,,,,,,,,,,,,,,,2.0,,,,,,Matches,,6,,,,,,,,,,,6,,,,Matches,,,,,,,,,,,,,,,,,,,,,Matches,federico bernardeschi,3.179261529818177,3.570297403261065,2.41796269454062,8.06808358617127,3.1546717965975404,MF,0.2962962962962963,0.17910834774374962,0.06079544223569061,0.1,,0.14814814814814814,0.26446647431563447,,,,,,,,,
304,Bernardo,br BRA,DF,Hoffenheim,de Bundesliga,30.0,1995.0,29,26,2312.0,25.7,0.0,0.0,0,0,0,0,9,0,0.0,0.0,0.0,0.0,0.0,Matches,0,10,0,0.0,0.39,0.0,0.0,,0,0,Matches,,,,,,,,,,,,,,,0.0,,,,,,Matches,,42,,,,,,,,,,,39,,,,Matches,,,,,,,,,,,,,,,,,,,,,Matches,bernardo,0.4374553086236119,0.3528335839509964,0.4374553086236119,8.209371864795685,7.91454927995801,DF,0.0,0.017021607339440154,-0.017021607339440154,0.0,,0.0,0.01372893322766523,,,,,,,,,
305,Lorenzo Bernasconi,it ITA,MF,Atalanta,it Serie A,21.0,2003.0,23,17,1572.0,17.5,0.0,3.0,3,0,0,0,3,0,0.0,0.17,0.17,0.0,0.17,Matches,0,9,1,11.1,0.52,0.06,0.0,0.0,0,0,Matches,,,,,,,,,,,,,,,3.0,,,,,,Matches,,16,,,,,,,,,,,14,,,,Matches,,,,,,,,,,,,,,,,,,,,,Matches,lorenzo bernasconi,0.4185952385887503,3.146109139546752,0.4185952385887503,7.764180159196258,6.473759057000279,MF,0.0,0.02391972791935716,-0.02391972791935716,0.0,,0.17142857142857143,0.17977766511695725,,,,,,,,,
306,Antoine Bernede,fr FRA,MF,Hellas Verona,it Serie A,26.0,1999.0,32,29,2301.0,25.6,1.0,2.0,3,1,0,0,2,0,0.04,0.08,0.12,0.04,0.12,Matches,1,21,4,19.0,0.82,0.16,0.05,0.25,0,0,Matches,,,,,,,,,,,,,,,2.0,,,,,,Matches,,39,,,,,,,,,,,16,,,,Matches,,,,,,,,,,,,,,,,,,,,,Matches,antoine bernede,1.0209336997941136,1.9406338185071943,1.0209336997941136,5.913933668285608,3.547188401222229,MF,0.0390625,0.039880222648207564,-0.0008177226482075639,0.05,,0.078125,0.07580600853543727,,,,,,,,,
307,Nicolò Bertola,it ITA,"DF,MF",Udinese,it Serie A,22.0,2003.0,28,18,1763.0,19.6,0.0,1.0,1,0,0,0,3,0,0.0,0.05,0.05,0.0,0.05,Matches,0,13,4,30.8,0.66,0.2,0.0,0.0,0,0,Matches,,,,,,,,,,,,,,,1.0,,,,,,Matches,,21,,,,,,,,,,,24,,,,Matches,,,,,,,,,,,,,,,,,,,,,Matches,nicolo bertola,0.995705895125866,1.549034908413887,0.995705895125866,4.48557251971215,2.858090599998832,DF,0.0,0.05080132117989112,-0.05080132117989112,0.0,,0.0510204081632653,0.07903239328642281,,,,,,,,,
308,Jan-Niklas Beste,de GER,MF,Freiburg,de Bundesliga,26.0,1999.0,28,20,1704.0,18.9,2.0,2.0,4,2,0,0,5,0,0.11,0.11,0.21,0.11,0.21,Matches,2,24,14,58.3,1.27,0.74,0.08,0.14,0,0,Matches,,,,,,,,,,,,,,,2.0,,,,,,Matches,,24,,,,,,,,,,,17,,,,Matches,,,,,,,,,,,,,,,,,,,,,Matches,jan niklas beste,3.4977346565574408,3.7758378759026527,3.4977346565574408,10.3288358990103,5.829450925812125,MF,0.10582010582010583,0.18506532574377996,-0.07924521992367412,0.08,,0.10582010582010583,0.19977978179379116,,,,,,,,,
309,Beto,gw GNB,FW,Everton,eng Premier League,27.0,1998.0,37,17,1568.0,17.4,9.0,1.0,10,9,0,0,3,0,0.52,0.06,0.57,0.52,0.57,Matches,9,43,17,39.5,2.47,0.98,0.21,0.53,0,0,Matches,,,,,,,,,,,,,,,1.0,,,,,,Matches,,5,,,,,,,,,,,1,,,,Matches,,,,,,,,,,,,,,,,,,,,,Matches,beto,10.947674445807934,1.0041863042861223,10.947674445807934,12.09721666574478,0.9316300563514232,FW,0.5172413793103449,0.6291766922878124,-0.11193531297746746,0.21,,0.0574712643678161,0.057711856568167956,,,,,,,,,
311,Sam Beukema,nl NED,DF,Napoli,it Serie A,26.0,1998.0,24,18,1681.0,18.7,2.0,0.0,2,2,0,0,2,0,0.11,0.0,0.11,0.11,0.11,Matches,2,8,4,50.0,0.43,0.21,0.25,0.5,0,0,Matches,,,,,,,,,,,,,,,0.0,,,,,,Matches,,17,,,,,,,,,,,14,,,,Matches,,,,,,,,,,,,,,,,,,,,,Matches,sam beukema,1.7312276512384417,0.3936351519078016,1.7312276512384417,5.41209826245904,5.130219876766205,DF,0.10695187165775401,0.09257901878280438,0.014372852874949642,0.25,,0.0,0.02105000812341185,,,,,,,,,
312,Matteo Bianchetti,it ITA,DF,Cremonese,it Serie A,32.0,1993.0,27,25,2192.0,24.4,0.0,2.0,2,0,0,0,4,0,0.0,0.08,0.08,0.0,0.08,Matches,0,7,1,14.3,0.29,0.04,0.0,0.0,0,0,Matches,,,,,,,,,,,,,,,2.0,,,,,,Matches,,30,,,,,,,,,,,19,,,,Matches,,,,,,,,,,,,,,,,,,,,,Matches,matteo bianchetti,0.7512021120637655,0.4877564660273492,0.7512021120637655,3.321823885664344,3.0193286444991827,DF,0.0,0.03078697180589203,-0.03078697180589203,0.0,,0.0819672131147541,0.019990019099481525,,,,,,,,,
313,Mika Biereth,dk DEN,FW,Monaco,fr Ligue 1,22.0,2003.0,32,12,1074.0,11.9,2.0,2.0,4,2,0,0,0,0,0.17,0.17,0.34,0.17,0.34,Matches,2,19,7,36.8,1.59,0.59,0.11,0.29,0,0,Matches,,,,,,,,,,,,,,,2.0,,,,,,Matches,,7,,,,,,,,,,,0,,,,Matches,,,,,,,,,,,,,,,,,,,,,Matches,mika biereth,3.207695998251438,2.307873759418726,3.207695998251438,7.502748765051365,2.434636209160089,FW,0.1680672268907563,0.26955428556734773,-0.10148705867659144,0.11,,0.1680672268907563,0.19393897137972488,,,,,,,,,
314,Pedro Bigas,es ESP,DF,Elche,es La Liga,34.0,1990.0,28,25,2063.0,22.9,1.0,3.0,4,1,0,0,5,1,0.04,0.13,0.17,0.04,0.17,Matches,1,10,3,30.0,0.44,0.13,0.1,0.33,0,0,Matches,,,,,,,,,,,,,,,3.0,,,,,,Matches,,22,,,,,,,,,,,30,,,,Matches,,,,,,,,,,,,,,,,,,,,,Matches,pedro bigas,0.8961452543735504,1.9694299679249525,0.8961452543735504,9.460428934544325,8.860037345439196,DF,0.04366812227074236,0.039132980540329716,0.004535141730412646,0.1,,0.13100436681222707,0.08600130864301103,,,,,,,,,
315,Justin Bijlow,nl NED,GK,Genoa,it Serie A,27.0,1998.0,16,16,1395.0,15.5,0.0,0.0,0,0,0,0,1,0,0.0,0.0,0.0,0.0,0.0,Matches,0,0,0,,0.0,0.0,,,0,0,Matches,,,,,,,,,,,,,,,0.0,,,,,,Matches,,0,,,,,,,,,,,0,,,,Matches,,,,,,,,,,,,,,,,,,,,,Matches,justin bijlow,0.0,0.0,0.0,1.8981813862919807,1.8981813862919807,GK,,,,,,,,,,,,,,,,
316,Jaka Bijol,si SVN,DF,Leeds United,eng Premier League,26.0,1999.0,25,21,1890.0,21.0,1.0,2.0,3,1,0,0,4,0,0.05,0.1,0.14,0.05,0.14,Matches,1,15,6,40.0,0.71,0.29,0.07,0.17,0,0,Matches,,,,,,,,,,,,,,,2.0,,,,,,Matches,,13,,,,,,,,,,,22,,,,Matches,,,,,,,,,,,,,,,,,,,,,Matches,jaka bijol,0.718483354896307,1.399182764813304,0.718483354896307,5.490988912060857,4.503906073048711,DF,0.047619047619047616,0.034213493090300334,0.013405554528747286,0.07,,0.09523809523809523,0.06662775070539542,,,,,,,,,
317,Cristiano Biraghi,it ITA,"MF,DF",Torino,it Serie A,32.0,1992.0,14,5,517.0,5.7,0.0,0.0,0,0,0,0,0,0,0.0,0.0,0.0,0.0,0.0,Matches,0,2,0,0.0,0.35,0.0,0.0,,0,0,Matches,,,,,,,,,,,,,,,0.0,,,,,,Matches,,7,,,,,,,,,,,3,,,,Matches,,,,,,,,,,,,,,,,,,,,,Matches,cristiano biraghi,0.0619102343916893,0.3642315156757831,0.0619102343916893,0.7062440980225801,0.4560871068388223,MF,0.0,0.010861444630120929,-0.010861444630120929,0.0,,0.0,0.06390026590803212,,,,,,,,,
319,Tom Bischof,de GER,"DF,MF",Bayern Munich,de Bundesliga,20.0,2005.0,26,14,1302.0,14.5,3.0,3.0,6,3,0,0,2,0,0.21,0.21,0.41,0.21,0.41,Matches,3,30,9,30.0,2.07,0.62,0.1,0.33,0,0,Matches,,,,,,,,,,,,,,,3.0,,,,,,Matches,,18,,,,,,,,,,,15,,,,Matches,,,,,,,,,,,,,,,,,,,,,Matches,tom bischof,1.9813645593822,2.8520854637026787,1.9813645593822,11.289959888905289,8.018809024244547,DF,0.20689655172413793,0.13664583168153105,0.07025072004260689,0.1,,0.20689655172413793,0.1966955492208744,,,,,,,,,
320,Yves Bissouma,ml MLI,MF,Tottenham,eng Premier League,28.0,1996.0,11,7,603.0,6.7,0.0,0.0,0,0,0,0,4,0,0.0,0.0,0.0,0.0,0.0,Matches,0,5,2,40.0,0.75,0.3,0.0,0.0,0,0,Matches,,,,,,,,,,,,,,,0.0,,,,,,Matches,,11,,,,,,,,,,,8,,,,Matches,,,,,,,,,,,,,,,,,,,,,Matches,yves bissouma,0.2123817997053265,0.0,0.2123817997053265,1.075252041220665,0.9329388849437236,MF,0.0,0.03169877607542187,-0.03169877607542187,0.0,,0.0,0.0,,,,,,,,,
321,Leonardo Bittencourt,de GER,MF,Werder Bremen,de Bundesliga,31.0,1993.0,17,5,615.0,6.8,0.0,1.0,1,0,0,0,5,0,0.0,0.15,0.15,0.0,0.15,Matches,0,7,0,0.0,1.02,0.0,0.0,,0,0,Matches,,,,,,,,,,,,,,,1.0,,,,,,Matches,,10,,,,,,,,,,,8,,,,Matches,,,,,,,,,,,,,,,,,,,,,Matches,leonardo bittencourt,0.215122521854937,0.8824588861316442,0.215122521854937,2.723938686773181,2.383876219391823,MF,0.0,0.031635664978667204,-0.031635664978667204,0.0,,0.14705882352941177,0.12977336560759475,,,,,,,,,
323,Marco Bizot,nl NED,GK,Aston Villa,eng Premier League,34.0,1991.0,7,6,585.0,6.5,0.0,0.0,0,0,0,0,2,0,0.0,0.0,0.0,0.0,0.0,Matches,0,0,0,,0.0,0.0,,,0,0,Matches,,,,,,,,,,,,,,,0.0,,,,,,Matches,,0,,,,,,,,,,,0,,,,Matches,,,,,,,,,,,,,,,,,,,,,Matches,marco bizot,0.0,0.0,0.0,1.0894597582519054,1.0894597582519054,GK,,,,,,,,,,,,,,,,
324,Antonio Blanco,es ESP,MF,Alavés,es La Liga,25.0,2000.0,36,36,3110.0,34.6,2.0,3.0,5,2,0,0,9,0,0.06,0.09,0.14,0.06,0.14,Matches,2,40,13,32.5,1.16,0.38,0.05,0.15,0,0,Matches,,,,,,,,,,,,,,,3.0,,,,,,Matches,,49,,,,,,,,,,,51,,,,Matches,,,,,,,,,,,,,,,,,,,,,Matches,antonio blanco,1.2193963313475251,1.585560267791152,1.2193963313475251,10.952894285321236,9.485621688887475,MF,0.057803468208092484,0.035242668536055635,0.022560799672036846,0.05,,0.08670520231213873,0.04582544126564023,,,,,,,,,
325,Ludovic Blas,fr FRA,"MF,FW",Rennes,fr Ligue 1,27.0,1997.0,32,15,1546.0,17.2,5.0,4.0,9,3,2,2,1,0,0.29,0.23,0.52,0.17,0.41,Matches,5,47,14,29.8,2.74,0.82,0.11,0.36,2,2,Matches,,,,,,,,,,,,,,,4.0,,,,,,Matches,,10,,,,,,,,,,,15,,,,Matches,,,,,,,,,,,,,,,,,,,,,Matches,ludovic blas,4.744255687110126,6.979083426296711,3.224065418355167,13.111039499752223,6.562168078497052,MF,0.29069767441860467,0.18744566385785855,0.014868855400574069,0.11,,0.23255813953488372,0.40576066431957625,,,,,,,,,
326,Janis Blaswich,de GER,GK,Leverkusen,de Bundesliga,34.0,1991.0,11,10,931.0,10.3,0.0,0.0,0,0,0,0,1,0,0.0,0.0,0.0,0.0,0.0,Matches,0,0,0,,0.0,0.0,,,0,0,Matches,,,,,,,,,,,,,,,0.0,,,,,,Matches,,0,,,,,,,,,,,0,,,,Matches,,,,,,,,,,,,,,,,,,,,,Matches,janis blaswich,0.0,0.0981956124305725,0.0,1.5909389518201351,1.4927433393895626,GK,,,,,,,,,,,,,,,,
327,Daley Blind,nl NED,DF,Girona,es La Liga,35.0,1990.0,31,30,2606.0,29.0,0.0,0.0,0,0,0,0,1,0,0.0,0.0,0.0,0.0,0.0,Matches,0,5,1,20.0,0.17,0.03,0.0,0.0,0,0,Matches,,,,,,,,,,,,,,,0.0,,,,,,Matches,,34,,,,,,,,,,,38,,,,Matches,,,,,,,,,,,,,,,,,,,,,Matches,daley blind,0.2643272480927408,0.7392632644623518,0.2643272480927408,10.429523061960936,10.079609762877226,DF,0.0,0.00911473269285313,-0.00911473269285313,0.0,,0.0,0.025491836705598337,,,,,,,,,
329,Oscar Bobb,no NOR,"MF,FW",Manchester City,eng Premier League,22.0,2003.0,9,5,468.0,5.2,0.0,1.0,1,0,0,0,1,0,0.0,0.19,0.19,0.0,0.19,Matches,0,4,0,0.0,0.77,0.0,0.0,,0,0,Matches,,,,,,,,,,,,,,,1.0,,,,,,Matches,,5,,,,,,,,,,,3,,,,Matches,,,,,,,,,,,,,,,,,,,,,Matches,oscar bobb,1.4291031155735254,2.017092976719141,1.4291031155735254,5.759685222059488,3.5445012114942074,MF,0.0,0.27482752222567797,-0.27482752222567797,0.0,,0.1923076923076923,0.3879024955229117,,,,,,,,,
330,Oscar Bobb,no NOR,MF,Fulham,eng Premier League,22.0,2003.0,14,6,571.0,6.3,0.0,0.0,0,0,0,0,0,0,0.0,0.0,0.0,0.0,0.0,Matches,0,8,3,37.5,1.26,0.47,0.0,0.0,0,0,Matches,,,,,,,,,,,,,,,0.0,,,,,,Matches,,7,,,,,,,,,,,6,,,,Matches,,,,,,,,,,,,,,,,,,,,,Matches,oscar bobb,1.4291031155735254,2.017092976719141,1.4291031155735254,5.759685222059488,3.5445012114942074,MF,0.0,0.22684176437675008,-0.22684176437675008,0.0,,0.0,0.32017348836811765,,,,,,,,,
333,Sacha Boey,fr FRA,DF,Bayern Munich,de Bundesliga,24.0,2000.0,9,5,463.0,5.1,0.0,0.0,0,0,0,0,1,0,0.0,0.0,0.0,0.0,0.0,Matches,0,6,0,0.0,1.17,0.0,0.0,,0,0,Matches,,,,,,,,,,,,,,,0.0,,,,,,Matches,,4,,,,,,,,,,,7,,,,Matches,,,,,,,,,,,,,,,,,,,,,Matches,sacha boey,0.3924324251711368,0.1832207404077053,0.3924324251711368,2.850109562277794,2.335632123053074,DF,0.0,0.07694753434728173,-0.07694753434728173,0.0,,0.0,0.035925635374059864,,,,,,,,,
334,Jeremie Boga,ci CIV,"MF,FW",Nice,fr Ligue 1,28.0,1997.0,14,7,646.0,7.2,2.0,2.0,4,2,0,0,0,0,0.28,0.28,0.56,0.28,0.56,Matches,2,15,5,33.3,2.09,0.7,0.13,0.4,0,0,Matches,,,,,,,,,,,,,,,2.0,,,,,,Matches,,5,,,,,,,,,,,3,,,,Matches,,,,,,,,,,,,,,,,,,,,,Matches,jeremie boga,4.128830907866359,1.6714485827833414,4.128830907866359,7.31940452568233,1.9582742899656296,MF,0.2777777777777778,0.573448737203661,-0.2956709594258832,0.13,,0.2777777777777778,0.2321456364976863,,,,,,,,,
335,Jeremie Boga,ci CIV,"MF,FW",Juventus,it Serie A,28.0,1997.0,15,6,679.0,7.5,4.0,0.0,4,4,0,0,1,0,0.53,0.0,0.53,0.53,0.53,Matches,4,24,12,50.0,3.18,1.59,0.17,0.33,0,0,Matches,,,,,,,,,,,,,,,0.0,,,,,,Matches,,3,,,,,,,,,,,2,,,,Matches,,,,,,,,,,,,,,,,,,,,,Matches,jeremie boga,4.128830907866359,1.6714485827833414,4.128830907866359,7.31940452568233,1.9582742899656296,MF,0.5333333333333333,0.5505107877155145,-0.017177454382181167,0.17,,0.0,0.22285981103777885,,,,,,,,,
336,Lamare Bogarde,nl NED,"MF,DF",Aston Villa,eng Premier League,21.0,2004.0,28,11,1053.0,11.7,0.0,0.0,0,0,0,0,5,0,0.0,0.0,0.0,0.0,0.0,Matches,0,0,0,,0.0,0.0,,,0,0,Matches,,,,,,,,,,,,,,,0.0,,,,,,Matches,,19,,,,,,,,,,,4,,,,Matches,,,,,,,,,,,,,,,,,,,,,Matches,lamare bogarde,0.0,0.0411524251103401,0.0,1.9570542350411413,1.915901817381382,MF,0.0,0.0,0.0,,,0.0,0.00351730129148206,,,,,,,,,
337,Jayden Bogle,eng ENG,"MF,DF",Leeds United,eng Premier League,25.0,2000.0,34,32,2793.0,31.0,1.0,2.0,3,1,0,0,6,0,0.03,0.06,0.1,0.03,0.1,Matches,1,18,4,22.2,0.58,0.13,0.06,0.25,0,0,Matches,,,,,,,,,,,,,,,2.0,,,,,,Matches,,43,,,,,,,,,,,30,,,,Matches,,,,,,,,,,,,,,,,,,,,,Matches,jayden bogle,1.892064114101231,3.5251562744379044,1.892064114101231,11.021193640306592,6.367132198065519,MF,0.03225806451612903,0.061034326261330034,-0.028776261745201002,0.06,,0.06451612903225806,0.11371471853025499,,,,,,,,,
339,Adama Boiro,es ESP,DF,Athletic Club,es La Liga,23.0,2002.0,14,8,815.0,9.1,0.0,0.0,0,0,0,0,1,0,0.0,0.0,0.0,0.0,0.0,Matches,0,2,0,0.0,0.22,0.0,0.0,,0,0,Matches,,,,,,,,,,,,,,,0.0,,,,,,Matches,,11,,,,,,,,,,,18,,,,Matches,,,,,,,,,,,,,,,,,,,,,Matches,adama boiro,0.0531698428094387,0.1399121209979057,0.0531698428094387,1.912211891263724,1.7599158138036728,DF,0.0,0.005842839869169088,-0.005842839869169088,0.0,,0.0,0.01537495835141821,,,,,,,,,
341,Hugo Bolin,se SWE,"MF,FW",Gladbach,de Bundesliga,22.0,2003.0,13,5,550.0,6.1,1.0,1.0,2,1,0,0,0,0,0.16,0.16,0.33,0.16,0.33,Matches,1,15,4,26.7,2.45,0.65,0.07,0.25,0,0,Matches,,,,,,,,,,,,,,,1.0,,,,,,Matches,,2,,,,,,,,,,,1,,,,Matches,,,,,,,,,,,,,,,,,,,,,Matches,hugo bolin,1.1613999009132383,0.507491935044527,1.1613999009132383,2.3938754983246326,0.9783000312745572,MF,0.1639344262295082,0.1903934263792194,-0.026459000149711198,0.07,,0.1639344262295082,0.08319539918762739,,,,,,,,,
345,Federico Bonazzoli,it ITA,FW,Cremonese,it Serie A,28.0,1997.0,35,31,2510.0,27.9,10.0,1.0,11,7,3,3,4,0,0.36,0.04,0.39,0.25,0.29,Matches,10,75,32,42.7,2.69,1.15,0.13,0.31,3,3,Matches,,,,,,,,,,,,,,,1.0,,,,,,Matches,,16,,,,,,,,,,,12,,,,Matches,,,,,,,,,,,,,,,,,,,,,Matches,federico bonazzoli,9.023360214661809,1.532783793285489,6.739463760983199,10.240432717371732,3.803929052315653,FW,0.35842293906810035,0.24155784089545518,0.03500501022717532,0.13,,0.03584229390681004,0.05493848721453366,,,,,,,,,
346,Warren Bondo,fr FRA,MF,Cremonese,it Serie A,21.0,2003.0,27,22,1762.0,19.6,0.0,0.0,0,0,0,0,5,0,0.0,0.0,0.0,0.0,0.0,Matches,0,8,2,25.0,0.41,0.1,0.0,0.0,0,0,Matches,,,,,,,,,,,,,,,0.0,,,,,,Matches,,16,,,,,,,,,,,9,,,,Matches,,,,,,,,,,,,,,,,,,,,,Matches,warren bondo,0.2856207136064768,0.161786250770092,0.2856207136064768,3.443341282196343,2.995934301055968,MF,0.0,0.01457248538808555,-0.01457248538808555,0.0,,0.0,0.00825440054949449,,,,,,,,,
347,Giovanni Bonfanti,it ITA,"DF,MF",Pisa,it Serie A,22.0,2003.0,9,6,494.0,5.5,0.0,0.0,0,0,0,0,1,0,0.0,0.0,0.0,0.0,0.0,Matches,0,6,1,16.7,1.09,0.18,0.0,0.0,0,0,Matches,,,,,,,,,,,,,,,0.0,,,,,,Matches,,6,,,,,,,,,,,7,,,,Matches,,,,,,,,,,,,,,,,,,,,,Matches,giovanni bonfanti,0.2863771161064505,0.11172466725111,0.2863771161064505,0.4159418269991874,0.1316771451383829,DF,0.0,0.05206856656480918,-0.05206856656480918,0.0,,0.0,0.020313575863838182,,,,,,,,,
349,Rahim Bonkano,ne NIG,DF,Oviedo,es La Liga,23.0,2002.0,27,18,1713.0,19.0,0.0,0.0,0,0,0,0,2,0,0.0,0.0,0.0,0.0,0.0,Matches,0,3,0,0.0,0.16,0.0,0.0,,0,0,Matches,,,,,,,,,,,,,,,0.0,,,,,,Matches,,19,,,,,,,,,,,29,,,,Matches,,,,,,,,,,,,,,,,,,,,,Matches,rahim bonkano,,,,,,DF,0.0,,,0.0,,0.0,,,,,,,,,,
350,Ange-Yoan Bonny,ci CIV,FW,Inter,it Serie A,21.0,2003.0,33,10,1142.0,12.7,5.0,4.0,9,5,0,0,1,0,0.39,0.32,0.71,0.39,0.71,Matches,5,22,9,40.9,1.73,0.71,0.23,0.56,0,0,Matches,,,,,,,,,,,,,,,4.0,,,,,,Matches,,9,,,,,,,,,,,1,,,,Matches,,,,,,,,,,,,,,,,,,,,,Matches,ange yoan bonny,4.581577172502875,2.670865649357438,4.581577172502875,9.682558439671991,3.249240666627884,FW,0.3937007874015748,0.36075410807109254,0.03294667933048226,0.23,,0.31496062992125984,0.21030438183916836,,,,,,,,,
353,Gennaro Borrelli,it ITA,FW,Cagliari,it Serie A,25.0,2000.0,27,13,1275.0,14.2,5.0,1.0,6,5,0,0,4,0,0.35,0.07,0.42,0.35,0.42,Matches,5,30,12,40.0,2.12,0.85,0.17,0.42,0,0,Matches,,,,,,,,,,,,,,,1.0,,,,,,Matches,,6,,,,,,,,,,,3,,,,Matches,,,,,,,,,,,,,,,,,,,,,Matches,gennaro borrelli,4.579960027709603,0.8707911921665072,4.579960027709603,5.725788693875074,2.594655658118427,FW,0.35211267605633806,0.32253239631757774,0.02958027973876033,0.17,,0.07042253521126761,0.06132332339200756,,,,,,,,,
354,Olivier Boscagli,fr FRA,DF,Brighton,eng Premier League,27.0,1997.0,12,9,802.0,8.9,0.0,1.0,1,0,0,0,2,0,0.0,0.11,0.11,0.0,0.11,Matches,0,1,0,0.0,0.11,0.0,0.0,,0,0,Matches,,,,,,,,,,,,,,,1.0,,,,,,Matches,,11,,,,,,,,,,,16,,,,Matches,,,,,,,,,,,,,,,,,,,,,Matches,olivier boscagli,0.0207152105867862,0.1475827321410179,0.0207152105867862,3.5460157245397568,3.5085763186216354,DF,0.0,0.002327551751324292,-0.002327551751324292,0.0,,0.11235955056179775,0.016582329454046956,,,,,,,,,
357,Sven Botman,nl NED,DF,Newcastle,eng Premier League,25.0,2000.0,25,21,1835.0,20.4,1.0,1.0,2,1,0,0,2,0,0.05,0.05,0.1,0.05,0.1,Matches,1,15,4,26.7,0.74,0.2,0.07,0.25,0,0,Matches,,,,,,,,,,,,,,,1.0,,,,,,Matches,,14,,,,,,,,,,,25,,,,Matches,,,,,,,,,,,,,,,,,,,,,Matches,sven botman,1.5510299038141966,1.4832177460193634,1.5510299038141966,6.0209719482809305,5.722450278699398,DF,0.04901960784313726,0.07603087763795081,-0.02701126979481356,0.07,,0.04901960784313726,0.07270675225585116,,,,,,,,,
358,Ayyoub Bouaddi,ma MAR,MF,Lille,fr Ligue 1,17.0,2007.0,30,28,2321.0,25.8,0.0,1.0,1,0,0,0,7,1,0.0,0.04,0.04,0.0,0.04,Matches,0,16,5,31.3,0.62,0.19,0.0,0.0,0,0,Matches,,,,,,,,,,,,,,,1.0,,,,,,Matches,,40,,,,,,,,,,,27,,,,Matches,,,,,,,,,,,,,,,,,,,,,Matches,ayyoub bouaddi,1.0655275946483016,2.003947176970541,1.0655275946483016,12.056816457770765,10.517980525270104,MF,0.0,0.04129951917241479,-0.04129951917241479,0.0,,0.03875968992248062,0.07767237120040857,,,,,,,,,
360,Badredine Bouanani,dz ALG,MF,Stuttgart,de Bundesliga,20.0,2004.0,14,5,463.0,5.1,0.0,0.0,0,0,0,0,1,0,0.0,0.0,0.0,0.0,0.0,Matches,0,16,4,25.0,3.11,0.78,0.0,0.0,0,0,Matches,,,,,,,,,,,,,,,0.0,,,,,,Matches,,3,,,,,,,,,,,4,,,,Matches,,,,,,,,,,,,,,,,,,,,,Matches,badredine bouanani,1.0744991190731523,0.5685664489865303,1.0744991190731523,4.118053063750267,2.8789315968751907,MF,0.0,0.21068610177904948,-0.21068610177904948,0.0,,0.0,0.11148361744833929,,,,,,,,,
361,Kaïl Boudache,fr FRA,"MF,FW",Nice,fr Ligue 1,19.0,2006.0,13,3,531.0,5.9,1.0,0.0,1,1,0,0,1,0,0.17,0.0,0.17,0.17,0.17,Matches,1,13,2,15.4,2.2,0.34,0.08,0.5,0,0,Matches,,,,,,,,,,,,,,,0.0,,,,,,Matches,,9,,,,,,,,,,,6,,,,Matches,,,,,,,,,,,,,,,,,,,,,Matches,kail boudache,2.86060961522162,0.199295156635344,2.86060961522162,2.168492004275322,0.2338301874697208,MF,0.1694915254237288,0.48484908732569826,-0.3153575619019695,0.08,,0.0,0.03377884010768542,,,,,,,,,
362,Hicham Boudaoui,dz ALG,MF,Nice,fr Ligue 1,25.0,1999.0,25,18,1694.0,18.8,1.0,2.0,3,1,0,0,5,0,0.05,0.11,0.16,0.05,0.16,Matches,1,21,9,42.9,1.12,0.48,0.05,0.11,0,0,Matches,,,,,,,,,,,,,,,2.0,,,,,,Matches,,16,,,,,,,,,,,18,,,,Matches,,,,,,,,,,,,,,,,,,,,,Matches,hicham boudaoui,2.2907996512949467,1.5970600554719567,2.2907996512949467,6.359252665191889,3.213657854124904,MF,0.05319148936170213,0.1218510452816461,-0.06865955591994397,0.05,,0.10638297872340426,0.084950002950636,,,,,,,,,
363,Sofiane Boufal,ma MAR,"MF,FW",Le Havre,fr Ligue 1,31.0,1993.0,17,13,1019.0,11.3,1.0,4.0,5,1,0,1,2,0,0.09,0.35,0.44,0.09,0.44,Matches,1,19,4,21.1,1.68,0.35,0.05,0.25,0,1,Matches,,,,,,,,,,,,,,,4.0,,,,,,Matches,,17,,,,,,,,,,,3,,,,Matches,,,,,,,,,,,,,,,,,,,,,Matches,sofiane boufal,1.5026695374399424,3.634537594392896,0.7425743956118822,5.128283802419901,1.9721620082855225,MF,0.08849557522123894,0.06571454828423735,-0.0444840298619418,0.05,,0.35398230088495575,0.3216404950790173,,,,,,,,,
365,Jarrod Bowen,eng ENG,"MF,FW",West Ham,eng Premier League,28.0,1996.0,38,38,3403.0,37.8,9.0,11.0,20,8,1,1,4,0,0.24,0.29,0.53,0.21,0.5,Matches,9,79,28,35.4,2.09,0.74,0.11,0.32,1,1,Matches,,,,,,,,,,,,,,,11.0,,,,,,Matches,,28,,,,,,,,,,,27,,,,Matches,,,,,,,,,,,,,,,,,,,,,Matches,jarrod bowen,8.273593910038471,8.43197707645595,7.512425065040588,14.380666948854923,3.877509349957109,MF,0.2380952380952381,0.1987414038370526,0.019217092327024572,0.11,,0.29100529100529104,0.22306817662581882,,,,,,,,,
366,Kieron Bowie,sct SCO,FW,Hellas Verona,it Serie A,22.0,2002.0,14,14,1200.0,13.3,4.0,0.0,4,4,0,0,1,0,0.3,0.0,0.3,0.3,0.3,Matches,4,33,11,33.3,2.48,0.82,0.12,0.36,0,0,Matches,,,,,,,,,,,,,,,0.0,,,,,,Matches,,3,,,,,,,,,,,0,,,,Matches,,,,,,,,,,,,,,,,,,,,,Matches,kieron bowie,4.099301479756832,0.4409037381410599,4.099301479756832,5.117839636281133,0.8250679215416312,FW,0.3007518796992481,0.3082181563726941,-0.007466276673446024,0.12,,0.0,0.033150657003087204,,,,,,,,,
367,Lucas Boyé,ar ARG,FW,Alavés,es La Liga,29.0,1996.0,29,22,1958.0,21.8,11.0,1.0,12,8,3,3,4,1,0.51,0.05,0.55,0.37,0.41,Matches,11,63,21,33.3,2.9,0.97,0.17,0.52,3,3,Matches,,,,,,,,,,,,,,,1.0,,,,,,Matches,,25,,,,,,,,,,,7,,,,Matches,,,,,,,,,,,,,,,,,,,,,Matches,lucas boye,11.103807976469398,2.709607819095254,8.873975029215217,12.193470728583634,3.775087649933994,FW,0.5045871559633027,0.4070630747346429,-0.004761833782999887,0.17,,0.04587155963302752,0.12429393665574559,,,,,,,,,
368,Enzo Boyomo,cm CMR,DF,Osasuna,es La Liga,23.0,2001.0,30,29,2542.0,28.2,1.0,2.0,3,1,0,0,7,0,0.04,0.07,0.11,0.04,0.11,Matches,1,11,4,36.4,0.39,0.14,0.09,0.25,0,0,Matches,,,,,,,,,,,,,,,2.0,,,,,,Matches,,36,,,,,,,,,,,17,,,,Matches,,,,,,,,,,,,,,,,,,,,,Matches,enzo boyomo,1.1597838830202818,1.4222577046602964,1.1597838830202818,5.139672014862299,3.720889106392861,DF,0.03546099290780142,0.0411270880503646,-0.005666095142563184,0.09,,0.07092198581560284,0.050434670378024696,,,,,,,,,
369,Rosen Bozhinov,bg BUL,DF,Pisa,it Serie A,20.0,2005.0,9,8,610.0,6.8,0.0,0.0,0,0,0,0,3,1,0.0,0.0,0.0,0.0,0.0,Matches,0,3,1,33.3,0.44,0.15,0.0,0.0,0,0,Matches,,,,,,,,,,,,,,,0.0,,,,,,Matches,,5,,,,,,,,,,,12,,,,Matches,,,,,,,,,,,,,,,,,,,,,Matches,rosen bozhinov,0.1116490038111805,0.3310964051634073,0.1116490038111805,2.23290590941906,1.823847398161888,DF,0.0,0.016418971148703013,-0.016418971148703013,0.0,,0.0,0.048690647818148136,,,,,,,,,
370,Domagoj Bradarić,hr CRO,MF,Hellas Verona,it Serie A,25.0,1999.0,29,23,1966.0,21.8,0.0,1.0,1,0,0,0,2,0,0.0,0.05,0.05,0.0,0.05,Matches,0,13,6,46.2,0.6,0.27,0.0,0.0,0,0,Matches,,,,,,,,,,,,,,,1.0,,,,,,Matches,,20,,,,,,,,,,,9,,,,Matches,,,,,,,,,,,,,,,,,,,,,Matches,domagoj bradaric,0.6028579501435161,2.994570933282376,0.6028579501435161,6.39884002879262,3.356616459786892,MF,0.0,0.02765403441025303,-0.02765403441025303,0.0,,0.04587155963302752,0.13736563914139338,,,,,,,,,
371,Conor Bradley,nir NIR,DF,Liverpool,eng Premier League,22.0,2003.0,15,12,929.0,10.3,0.0,1.0,1,0,0,0,5,0,0.0,0.1,0.1,0.0,0.1,Matches,0,6,0,0.0,0.58,0.0,0.0,,0,0,Matches,,,,,,,,,,,,,,,1.0,,,,,,Matches,,15,,,,,,,,,,,12,,,,Matches,,,,,,,,,,,,,,,,,,,,,Matches,conor bradley,0.2198291672393679,1.1937107481062412,0.2198291672393679,3.412436105310917,2.405481914058328,DF,0.0,0.021342637596055133,-0.021342637596055133,0.0,,0.0970873786407767,0.11589424738895546,,,,,,,,,
373,Julian Brandt,de GER,"MF,FW",Dortmund,de Bundesliga,29.0,1996.0,29,17,1606.0,17.8,7.0,4.0,11,7,0,0,0,0,0.39,0.22,0.62,0.39,0.62,Matches,7,38,18,47.4,2.13,1.01,0.18,0.39,0,0,Matches,,,,,,,,,,,,,,,4.0,,,,,,Matches,,8,,,,,,,,,,,5,,,,Matches,,,,,,,,,,,,,,,,,,,,,Matches,julian brandt,5.1042488645762205,5.293923227116466,5.1042488645762205,13.624381331726909,5.712044969201088,MF,0.3932584269662921,0.2867555541896753,0.10650287277661682,0.18,,0.2247191011235955,0.297411417253734,,,,,,,,,
374,Jarrad Branthwaite,eng ENG,DF,Everton,eng Premier League,23.0,2002.0,10,7,680.0,7.6,1.0,0.0,1,1,0,0,1,0,0.13,0.0,0.13,0.13,0.13,Matches,1,6,2,33.3,0.79,0.26,0.17,0.5,0,0,Matches,,,,,,,,,,,,,,,0.0,,,,,,Matches,,6,,,,,,,,,,,11,,,,Matches,,,,,,,,,,,,,,,,,,,,,Matches,jarrad branthwaite,0.3099620118737221,0.373225899413228,0.3099620118737221,1.287902306765318,1.127036638557911,DF,0.13157894736842105,0.04078447524654238,0.09079447212187867,0.17,,0.0,0.049108670975424734,,,,,,,,,
376,Lilian Brassier,fr FRA,DF,Rennes,fr Ligue 1,25.0,1999.0,27,25,2250.0,25.0,0.0,1.0,1,0,0,0,2,0,0.0,0.04,0.04,0.0,0.04,Matches,0,11,2,18.2,0.44,0.08,0.0,0.0,0,0,Matches,,,,,,,,,,,,,,,1.0,,,,,,Matches,,13,,,,,,,,,,,38,,,,Matches,,,,,,,,,,,,,,,,,,,,,Matches,lilian brassier,0.8947227848693728,0.9079731702804564,0.8947227848693728,8.077245973050594,7.724599443376064,DF,0.0,0.035788911394774914,-0.035788911394774914,0.0,,0.04,0.03631892681121826,,,,,,,,,
378,Josip Brekalo,hr CRO,"MF,FW",Oviedo,es La Liga,27.0,1998.0,14,6,486.0,5.4,0.0,0.0,0,0,0,0,1,0,0.0,0.0,0.0,0.0,0.0,Matches,0,9,3,33.3,1.67,0.56,0.0,0.0,0,0,Matches,,,,,,,,,,,,,,,0.0,,,,,,Matches,,7,,,,,,,,,,,2,,,,Matches,,,,,,,,,,,,,,,,,,,,,Matches,josip brekalo,0.3088910253718495,1.6458159163594246,0.3088910253718495,2.2394321858882904,0.8675312828272581,MF,0.0,0.057202041735527676,-0.057202041735527676,0.0,,0.0,0.30478072525174527,,,,,,,,,
379,Gleison Bremer,br BRA,DF,Juventus,it Serie A,28.0,1997.0,26,25,2171.0,24.1,4.0,3.0,7,4,0,0,5,0,0.17,0.12,0.29,0.17,0.29,Matches,4,23,9,39.1,0.95,0.37,0.17,0.44,0,0,Matches,,,,,,,,,,,,,,,3.0,,,,,,Matches,,14,,,,,,,,,,,30,,,,Matches,,,,,,,,,,,,,,,,,,,,,Matches,gleison bremer,2.7122608339414,0.4107095804065466,2.7122608339414,8.776241302490234,8.494891063310206,DF,0.16597510373443983,0.11254194331707053,0.05343316041736929,0.17,,0.12448132780082986,0.017041891303176206,,,,,,,,,
380,Marco Brescianini,it ITA,MF,Fiorentina,it Serie A,25.0,2000.0,17,10,862.0,9.6,1.0,1.0,2,1,0,0,1,0,0.1,0.1,0.21,0.1,0.21,Matches,1,10,2,20.0,1.04,0.21,0.1,0.5,0,0,Matches,,,,,,,,,,,,,,,1.0,,,,,,Matches,,2,,,,,,,,,,,1,,,,Matches,,,,,,,,,,,,,,,,,,,,,Matches,marco brescianini,2.351007338613272,1.2417720863595605,2.351007338613272,4.8565372144803405,2.457272893749177,MF,0.10416666666666667,0.24489659777221587,-0.14072993110554918,0.1,,0.10416666666666667,0.12935125899578756,,,,,,,,,
382,Abel Bretones,es ESP,"MF,DF",Osasuna,es La Liga,24.0,2000.0,28,17,1624.0,18.0,1.0,2.0,3,1,0,0,5,1,0.06,0.11,0.17,0.06,0.17,Matches,1,11,3,27.3,0.61,0.17,0.09,0.33,0,0,Matches,,,,,,,,,,,,,,,2.0,,,,,,Matches,,12,,,,,,,,,,,16,,,,Matches,,,,,,,,,,,,,,,,,,,,,Matches,abel bretones,0.5832634549587965,1.463532455265522,0.5832634549587965,3.3724373634904623,2.147059232927859,MF,0.05555555555555555,0.0324035252754887,0.023152030280066863,0.09,,0.1111111111111111,0.08130735862586233,,,,,,,,,
383,Sascha Britschgi,ch SUI,"MF,DF",Parma,it Serie A,18.0,2006.0,29,22,2095.0,23.3,0.0,2.0,2,0,0,0,7,1,0.0,0.09,0.09,0.0,0.09,Matches,0,13,3,23.1,0.56,0.13,0.0,0.0,0,0,Matches,,,,,,,,,,,,,,,2.0,,,,,,Matches,,18,,,,,,,,,,,8,,,,Matches,,,,,,,,,,,,,,,,,,,,,Matches,sascha britschgi,0.4099866766482591,2.0349949607625604,0.4099866766482591,4.071831869892776,1.8428749283775687,MF,0.0,0.017595994705933867,-0.017595994705933867,0.0,,0.08583690987124463,0.08733883951770645,,,,,,,,,
384,Brian Brobbey,nl NED,FW,Sunderland,eng Premier League,23.0,2002.0,31,22,1927.0,21.4,7.0,1.0,8,7,0,0,6,0,0.33,0.05,0.37,0.33,0.37,Matches,7,36,18,50.0,1.68,0.84,0.19,0.39,0,0,Matches,,,,,,,,,,,,,,,1.0,,,,,,Matches,,2,,,,,,,,,,,0,,,,Matches,,,,,,,,,,,,,,,,,,,,,Matches,brian brobbey,7.111885398626328,1.5084331054240463,7.111885398626328,9.288086591288447,1.6009146478027103,FW,0.3271028037383178,0.33233109339375366,-0.005228289655435907,0.19,,0.04672897196261683,0.07048752829084329,,,,,,,,,
386,Armando Broja,al ALB,FW,Burnley,eng Premier League,23.0,2001.0,24,8,860.0,9.6,1.0,1.0,2,1,0,0,0,0,0.1,0.1,0.21,0.1,0.21,Matches,1,16,6,37.5,1.67,0.63,0.06,0.17,0,0,Matches,,,,,,,,,,,,,,,1.0,,,,,,Matches,,3,,,,,,,,,,,3,,,,Matches,,,,,,,,,,,,,,,,,,,,,Matches,armando broja,2.5165178887546062,0.6097559537738562,2.5165178887546062,2.6858433932065964,1.0258077569305897,FW,0.10416666666666667,0.2621372800786048,-0.15797061341193816,0.06,,0.10416666666666667,0.06351624518477669,,,,,,,,,
387,David Brooks,wls WAL,MF,Bournemouth,eng Premier League,28.0,1997.0,31,13,1204.0,13.4,1.0,3.0,4,1,0,0,7,0,0.07,0.22,0.3,0.07,0.3,Matches,1,48,13,27.1,3.59,0.97,0.02,0.08,0,0,Matches,,,,,,,,,,,,,,,3.0,,,,,,Matches,,13,,,,,,,,,,,4,,,,Matches,,,,,,,,,,,,,,,,,,,,,Matches,david brooks,6.54012631252408,4.196839664131403,6.54012631252408,12.195374373346567,2.6664827950298786,MF,0.07462686567164178,0.4880691278003045,-0.4134422621286627,0.02,,0.22388059701492538,0.31319698986055244,,,,,,,,,
388,Nathaniel Brown,de GER,"MF,DF",Frankfurt,de Bundesliga,22.0,2003.0,33,29,2656.0,29.5,4.0,4.0,8,4,0,0,3,0,0.14,0.14,0.27,0.14,0.27,Matches,4,18,9,50.0,0.61,0.3,0.22,0.44,0,0,Matches,,,,,,,,,,,,,,,4.0,,,,,,Matches,,57,,,,,,,,,,,25,,,,Matches,,,,,,,,,,,,,,,,,,,,,Matches,nathaniel brown,2.06600034981966,3.1800129488110542,2.06600034981966,10.054680230095984,6.042703531682491,MF,0.13559322033898305,0.07003391016337832,0.06555931017560473,0.22,,0.13559322033898305,0.10779704911223913,,,,,,,,,
389,Brugui,es ESP,"MF,FW",Levante,es La Liga,28.0,1996.0,19,10,1005.0,11.2,1.0,1.0,2,1,0,0,1,1,0.09,0.09,0.18,0.09,0.18,Matches,1,28,9,32.1,2.51,0.81,0.04,0.11,0,0,Matches,,,,,,,,,,,,,,,1.0,,,,,,Matches,,6,,,,,,,,,,,4,,,,Matches,,,,,,,,,,,,,,,,,,,,,Matches,brugui,,,,,,MF,0.08928571428571429,,,0.04,,0.08928571428571429,,,,,,,,,,
391,Jacob Bruun Larsen,dk DEN,"MF,FW",Burnley,eng Premier League,26.0,1998.0,28,10,1030.0,11.4,0.0,1.0,1,0,0,0,0,0,0.0,0.09,0.09,0.0,0.09,Matches,0,17,4,23.5,1.49,0.35,0.0,0.0,0,0,Matches,,,,,,,,,,,,,,,1.0,,,,,,Matches,,3,,,,,,,,,,,6,,,,Matches,,,,,,,,,,,,,,,,,,,,,Matches,jacob bruun larsen,1.4321176074445248,1.3782861307263374,1.4321176074445248,4.528628235682845,2.252522235736251,MF,0.0,0.12562435153022147,-0.12562435153022147,0.0,,0.08771929824561403,0.12090229216897697,,,,,,,,,
392,Tajon Buchanan,ca CAN,MF,Villarreal,es La Liga,26.0,1999.0,34,21,1819.0,20.2,7.0,1.0,8,7,0,0,8,0,0.35,0.05,0.4,0.35,0.4,Matches,7,27,11,40.7,1.34,0.54,0.26,0.64,0,0,Matches,,,,,,,,,,,,,,,1.0,,,,,,Matches,,19,,,,,,,,,,,22,,,,Matches,,,,,,,,,,,,,,,,,,,,,Matches,tajon buchanan,2.74269391130656,2.5965847074985504,2.74269391130656,7.827929214574397,2.7268755370751023,MF,0.34653465346534656,0.13577692630230495,0.21075772716304159,0.26,,0.04950495049504951,0.12854379740091834,,,,,,,,,
393,Ante Budimir,hr CRO,FW,Osasuna,es La Liga,34.0,1991.0,37,35,2938.0,32.6,17.0,0.0,17,11,6,8,3,0,0.52,0.0,0.52,0.34,0.34,Matches,17,103,41,39.8,3.16,1.26,0.17,0.41,6,8,Matches,,,,,,,,,,,,,,,0.0,,,,,,Matches,,16,,,,,,,,,,,6,,,,Matches,,,,,,,,,,,,,,,,,,,,,Matches,ante budimir,19.19176504760981,1.7123363316059113,13.24554404988885,12.536680994555354,1.237377729266882,FW,0.5214723926380368,0.4063050322051794,-0.06723205667514753,0.17,,0.0,0.052525654343739604,,,,,,,,,
394,Emi Buendía,ar ARG,MF,Aston Villa,eng Premier League,28.0,1996.0,36,21,1755.0,19.5,6.0,2.0,8,6,0,0,6,0,0.31,0.1,0.41,0.31,0.41,Matches,6,49,13,26.5,2.51,0.67,0.12,0.46,0,0,Matches,,,,,,,,,,,,,,,2.0,,,,,,Matches,,27,,,,,,,,,,,13,,,,Matches,,,,,,,,,,,,,,,,,,,,,Matches,emi buendia,3.7844833629205823,3.626239098608494,3.7844833629205823,9.206152960658072,3.6858682241290808,MF,0.3076923076923077,0.1940760698933632,0.1136162377989445,0.12,,0.10256410256410256,0.18596097941582018,,,,,,,,,
395,Hugo Bueno,es ESP,"MF,DF",Wolves,eng Premier League,22.0,2002.0,35,26,2366.0,26.3,1.0,2.0,3,1,0,0,3,0,0.04,0.08,0.11,0.04,0.11,Matches,1,16,6,37.5,0.61,0.23,0.06,0.17,0,0,Matches,,,,,,,,,,,,,,,2.0,,,,,,Matches,,35,,,,,,,,,,,33,,,,Matches,,,,,,,,,,,,,,,,,,,,,Matches,hugo bueno,0.8962179943919182,3.683292493224144,0.8962179943919182,5.543084159493446,2.929296974092722,MF,0.03802281368821293,0.034076729824787766,0.003946083863425164,0.06,,0.07604562737642585,0.1400491442290549,,,,,,,,,
397,Santiago Bueno,uy URU,DF,Wolves,eng Premier League,26.0,1998.0,29,28,2553.0,28.4,3.0,1.0,4,3,0,0,4,0,0.11,0.04,0.14,0.11,0.14,Matches,3,10,7,70.0,0.35,0.25,0.3,0.43,0,0,Matches,,,,,,,,,,,,,,,1.0,,,,,,Matches,,30,,,,,,,,,,,27,,,,Matches,,,,,,,,,,,,,,,,,,,,,Matches,santiago bueno,1.995275340974331,0.9024237375706434,1.995275340974331,4.350156765431166,3.939035897143185,DF,0.10563380281690142,0.0702561739779694,0.035377628838932015,0.3,,0.035211267605633804,0.031775483717276176,,,,,,,,,
399,Adam Buksa,pl POL,FW,Udinese,it Serie A,29.0,1996.0,25,6,922.0,10.2,3.0,0.0,3,3,0,0,3,0,0.29,0.0,0.29,0.29,0.29,Matches,3,12,6,50.0,1.17,0.59,0.25,0.5,0,0,Matches,,,,,,,,,,,,,,,0.0,,,,,,Matches,,8,,,,,,,,,,,3,,,,Matches,,,,,,,,,,,,,,,,,,,,,Matches,adam buksa,2.783920787274837,0.9992542769759892,2.783920787274837,3.916399106383324,0.5736364927142859,FW,0.29411764705882354,0.27293341051714093,0.021184236541682645,0.25,,0.0,0.0979661055858813,,,,,,,,,
400,Andrija Bulatović,me MNE,MF,Lens,fr Ligue 1,18.0,2006.0,19,6,762.0,8.5,0.0,4.0,4,0,0,0,2,0,0.0,0.47,0.47,0.0,0.47,Matches,0,11,5,45.5,1.3,0.59,0.0,0.0,0,0,Matches,,,,,,,,,,,,,,,4.0,,,,,,Matches,,21,,,,,,,,,,,8,,,,Matches,,,,,,,,,,,,,,,,,,,,,Matches,andrija bulatovic,0.9166814982891084,2.8796335868537426,0.9166814982891084,4.078927747905254,2.6556012630462646,MF,0.0,0.10784488215165981,-0.10784488215165981,0.0,,0.47058823529411764,0.33878042198279323,,,,,,,,,
401,Marius Bülter,de GER,"FW,MF",Köln,de Bundesliga,32.0,1993.0,32,18,1597.0,17.7,5.0,4.0,9,5,0,0,3,0,0.28,0.23,0.51,0.28,0.51,Matches,5,42,17,40.5,2.37,0.96,0.12,0.29,0,0,Matches,,,,,,,,,,,,,,,4.0,,,,,,Matches,,5,,,,,,,,,,,8,,,,Matches,,,,,,,,,,,,,,,,,,,,,Matches,marius bulter,3.979684112593532,4.703826729208231,3.979684112593532,10.374455876648426,3.821078972890973,FW,0.2824858757062147,0.22484091031601877,0.05764496539019593,0.12,,0.22598870056497175,0.26575292255413735,,,,,,,,,
404,Alessandro Buongiorno,it ITA,DF,Napoli,it Serie A,26.0,1999.0,33,28,2521.0,28.0,0.0,1.0,1,0,0,0,3,0,0.0,0.04,0.04,0.0,0.04,Matches,0,8,3,37.5,0.29,0.11,0.0,0.0,0,0,Matches,,,,,,,,,,,,,,,1.0,,,,,,Matches,,22,,,,,,,,,,,40,,,,Matches,,,,,,,,,,,,,,,,,,,,,Matches,alessandro buongiorno,1.6447823997586966,0.3518915679305792,1.6447823997586966,8.016250479966402,7.9922011978924274,DF,0.0,0.05874222856281059,-0.05874222856281059,0.0,,0.03571428571428571,0.012567555997520685,,,,,,,,,
405,Livan Burcu,tr TUR,"MF,FW",Union Berlin,de Bundesliga,20.0,2004.0,18,6,651.0,7.2,1.0,1.0,2,1,0,0,4,0,0.14,0.14,0.28,0.14,0.28,Matches,1,16,3,18.8,2.21,0.41,0.06,0.33,0,0,Matches,,,,,,,,,,,,,,,1.0,,,,,,Matches,,7,,,,,,,,,,,2,,,,Matches,,,,,,,,,,,,,,,,,,,,,Matches,livan burcu,2.16127123311162,0.5088458983227611,2.16127123311162,2.686813432723284,0.9930684771388768,MF,0.1388888888888889,0.30017656015439165,-0.16128767126550278,0.06,,0.1388888888888889,0.07067304143371682,,,,,,,,,
407,Wouter Burger,nl NED,MF,Hoffenheim,de Bundesliga,24.0,2001.0,30,30,2430.0,27.0,4.0,5.0,9,4,0,0,7,1,0.15,0.19,0.33,0.15,0.33,Matches,4,36,13,36.1,1.33,0.48,0.11,0.31,0,0,Matches,,,,,,,,,,,,,,,5.0,,,,,,Matches,,42,,,,,,,,,,,19,,,,Matches,,,,,,,,,,,,,,,,,,,,,Matches,wouter burger,4.212299581617117,5.882515028119087,4.212299581617117,14.252158349379895,7.125719597563148,MF,0.14814814814814814,0.15601109561544876,-0.007862947467300627,0.11,,0.18518518518518517,0.2178709269673736,,,,,,,,,
408,Jonathan Burkardt,de GER,FW,Frankfurt,de Bundesliga,25.0,2000.0,22,15,1336.0,14.8,13.0,1.0,14,9,4,4,1,0,0.88,0.07,0.94,0.61,0.67,Matches,13,41,21,51.2,2.76,1.41,0.32,0.62,4,4,Matches,,,,,,,,,,,,,,,1.0,,,,,,Matches,,4,,,,,,,,,,,1,,,,Matches,,,,,,,,,,,,,,,,,,,,,Matches,jonathan burkardt,13.116983085870745,0.6681167893111706,10.085876282304524,12.243965607136488,3.214979793876409,FW,0.8783783783783783,0.681478127182738,-0.007904262558834092,0.32,,0.06756756756756756,0.04514302630480882,,,,,,,,,
409,Oliver Burke,sct SCO,"FW,MF",Union Berlin,de Bundesliga,28.0,1997.0,29,21,1664.0,18.5,6.0,2.0,8,6,0,0,4,0,0.32,0.11,0.43,0.32,0.43,Matches,6,34,15,44.1,1.84,0.81,0.18,0.4,0,0,Matches,,,,,,,,,,,,,,,2.0,,,,,,Matches,,7,,,,,,,,,,,4,,,,Matches,,,,,,,,,,,,,,,,,,,,,Matches,oliver burke,6.0373401287943125,2.2901990823447704,6.0373401287943125,9.287183087319136,1.809681724756956,FW,0.32432432432432434,0.3263427096645574,-0.002018385340233107,0.18,,0.10810810810810811,0.12379454499160922,,,,,,,,,
411,Dan Burn,eng ENG,DF,Newcastle,eng Premier League,33.0,1992.0,29,25,2199.0,24.4,1.0,2.0,3,1,0,0,11,1,0.04,0.08,0.12,0.04,0.12,Matches,1,10,3,30.0,0.41,0.12,0.1,0.33,0,0,Matches,,,,,,,,,,,,,,,2.0,,,,,,Matches,,26,,,,,,,,,,,20,,,,Matches,,,,,,,,,,,,,,,,,,,,,Matches,dan burn,0.9214910920709372,0.4085770333185792,0.9214910920709372,5.236281432211399,4.939116761088371,DF,0.04098360655737705,0.037766028363563,0.003217578193814051,0.1,,0.0819672131147541,0.016744960381908983,,,,,,,,,
413,Marnon Busch,de GER,"DF,MF",Heidenheim,de Bundesliga,30.0,1994.0,29,20,1915.0,21.3,1.0,5.0,6,1,0,0,4,0,0.05,0.23,0.28,0.05,0.28,Matches,1,12,3,25.0,0.56,0.14,0.08,0.33,0,0,Matches,,,,,,,,,,,,,,,5.0,,,,,,Matches,,24,,,,,,,,,,,34,,,,Matches,,,,,,,,,,,,,,,,,,,,,Matches,marnon busch,0.7969588423147798,3.24848564201966,0.7969588423147798,6.242594827432185,4.60207387059927,DF,0.046948356807511735,0.03741590808989576,0.009532448717615974,0.08,,0.2347417840375587,0.15251106300561784,,,,,,,,,
415,Jean Butez,fr FRA,GK,Como,it Serie A,30.0,1995.0,38,38,3420.0,38.0,0.0,1.0,1,0,0,0,3,0,0.0,0.03,0.03,0.0,0.03,Matches,0,0,0,,0.0,0.0,,,0,0,Matches,,,,,,,,,,,,,,,1.0,,,,,,Matches,,2,,,,,,,,,,,0,,,,Matches,,,,,,,,,,,,,,,,,,,,,Matches,jean butez,0.0,0.4511870332062244,0.0,8.169484661892056,7.718297624960542,GK,,,,,,,,,,,,,,,,
420,Rémy Cabella,fr FRA,"MF,FW",Nantes,fr Ligue 1,35.0,1990.0,11,6,572.0,6.4,2.0,0.0,2,1,1,1,1,0,0.31,0.0,0.31,0.16,0.16,Matches,2,9,5,55.6,1.42,0.79,0.22,0.4,1,1,Matches,,,,,,,,,,,,,,,0.0,,,,,,Matches,,7,,,,,,,,,,,6,,,,Matches,,,,,,,,,,,,,,,,,,,,,Matches,remy cabella,2.6006658375263214,1.1487493216991425,1.84076938778162,4.199691403657198,1.7681113071739674,MF,0.3125,0.28762021684087813,-0.09385403711348772,0.22,,0.0,0.179492081515491,,,,,,,,,
423,Leandro Cabrera,uy URU,DF,Espanyol,es La Liga,34.0,1991.0,37,37,3330.0,37.0,3.0,0.0,3,3,0,0,4,0,0.08,0.0,0.08,0.08,0.08,Matches,3,40,12,30.0,1.08,0.32,0.08,0.25,0,0,Matches,,,,,,,,,,,,,,,0.0,,,,,,Matches,,23,,,,,,,,,,,23,,,,Matches,,,,,,,,,,,,,,,,,,,,,Matches,leandro cabrera,3.651096777059138,1.0857037864625454,3.651096777059138,7.0683932332322,6.544433953240514,DF,0.08108108108108109,0.09867829127186858,-0.01759721019078751,0.08,,0.0,0.029343345580068795,,,,,,,,,
424,Anthony Caci,fr FRA,MF,Mainz 05,de Bundesliga,28.0,1997.0,10,6,519.0,5.8,0.0,0.0,0,0,0,0,3,0,0.0,0.0,0.0,0.0,0.0,Matches,0,6,0,0.0,1.04,0.0,0.0,,0,0,Matches,,,,,,,,,,,,,,,0.0,,,,,,Matches,,10,,,,,,,,,,,3,,,,Matches,,,,,,,,,,,,,,,,,,,,,Matches,anthony caci,0.2611511684954166,1.723295472562313,0.2611511684954166,3.7935716342180967,3.304370043799281,MF,0.0,0.04502606353369252,-0.04502606353369252,0.0,,0.0,0.29711990906246777,,,,,,,,,
425,Noah Cadiou,gp GLP,MF,Lorient,fr Ligue 1,26.0,1998.0,28,20,1879.0,20.9,3.0,1.0,4,3,0,0,2,0,0.14,0.05,0.19,0.14,0.19,Matches,3,19,9,47.4,0.91,0.43,0.16,0.33,0,0,Matches,,,,,,,,,,,,,,,1.0,,,,,,Matches,,16,,,,,,,,,,,24,,,,Matches,,,,,,,,,,,,,,,,,,,,,Matches,noah cadiou,2.319805635139346,0.6930346991866827,2.319805635139346,6.738548027351499,4.918760793283582,MF,0.14354066985645933,0.11099548493489696,0.03254518492156239,0.16,,0.04784688995215311,0.03315955498500874,,,,,,,,,
427,Moisés Caicedo,ec ECU,MF,Chelsea,eng Premier League,23.0,2001.0,33,32,2795.0,31.1,3.0,1.0,4,3,0,0,11,1,0.1,0.03,0.13,0.1,0.13,Matches,3,27,7,25.9,0.87,0.23,0.11,0.43,0,0,Matches,,,,,,,,,,,,,,,1.0,,,,,,Matches,,47,,,,,,,,,,,59,,,,Matches,,,,,,,,,,,,,,,,,,,,,Matches,moises caicedo,1.5309751015156507,2.626823216676712,1.5309751015156507,17.209235347807407,15.360051840543749,MF,0.09646302250803858,0.049227495225583624,0.047235527282454955,0.11,,0.03215434083601286,0.08446376902497466,,,,,,,,,
428,Tom Cairney,sct SCO,MF,Fulham,eng Premier League,34.0,1991.0,24,6,775.0,8.6,2.0,0.0,2,2,0,0,3,0,0.23,0.0,0.23,0.23,0.23,Matches,2,17,2,11.8,1.97,0.23,0.12,1.0,0,0,Matches,,,,,,,,,,,,,,,0.0,,,,,,Matches,,4,,,,,,,,,,,4,,,,Matches,,,,,,,,,,,,,,,,,,,,,Matches,tom cairney,0.8124629594385624,0.6888010948896408,0.8124629594385624,4.332617878913879,3.375612545758486,MF,0.23255813953488372,0.09447243714401889,0.13808570239086485,0.12,,0.0,0.08009315056856289,,,,,,,,,
429,Arturo Calabresi,it ITA,DF,Pisa,it Serie A,29.0,1996.0,26,17,1514.0,16.8,0.0,0.0,0,0,0,0,8,0,0.0,0.0,0.0,0.0,0.0,Matches,0,4,1,25.0,0.24,0.06,0.0,0.0,0,0,Matches,,,,,,,,,,,,,,,0.0,,,,,,Matches,,13,,,,,,,,,,,19,,,,Matches,,,,,,,,,,,,,,,,,,,,,Matches,arturo calabresi,0.2407729886472225,0.0651397965848445,0.2407729886472225,2.263354999944568,2.1927061965689063,DF,0.0,0.014331725514715624,-0.014331725514715624,0.0,,0.0,0.003877368844335982,,,,,,,,,
430,Riccardo Calafiori,it ITA,DF,Arsenal,eng Premier League,23.0,2002.0,26,22,1699.0,18.9,1.0,2.0,3,1,0,0,5,0,0.05,0.11,0.16,0.05,0.16,Matches,1,32,8,25.0,1.7,0.42,0.03,0.13,0,0,Matches,,,,,,,,,,,,,,,2.0,,,,,,Matches,,19,,,,,,,,,,,13,,,,Matches,,,,,,,,,,,,,,,,,,,,,Matches,riccardo calafiori,3.469513338059187,0.6484237592667341,3.469513338059187,8.157827861607075,6.558366058394313,DF,0.052910052910052914,0.1835721342888459,-0.13066208137879298,0.03,,0.10582010582010583,0.034308135410938315,,,,,,,,,
432,Calebe,br BRA,MF,Alavés,es La Liga,25.0,2000.0,19,13,752.0,8.4,0.0,0.0,0,0,0,0,2,0,0.0,0.0,0.0,0.0,0.0,Matches,0,5,1,20.0,0.6,0.12,0.0,0.0,0,0,Matches,,,,,,,,,,,,,,,0.0,,,,,,Matches,,14,,,,,,,,,,,9,,,,Matches,,,,,,,,,,,,,,,,,,,,,Matches,calebe,0.1414615493267774,0.4505636161193251,0.1414615493267774,3.171772821806371,2.632065003737808,MF,0.0,0.016840660634140168,-0.016840660634140168,0.0,,0.0,0.05363852572849108,,,,,,,,,
433,Fernando Calero,es ESP,DF,Espanyol,es La Liga,29.0,1995.0,28,24,2148.0,23.9,0.0,0.0,0,0,0,0,5,0,0.0,0.0,0.0,0.0,0.0,Matches,0,12,1,8.3,0.5,0.04,0.0,0.0,0,0,Matches,,,,,,,,,,,,,,,0.0,,,,,,Matches,,18,,,,,,,,,,,31,,,,Matches,,,,,,,,,,,,,,,,,,,,,Matches,fernando calero,2.0030301241204143,0.5543733611702919,2.0030301241204143,2.6128574209287763,2.4083885895088315,DF,0.0,0.08380879180420144,-0.08380879180420144,0.0,,0.0,0.023195538124279998,,,,,,,,,
434,Duje Ćaleta-Car,hr CRO,DF,Real Sociedad,es La Liga,28.0,1996.0,27,24,2150.0,23.9,1.0,0.0,1,1,0,0,6,1,0.04,0.0,0.04,0.04,0.04,Matches,1,13,3,23.1,0.54,0.13,0.08,0.33,0,0,Matches,,,,,,,,,,,,,,,0.0,,,,,,Matches,,14,,,,,,,,,,,29,,,,Matches,,,,,,,,,,,,,,,,,,,,,Matches,duje caleta car,1.877065658569336,0.1966800149530172,1.877065658569336,6.151753548532724,5.95507350936532,DF,0.041841004184100423,0.0785383120740308,-0.03669730788993038,0.08,,0.0,0.008229289328578126,,,,,,,,,
435,Hakan Çalhanoğlu,tr TUR,MF,Inter,it Serie A,31.0,1994.0,22,20,1639.0,18.2,9.0,4.0,13,5,4,5,7,0,0.49,0.22,0.71,0.27,0.49,Matches,9,50,17,34.0,2.75,0.93,0.18,0.53,4,5,Matches,,,,,,,,,,,,,,,4.0,,,,,,Matches,,17,,,,,,,,,,,19,,,,Matches,,,,,,,,,,,,,,,,,,,,,Matches,hakan calhanoglu,5.147694624960423,3.476379970088601,1.341200515627861,10.343171261250973,8.637412548065186,MF,0.4945054945054945,0.07369233602350884,0.21166513049668004,0.18,,0.21978021978021978,0.19100988846640665,,,,,,,,,
436,Dominic Calvert-Lewin,eng ENG,FW,Leeds United,eng Premier League,28.0,1997.0,35,30,2721.0,30.2,14.0,1.0,15,10,4,5,3,0,0.46,0.03,0.5,0.33,0.36,Matches,14,73,34,46.6,2.41,1.12,0.19,0.41,4,5,Matches,,,,,,,,,,,,,,,1.0,,,,,,Matches,,4,,,,,,,,,,,5,,,,Matches,,,,,,,,,,,,,,,,,,,,,Matches,dominic calvert lewin,18.671318570151925,1.5441157519817352,14.865511130541565,18.026230743154883,2.768353534862399,FW,0.4635761589403974,0.4922354678987273,-0.15467942285271274,0.19,,0.033112582781456956,0.05112966066164686,,,,,,,,,
437,Dani Calvo,es ESP,DF,Oviedo,es La Liga,31.0,1994.0,20,17,1611.0,17.9,0.0,0.0,0,0,0,0,3,0,0.0,0.0,0.0,0.0,0.0,Matches,0,3,0,0.0,0.17,0.0,0.0,,0,0,Matches,,,,,,,,,,,,,,,0.0,,,,,,Matches,,15,,,,,,,,,,,10,,,,Matches,,,,,,,,,,,,,,,,,,,,,Matches,dani calvo,0.9167876914143562,0.4952077195048332,0.9167876914143562,0.8509417865425348,0.8154006768018007,DF,0.0,0.05121718946448918,-0.05121718946448918,0.0,,0.0,0.027665235726526998,,,,,,,,,
439,Adama Camara,fr FRA,"MF,DF",Paris FC,fr Ligue 1,28.0,1996.0,29,26,2159.0,24.0,1.0,0.0,1,1,0,0,8,0,0.04,0.0,0.04,0.04,0.04,Matches,1,17,5,29.4,0.71,0.21,0.06,0.2,0,0,Matches,,,,,,,,,,,,,,,0.0,,,,,,Matches,,30,,,,,,,,,,,38,,,,Matches,,,,,,,,,,,,,,,,,,,,,Matches,adama camara,1.9149737488478424,1.39525724388659,1.9149737488478424,9.099290944635868,7.309254512190819,MF,0.041666666666666664,0.0797905728686601,-0.038123906201993435,0.06,,0.0,0.05813571849527458,,,,,,,,,
442,Lamine Camara,sn SEN,MF,Monaco,fr Ligue 1,21.0,2004.0,24,22,1847.0,20.5,3.0,4.0,7,3,0,0,6,0,0.15,0.19,0.34,0.15,0.34,Matches,3,25,4,16.0,1.22,0.19,0.12,0.75,0,0,Matches,,,,,,,,,,,,,,,4.0,,,,,,Matches,,33,,,,,,,,,,,38,,,,Matches,,,,,,,,,,,,,,,,,,,,,Matches,lamine camara,1.3439804669469595,5.089582786895335,1.3439804669469595,11.131023939698936,7.78083136677742,MF,0.14634146341463414,0.06556002277790046,0.08078144063673369,0.12,,0.1951219512195122,0.24827233106806512,,,,,,,,,
443,Mahdi Camara,fr FRA,MF,Rennes,fr Ligue 1,27.0,1998.0,32,31,2653.0,29.5,3.0,1.0,4,3,0,0,5,1,0.1,0.03,0.14,0.1,0.14,Matches,3,29,12,41.4,0.98,0.41,0.1,0.25,0,0,Matches,,,,,,,,,,,,,,,1.0,,,,,,Matches,,33,,,,,,,,,,,27,,,,Matches,,,,,,,,,,,,,,,,,,,,,Matches,mahdi camara,2.641194898635149,2.1875408850610256,2.641194898635149,12.445880690589547,8.626727394759655,MF,0.1016949152542373,0.08953203046220844,0.012162884792028848,0.1,,0.03389830508474576,0.07415392830715341,,,,,,,,,
444,Ousmane Camara,ml MLI,DF,Angers,fr Ligue 1,22.0,2003.0,32,31,2718.0,30.2,1.0,0.0,1,1,0,0,4,0,0.03,0.0,0.03,0.03,0.03,Matches,1,13,5,38.5,0.43,0.17,0.08,0.2,0,0,Matches,,,,,,,,,,,,,,,0.0,,,,,,Matches,,29,,,,,,,,,,,34,,,,Matches,,,,,,,,,,,,,,,,,,,,,Matches,ousmane camara,0.6418565474450588,0.2501995433121919,0.6418565474450588,7.059348467737436,6.810051258653402,DF,0.033112582781456956,0.021253528061094665,0.011859054720362291,0.08,,0.0,0.00828475308980768,,,,,,,,,
445,Francesco Camarda,it ITA,FW,Lecce,it Serie A,17.0,2008.0,21,7,687.0,7.6,1.0,0.0,1,1,0,1,1,0,0.13,0.0,0.13,0.13,0.13,Matches,1,16,3,18.8,2.1,0.39,0.06,0.33,0,1,Matches,,,,,,,,,,,,,,,0.0,,,,,,Matches,,1,,,,,,,,,,,0,,,,Matches,,,,,,,,,,,,,,,,,,,,,Matches,francesco camarda,2.3779635597020388,0.5863882713019848,1.6166647244244814,1.6625296864658594,0.6394962444901466,FW,0.13157894736842105,0.21271904268743178,-0.1813109946976367,0.06,,0.0,0.07715635148710326,,,,,,,,,
446,Eduardo Camavinga,fr FRA,MF,Real Madrid,es La Liga,22.0,2002.0,29,16,1528.0,17.0,1.0,0.0,1,1,0,0,2,0,0.06,0.0,0.06,0.06,0.06,Matches,1,13,2,15.4,0.77,0.12,0.08,0.5,0,0,Matches,,,,,,,,,,,,,,,0.0,,,,,,Matches,,37,,,,,,,,,,,15,,,,Matches,,,,,,,,,,,,,,,,,,,,,Matches,eduardo camavinga,1.1423941813409328,1.8246677611023188,1.1423941813409328,7.222875934094191,5.800564680248499,MF,0.058823529411764705,0.06719965772593722,-0.00837612831417252,0.08,,0.0,0.1073333977119011,,,,,,,,,
447,Nicolò Cambiaghi,it ITA,"MF,FW",Bologna,it Serie A,24.0,2000.0,28,17,1518.0,16.9,3.0,4.0,7,3,0,0,3,1,0.18,0.24,0.42,0.18,0.42,Matches,3,24,6,25.0,1.42,0.36,0.13,0.5,0,0,Matches,,,,,,,,,,,,,,,4.0,,,,,,Matches,,20,,,,,,,,,,,9,,,,Matches,,,,,,,,,,,,,,,,,,,,,Matches,nicolo cambiaghi,2.916797866113484,3.030234506353736,2.916797866113484,6.658601673319936,1.8299096524715424,MF,0.1775147928994083,0.17259158971085706,0.0049232031885512485,0.13,,0.2366863905325444,0.17930381694400807,,,,,,,,,
448,Andrea Cambiaso,it ITA,"MF,DF",Juventus,it Serie A,25.0,2000.0,36,35,2769.0,30.8,3.0,4.0,7,3,0,0,3,1,0.1,0.13,0.23,0.1,0.23,Matches,3,26,13,50.0,0.85,0.42,0.12,0.23,0,0,Matches,,,,,,,,,,,,,,,4.0,,,,,,Matches,,39,,,,,,,,,,,20,,,,Matches,,,,,,,,,,,,,,,,,,,,,Matches,andrea cambiaso,2.895034248009324,6.848085522651672,2.895034248009324,19.01030919328332,13.388544871471822,MF,0.09740259740259741,0.09399461844186117,0.0034079789607362313,0.12,,0.12987012987012986,0.22234043904713222,,,,,,,,,
450,Sergio Camello,es ESP,"FW,MF",Rayo Vallecano,es La Liga,24.0,2001.0,22,8,823.0,9.1,5.0,1.0,6,5,0,0,3,1,0.55,0.11,0.66,0.55,0.66,Matches,5,27,14,51.9,2.95,1.53,0.19,0.36,0,0,Matches,,,,,,,,,,,,,,,1.0,,,,,,Matches,,8,,,,,,,,,,,4,,,,Matches,,,,,,,,,,,,,,,,,,,,,Matches,sergio camello,3.886531239375472,1.591644560918212,3.886531239375472,5.900235395878553,0.5705750286579132,FW,0.5494505494505495,0.4270913449863156,0.12235920446423385,0.19,,0.10989010989010989,0.17490599570529802,,,,,,,,,
453,Emre Can,de GER,DF,Dortmund,de Bundesliga,31.0,1994.0,9,7,621.0,6.9,3.0,0.0,3,0,3,3,3,0,0.43,0.0,0.43,0.0,0.0,Matches,3,5,4,80.0,0.72,0.58,0.6,0.75,3,3,Matches,,,,,,,,,,,,,,,0.0,,,,,,Matches,,8,,,,,,,,,,,13,,,,Matches,,,,,,,,,,,,,,,,,,,,,Matches,emre can,2.363978619687259,0.0,0.0906485868617892,2.4536785297095776,2.376001711934805,DF,0.43478260869565216,0.013137476356781043,0.09217701163952764,0.6,,0.0,0.0,,,,,,,,,
454,Matteo Cancellieri,it ITA,FW,Lazio,it Serie A,23.0,2002.0,30,21,1725.0,19.2,4.0,2.0,6,4,0,0,6,0,0.21,0.1,0.31,0.21,0.31,Matches,4,41,17,41.5,2.14,0.89,0.1,0.24,0,0,Matches,,,,,,,,,,,,,,,2.0,,,,,,Matches,,28,,,,,,,,,,,24,,,,Matches,,,,,,,,,,,,,,,,,,,,,Matches,matteo cancellieri,5.217630736529827,1.9236066080629823,5.217630736529827,8.65033857896924,1.823181548155844,FW,0.20833333333333334,0.27175160086092853,-0.06341826752759516,0.1,,0.10416666666666667,0.100187844169947,,,,,,,,,
455,João Cancelo,pt POR,DF,Barcelona,es La Liga,31.0,1994.0,16,11,954.0,10.6,2.0,2.0,4,2,0,0,1,0,0.19,0.19,0.38,0.19,0.38,Matches,2,13,4,30.8,1.23,0.38,0.15,0.5,0,0,Matches,,,,,,,,,,,,,,,2.0,,,,,,Matches,,19,,,,,,,,,,,11,,,,Matches,,,,,,,,,,,,,,,,,,,,,Matches,joao cancelo,0.9704140685498714,3.250015649944544,0.9704140685498714,7.625581830739975,5.459999196231365,DF,0.18867924528301888,0.09154849703300674,0.09713074825001212,0.15,,0.18867924528301888,0.3066052499947683,,,,,,,,,
456,Fali Candé,gw GNB,DF,Sassuolo,it Serie A,27.0,1998.0,12,5,509.0,5.7,0.0,0.0,0,0,0,0,2,0,0.0,0.0,0.0,0.0,0.0,Matches,0,3,0,0.0,0.53,0.0,0.0,,0,0,Matches,,,,,,,,,,,,,,,0.0,,,,,,Matches,,9,,,,,,,,,,,2,,,,Matches,,,,,,,,,,,,,,,,,,,,,Matches,fali cande,0.1701168362051248,0.0114713637158274,0.1701168362051248,0.5957811279222369,0.4141929261386394,DF,0.0,0.029845058983355228,-0.029845058983355228,0.0,,0.0,0.002012519950145158,,,,,,,,,
457,Simone Canestrelli,it ITA,DF,Pisa,it Serie A,24.0,2000.0,37,36,3201.0,35.6,1.0,0.0,1,1,0,0,4,0,0.03,0.0,0.03,0.03,0.03,Matches,1,16,3,18.8,0.45,0.08,0.06,0.33,0,0,Matches,,,,,,,,,,,,,,,0.0,,,,,,Matches,,25,,,,,,,,,,,33,,,,Matches,,,,,,,,,,,,,,,,,,,,,Matches,simone canestrelli,1.348835569806397,0.4718508189544081,1.348835569806397,3.6674246499314895,3.0219644913449883,DF,0.028089887640449437,0.03788863960130329,-0.009798751960853848,0.06,,0.0,0.013254236487483374,,,,,,,,,
459,Jaydee Canvot,fr FRA,DF,Crystal Palace,eng Premier League,19.0,2006.0,20,14,1336.0,14.8,0.0,0.0,0,0,0,0,3,0,0.0,0.0,0.0,0.0,0.0,Matches,0,7,1,14.3,0.47,0.07,0.0,0.0,0,0,Matches,,,,,,,,,,,,,,,0.0,,,,,,Matches,,22,,,,,,,,,,,12,,,,Matches,,,,,,,,,,,,,,,,,,,,,Matches,jaydee canvot,1.5658284928649664,0.0823616674169898,1.5658284928649664,3.845728666521609,3.81945420242846,DF,0.0,0.1057992224908761,-0.1057992224908761,0.0,,0.0,0.005564977528174987,,,,,,,,,
460,Nicolás Capaldo,ar ARG,"DF,MF",Hamburger SV,de Bundesliga,26.0,1998.0,26,24,2001.0,22.2,1.0,3.0,4,1,0,0,10,0,0.04,0.13,0.18,0.04,0.18,Matches,1,22,6,27.3,0.99,0.27,0.05,0.17,0,0,Matches,,,,,,,,,,,,,,,3.0,,,,,,Matches,,46,,,,,,,,,,,35,,,,Matches,,,,,,,,,,,,,,,,,,,,,Matches,nicolas capaldo,2.6900635082274675,1.8462919499725103,2.6900635082274675,6.40477589238435,2.652264328673482,DF,0.04504504504504505,0.12117403190213819,-0.07612898685709313,0.05,,0.13513513513513514,0.08316630405281579,,,,,,,,,
461,Pierrick Capelle,fr FRA,MF,Angers,fr Ligue 1,38.0,1987.0,16,6,651.0,7.2,0.0,1.0,1,0,0,0,2,0,0.0,0.14,0.14,0.0,0.14,Matches,0,10,1,10.0,1.38,0.14,0.0,0.0,0,0,Matches,,,,,,,,,,,,,,,1.0,,,,,,Matches,,13,,,,,,,,,,,7,,,,Matches,,,,,,,,,,,,,,,,,,,,,Matches,pierrick capelle,0.7181477919220924,0.6064471378922462,0.7181477919220924,2.7191668786108494,1.6408849731087685,MF,0.0,0.09974274887806839,-0.09974274887806839,0.0,,0.1388888888888889,0.08422876915170087,,,,,,,,,
462,Elia Caprile,it ITA,GK,Cagliari,it Serie A,23.0,2001.0,38,38,3420.0,38.0,0.0,0.0,0,0,0,0,2,0,0.0,0.0,0.0,0.0,0.0,Matches,0,0,0,,0.0,0.0,,,0,0,Matches,,,,,,,,,,,,,,,0.0,,,,,,Matches,,0,,,,,,,,,,,0,,,,Matches,,,,,,,,,,,,,,,,,,,,,Matches,elia caprile,0.0,0.1229132413864135,0.0,2.390499006025493,2.26758576463908,GK,,,,,,,,,,,,,,,,
463,Maxence Caqueret,fr FRA,MF,Como,it Serie A,25.0,2000.0,30,17,1485.0,16.5,2.0,6.0,8,2,0,0,3,0,0.12,0.36,0.48,0.12,0.48,Matches,2,18,4,22.2,1.09,0.24,0.11,0.5,0,0,Matches,,,,,,,,,,,,,,,6.0,,,,,,Matches,,23,,,,,,,,,,,14,,,,Matches,,,,,,,,,,,,,,,,,,,,,Matches,maxence caqueret,1.735451778396964,2.78000052459538,1.735451778396964,10.671364849433305,7.438197961077094,MF,0.12121212121212122,0.10517889566042206,0.016033225551699146,0.11,,0.36363636363636365,0.16848488027850786,,,,,,,,,
464,Antonio Caracciolo,it ITA,DF,Pisa,it Serie A,35.0,1990.0,35,34,3073.0,34.1,2.0,0.0,2,2,0,0,10,0,0.06,0.0,0.06,0.06,0.06,Matches,2,25,6,24.0,0.73,0.18,0.08,0.33,0,0,Matches,,,,,,,,,,,,,,,0.0,,,,,,Matches,,44,,,,,,,,,,,57,,,,Matches,,,,,,,,,,,,,,,,,,,,,Matches,antonio caracciolo,2.3648768034763634,0.1618939042091369,2.3648768034763634,4.622567382641137,3.8652119608595967,DF,0.05865102639296187,0.06935122590839775,-0.010700199515435877,0.08,,0.0,0.004747621824314865,,,,,,,,,
471,Sergi Cardona,es ESP,DF,Villarreal,es La Liga,26.0,1999.0,31,20,1970.0,21.9,1.0,4.0,5,1,0,0,4,0,0.05,0.18,0.23,0.05,0.23,Matches,1,18,5,27.8,0.82,0.23,0.06,0.2,0,0,Matches,,,,,,,,,,,,,,,4.0,,,,,,Matches,,31,,,,,,,,,,,37,,,,Matches,,,,,,,,,,,,,,,,,,,,,Matches,sergi cardona,1.0293074119836092,3.018667984753847,1.0293074119836092,10.10306180268526,8.429138597100973,DF,0.04566210045662101,0.04700033844674015,-0.0013382379901191416,0.06,,0.18264840182648404,0.13783872076501585,,,,,,,,,
473,Johnny Cardoso,us USA,MF,Atlético Madrid,es La Liga,23.0,2001.0,15,12,887.0,9.9,0.0,0.0,0,0,0,0,5,0,0.0,0.0,0.0,0.0,0.0,Matches,0,2,0,0.0,0.2,0.0,0.0,,0,0,Matches,,,,,,,,,,,,,,,0.0,,,,,,Matches,,21,,,,,,,,,,,16,,,,Matches,,,,,,,,,,,,,,,,,,,,,Matches,johnny cardoso,0.0442219888791441,0.3355124518275261,0.0442219888791441,2.752377048134804,2.4710518792271614,MF,0.0,0.004466867563549909,-0.004466867563549909,0.0,,0.0,0.033890146649245056,,,,,,,,,
475,Igor Carioca,br BRA,DF,Lorient,fr Ligue 1,28.0,1996.0,17,13,1213.0,13.5,1.0,0.0,1,1,0,0,1,0,0.07,0.0,0.07,0.07,0.07,Matches,1,8,1,12.5,0.59,0.07,0.13,1.0,0,0,Matches,,,,,,,,,,,,,,,0.0,,,,,,Matches,,19,,,,,,,,,,,13,,,,Matches,,,,,,,,,,,,,,,,,,,,,Matches,igor carioca,,,,,,DF,0.07407407407407407,,,0.13,,0.0,,,,,,,,,,
477,Diego Carlos,br BRA,DF,Como,it Serie A,32.0,1993.0,27,21,1949.0,21.7,1.0,0.0,1,1,0,0,8,0,0.05,0.0,0.05,0.05,0.05,Matches,1,8,2,25.0,0.37,0.09,0.13,0.5,0,0,Matches,,,,,,,,,,,,,,,0.0,,,,,,Matches,,18,,,,,,,,,,,22,,,,Matches,,,,,,,,,,,,,,,,,,,,,Matches,diego carlos,1.6734400745481253,0.0478520281612873,1.6734400745481253,5.324253041297197,5.265754908323288,DF,0.04608294930875576,0.07711705412664172,-0.031034104817885957,0.13,,0.0,0.002205162588077756,,,,,,,,,
478,Kevin Carlos,es ESP,FW,Nice,fr Ligue 1,24.0,2001.0,23,9,880.0,9.8,0.0,0.0,0,0,0,0,3,0,0.0,0.0,0.0,0.0,0.0,Matches,0,22,7,31.8,2.25,0.72,0.0,0.0,0,0,Matches,,,,,,,,,,,,,,,0.0,,,,,,Matches,,1,,,,,,,,,,,1,,,,Matches,,,,,,,,,,,,,,,,,,,,,Matches,kevin carlos,,,,,,FW,0.0,,,0.0,,0.0,,,,,,,,,,
479,David Carmo,ao ANG,DF,Oviedo,es La Liga,26.0,1999.0,22,20,1786.0,19.8,1.0,0.0,1,1,0,0,8,1,0.05,0.0,0.05,0.05,0.05,Matches,1,10,3,30.0,0.5,0.15,0.1,0.33,0,0,Matches,,,,,,,,,,,,,,,0.0,,,,,,Matches,,18,,,,,,,,,,,21,,,,Matches,,,,,,,,,,,,,,,,,,,,,Matches,david carmo,0.9620246645063162,0.5050461739301682,0.9620246645063162,3.8941762782633305,2.9872417859733105,DF,0.050505050505050504,0.048587104267995763,0.001917946237054738,0.1,,0.0,0.025507382521725665,,,,,,,,,
480,Carmona,es ESP,"DF,MF",Sevilla,es La Liga,23.0,2002.0,35,29,2565.0,28.5,1.0,3.0,4,1,0,0,13,0,0.04,0.11,0.14,0.04,0.14,Matches,1,20,3,15.0,0.7,0.11,0.05,0.33,0,0,Matches,,,,,,,,,,,,,,,3.0,,,,,,Matches,,40,,,,,,,,,,,45,,,,Matches,,,,,,,,,,,,,,,,,,,,,Matches,carmona,0.9539876133203506,2.3566217375919223,0.9539876133203506,9.38717579189688,7.580831928178668,DF,0.03508771929824561,0.03347324959018774,0.001614469708057872,0.05,,0.10526315789473684,0.0826884820207692,,,,,,,,,
481,Marco Carnesecchi,it ITA,GK,Atalanta,it Serie A,25.0,2000.0,37,37,3330.0,37.0,0.0,0.0,0,0,0,0,0,0,0.0,0.0,0.0,0.0,0.0,Matches,0,0,0,,0.0,0.0,,,0,0,Matches,,,,,,,,,,,,,,,0.0,,,,,,Matches,,0,,,,,,,,,,,0,,,,Matches,,,,,,,,,,,,,,,,,,,,,Matches,marco carnesecchi,0.0,0.0,0.0,6.905917014926672,6.905917014926672,GK,,,,,,,,,,,,,,,,
482,Sergio Carreira,es ESP,MF,Celta Vigo,es La Liga,24.0,2000.0,34,29,2694.0,29.9,2.0,1.0,3,2,0,0,2,0,0.07,0.03,0.1,0.07,0.1,Matches,2,16,7,43.8,0.53,0.23,0.13,0.29,0,0,Matches,,,,,,,,,,,,,,,1.0,,,,,,Matches,,18,,,,,,,,,,,27,,,,Matches,,,,,,,,,,,,,,,,,,,,,Matches,sergio carreira,1.9027378391474483,1.643869117833674,1.9027378391474483,13.548812368884684,11.5469787735492,MF,0.06688963210702341,0.06363671702834275,0.0032529150786806582,0.13,,0.033444816053511704,0.05497890026199579,,,,,,,,,
484,Álvaro Carreras,es ESP,DF,Real Madrid,es La Liga,22.0,2003.0,28,26,2332.0,25.9,2.0,3.0,5,2,0,0,5,1,0.08,0.12,0.19,0.08,0.19,Matches,2,9,3,33.3,0.35,0.12,0.22,0.67,0,0,Matches,,,,,,,,,,,,,,,3.0,,,,,,Matches,,18,,,,,,,,,,,38,,,,Matches,,,,,,,,,,,,,,,,,,,,,Matches,alvaro carreras,,,,,,DF,0.07722007722007722,,,0.22,,0.11583011583011583,,,,,,,,,,
485,Dani Carvajal,es ESP,DF,Real Madrid,es La Liga,33.0,1992.0,17,10,977.0,10.9,0.0,1.0,1,0,0,0,0,0,0.0,0.09,0.09,0.0,0.09,Matches,0,5,1,20.0,0.46,0.09,0.0,0.0,0,0,Matches,,,,,,,,,,,,,,,1.0,,,,,,Matches,,12,,,,,,,,,,,6,,,,Matches,,,,,,,,,,,,,,,,,,,,,Matches,dani carvajal,0.2845469722524285,1.9865489229559896,0.2845469722524285,4.963872527703643,3.1964759286493063,DF,0.0,0.026105226812149402,-0.026105226812149402,0.0,,0.09174311926605504,0.18225219476660454,,,,,,,,,
487,Cesare Casadei,it ITA,MF,Torino,it Serie A,22.0,2003.0,33,19,1997.0,22.2,6.0,0.0,6,6,0,0,5,0,0.27,0.0,0.27,0.27,0.27,Matches,6,35,17,48.6,1.58,0.77,0.17,0.35,0,0,Matches,,,,,,,,,,,,,,,0.0,,,,,,Matches,,16,,,,,,,,,,,9,,,,Matches,,,,,,,,,,,,,,,,,,,,,Matches,cesare casadei,4.651984546333551,1.8106952449306848,4.651984546333551,10.028646923601627,6.922802485525608,MF,0.2702702702702703,0.20954885343844826,0.06072141683182201,0.17,,0.0,0.08156284887075158,,,,,,,,,
488,Marc Casado,es ESP,MF,Barcelona,es La Liga,21.0,2003.0,24,10,989.0,11.0,0.0,1.0,1,0,0,0,1,0,0.0,0.09,0.09,0.0,0.09,Matches,0,11,0,0.0,1.0,0.0,0.0,,0,0,Matches,,,,,,,,,,,,,,,1.0,,,,,,Matches,,9,,,,,,,,,,,7,,,,Matches,,,,,,,,,,,,,,,,,,,,,Matches,marc casado,1.0334394490346313,0.5815958976745605,1.0334394490346313,8.210956364870071,6.8881447948515415,MF,0.0,0.09394904082133011,-0.09394904082133011,0.0,,0.09090909090909091,0.05287235433405096,,,,,,,,,
489,Nicolò Casale,it ITA,DF,Bologna,it Serie A,27.0,1998.0,12,8,678.0,7.5,0.0,0.0,0,0,0,0,0,0,0.0,0.0,0.0,0.0,0.0,Matches,0,5,0,0.0,0.66,0.0,0.0,,0,0,Matches,,,,,,,,,,,,,,,0.0,,,,,,Matches,,2,,,,,,,,,,,7,,,,Matches,,,,,,,,,,,,,,,,,,,,,Matches,nicolo casale,0.7464245669543743,0.2049335874617099,0.7464245669543743,1.794011733494699,1.707671201787889,DF,0.0,0.09952327559391658,-0.09952327559391658,0.0,,0.0,0.027324478328227986,,,,,,,,,
490,Casemiro,br BRA,MF,Manchester Utd,eng Premier League,33.0,1992.0,34,33,2571.0,28.6,9.0,2.0,11,9,0,0,11,1,0.32,0.07,0.39,0.32,0.39,Matches,9,52,18,34.6,1.82,0.63,0.17,0.5,0,0,Matches,,,,,,,,,,,,,,,2.0,,,,,,Matches,,45,,,,,,,,,,,30,,,,Matches,,,,,,,,,,,,,,,,,,,,,Matches,casemiro,6.577375870198011,3.177681438624859,6.577375870198011,16.168739575892687,11.8755685351789,MF,0.3146853146853147,0.22997817727965073,0.08470713740566393,0.17,,0.06993006993006992,0.11110774260926079,,,,,,,,,
491,Matty Cash,pl POL,DF,Aston Villa,eng Premier League,27.0,1997.0,35,34,3014.0,33.5,3.0,3.0,6,3,0,0,9,0,0.09,0.09,0.18,0.09,0.18,Matches,3,30,10,33.3,0.9,0.3,0.1,0.3,0,0,Matches,,,,,,,,,,,,,,,3.0,,,,,,Matches,,32,,,,,,,,,,,24,,,,Matches,,,,,,,,,,,,,,,,,,,,,Matches,matty cash,1.217919012531638,3.2148889815434813,1.217919012531638,10.301109017804263,8.072564328089356,DF,0.08955223880597014,0.036355791418854866,0.053196447387115285,0.1,,0.08955223880597014,0.09596683526995467,,,,,,,,,
492,Josué Casimir,ht HAI,"MF,FW",Auxerre,fr Ligue 1,23.0,2001.0,31,16,1522.0,16.9,1.0,0.0,1,1,0,1,6,1,0.06,0.0,0.06,0.06,0.06,Matches,1,22,12,54.5,1.3,0.71,0.05,0.08,0,1,Matches,,,,,,,,,,,,,,,0.0,,,,,,Matches,,17,,,,,,,,,,,11,,,,Matches,,,,,,,,,,,,,,,,,,,,,Matches,josue casimir,2.738457161933184,1.4077786430716517,1.9783619977533813,5.288893414661288,2.5423824563622475,MF,0.0591715976331361,0.11706284010375038,-0.1028672876883541,0.05,,0.0,0.0833005114243581,,,,,,,,,
493,Cristian Cásseres Jr.,ve VEN,MF,Toulouse,fr Ligue 1,25.0,2000.0,30,28,2495.0,27.7,2.0,3.0,5,2,0,1,6,0,0.07,0.11,0.18,0.07,0.18,Matches,2,26,6,23.1,0.94,0.22,0.08,0.33,0,1,Matches,,,,,,,,,,,,,,,3.0,,,,,,Matches,,42,,,,,,,,,,,37,,,,Matches,,,,,,,,,,,,,,,,,,,,,Matches,cristian casseres jr,1.70372299477458,3.142685988917947,0.943627830594778,9.059219665825369,7.050339192152023,MF,0.07220216606498195,0.03406598666407141,0.01069592076626065,0.08,,0.10830324909747292,0.11345436783097282,,,,,,,,,
494,Timothy Castagne,be BEL,"DF,MF",Fulham,eng Premier League,29.0,1995.0,30,20,1845.0,20.5,0.0,0.0,0,0,0,0,4,0,0.0,0.0,0.0,0.0,0.0,Matches,0,14,6,42.9,0.68,0.29,0.0,0.0,0,0,Matches,,,,,,,,,,,,,,,0.0,,,,,,Matches,,24,,,,,,,,,,,28,,,,Matches,,,,,,,,,,,,,,,,,,,,,Matches,timothy castagne,1.470174259506166,1.7460119286552072,1.470174259506166,6.83210355322808,5.599581710994244,DF,0.0,0.07171581753688615,-0.07171581753688615,0.0,,0.0,0.08517131359293693,,,,,,,,,
496,Valentín Castellanos,ar ARG,FW,Lazio,it Serie A,26.0,1998.0,11,8,692.0,7.7,2.0,3.0,5,2,0,0,2,0,0.26,0.39,0.65,0.26,0.65,Matches,2,20,8,40.0,2.6,1.04,0.1,0.25,0,0,Matches,,,,,,,,,,,,,,,3.0,,,,,,Matches,,3,,,,,,,,,,,3,,,,Matches,,,,,,,,,,,,,,,,,,,,,Matches,valentin castellanos,7.11984671279788,0.747508816421032,7.11984671279788,6.779488665983081,1.1389543628320098,FW,0.2597402597402597,0.9246554172464779,-0.6649151575062182,0.1,,0.38961038961038963,0.09707906706766649,,,,,,,,,
497,Valentín Castellanos,ar ARG,FW,West Ham,eng Premier League,26.0,1998.0,18,17,1384.0,15.4,6.0,0.0,6,6,0,0,6,0,0.39,0.0,0.39,0.39,0.39,Matches,6,50,22,44.0,3.25,1.43,0.12,0.27,0,0,Matches,,,,,,,,,,,,,,,0.0,,,,,,Matches,,9,,,,,,,,,,,6,,,,Matches,,,,,,,,,,,,,,,,,,,,,Matches,valentin castellanos,7.11984671279788,0.747508816421032,7.11984671279788,6.779488665983081,1.1389543628320098,FW,0.38961038961038963,0.46232770862323896,-0.07271731901284936,0.12,,0.0,0.048539533533833244,,,,,,,,,
498,Castrin,es ESP,DF,Sevilla,es La Liga,22.0,2003.0,19,13,1277.0,14.2,1.0,0.0,1,1,0,0,4,0,0.07,0.0,0.07,0.07,0.07,Matches,1,11,3,27.3,0.78,0.21,0.09,0.33,0,0,Matches,,,,,,,,,,,,,,,0.0,,,,,,Matches,,15,,,,,,,,,,,22,,,,Matches,,,,,,,,,,,,,,,,,,,,,Matches,castrin,0.5596901206299663,0.1021546982228756,0.5596901206299663,2.3782171308994293,2.264212667942047,DF,0.07042253521126761,0.03941479722746241,0.031007737983805194,0.09,,0.0,0.007193992832596873,,,,,,,,,
499,Jonny Castro,es ESP,DF,Alavés,es La Liga,31.0,1994.0,34,34,2994.0,33.3,0.0,0.0,0,0,0,0,7,0,0.0,0.0,0.0,0.0,0.0,Matches,0,9,3,33.3,0.27,0.09,0.0,0.0,0,0,Matches,,,,,,,,,,,,,,,0.0,,,,,,Matches,,41,,,,,,,,,,,40,,,,Matches,,,,,,,,,,,,,,,,,,,,,Matches,jonny castro,0.8803313318639994,1.2115384247153995,0.8803313318639994,11.327970540151,9.65009731054306,DF,0.0,0.026436376332252237,-0.026436376332252237,0.0,,0.0,0.03638253527673873,,,,,,,,,
500,Santiago Castro,ar ARG,FW,Bologna,it Serie A,20.0,2004.0,35,26,2359.0,26.2,7.0,2.0,9,7,0,0,3,0,0.27,0.08,0.34,0.27,0.34,Matches,7,63,20,31.7,2.4,0.76,0.11,0.35,0,0,Matches,,,,,,,,,,,,,,,2.0,,,,,,Matches,,8,,,,,,,,,,,1,,,,Matches,,,,,,,,,,,,,,,,,,,,,Matches,santiago castro,8.299087951891124,2.7326227221637964,8.299087951891124,10.868452872149646,1.5710173277184367,FW,0.26717557251908397,0.31675908213324905,-0.04958350961416505,0.11,,0.07633587786259542,0.1042985771818243,,,,,,,,,
501,Alessio Castro-Montes,be BEL,"MF,DF",Köln,de Bundesliga,28.0,1997.0,14,7,672.0,7.5,1.0,3.0,4,1,0,0,2,0,0.13,0.4,0.54,0.13,0.54,Matches,1,8,1,12.5,1.07,0.13,0.13,1.0,0,0,Matches,,,,,,,,,,,,,,,3.0,,,,,,Matches,,17,,,,,,,,,,,5,,,,Matches,,,,,,,,,,,,,,,,,,,,,Matches,alessio castro montes,1.2529878905043006,2.332611743360758,1.2529878905043006,5.1476816944777966,2.3612621556967497,MF,0.13333333333333333,0.16706505206724007,-0.03373171873390675,0.13,,0.4,0.3110148991147677,,,,,,,,,
502,Jens Castrop,kr KOR,MF,Gladbach,de Bundesliga,22.0,2003.0,26,20,1584.0,17.6,3.0,1.0,4,3,0,0,2,2,0.17,0.06,0.23,0.17,0.23,Matches,3,30,12,40.0,1.7,0.68,0.1,0.25,0,0,Matches,,,,,,,,,,,,,,,1.0,,,,,,Matches,,27,,,,,,,,,,,17,,,,Matches,,,,,,,,,,,,,,,,,,,,,Matches,jens castrop,4.301225297152996,1.405629888176918,4.301225297152996,8.649649377912283,4.086695464327931,MF,0.17045454545454544,0.24438780097460203,-0.07393325552005658,0.1,,0.056818181818181816,0.0798653345555067,,,,,,,,,
503,Danilo Cataldi,it ITA,MF,Lazio,it Serie A,30.0,1994.0,27,24,1985.0,22.1,3.0,3.0,6,1,2,2,6,0,0.14,0.14,0.27,0.05,0.18,Matches,3,26,7,26.9,1.18,0.32,0.12,0.43,2,2,Matches,,,,,,,,,,,,,,,3.0,,,,,,Matches,,22,,,,,,,,,,,21,,,,Matches,,,,,,,,,,,,,,,,,,,,,Matches,danilo cataldi,2.712070008739829,2.05142586119473,1.1894723707810044,6.059865925461054,4.789146137423813,MF,0.13574660633484162,0.05382227922085993,0.013028506391862937,0.12,,0.13574660633484162,0.09282469960157148,,,,,,,,,
504,Catena,es ESP,DF,Osasuna,es La Liga,30.0,1994.0,35,35,3071.0,34.1,3.0,2.0,5,3,0,0,11,1,0.09,0.06,0.15,0.09,0.15,Matches,3,19,4,21.1,0.56,0.12,0.16,0.75,0,0,Matches,,,,,,,,,,,,,,,2.0,,,,,,Matches,,29,,,,,,,,,,,32,,,,Matches,,,,,,,,,,,,,,,,,,,,,Matches,catena,2.8552996991202235,1.1020762361586094,2.8552996991202235,5.703319581225514,4.280373828485608,DF,0.0879765395894428,0.08373312900645817,0.004243410582984647,0.16,,0.05865102639296187,0.03231895120699734,,,,,,,,,
506,Santi Cazorla,es ESP,MF,Oviedo,es La Liga,40.0,1984.0,28,6,940.0,10.4,0.0,1.0,1,0,0,0,2,1,0.0,0.1,0.1,0.0,0.1,Matches,0,7,1,14.3,0.67,0.1,0.0,0.0,0,0,Matches,,,,,,,,,,,,,,,1.0,,,,,,Matches,,10,,,,,,,,,,,4,,,,Matches,,,,,,,,,,,,,,,,,,,,,Matches,santi cazorla,,,,,,MF,0.0,,,0.0,,0.09615384615384615,,,,,,,,,,
507,Dani Ceballos,es ESP,MF,Real Madrid,es La Liga,28.0,1996.0,16,4,486.0,5.4,0.0,0.0,0,0,0,0,1,0,0.0,0.0,0.0,0.0,0.0,Matches,0,3,0,0.0,0.56,0.0,0.0,,0,0,Matches,,,,,,,,,,,,,,,0.0,,,,,,Matches,,10,,,,,,,,,,,7,,,,Matches,,,,,,,,,,,,,,,,,,,,,Matches,dani ceballos,0.0812624134123325,0.589991744607687,0.0812624134123325,5.687696643173695,5.359475754201412,MF,0.0,0.015048595076357868,-0.015048595076357868,0.0,,0.0,0.10925773048290499,,,,,,,,,
508,Federico Ceccherini,it ITA,DF,Cremonese,it Serie A,33.0,1992.0,9,6,476.0,5.3,0.0,1.0,1,0,0,0,1,1,0.0,0.19,0.19,0.0,0.19,Matches,0,5,2,40.0,0.95,0.38,0.0,0.0,0,0,Matches,,,,,,,,,,,,,,,1.0,,,,,,Matches,,2,,,,,,,,,,,7,,,,Matches,,,,,,,,,,,,,,,,,,,,,Matches,federico ceccherini,0.1904537454247474,0.4168538190424442,0.1904537454247474,0.7198278941214085,0.6481388285756111,DF,0.0,0.03593466894806555,-0.03593466894806555,0.0,,0.18867924528301888,0.07865166397027248,,,,,,,,,
510,Nidal Čelik,ba BIH,DF,Lens,fr Ligue 1,19.0,2006.0,8,8,616.0,6.8,0.0,0.0,0,0,0,0,2,0,0.0,0.0,0.0,0.0,0.0,Matches,0,1,1,100.0,0.15,0.15,0.0,0.0,0,0,Matches,,,,,,,,,,,,,,,0.0,,,,,,Matches,,10,,,,,,,,,,,9,,,,Matches,,,,,,,,,,,,,,,,,,,,,Matches,nidal celik,0.1184364110231399,0.0,0.1184364110231399,1.7790353894233704,1.7790353894233704,DF,0.0,0.017417119268108808,-0.017417119268108808,0.0,,0.0,0.0,,,,,,,,,
511,Zeki Çelik,tr TUR,"MF,DF",Roma,it Serie A,28.0,1997.0,34,32,2723.0,30.3,1.0,2.0,3,1,0,0,2,1,0.03,0.07,0.1,0.03,0.1,Matches,1,22,4,18.2,0.73,0.13,0.05,0.25,0,0,Matches,,,,,,,,,,,,,,,2.0,,,,,,Matches,,40,,,,,,,,,,,24,,,,Matches,,,,,,,,,,,,,,,,,,,,,Matches,zeki celik,1.7680562287569046,2.412685915827751,1.7680562287569046,13.856140442192554,11.655436754226685,MF,0.033003300330033,0.05835169071804965,-0.025348390388016652,0.05,,0.066006600660066,0.079626597882104,,,,,,,,,
512,Fabien Centonze,fr FRA,"MF,DF",Nantes,fr Ligue 1,29.0,1996.0,15,9,736.0,8.2,3.0,0.0,3,3,0,0,4,0,0.37,0.0,0.37,0.37,0.37,Matches,3,8,3,37.5,0.98,0.37,0.38,1.0,0,0,Matches,,,,,,,,,,,,,,,0.0,,,,,,Matches,,18,,,,,,,,,,,20,,,,Matches,,,,,,,,,,,,,,,,,,,,,Matches,fabien centonze,0.9628630634397268,0.1462906636297702,0.9628630634397268,2.047831054776907,1.1290168827399611,MF,0.3658536585365854,0.1174223248097228,0.2484313337268626,0.38,,0.0,0.017840324832898807,,,,,,,,,
516,Julian Chabot,de GER,DF,Stuttgart,de Bundesliga,27.0,1998.0,27,26,2294.0,25.5,0.0,0.0,0,0,0,0,3,0,0.0,0.0,0.0,0.0,0.0,Matches,0,18,7,38.9,0.71,0.27,0.0,0.0,0,0,Matches,,,,,,,,,,,,,,,0.0,,,,,,Matches,,20,,,,,,,,,,,40,,,,Matches,,,,,,,,,,,,,,,,,,,,,Matches,julian chabot,1.6176300728693604,0.2743483893573284,1.6176300728693604,11.031767396256328,10.77568300254643,DF,0.0,0.06343647344585727,-0.06343647344585727,0.0,,0.0,0.010758760366954055,,,,,,,,,
517,El Chadaille Bitshiabu,fr FRA,DF,RB Leipzig,de Bundesliga,20.0,2005.0,11,8,655.0,7.3,0.0,0.0,0,0,0,0,0,0,0.0,0.0,0.0,0.0,0.0,Matches,0,2,0,0.0,0.27,0.0,0.0,,0,0,Matches,,,,,,,,,,,,,,,0.0,,,,,,Matches,,6,,,,,,,,,,,6,,,,Matches,,,,,,,,,,,,,,,,,,,,,Matches,el chadaille bitshiabu,0.1294711865484714,0.0567568056285381,0.1294711865484714,3.4552890360355377,3.4552890360355377,DF,0.0,0.017735778979242656,-0.017735778979242656,0.0,,0.0,0.007774904880621657,,,,,,,,,
518,Fares Chaïbi,dz ALG,MF,Frankfurt,de Bundesliga,22.0,2002.0,28,21,1792.0,19.9,2.0,9.0,11,2,0,0,2,0,0.1,0.45,0.55,0.1,0.55,Matches,2,35,9,25.7,1.76,0.45,0.06,0.22,0,0,Matches,,,,,,,,,,,,,,,9.0,,,,,,Matches,,21,,,,,,,,,,,13,,,,Matches,,,,,,,,,,,,,,,,,,,,,Matches,fares chaibi,3.5245760353282094,5.035042706876993,3.5245760353282094,11.084196873009205,5.737020939588547,MF,0.10050251256281408,0.1771143736345834,-0.07661186107176932,0.06,,0.45226130653266333,0.2530172214511052,,,,,,,,,
519,Ilyas Chaira,ma MAR,"MF,FW",Oviedo,es La Liga,24.0,2001.0,36,30,2447.0,27.2,6.0,2.0,8,6,0,0,2,1,0.22,0.07,0.29,0.22,0.29,Matches,6,81,35,43.2,2.98,1.29,0.07,0.17,0,0,Matches,,,,,,,,,,,,,,,2.0,,,,,,Matches,,34,,,,,,,,,,,4,,,,Matches,,,,,,,,,,,,,,,,,,,,,Matches,ilyas chaira,7.220865061506629,2.07834442704916,7.220865061506629,11.205173783004284,3.461104169487953,MF,0.22058823529411764,0.2654729802024496,-0.04488474490833195,0.07,,0.07352941176470588,0.0764097215826897,,,,,,,,,
520,Trevoh Chalobah,eng ENG,DF,Chelsea,eng Premier League,26.0,1999.0,34,31,2783.0,30.9,3.0,0.0,3,3,0,0,3,1,0.1,0.0,0.1,0.1,0.1,Matches,3,16,5,31.3,0.52,0.16,0.19,0.6,0,0,Matches,,,,,,,,,,,,,,,0.0,,,,,,Matches,,22,,,,,,,,,,,37,,,,Matches,,,,,,,,,,,,,,,,,,,,,Matches,trevoh chalobah,1.84148343000561,0.6305756159126759,1.84148343000561,14.728520268574355,14.596847238019109,DF,0.0970873786407767,0.05959493300989029,0.03749244563088641,0.19,,0.0,0.020406977861251646,,,,,,,,,
523,Brendan Chardonnet,fr FRA,DF,Brest,fr Ligue 1,30.0,1994.0,29,29,2546.0,28.3,1.0,3.0,4,1,0,0,6,0,0.04,0.11,0.14,0.04,0.14,Matches,1,12,6,50.0,0.42,0.21,0.08,0.17,0,0,Matches,,,,,,,,,,,,,,,3.0,,,,,,Matches,,18,,,,,,,,,,,34,,,,Matches,,,,,,,,,,,,,,,,,,,,,Matches,brendan chardonnet,1.0160756586119533,2.5328441374003887,1.0160756586119533,6.095753340050578,5.317027410492301,DF,0.0353356890459364,0.035903733519857005,-0.0005680444739206099,0.08,,0.10600706713780919,0.08949979284100314,,,,,,,,,
524,Pep Chavarría,es ESP,DF,Rayo Vallecano,es La Liga,27.0,1998.0,33,29,2682.0,29.8,1.0,2.0,3,1,0,0,6,1,0.03,0.07,0.1,0.03,0.1,Matches,1,18,3,16.7,0.6,0.1,0.06,0.33,0,0,Matches,,,,,,,,,,,,,,,2.0,,,,,,Matches,,31,,,,,,,,,,,32,,,,Matches,,,,,,,,,,,,,,,,,,,,,Matches,pep chavarria,0.6448125010356307,3.702762270346284,0.6448125010356307,11.969282133504748,8.858007108792663,DF,0.03355704697986577,0.021638003390457405,0.011919043589408365,0.06,,0.06711409395973154,0.12425376746128469,,,,,,,,,
526,Arthur Chaves,br BRA,DF,Augsburg,de Bundesliga,24.0,2001.0,11,9,829.0,9.2,2.0,0.0,2,2,0,0,1,0,0.22,0.0,0.22,0.22,0.22,Matches,2,4,2,50.0,0.43,0.22,0.5,1.0,0,0,Matches,,,,,,,,,,,,,,,0.0,,,,,,Matches,,13,,,,,,,,,,,8,,,,Matches,,,,,,,,,,,,,,,,,,,,,Matches,arthur chaves,1.0467653088271618,0.2324150362983346,1.0467653088271618,1.9321790896356104,1.686458982527256,DF,0.2173913043478261,0.11377883791599586,0.10361246643183025,0.5,,0.0,0.025262503945471155,,,,,,,,,
530,Walid Cheddira,ma MAR,FW,Lecce,it Serie A,27.0,1998.0,17,11,1000.0,11.1,3.0,1.0,4,3,0,0,2,0,0.27,0.09,0.36,0.27,0.36,Matches,3,25,10,40.0,2.25,0.9,0.12,0.3,0,0,Matches,,,,,,,,,,,,,,,1.0,,,,,,Matches,,3,,,,,,,,,,,1,,,,Matches,,,,,,,,,,,,,,,,,,,,,Matches,walid cheddira,4.555503275245428,0.6070769298821688,4.555503275245428,5.885509114246815,1.6127010164782405,FW,0.2702702702702703,0.4104057004725611,-0.14013543020229083,0.12,,0.0900900900900901,0.05469161530469989,,,,,,,,,
531,Chema,es ESP,MF,Stuttgart,de Bundesliga,20.0,2005.0,25,14,1310.0,14.6,3.0,0.0,3,3,0,0,5,0,0.21,0.0,0.21,0.21,0.21,Matches,3,15,6,40.0,1.03,0.41,0.2,0.5,0,0,Matches,,,,,,,,,,,,,,,0.0,,,,,,Matches,,16,,,,,,,,,,,31,,,,Matches,,,,,,,,,,,,,,,,,,,,,Matches,chema,,,,,,MF,0.20547945205479454,,,0.2,,0.0,,,,,,,,,,
532,Samir Chergui,dz ALG,DF,Paris FC,fr Ligue 1,26.0,1999.0,15,13,1154.0,12.8,1.0,0.0,1,1,0,0,1,0,0.08,0.0,0.08,0.08,0.08,Matches,1,13,4,30.8,1.01,0.31,0.08,0.25,0,0,Matches,,,,,,,,,,,,,,,0.0,,,,,,Matches,,12,,,,,,,,,,,13,,,,Matches,,,,,,,,,,,,,,,,,,,,,Matches,samir chergui,1.7387075843289497,0.1467773839831352,1.7387075843289497,4.541268460452557,4.155108980834484,DF,0.078125,0.13583653002569918,-0.05771153002569919,0.08,,0.0,0.011466983123682436,,,,,,,,,
533,Sidiki Cherif,fr FRA,"FW,MF",Angers,fr Ligue 1,18.0,2006.0,19,14,1157.0,12.9,4.0,0.0,4,4,0,0,3,0,0.31,0.0,0.31,0.31,0.31,Matches,4,28,12,42.9,2.18,0.93,0.14,0.33,0,0,Matches,,,,,,,,,,,,,,,0.0,,,,,,Matches,,3,,,,,,,,,,,6,,,,Matches,,,,,,,,,,,,,,,,,,,,,Matches,sidiki cherif,2.8283863738179207,0.6020375601947308,2.8283863738179207,5.694960653781891,2.5473209153860807,FW,0.31007751937984496,0.21925475766030392,0.09082276171954103,0.14,,0.0,0.04666957830966905,,,,,,,,,
534,Rayan Cherki,fr FRA,MF,Manchester City,eng Premier League,21.0,2003.0,33,19,1786.0,19.8,4.0,12.0,16,4,0,0,1,0,0.2,0.6,0.81,0.2,0.81,Matches,4,55,13,23.6,2.77,0.66,0.07,0.31,0,0,Matches,,,,,,,,,,,,,,,12.0,,,,,,Matches,,16,,,,,,,,,,,7,,,,Matches,,,,,,,,,,,,,,,,,,,,,Matches,rayan cherki,4.64134069904685,10.784712422639132,4.64134069904685,20.81021820381284,11.157610276713967,MF,0.20202020202020202,0.23441114641650757,-0.03239094439630556,0.07,,0.6060606060606061,0.544682445587835,,,,,,,,,
535,Lucas Chevalier,fr FRA,GK,PSG,fr Ligue 1,23.0,2001.0,17,17,1530.0,17.0,0.0,0.0,0,0,0,0,0,0,0.0,0.0,0.0,0.0,0.0,Matches,0,0,0,,0.0,0.0,,,0,0,Matches,,,,,,,,,,,,,,,0.0,,,,,,Matches,,0,,,,,,,,,,,0,,,,Matches,,,,,,,,,,,,,,,,,,,,,Matches,lucas chevalier,0.0,0.0,0.0,3.965225800871849,3.965225800871849,GK,,,,,,,,,,,,,,,,
536,Fabio Chiarodia,it ITA,DF,Gladbach,de Bundesliga,20.0,2005.0,15,8,674.0,7.5,0.0,0.0,0,0,0,0,1,0,0.0,0.0,0.0,0.0,0.0,Matches,0,4,1,25.0,0.53,0.13,0.0,0.0,0,0,Matches,,,,,,,,,,,,,,,0.0,,,,,,Matches,,9,,,,,,,,,,,13,,,,Matches,,,,,,,,,,,,,,,,,,,,,Matches,fabio chiarodia,0.9675312228500844,0.0137004479765892,0.9675312228500844,1.9361455738544464,1.8917616251856089,DF,0.0,0.12900416304667792,-0.12900416304667792,0.0,,0.0,0.0018267263968785598,,,,,,,,,
538,Ben Chilwell,eng ENG,"DF,MF",Strasbourg,fr Ligue 1,28.0,1996.0,20,19,1598.0,17.8,0.0,2.0,2,0,0,0,4,0,0.0,0.11,0.11,0.0,0.11,Matches,0,5,3,60.0,0.28,0.17,0.0,0.0,0,0,Matches,,,,,,,,,,,,,,,2.0,,,,,,Matches,,17,,,,,,,,,,,22,,,,Matches,,,,,,,,,,,,,,,,,,,,,Matches,ben chilwell,0.2908765040338039,1.4190899282693863,0.2908765040338039,7.4669726844877,6.263752227649093,DF,0.0,0.016341376631112577,-0.016341376631112577,0.0,,0.11235955056179775,0.07972415327356103,,,,,,,,,
540,Joris Chotard,fr FRA,MF,Brest,fr Ligue 1,23.0,2001.0,33,31,2773.0,30.8,2.0,1.0,3,2,0,0,2,0,0.06,0.03,0.1,0.06,0.1,Matches,2,25,8,32.0,0.81,0.26,0.08,0.25,0,0,Matches,,,,,,,,,,,,,,,1.0,,,,,,Matches,,34,,,,,,,,,,,48,,,,Matches,,,,,,,,,,,,,,,,,,,,,Matches,joris chotard,1.2767780357971787,0.5311056403443217,1.2767780357971787,9.970360890962183,8.666880403645337,MF,0.06493506493506493,0.04145383233107723,0.0234812326039877,0.08,,0.032467532467532464,0.017243689621568886,,,,,,,,,
543,Ryan Christie,sct SCO,MF,Bournemouth,eng Premier League,30.0,1995.0,26,9,994.0,11.0,2.0,0.0,2,2,0,0,3,1,0.18,0.0,0.18,0.18,0.18,Matches,2,25,8,32.0,2.26,0.72,0.08,0.25,0,0,Matches,,,,,,,,,,,,,,,0.0,,,,,,Matches,,20,,,,,,,,,,,11,,,,Matches,,,,,,,,,,,,,,,,,,,,,Matches,ryan christie,1.7907362105324864,1.6195761244744062,1.7907362105324864,7.692040719091892,4.515199979767203,MF,0.18181818181818182,0.16279420095749877,0.019023980860683052,0.08,,0.0,0.14723419313403693,,,,,,,,,
544,Carney Chukwuemeka,at AUT,"MF,FW",Dortmund,de Bundesliga,21.0,2003.0,28,8,919.0,10.2,2.0,0.0,2,2,0,0,2,0,0.2,0.0,0.2,0.2,0.2,Matches,2,18,2,11.1,1.76,0.2,0.11,1.0,0,0,Matches,,,,,,,,,,,,,,,0.0,,,,,,Matches,,15,,,,,,,,,,,6,,,,Matches,,,,,,,,,,,,,,,,,,,,,Matches,carney chukwuemeka,2.446924611926079,0.6348967775702477,2.446924611926079,5.285868251696229,2.7434701044112444,MF,0.19607843137254904,0.2398945697966744,-0.04381613842412538,0.11,,0.0,0.06224478211473017,,,,,,,,,
546,Samuel Chukwueze,ng NGA,MF,Fulham,eng Premier League,26.0,1999.0,23,10,1079.0,12.0,3.0,4.0,7,3,0,0,0,0,0.25,0.33,0.58,0.25,0.58,Matches,3,25,7,28.0,2.09,0.58,0.12,0.43,0,0,Matches,,,,,,,,,,,,,,,4.0,,,,,,Matches,,4,,,,,,,,,,,6,,,,Matches,,,,,,,,,,,,,,,,,,,,,Matches,samuel chukwueze,2.3333342373371124,2.836030565202236,2.3333342373371124,7.104950949549675,2.852319191209972,MF,0.25,0.1944445197780927,0.055555480221907295,0.12,,0.3333333333333333,0.2363358804335197,,,,,,,,,
547,Víctor Chust,es ESP,DF,Elche,es La Liga,25.0,2000.0,31,22,2166.0,24.1,1.0,0.0,1,1,0,0,8,1,0.04,0.0,0.04,0.04,0.04,Matches,1,9,3,33.3,0.37,0.12,0.11,0.33,0,0,Matches,,,,,,,,,,,,,,,0.0,,,,,,Matches,,35,,,,,,,,,,,20,,,,Matches,,,,,,,,,,,,,,,,,,,,,Matches,victor chust,0.432083249092102,0.1454278174787759,0.432083249092102,5.763874681666493,5.705676449462771,DF,0.04149377593360996,0.017928765522493856,0.023565010411116097,0.11,,0.0,0.0060343492729782525,,,,,,,,,
548,Alessandro Circati,au AUS,DF,Parma,it Serie A,21.0,2003.0,31,31,2664.0,29.6,1.0,0.0,1,1,0,0,6,0,0.03,0.0,0.03,0.03,0.03,Matches,1,8,1,12.5,0.27,0.03,0.13,1.0,0,0,Matches,,,,,,,,,,,,,,,0.0,,,,,,Matches,,25,,,,,,,,,,,27,,,,Matches,,,,,,,,,,,,,,,,,,,,,Matches,alessandro circati,0.736436253413558,0.2460185680538416,0.736436253413558,4.767245355993509,4.242752678692341,DF,0.03378378378378378,0.024879603155863444,0.008904180627920337,0.13,,0.0,0.00831143810992708,,,,,,,,,
550,Pathé Ciss,sn SEN,"MF,DF",Rayo Vallecano,es La Liga,31.0,1994.0,29,20,1999.0,22.2,2.0,1.0,3,2,0,0,9,2,0.09,0.05,0.14,0.09,0.14,Matches,2,20,8,40.0,0.9,0.36,0.1,0.25,0,0,Matches,,,,,,,,,,,,,,,1.0,,,,,,Matches,,35,,,,,,,,,,,35,,,,Matches,,,,,,,,,,,,,,,,,,,,,Matches,pathe ciss,3.959737098775804,0.4796251012012362,3.959737098775804,10.748411556705832,8.874764986336231,MF,0.0900900900900901,0.17836653598089208,-0.08827644589080198,0.1,,0.04504504504504505,0.021604734288343974,,,,,,,,,
552,Djaoui Cissé,fr FRA,MF,Rennes,fr Ligue 1,21.0,2004.0,24,12,981.0,10.9,0.0,0.0,0,0,0,0,3,0,0.0,0.0,0.0,0.0,0.0,Matches,0,24,6,25.0,2.2,0.55,0.0,0.0,0,0,Matches,,,,,,,,,,,,,,,0.0,,,,,,Matches,,22,,,,,,,,,,,5,,,,Matches,,,,,,,,,,,,,,,,,,,,,Matches,djaoui cisse,0.7663131225854158,0.8388501536101103,0.7663131225854158,4.438290206715465,3.444454189389944,MF,0.0,0.07030395620049687,-0.07030395620049687,0.0,,0.0,0.07695872968900094,,,,,,,,,
554,Alexis Claude-Maurice,fr FRA,"MF,FW",Augsburg,de Bundesliga,27.0,1998.0,29,25,2097.0,23.3,5.0,4.0,9,4,1,2,3,0,0.21,0.17,0.39,0.17,0.34,Matches,5,71,26,36.6,3.05,1.12,0.07,0.19,1,2,Matches,,,,,,,,,,,,,,,4.0,,,,,,Matches,,26,,,,,,,,,,,8,,,,Matches,,,,,,,,,,,,,,,,,,,,,Matches,alexis claude maurice,6.339031929150224,3.215671157464385,4.82347852922976,10.869376560673118,5.332539309747517,MF,0.2145922746781116,0.20701624588968928,-0.057469181508593294,0.07,,0.17167381974248927,0.13801163765941565,,,,,,,,,
555,Jonathan Clauss,fr FRA,"MF,DF",Nice,fr Ligue 1,32.0,1992.0,30,28,2530.0,28.1,1.0,6.0,7,1,0,0,0,0,0.04,0.21,0.25,0.04,0.25,Matches,1,23,6,26.1,0.82,0.21,0.04,0.17,0,0,Matches,,,,,,,,,,,,,,,6.0,,,,,,Matches,,38,,,,,,,,,,,47,,,,Matches,,,,,,,,,,,,,,,,,,,,,Matches,jonathan clauss,1.4057410368695855,8.050188221037388,1.4057410368695855,12.174329970031977,5.863777427002788,MF,0.03558718861209964,0.05002637141884646,-0.014439182806746815,0.04,,0.21352313167259784,0.2864835665849604,,,,,,,,,
556,Nathaniel Clyne,eng ENG,"MF,DF",Crystal Palace,eng Premier League,34.0,1991.0,10,7,594.0,6.6,0.0,1.0,1,0,0,0,1,0,0.0,0.15,0.15,0.0,0.15,Matches,0,3,0,0.0,0.45,0.0,0.0,,0,0,Matches,,,,,,,,,,,,,,,1.0,,,,,,Matches,,9,,,,,,,,,,,7,,,,Matches,,,,,,,,,,,,,,,,,,,,,Matches,nathaniel clyne,0.2701648138463497,0.6744996476918459,0.2701648138463497,1.4967839866876602,1.2266192231327295,MF,0.0,0.040934062703992385,-0.040934062703992385,0.0,,0.15151515151515152,0.10219691631694636,,,,,,,,,
558,Saúl Coco,gq EQG,DF,Torino,it Serie A,26.0,1999.0,35,35,3088.0,34.3,1.0,1.0,2,1,0,0,3,0,0.03,0.03,0.06,0.03,0.06,Matches,1,15,4,26.7,0.44,0.12,0.07,0.25,0,0,Matches,,,,,,,,,,,,,,,1.0,,,,,,Matches,,34,,,,,,,,,,,41,,,,Matches,,,,,,,,,,,,,,,,,,,,,Matches,saul coco,1.1569340787827969,0.7588450685143471,1.1569340787827969,6.594926895573735,5.952169122174382,DF,0.02915451895043732,0.033729856524279796,-0.004575337573842474,0.07,,0.02915451895043732,0.02212376293044744,,,,,,,,,
560,Maxime Colin,fr FRA,DF,Metz,fr Ligue 1,33.0,1991.0,22,18,1692.0,18.8,0.0,0.0,0,0,0,0,1,0,0.0,0.0,0.0,0.0,0.0,Matches,0,7,2,28.6,0.37,0.11,0.0,0.0,0,0,Matches,,,,,,,,,,,,,,,0.0,,,,,,Matches,,30,,,,,,,,,,,24,,,,Matches,,,,,,,,,,,,,,,,,,,,,Matches,maxime colin,0.2320893183350563,0.2164770439267158,0.2320893183350563,2.7880767323076725,2.666722809895873,DF,0.0,0.012345176507183846,-0.012345176507183846,0.0,,0.0,0.011514736379080627,,,,,,,,,
561,Nathan Collins,ie IRL,DF,Brentford,eng Premier League,24.0,2001.0,35,32,2975.0,33.1,1.0,2.0,3,1,0,0,7,0,0.03,0.06,0.09,0.03,0.09,Matches,1,20,6,30.0,0.61,0.18,0.05,0.17,0,0,Matches,,,,,,,,,,,,,,,2.0,,,,,,Matches,,13,,,,,,,,,,,36,,,,Matches,,,,,,,,,,,,,,,,,,,,,Matches,nathan collins,2.917149268090725,2.4296576268970966,2.917149268090725,10.035949086770415,8.510592883452773,DF,0.030211480362537763,0.08813139782751435,-0.05791991746497658,0.05,,0.060422960725075525,0.07340355368269173,,,,,,,,,
562,Nnamdi Collins,de GER,DF,Frankfurt,de Bundesliga,21.0,2004.0,23,16,1500.0,16.7,1.0,2.0,3,1,0,0,4,0,0.06,0.12,0.18,0.06,0.18,Matches,1,4,1,25.0,0.24,0.06,0.25,1.0,0,0,Matches,,,,,,,,,,,,,,,2.0,,,,,,Matches,,38,,,,,,,,,,,24,,,,Matches,,,,,,,,,,,,,,,,,,,,,Matches,nnamdi collins,0.6856478173285723,0.4561577998101711,0.6856478173285723,6.877490270882845,6.092026978731155,DF,0.059880239520958084,0.04105675552865702,0.018823483992301063,0.25,,0.11976047904191617,0.027314838311986295,,,,,,,,,
564,Santiago Colombatto,ar ARG,MF,Oviedo,es La Liga,28.0,1997.0,32,23,2064.0,22.9,0.0,1.0,1,0,0,0,6,0,0.0,0.04,0.04,0.0,0.04,Matches,0,15,2,13.3,0.65,0.09,0.0,0.0,0,0,Matches,,,,,,,,,,,,,,,1.0,,,,,,Matches,,22,,,,,,,,,,,14,,,,Matches,,,,,,,,,,,,,,,,,,,,,Matches,santiago colombatto,0.732619327493012,2.820774817839265,0.732619327493012,6.469618431292474,5.312525178305805,MF,0.0,0.031992110370873884,-0.031992110370873884,0.0,,0.04366812227074236,0.12317793964363603,,,,,,,,,
565,Lorenzo Colombo,it ITA,FW,Genoa,it Serie A,23.0,2002.0,38,30,2326.0,25.8,7.0,1.0,8,6,1,2,2,0,0.27,0.04,0.31,0.23,0.27,Matches,7,66,27,40.9,2.55,1.04,0.11,0.26,1,2,Matches,,,,,,,,,,,,,,,1.0,,,,,,Matches,,12,,,,,,,,,,,1,,,,Matches,,,,,,,,,,,,,,,,,,,,,Matches,lorenzo colombo,9.395731360651553,1.8719797153025863,7.873133630491793,10.42385957017541,3.2527221143245697,FW,0.2713178294573643,0.305160218236116,-0.09285780467641677,0.11,,0.03875968992248062,0.0725573533063018,,,,,,,,,
567,Eray Cömert,ch SUI,DF,Valencia,es La Liga,27.0,1998.0,17,15,1337.0,14.9,2.0,1.0,3,2,0,0,3,1,0.13,0.07,0.2,0.13,0.2,Matches,2,11,3,27.3,0.74,0.2,0.18,0.67,0,0,Matches,,,,,,,,,,,,,,,1.0,,,,,,Matches,,14,,,,,,,,,,,21,,,,Matches,,,,,,,,,,,,,,,,,,,,,Matches,eray comert,1.5202789390459657,0.5236826231703162,1.5202789390459657,5.98669982329011,4.8674942292273045,DF,0.1342281879194631,0.10203214356013192,0.03219604435933116,0.18,,0.06711409395973154,0.03514648477653129,,,,,,,,,
568,Santi Comesaña,es ESP,MF,Villarreal,es La Liga,28.0,1996.0,34,28,2407.0,26.7,3.0,6.0,9,3,0,0,5,1,0.11,0.22,0.34,0.11,0.34,Matches,3,27,7,25.9,1.01,0.26,0.11,0.43,0,0,Matches,,,,,,,,,,,,,,,6.0,,,,,,Matches,,25,,,,,,,,,,,31,,,,Matches,,,,,,,,,,,,,,,,,,,,,Matches,santi comesana,4.922558205202222,3.088725697249174,4.922558205202222,17.868470140732825,11.845108757726848,MF,0.11235955056179775,0.1843654758502705,-0.07200592528847273,0.11,,0.2247191011235955,0.1156826103838642,,,,,,,,,
569,Pietro Comuzzo,it ITA,DF,Fiorentina,it Serie A,20.0,2005.0,27,18,1696.0,18.8,1.0,0.0,1,1,0,0,2,0,0.05,0.0,0.05,0.05,0.05,Matches,1,10,2,20.0,0.53,0.11,0.1,0.5,0,0,Matches,,,,,,,,,,,,,,,0.0,,,,,,Matches,,16,,,,,,,,,,,24,,,,Matches,,,,,,,,,,,,,,,,,,,,,Matches,pietro comuzzo,0.8149047680199146,0.0443671131506562,0.8149047680199146,5.986111041158438,5.848984122276306,DF,0.05319148936170213,0.043345998298931626,0.009845491062770498,0.1,,0.0,0.002359952827162564,,,,,,,,,
570,Francisco Conceição,pt POR,"MF,FW",Juventus,it Serie A,22.0,2002.0,31,27,2078.0,23.1,3.0,5.0,8,3,0,0,3,0,0.13,0.22,0.35,0.13,0.35,Matches,3,73,23,31.5,3.16,1.0,0.04,0.13,0,0,Matches,,,,,,,,,,,,,,,5.0,,,,,,Matches,,26,,,,,,,,,,,7,,,,Matches,,,,,,,,,,,,,,,,,,,,,Matches,francisco conceicao,8.487750921398401,4.1634056605398655,8.487750921398401,18.74015914928168,9.5299581438303,MF,0.12987012987012986,0.36743510482244157,-0.23756497495231174,0.04,,0.21645021645021645,0.18023401127878205,,,,,,,,,
572,Sirlord Conteh,de GER,"MF,FW",Heidenheim,de Bundesliga,29.0,1996.0,15,3,625.0,6.9,2.0,1.0,3,2,0,0,1,0,0.29,0.14,0.43,0.29,0.43,Matches,2,10,3,30.0,1.44,0.43,0.2,0.67,0,0,Matches,,,,,,,,,,,,,,,1.0,,,,,,Matches,,7,,,,,,,,,,,4,,,,Matches,,,,,,,,,,,,,,,,,,,,,Matches,sirlord conteh,3.1821698397397995,0.6179677061736584,3.1821698397397995,3.3415900003165007,0.6492735873907804,MF,0.2898550724637681,0.46118403474489844,-0.17132896228113034,0.2,,0.14492753623188406,0.08956053712661716,,,,,,,,,
574,Lewis Cook,eng ENG,"MF,DF",Bournemouth,eng Premier League,28.0,1997.0,18,8,874.0,9.7,0.0,1.0,1,0,0,0,1,1,0.0,0.1,0.1,0.0,0.1,Matches,0,3,0,0.0,0.31,0.0,0.0,,0,0,Matches,,,,,,,,,,,,,,,1.0,,,,,,Matches,,17,,,,,,,,,,,21,,,,Matches,,,,,,,,,,,,,,,,,,,,,Matches,lewis cook,0.0596457971259951,0.3469301499426365,0.0596457971259951,2.538989583030343,2.386723592877388,MF,0.0,0.006149051250102588,-0.006149051250102588,0.0,,0.10309278350515465,0.03576599483944706,,,,,,,,,
575,Copete,es ESP,DF,Valencia,es La Liga,25.0,1999.0,21,19,1759.0,19.5,0.0,0.0,0,0,0,0,5,0,0.0,0.0,0.0,0.0,0.0,Matches,0,13,0,0.0,0.67,0.0,0.0,,0,0,Matches,,,,,,,,,,,,,,,0.0,,,,,,Matches,,15,,,,,,,,,,,25,,,,Matches,,,,,,,,,,,,,,,,,,,,,Matches,copete,1.944704715162516,0.1642674310132861,1.944704715162516,4.536973598413169,4.47673115786165,DF,0.0,0.09972844693141109,-0.09972844693141109,0.0,,0.0,0.008423970821194159,,,,,,,,,
576,Diego Coppola,it ITA,DF,Paris FC,fr Ligue 1,21.0,2003.0,13,13,1170.0,13.0,0.0,2.0,2,0,0,0,1,0,0.0,0.15,0.15,0.0,0.15,Matches,0,5,3,60.0,0.38,0.23,0.0,0.0,0,0,Matches,,,,,,,,,,,,,,,2.0,,,,,,Matches,,9,,,,,,,,,,,7,,,,Matches,,,,,,,,,,,,,,,,,,,,,Matches,diego coppola,0.0,0.0,0.0,0.4860989674925804,0.4860989674925804,DF,0.0,0.0,0.0,0.0,,0.15384615384615385,0.0,,,,,,,,,
578,Francesco Coppola,it ITA,DF,Pisa,it Serie A,20.0,2005.0,7,5,458.0,5.1,0.0,0.0,0,0,0,0,3,0,0.0,0.0,0.0,0.0,0.0,Matches,0,2,0,0.0,0.39,0.0,0.0,,0,0,Matches,,,,,,,,,,,,,,,0.0,,,,,,Matches,,5,,,,,,,,,,,5,,,,Matches,,,,,,,,,,,,,,,,,,,,,Matches,francesco coppola,0.0926379188895225,0.0,0.0926379188895225,0.1846959665417671,0.1253593675792217,DF,0.0,0.018164297821475002,-0.018164297821475002,0.0,,0.0,0.0,,,,,,,,,
579,Francis Coquelin,fr FRA,MF,Nantes,fr Ligue 1,34.0,1991.0,16,8,655.0,7.3,0.0,1.0,1,0,0,0,2,0,0.0,0.14,0.14,0.0,0.14,Matches,0,6,1,16.7,0.82,0.14,0.0,0.0,0,0,Matches,,,,,,,,,,,,,,,1.0,,,,,,Matches,,13,,,,,,,,,,,5,,,,Matches,,,,,,,,,,,,,,,,,,,,,Matches,francis coquelin,0.1458436166867613,0.2469020374119281,0.1458436166867613,0.75743393227458,0.4982971716672182,MF,0.0,0.019978577628323467,-0.019978577628323467,0.0,,0.136986301369863,0.033822196905743576,,,,,,,,,
583,Félix Correia,pt POR,MF,Lille,fr Ligue 1,24.0,2001.0,34,26,2053.0,22.8,4.0,5.0,9,4,0,0,2,0,0.18,0.22,0.39,0.18,0.39,Matches,4,37,8,21.6,1.62,0.35,0.11,0.5,0,0,Matches,,,,,,,,,,,,,,,5.0,,,,,,Matches,,13,,,,,,,,,,,21,,,,Matches,,,,,,,,,,,,,,,,,,,,,Matches,felix correia,5.806952535174787,5.867727227509022,5.806952535174787,18.30624265410006,9.31839063204825,MF,0.17543859649122806,0.2546909006655608,-0.07925230417433277,0.11,,0.21929824561403508,0.2573564573468869,,,,,,,,,
584,Thierry Correia,pt POR,"DF,MF",Valencia,es La Liga,26.0,1999.0,24,17,1392.0,15.5,0.0,2.0,2,0,0,0,5,0,0.0,0.13,0.13,0.0,0.13,Matches,0,5,1,20.0,0.32,0.06,0.0,0.0,0,0,Matches,,,,,,,,,,,,,,,2.0,,,,,,Matches,,22,,,,,,,,,,,18,,,,Matches,,,,,,,,,,,,,,,,,,,,,Matches,thierry correia,0.2800837680697441,1.7092203814536333,0.2800837680697441,5.648564742878079,4.133561937138438,DF,0.0,0.01806992052062865,-0.01806992052062865,0.0,,0.12903225806451613,0.11027228267442796,,,,,,,,,
586,Paco Cortés,es ESP,"MF,FW",Levante,es La Liga,17.0,2007.0,12,4,472.0,5.2,0.0,0.0,0,0,0,0,2,0,0.0,0.0,0.0,0.0,0.0,Matches,0,12,4,33.3,2.29,0.76,0.0,0.0,0,0,Matches,,,,,,,,,,,,,,,0.0,,,,,,Matches,,1,,,,,,,,,,,2,,,,Matches,,,,,,,,,,,,,,,,,,,,,Matches,paco cortes,0.5373847614973783,1.0183412544429302,0.5373847614973783,2.012773670256138,0.5975478962063789,MF,0.0,0.10334322336488044,-0.10334322336488044,0.0,,0.0,0.19583485662364042,,,,,,,,,
587,Edoardo Corvi,it ITA,GK,Parma,it Serie A,24.0,2001.0,17,17,1530.0,17.0,0.0,0.0,0,0,0,0,1,0,0.0,0.0,0.0,0.0,0.0,Matches,0,0,0,,0.0,0.0,,,0,0,Matches,,,,,,,,,,,,,,,0.0,,,,,,Matches,,0,,,,,,,,,,,0,,,,Matches,,,,,,,,,,,,,,,,,,,,,Matches,edoardo corvi,0.0,0.0,0.0,1.6450959853827951,1.6450959853827951,GK,,,,,,,,,,,,,,,,
589,Danny da Costa,de GER,"DF,MF",Mainz 05,de Bundesliga,32.0,1993.0,34,30,2695.0,29.9,2.0,3.0,5,2,0,0,3,0,0.07,0.1,0.17,0.07,0.17,Matches,2,14,5,35.7,0.47,0.17,0.14,0.4,0,0,Matches,,,,,,,,,,,,,,,3.0,,,,,,Matches,,27,,,,,,,,,,,29,,,,Matches,,,,,,,,,,,,,,,,,,,,,Matches,danny da costa,2.4268228095024824,2.82913017924875,2.4268228095024824,9.897982249036431,7.192822508513928,DF,0.06688963210702341,0.08116464245827701,-0.014275010351253593,0.14,,0.10033444816053512,0.09461973843641305,,,,,,,,,
591,Samu Costa,pt POR,MF,Mallorca,es La Liga,24.0,2000.0,34,31,2697.0,30.0,7.0,2.0,9,7,0,0,11,0,0.23,0.07,0.3,0.23,0.3,Matches,7,39,16,41.0,1.3,0.53,0.18,0.44,0,0,Matches,,,,,,,,,,,,,,,2.0,,,,,,Matches,,37,,,,,,,,,,,26,,,,Matches,,,,,,,,,,,,,,,,,,,,,Matches,samu costa,4.27746016997844,1.979983518831432,4.27746016997844,9.480698188766835,5.15883654076606,MF,0.23333333333333334,0.142582005665948,0.09075132766738533,0.18,,0.06666666666666667,0.06599945062771441,,,,,,,,,
592,David Costas,es ESP,DF,Oviedo,es La Liga,30.0,1995.0,25,22,2066.0,23.0,1.0,0.0,1,1,0,0,3,0,0.04,0.0,0.04,0.04,0.04,Matches,1,5,1,20.0,0.22,0.04,0.2,1.0,0,0,Matches,,,,,,,,,,,,,,,0.0,,,,,,Matches,,22,,,,,,,,,,,27,,,,Matches,,,,,,,,,,,,,,,,,,,,,Matches,david costas,1.367807979695499,0.1881906613707542,1.367807979695499,3.668113366700709,3.6066044019535184,DF,0.043478260869565216,0.05946991216067387,-0.01599165129110865,0.2,,0.0,0.00818220266829366,,,,,,,,,
593,Grégoire Coudert,fr FRA,GK,Brest,fr Ligue 1,26.0,1999.0,25,24,2192.0,24.4,0.0,0.0,0,0,0,0,2,0,0.0,0.0,0.0,0.0,0.0,Matches,0,0,0,,0.0,0.0,,,0,0,Matches,,,,,,,,,,,,,,,0.0,,,,,,Matches,,0,,,,,,,,,,,0,,,,Matches,,,,,,,,,,,,,,,,,,,,,Matches,gregoire coudert,0.0,0.0,0.0,1.60645292699337,1.60645292699337,GK,,,,,,,,,,,,,,,,
594,Vladimír Coufal,cz CZE,"DF,MF",Hoffenheim,de Bundesliga,32.0,1992.0,34,34,3012.0,33.5,1.0,8.0,9,1,0,0,4,0,0.03,0.24,0.27,0.03,0.27,Matches,1,26,6,23.1,0.78,0.18,0.04,0.17,0,0,Matches,,,,,,,,,,,,,,,8.0,,,,,,Matches,,35,,,,,,,,,,,39,,,,Matches,,,,,,,,,,,,,,,,,,,,,Matches,vladimir coufal,0.9888284020125866,7.478693185374141,0.9888284020125866,15.418089099228382,11.00063280761242,DF,0.029850746268656716,0.029517265731719002,0.0003334805369377136,0.04,,0.23880597014925373,0.22324457269773554,,,,,,,,,
595,Abdoul Coulibaly,de GER,DF,Werder Bremen,de Bundesliga,18.0,2007.0,27,24,2120.0,23.6,1.0,0.0,1,1,0,0,5,1,0.04,0.0,0.04,0.04,0.04,Matches,1,6,1,16.7,0.25,0.04,0.17,1.0,0,0,Matches,,,,,,,,,,,,,,,0.0,,,,,,Matches,,14,,,,,,,,,,,24,,,,Matches,,,,,,,,,,,,,,,,,,,,,Matches,abdoul coulibaly,1.1301267184317112,0.1937260031700134,1.1301267184317112,4.018573129549623,3.783440677449107,DF,0.0423728813559322,0.047886725357275894,-0.005513844001343695,0.17,,0.0,0.008208728947881922,,,,,,,,,
597,Lassana Coulibaly,ml MLI,MF,Lecce,it Serie A,29.0,1996.0,33,31,2689.0,29.9,3.0,1.0,4,3,0,0,4,0,0.1,0.03,0.13,0.1,0.13,Matches,3,28,8,28.6,0.94,0.27,0.11,0.38,0,0,Matches,,,,,,,,,,,,,,,1.0,,,,,,Matches,,28,,,,,,,,,,,9,,,,Matches,,,,,,,,,,,,,,,,,,,,,Matches,lassana coulibaly,3.20009109005332,1.1774460021406412,3.20009109005332,7.588806392624974,4.855061332695186,MF,0.10033444816053512,0.10702645786131505,-0.006692009700779931,0.11,,0.033444816053511704,0.039379464954536494,,,,,,,,,
599,Mamadou Coulibaly,fr FRA,MF,Monaco,fr Ligue 1,21.0,2004.0,25,15,1381.0,15.3,3.0,3.0,6,3,0,0,7,1,0.2,0.2,0.39,0.2,0.39,Matches,3,13,5,38.5,0.85,0.33,0.23,0.6,0,0,Matches,,,,,,,,,,,,,,,3.0,,,,,,Matches,,21,,,,,,,,,,,21,,,,Matches,,,,,,,,,,,,,,,,,,,,,Matches,mamadou coulibaly,1.987246561795473,1.762764260172844,1.987246561795473,7.969235442578793,5.6005539782345295,MF,0.19607843137254902,0.12988539619578254,0.06619303517676646,0.23,,0.19607843137254902,0.11521335033809436,,,,,,,,,
600,Soumaïla Coulibaly,fr FRA,DF,Brest,fr Ligue 1,21.0,2003.0,16,15,1338.0,14.9,0.0,0.0,0,0,0,0,3,0,0.0,0.0,0.0,0.0,0.0,Matches,0,6,2,33.3,0.4,0.13,0.0,0.0,0,0,Matches,,,,,,,,,,,,,,,0.0,,,,,,Matches,,12,,,,,,,,,,,13,,,,Matches,,,,,,,,,,,,,,,,,,,,,Matches,soumaila coulibaly,0.2997979279607534,0.0143665354698896,0.2997979279607534,3.665989134460688,3.665989134460688,DF,0.0,0.020120666306090832,-0.020120666306090832,0.0,,0.0,0.0009641970114019865,,,,,,,,,
601,Woyo Coulibaly,ml MLI,DF,Sassuolo,it Serie A,26.0,1999.0,20,9,1054.0,11.7,0.0,0.0,0,0,0,0,2,0,0.0,0.0,0.0,0.0,0.0,Matches,0,6,1,16.7,0.51,0.09,0.0,0.0,0,0,Matches,,,,,,,,,,,,,,,0.0,,,,,,Matches,,14,,,,,,,,,,,10,,,,Matches,,,,,,,,,,,,,,,,,,,,,Matches,woyo coulibaly,0.1083389995619654,0.2964532244950533,0.1083389995619654,4.755065858364105,4.689090021885932,DF,0.0,0.009259743552304736,-0.009259743552304736,0.0,,0.0,0.02533788243547464,,,,,,,,,
603,Thibaut Courtois,be BEL,GK,Real Madrid,es La Liga,33.0,1992.0,32,32,2880.0,32.0,0.0,0.0,0,0,0,0,1,0,0.0,0.0,0.0,0.0,0.0,Matches,0,0,0,,0.0,0.0,,,0,0,Matches,,,,,,,,,,,,,,,0.0,,,,,,Matches,,1,,,,,,,,,,,0,,,,Matches,,,,,,,,,,,,,,,,,,,,,Matches,thibaut courtois,0.0,0.0,0.0,6.53979423083365,6.53979423083365,GK,,,,,,,,,,,,,,,,
604,Yan Couto,br BRA,MF,Dortmund,de Bundesliga,23.0,2002.0,19,11,997.0,11.1,2.0,2.0,4,2,0,0,4,0,0.18,0.18,0.36,0.18,0.36,Matches,2,9,4,44.4,0.81,0.36,0.22,0.5,0,0,Matches,,,,,,,,,,,,,,,2.0,,,,,,Matches,,15,,,,,,,,,,,9,,,,Matches,,,,,,,,,,,,,,,,,,,,,Matches,yan couto,0.9633320793509484,2.849770877510309,0.9633320793509484,6.886968974024057,4.392777647823095,MF,0.1801801801801802,0.08678667381540077,0.09339350636477943,0.22,,0.1801801801801802,0.25673611509101885,,,,,,,,,
606,Nicolas Cozza,fr FRA,DF,Nantes,fr Ligue 1,26.0,1999.0,29,25,2301.0,25.6,0.0,1.0,1,0,0,0,2,0,0.0,0.04,0.04,0.0,0.04,Matches,0,11,3,27.3,0.43,0.12,0.0,0.0,0,0,Matches,,,,,,,,,,,,,,,1.0,,,,,,Matches,,27,,,,,,,,,,,21,,,,Matches,,,,,,,,,,,,,,,,,,,,,Matches,nicolas cozza,1.9409650396555664,0.4439432024955749,1.9409650396555664,2.8587443996220827,2.391083136200905,DF,0.0,0.07581894686154556,-0.07581894686154556,0.0,,0.0390625,0.017341531347483393,,,,,,,,,
608,Charlie Cresswell,eng ENG,DF,Toulouse,fr Ligue 1,22.0,2002.0,29,28,2533.0,28.1,3.0,2.0,5,3,0,0,8,0,0.11,0.07,0.18,0.11,0.18,Matches,3,38,12,31.6,1.35,0.43,0.08,0.25,0,0,Matches,,,,,,,,,,,,,,,2.0,,,,,,Matches,,14,,,,,,,,,,,30,,,,Matches,,,,,,,,,,,,,,,,,,,,,Matches,charlie cresswell,4.463126664981246,1.1976852640509603,4.463126664981246,6.1904706954956055,4.257518079131842,DF,0.10676156583629892,0.15883013042637886,-0.05206856459007993,0.08,,0.07117437722419928,0.042622251389713886,,,,,,,,,
609,Bryan Cristante,it ITA,MF,Roma,it Serie A,30.0,1995.0,37,36,3094.0,34.4,2.0,1.0,3,2,0,0,6,0,0.06,0.03,0.09,0.06,0.09,Matches,2,44,8,18.2,1.28,0.23,0.05,0.25,0,0,Matches,,,,,,,,,,,,,,,1.0,,,,,,Matches,,43,,,,,,,,,,,28,,,,Matches,,,,,,,,,,,,,,,,,,,,,Matches,bryan cristante,2.347831812687218,2.281888909637928,2.347831812687218,12.89684208855033,10.956094874069096,MF,0.05813953488372093,0.06825092478741913,-0.010111389903698203,0.05,,0.029069767441860465,0.06633397993133512,,,,,,,,,
610,Juan Cruz Armada,es ESP,DF,Osasuna,es La Liga,33.0,1992.0,15,7,649.0,7.2,0.0,0.0,0,0,0,0,2,0,0.0,0.0,0.0,0.0,0.0,Matches,0,1,0,0.0,0.14,0.0,0.0,,0,0,Matches,,,,,,,,,,,,,,,0.0,,,,,,Matches,,3,,,,,,,,,,,4,,,,Matches,,,,,,,,,,,,,,,,,,,,,Matches,juan cruz armada,0.5461479425430298,0.0736327618360519,0.5461479425430298,1.510681690648198,1.4370489101856947,DF,0.0,0.07585388090875414,-0.07585388090875414,0.0,,0.0,0.01022677247722943,,,,,,,,,
611,Juan Cuadrado,co COL,MF,Pisa,it Serie A,37.0,1988.0,19,2,506.0,5.6,1.0,0.0,1,0,1,1,3,0,0.18,0.0,0.18,0.0,0.0,Matches,1,10,2,20.0,1.78,0.36,0.1,0.5,1,1,Matches,,,,,,,,,,,,,,,0.0,,,,,,Matches,,10,,,,,,,,,,,5,,,,Matches,,,,,,,,,,,,,,,,,,,,,Matches,juan cuadrado,0.958076405338943,0.8361177556216717,0.1967775961384177,1.4430370824411511,0.6504935566335917,MF,0.17857142857142858,0.035138856453288875,0.007486356189474464,0.1,,0.0,0.1493067420752985,,,,,,,,,
612,Pau Cubarsí,es ESP,DF,Barcelona,es La Liga,18.0,2007.0,31,31,2703.0,30.0,1.0,0.0,1,1,0,0,3,0,0.03,0.0,0.03,0.03,0.03,Matches,1,10,2,20.0,0.33,0.07,0.1,0.5,0,0,Matches,,,,,,,,,,,,,,,0.0,,,,,,Matches,,28,,,,,,,,,,,30,,,,Matches,,,,,,,,,,,,,,,,,,,,,Matches,pau cubarsi,0.5516378730535507,0.4353954568505287,0.5516378730535507,18.94529329240322,18.898506328463554,DF,0.03333333333333333,0.018387929101785026,0.014945404231548309,0.1,,0.0,0.014513181895017624,,,,,,,,,
614,Cucho,co COL,FW,Real Betis,es La Liga,26.0,1999.0,32,30,2580.0,28.7,11.0,3.0,14,10,1,1,5,0,0.38,0.1,0.49,0.35,0.45,Matches,11,89,27,30.3,3.1,0.94,0.12,0.41,1,1,Matches,,,,,,,,,,,,,,,3.0,,,,,,Matches,,16,,,,,,,,,,,11,,,,Matches,,,,,,,,,,,,,,,,,,,,,Matches,cucho,,,,,,FW,0.3832752613240418,,,0.12,,0.10452961672473868,,,,,,,,,,
615,Marc Cucurella,es ESP,DF,Chelsea,eng Premier League,27.0,1998.0,34,31,2707.0,30.1,1.0,4.0,5,1,0,0,8,1,0.03,0.13,0.17,0.03,0.17,Matches,1,20,6,30.0,0.66,0.2,0.05,0.17,0,0,Matches,,,,,,,,,,,,,,,4.0,,,,,,Matches,,40,,,,,,,,,,,28,,,,Matches,,,,,,,,,,,,,,,,,,,,,Matches,marc cucurella,1.8860962446779013,4.541678033769131,1.8860962446779013,15.159206625074148,12.003521535545588,DF,0.03322259136212624,0.06266100480657479,-0.029438413444448544,0.05,,0.13289036544850497,0.15088631341425682,,,,,,,,,
616,Jorge Cuenca,es ESP,DF,Fulham,eng Premier League,25.0,1999.0,15,11,938.0,10.4,0.0,0.0,0,0,0,0,6,0,0.0,0.0,0.0,0.0,0.0,Matches,0,1,0,0.0,0.1,0.0,0.0,,0,0,Matches,,,,,,,,,,,,,,,0.0,,,,,,Matches,,10,,,,,,,,,,,15,,,,Matches,,,,,,,,,,,,,,,,,,,,,Matches,jorge cuenca,0.0508214943110942,0.5158752724528313,0.0508214943110942,2.3103927858173847,2.3103927858173847,DF,0.0,0.0048866821452975195,-0.0048866821452975195,0.0,,0.0,0.049603391582003005,,,,,,,,,
617,Montrell Culbreath,de GER,"MF,DF",Leverkusen,de Bundesliga,17.0,2007.0,12,9,736.0,8.2,1.0,0.0,1,1,0,0,0,0,0.12,0.0,0.12,0.12,0.12,Matches,1,8,2,25.0,0.98,0.24,0.13,0.5,0,0,Matches,,,,,,,,,,,,,,,0.0,,,,,,Matches,,16,,,,,,,,,,,8,,,,Matches,,,,,,,,,,,,,,,,,,,,,Matches,montrell culbreath,2.02140474319458,0.3996955826878547,2.02140474319458,4.640004459768534,2.365470964461565,MF,0.12195121951219513,0.24651277356031467,-0.12456155404811953,0.13,,0.0,0.04874336374242131,,,,,,,,,
618,Josh Cullen,ie IRL,MF,Burnley,eng Premier League,29.0,1996.0,18,18,1514.0,16.8,2.0,2.0,4,2,0,0,2,0,0.12,0.12,0.24,0.12,0.24,Matches,2,11,6,54.5,0.65,0.36,0.18,0.33,0,0,Matches,,,,,,,,,,,,,,,2.0,,,,,,Matches,,19,,,,,,,,,,,24,,,,Matches,,,,,,,,,,,,,,,,,,,,,Matches,josh cullen,1.0142266415059566,1.8168634045869112,1.0142266415059566,6.162752605974674,4.625554047524929,MF,0.11904761904761904,0.06037063342297361,0.058676985624645434,0.18,,0.11904761904761904,0.10814663122541138,,,,,,,,,
620,Jair Cunha,br BRA,DF,Nottingham,eng Premier League,20.0,2005.0,9,6,517.0,5.7,0.0,0.0,0,0,0,0,0,0,0.0,0.0,0.0,0.0,0.0,Matches,0,3,1,33.3,0.52,0.17,0.0,0.0,0,0,Matches,,,,,,,,,,,,,,,0.0,,,,,,Matches,,5,,,,,,,,,,,5,,,,Matches,,,,,,,,,,,,,,,,,,,,,Matches,jair cunha,,,,,,DF,0.0,,,0.0,,0.0,,,,,,,,,,
621,Matheus Cunha,br BRA,"MF,FW",Manchester Utd,eng Premier League,26.0,1999.0,33,29,2494.0,27.7,10.0,2.0,12,10,0,0,4,0,0.36,0.07,0.43,0.36,0.43,Matches,10,90,35,38.9,3.25,1.26,0.11,0.29,0,0,Matches,,,,,,,,,,,,,,,2.0,,,,,,Matches,,23,,,,,,,,,,,21,,,,Matches,,,,,,,,,,,,,,,,,,,,,Matches,matheus cunha,7.076101643964648,3.698060866445303,7.076101643964648,17.601462572813034,10.04429018124938,MF,0.36101083032490977,0.2554549329951137,0.10555589732979609,0.11,,0.07220216606498195,0.1335040023987474,,,,,,,,,
622,Patrick Cutrone,it ITA,FW,Parma,it Serie A,27.0,1998.0,15,11,888.0,9.9,1.0,0.0,1,1,0,0,0,0,0.1,0.0,0.1,0.1,0.1,Matches,1,25,7,28.0,2.53,0.71,0.04,0.14,0,0,Matches,,,,,,,,,,,,,,,0.0,,,,,,Matches,,1,,,,,,,,,,,3,,,,Matches,,,,,,,,,,,,,,,,,,,,,Matches,patrick cutrone,3.271421535871923,0.6590696647763252,3.271421535871923,3.99916382227093,0.8263060990720987,FW,0.10101010101010101,0.3304466197850427,-0.2294365187749417,0.04,,0.0,0.06657269341175003,,,,,,,,,
623,Lucas Da Cunha,fr FRA,MF,Como,it Serie A,24.0,2001.0,36,31,2739.0,30.4,6.0,4.0,10,2,4,4,4,0,0.2,0.13,0.33,0.07,0.2,Matches,6,42,16,38.1,1.38,0.53,0.14,0.38,4,4,Matches,,,,,,,,,,,,,,,4.0,,,,,,Matches,,33,,,,,,,,,,,18,,,,Matches,,,,,,,,,,,,,,,,,,,,,Matches,lucas da cunha,6.926369271241128,6.021571090444922,3.881173974834383,17.49147634766996,12.713604623451827,MF,0.19736842105263158,0.1276701965406047,-0.030472673396089722,0.14,,0.13157894736842105,0.19807799639621454,,,,,,,,,
624,Adam Daghim,dk DEN,"MF,FW",Wolfsburg,de Bundesliga,19.0,2005.0,27,12,1364.0,15.2,2.0,3.0,5,2,0,0,3,0,0.13,0.2,0.33,0.13,0.33,Matches,2,27,9,33.3,1.78,0.59,0.07,0.22,0,0,Matches,,,,,,,,,,,,,,,3.0,,,,,,Matches,,20,,,,,,,,,,,11,,,,Matches,,,,,,,,,,,,,,,,,,,,,Matches,adam daghim,3.1088089011609554,3.074686413630843,3.1088089011609554,9.786626935005188,4.455633115023375,MF,0.13157894736842105,0.20452690139216814,-0.07294795402374707,0.07,,0.19736842105263158,0.202282000896766,,,,,,,,,
625,Finn Dahmen,de GER,GK,Augsburg,de Bundesliga,27.0,1998.0,34,34,3060.0,34.0,0.0,0.0,0,0,0,0,1,0,0.0,0.0,0.0,0.0,0.0,Matches,0,1,0,0.0,0.03,0.0,0.0,,0,0,Matches,,,,,,,,,,,,,,,0.0,,,,,,Matches,,0,,,,,,,,,,,0,,,,Matches,,,,,,,,,,,,,,,,,,,,,Matches,finn dahmen,0.6633901596069336,0.2969367634505033,0.6633901596069336,4.446497203782201,4.14956040866673,GK,,,,,,,,,,,,,,,,
626,Mahmoud Dahoud,de GER,"MF,FW",Frankfurt,de Bundesliga,29.0,1996.0,15,8,716.0,8.0,2.0,3.0,5,2,0,0,0,0,0.25,0.38,0.63,0.25,0.63,Matches,2,17,2,11.8,2.14,0.25,0.12,1.0,0,0,Matches,,,,,,,,,,,,,,,3.0,,,,,,Matches,,8,,,,,,,,,,,10,,,,Matches,,,,,,,,,,,,,,,,,,,,,Matches,mahmoud dahoud,0.7852020431309938,0.3229838218539953,0.7852020431309938,3.258342294022441,2.4602439450100064,MF,0.25,0.09815025539137423,0.15184974460862577,0.12,,0.375,0.040372977731749415,,,,,,,,,
629,Thijs Dallinga,nl NED,FW,Bologna,it Serie A,24.0,2000.0,23,9,811.0,9.0,2.0,2.0,4,2,0,0,2,0,0.22,0.22,0.44,0.22,0.44,Matches,2,24,5,20.8,2.66,0.55,0.08,0.4,0,0,Matches,,,,,,,,,,,,,,,2.0,,,,,,Matches,,4,,,,,,,,,,,1,,,,Matches,,,,,,,,,,,,,,,,,,,,,Matches,thijs dallinga,3.886146053671837,0.7199398213997483,3.886146053671837,5.551288968883455,1.0566577464342115,FW,0.2222222222222222,0.43179400596353745,-0.20957178374131522,0.08,,0.2222222222222222,0.07999331348886092,,,,,,,,,
630,Diogo Dalot,pt POR,"DF,MF",Manchester Utd,eng Premier League,26.0,1999.0,34,29,2614.0,29.0,1.0,3.0,4,1,0,0,5,0,0.03,0.1,0.14,0.03,0.14,Matches,1,24,6,25.0,0.83,0.21,0.04,0.17,0,0,Matches,,,,,,,,,,,,,,,3.0,,,,,,Matches,,30,,,,,,,,,,,26,,,,Matches,,,,,,,,,,,,,,,,,,,,,Matches,diogo dalot,2.194661596789956,3.5058063408359885,2.194661596789956,13.055216778069736,9.666520467028022,DF,0.034482758620689655,0.07567798609620538,-0.041195227475515725,0.04,,0.10344827586206896,0.12088987382193064,,,,,,,,,
633,Mikkel Damsgaard,dk DEN,MF,Brentford,eng Premier League,25.0,2000.0,33,24,2054.0,22.8,4.0,4.0,8,4,0,0,0,0,0.18,0.18,0.35,0.18,0.35,Matches,4,29,11,37.9,1.27,0.48,0.14,0.36,0,0,Matches,,,,,,,,,,,,,,,4.0,,,,,,Matches,,34,,,,,,,,,,,24,,,,Matches,,,,,,,,,,,,,,,,,,,,,Matches,mikkel damsgaard,2.974404709413648,6.468690361827612,2.974404709413648,12.347467929124832,6.4731036853045225,MF,0.17543859649122806,0.13045634690410737,0.044982249587120694,0.14,,0.17543859649122806,0.2837144895538426,,,,,,,,,
634,Arnaut Danjuma,nl NED,"MF,FW",Valencia,es La Liga,28.0,1997.0,30,18,1628.0,18.1,3.0,2.0,5,3,0,1,0,0,0.17,0.11,0.28,0.17,0.28,Matches,3,36,14,38.9,1.99,0.77,0.08,0.21,0,1,Matches,,,,,,,,,,,,,,,2.0,,,,,,Matches,,10,,,,,,,,,,,2,,,,Matches,,,,,,,,,,,,,,,,,,,,,Matches,arnaut danjuma,5.226826310157776,4.247381461784244,4.483548700809479,9.88978798687458,2.371374111622572,MF,0.16574585635359115,0.24770987297289937,-0.12302907790926938,0.08,,0.11049723756906077,0.23466195921459906,,,,,,,,,
635,Kévin Danois,fr FRA,MF,Auxerre,fr Ligue 1,21.0,2004.0,33,32,2830.0,31.4,3.0,1.0,4,3,0,0,3,0,0.1,0.03,0.13,0.1,0.13,Matches,3,25,8,32.0,0.8,0.25,0.12,0.38,0,0,Matches,,,,,,,,,,,,,,,1.0,,,,,,Matches,,48,,,,,,,,,,,38,,,,Matches,,,,,,,,,,,,,,,,,,,,,Matches,kevin danois,2.123984556645155,4.617172429338098,2.123984556645155,9.194329353049396,5.501396361738443,MF,0.09554140127388536,0.06764282027532341,0.027898580998561944,0.12,,0.03184713375796178,0.14704370794070376,,,,,,,,,
636,Kevin Danso,at AUT,DF,Tottenham,eng Premier League,26.0,1998.0,24,17,1494.0,16.6,0.0,0.0,0,0,0,0,8,0,0.0,0.0,0.0,0.0,0.0,Matches,0,11,2,18.2,0.66,0.12,0.0,0.0,0,0,Matches,,,,,,,,,,,,,,,0.0,,,,,,Matches,,13,,,,,,,,,,,25,,,,Matches,,,,,,,,,,,,,,,,,,,,,Matches,kevin danso,0.5242262706160545,0.1586722880601883,0.5242262706160545,1.6506063239648938,1.5962962182238698,DF,0.0,0.031579895820244244,-0.031579895820244244,0.0,,0.0,0.00955857156989086,,,,,,,,,
637,Dante,br BRA,DF,Nice,fr Ligue 1,41.0,1983.0,12,9,849.0,9.4,0.0,1.0,1,0,0,0,1,0,0.0,0.11,0.11,0.0,0.11,Matches,0,7,1,14.3,0.74,0.11,0.0,0.0,0,0,Matches,,,,,,,,,,,,,,,1.0,,,,,,Matches,,5,,,,,,,,,,,11,,,,Matches,,,,,,,,,,,,,,,,,,,,,Matches,dante,0.2175557473674416,0.075519535690546,0.2175557473674416,2.9663416743278503,2.9388745287433267,DF,0.0,0.02314422844334485,-0.02314422844334485,0.0,,0.10638297872340426,0.008033993158568722,,,,,,,,,
640,Sergi Darder,es ESP,MF,Mallorca,es La Liga,31.0,1993.0,38,30,2680.0,29.8,1.0,5.0,6,1,0,0,3,0,0.03,0.17,0.2,0.03,0.2,Matches,1,36,13,36.1,1.21,0.44,0.03,0.08,0,0,Matches,,,,,,,,,,,,,,,5.0,,,,,,Matches,,13,,,,,,,,,,,23,,,,Matches,,,,,,,,,,,,,,,,,,,,,Matches,sergi darder,2.2581017958000302,5.54317428637296,2.2581017958000302,10.62109318934381,7.191008800640702,MF,0.03355704697986577,0.07577522804698088,-0.042218181067115106,0.03,,0.16778523489932887,0.18601255994540133,,,,,,,,,
641,Karl Darlow,wls WAL,GK,Leeds United,eng Premier League,34.0,1990.0,22,22,1980.0,22.0,0.0,0.0,0,0,0,0,1,0,0.0,0.0,0.0,0.0,0.0,Matches,0,0,0,,0.0,0.0,,,0,0,Matches,,,,,,,,,,,,,,,0.0,,,,,,Matches,,0,,,,,,,,,,,0,,,,Matches,,,,,,,,,,,,,,,,,,,,,Matches,karl darlow,0.0,0.0,0.0,1.8115539252758024,1.8115539252758024,GK,,,,,,,,,,,,,,,,
646,Jonathan David,ca CAN,FW,Juventus,it Serie A,25.0,2000.0,35,20,1781.0,19.8,6.0,4.0,10,6,0,1,0,0,0.3,0.2,0.51,0.3,0.51,Matches,6,41,16,39.0,2.07,0.81,0.15,0.38,0,1,Matches,,,,,,,,,,,,,,,4.0,,,,,,Matches,,10,,,,,,,,,,,6,,,,Matches,,,,,,,,,,,,,,,,,,,,,Matches,jonathan david,11.464318415150046,4.232262331992388,10.703019579872487,14.402950731106102,4.125553295947611,FW,0.30303030303030304,0.5405565444380044,-0.2759756775328306,0.15,,0.20202020202020202,0.21375062282789836,,,,,,,,,
647,Alphonso Davies,ca CAN,DF,Bayern Munich,de Bundesliga,24.0,2000.0,13,6,525.0,5.8,1.0,3.0,4,1,0,0,1,0,0.17,0.51,0.69,0.17,0.69,Matches,1,4,1,25.0,0.69,0.17,0.25,1.0,0,0,Matches,,,,,,,,,,,,,,,3.0,,,,,,Matches,,6,,,,,,,,,,,3,,,,Matches,,,,,,,,,,,,,,,,,,,,,Matches,alphonso davies,0.4413026720285415,1.301999389193952,0.4413026720285415,6.602924805134535,5.091645808890462,DF,0.1724137931034483,0.07608666759112785,0.09632712551232042,0.25,,0.5172413793103449,0.2244826533093021,,,,,,,,,
649,Davinchi,es ESP,DF,Getafe,es La Liga,17.0,2007.0,14,7,700.0,7.8,0.0,0.0,0,0,0,0,2,0,0.0,0.0,0.0,0.0,0.0,Matches,0,4,2,50.0,0.51,0.26,0.0,0.0,0,0,Matches,,,,,,,,,,,,,,,0.0,,,,,,Matches,,17,,,,,,,,,,,7,,,,Matches,,,,,,,,,,,,,,,,,,,,,Matches,davinchi,0.1961896456778049,0.0598578657954931,0.1961896456778049,0.497814642265439,0.3077848814427852,DF,0.0,0.025152518676641655,-0.025152518676641655,0.0,,0.0,0.007674085358396551,,,,,,,,,
650,Keinan Davis,eng ENG,FW,Udinese,it Serie A,27.0,1998.0,30,27,2065.0,22.9,10.0,4.0,14,6,4,4,5,0,0.44,0.17,0.61,0.26,0.44,Matches,10,50,25,50.0,2.18,1.09,0.2,0.4,4,4,Matches,,,,,,,,,,,,,,,4.0,,,,,,Matches,,5,,,,,,,,,,,1,,,,Matches,,,,,,,,,,,,,,,,,,,,,Matches,keinan davis,9.890136182308195,4.327703749760985,6.844940945506096,13.425299689173698,5.164774231612682,FW,0.4366812227074236,0.298905718144371,0.004797546624096278,0.2,,0.17467248908296945,0.1889826964961129,,,,,,,,,
651,Kevin De Bruyne,be BEL,MF,Napoli,it Serie A,34.0,1991.0,18,13,1165.0,12.9,5.0,2.0,7,2,3,3,1,0,0.39,0.15,0.54,0.15,0.31,Matches,5,27,11,40.7,2.09,0.85,0.19,0.45,3,3,Matches,,,,,,,,,,,,,,,2.0,,,,,,Matches,,8,,,,,,,,,,,5,,,,Matches,,,,,,,,,,,,,,,,,,,,,Matches,kevin de bruyne,3.5163134410977364,4.023396631702781,1.2324169697239995,7.890820484608412,5.31821558624506,MF,0.38759689922480617,0.09553619920341082,0.11501446193040803,0.19,,0.15503875968992248,0.3118912117599055,,,,,,,,,
653,Maxim De Cuyper,be BEL,"DF,MF",Brighton,eng Premier League,24.0,2000.0,30,17,1414.0,15.7,2.0,3.0,5,2,0,0,2,0,0.13,0.19,0.32,0.13,0.32,Matches,2,13,6,46.2,0.83,0.38,0.15,0.33,0,0,Matches,,,,,,,,,,,,,,,3.0,,,,,,Matches,,10,,,,,,,,,,,11,,,,Matches,,,,,,,,,,,,,,,,,,,,,Matches,maxim de cuyper,1.7418285254389048,4.685627582482994,1.7418285254389048,6.840236205607653,3.4948783963918686,DF,0.12738853503184713,0.11094449206617228,0.016444042965674855,0.15,,0.1910828025477707,0.29844761671866205,,,,,,,,,
654,Charles De Ketelaere,be BEL,"MF,FW",Atalanta,it Serie A,24.0,2001.0,31,26,2177.0,24.2,3.0,5.0,8,3,0,0,4,0,0.12,0.21,0.33,0.12,0.33,Matches,3,46,16,34.8,1.9,0.66,0.07,0.19,0,0,Matches,,,,,,,,,,,,,,,5.0,,,,,,Matches,,15,,,,,,,,,,,5,,,,Matches,,,,,,,,,,,,,,,,,,,,,Matches,charles de ketelaere,4.545966546982527,10.65264681726694,4.545966546982527,19.828982893377542,7.581169381737709,MF,0.12396694214876033,0.18784985731332757,-0.06388291516456722,0.07,,0.2066115702479339,0.4401920172424355,,,,,,,,,
655,Jeffrey De Lange,nl NED,GK,Marseille,fr Ligue 1,27.0,1998.0,5,5,450.0,5.0,0.0,0.0,0,0,0,0,0,0,0.0,0.0,0.0,0.0,0.0,Matches,0,0,0,,0.0,0.0,,,0,0,Matches,,,,,,,,,,,,,,,0.0,,,,,,Matches,,0,,,,,,,,,,,0,,,,Matches,,,,,,,,,,,,,,,,,,,,,Matches,jeffrey de lange,0.0,0.1029973775148391,0.0,2.4000284634530544,2.2970311008393764,GK,,,,,,,,,,,,,,,,
657,Théo De Percin,mq MTQ,GK,Auxerre,fr Ligue 1,24.0,2001.0,8,5,598.0,6.6,0.0,0.0,0,0,0,0,0,0,0.0,0.0,0.0,0.0,0.0,Matches,0,0,0,,0.0,0.0,,,0,0,Matches,,,,,,,,,,,,,,,0.0,,,,,,Matches,,0,,,,,,,,,,,0,,,,Matches,,,,,,,,,,,,,,,,,,,,,Matches,theo de percin,0.0,0.0,0.0,0.2186872474849224,0.2186872474849224,GK,,,,,,,,,,,,,,,,
658,Lorenzo De Silvestri,it ITA,DF,Bologna,it Serie A,37.0,1988.0,12,6,491.0,5.5,0.0,0.0,0,0,0,0,2,0,0.0,0.0,0.0,0.0,0.0,Matches,0,0,0,,0.0,0.0,,,0,0,Matches,,,,,,,,,,,,,,,0.0,,,,,,Matches,,1,,,,,,,,,,,7,,,,Matches,,,,,,,,,,,,,,,,,,,,,Matches,lorenzo de silvestri,0.0,0.1587319131940603,0.0,0.8127099629491568,0.6539780553430319,DF,0.0,0.0,0.0,,,0.0,0.028860347853465508,,,,,,,,,
659,Thibault De Smet,be BEL,DF,Paris FC,fr Ligue 1,27.0,1998.0,17,13,1144.0,12.7,0.0,1.0,1,0,0,0,6,2,0.0,0.08,0.08,0.0,0.08,Matches,0,4,0,0.0,0.31,0.0,0.0,,0,0,Matches,,,,,,,,,,,,,,,1.0,,,,,,Matches,,11,,,,,,,,,,,10,,,,Matches,,,,,,,,,,,,,,,,,,,,,Matches,thibault de smet,0.1855126786977052,0.3585076257586479,0.1855126786977052,4.638216312974691,4.51627979055047,DF,0.0,0.01460729753525238,-0.01460729753525238,0.0,,0.07874015748031496,0.028228946910129758,,,,,,,,,
660,Koni De Winter,be BEL,DF,Milan,it Serie A,23.0,2002.0,26,19,1800.0,20.0,1.0,1.0,2,1,0,0,1,0,0.05,0.05,0.1,0.05,0.1,Matches,1,7,1,14.3,0.35,0.05,0.14,1.0,0,0,Matches,,,,,,,,,,,,,,,1.0,,,,,,Matches,,19,,,,,,,,,,,13,,,,Matches,,,,,,,,,,,,,,,,,,,,,Matches,koni de winter,0.7965529607608914,0.6498572872951627,0.7965529607608914,8.046976586803794,7.892384415492415,DF,0.05,0.039827648038044575,0.010172351961955428,0.14,,0.05,0.03249286436475814,,,,,,,,,
661,Alessandro Deiola,it ITA,"MF,DF",Cagliari,it Serie A,29.0,1995.0,20,17,1430.0,15.9,0.0,2.0,2,0,0,0,3,0,0.0,0.13,0.13,0.0,0.13,Matches,0,22,7,31.8,1.38,0.44,0.0,0.0,0,0,Matches,,,,,,,,,,,,,,,2.0,,,,,,Matches,,20,,,,,,,,,,,13,,,,Matches,,,,,,,,,,,,,,,,,,,,,Matches,alessandro deiola,2.228636055253446,0.5954971769824624,2.228636055253446,4.545566329732537,2.970381209626794,MF,0.0,0.1401657896385815,-0.1401657896385815,0.0,,0.12578616352201258,0.03745265264040644,,,,,,,,,
662,Romain Del Castillo,fr FRA,"MF,FW",Brest,fr Ligue 1,29.0,1996.0,32,32,2625.0,29.2,9.0,3.0,12,3,6,8,2,1,0.31,0.1,0.41,0.1,0.21,Matches,9,33,13,39.4,1.13,0.45,0.27,0.69,6,8,Matches,,,,,,,,,,,,,,,3.0,,,,,,Matches,,36,,,,,,,,,,,28,,,,Matches,,,,,,,,,,,,,,,,,,,,,Matches,romain del castillo,8.386032570153475,6.569920150563121,2.3052715435624123,12.779396329075098,6.169922332279384,MF,0.3082191780821918,0.07894765560145248,0.021026281844059084,0.27,,0.10273972602739727,0.22499726543024387,,,,,,,,,
664,Liam Delap,eng ENG,FW,Chelsea,eng Premier League,22.0,2003.0,28,12,1107.0,12.3,1.0,0.0,1,1,0,0,4,0,0.08,0.0,0.08,0.08,0.08,Matches,1,36,11,30.6,2.93,0.89,0.03,0.09,0,0,Matches,,,,,,,,,,,,,,,0.0,,,,,,Matches,,3,,,,,,,,,,,1,,,,Matches,,,,,,,,,,,,,,,,,,,,,Matches,liam delap,5.030099527910352,0.1692549511790275,5.030099527910352,7.515913432464004,3.400637183338404,FW,0.08130081300813008,0.4089511811309229,-0.3276503681227928,0.03,,0.0,0.0137605651365063,,,,,,,,,
665,Fisayo Dele-Bashiru,ng NGA,MF,Lazio,it Serie A,24.0,2001.0,24,11,1187.0,13.2,1.0,0.0,1,1,0,0,0,0,0.08,0.0,0.08,0.08,0.08,Matches,1,9,2,22.2,0.68,0.15,0.11,0.5,0,0,Matches,,,,,,,,,,,,,,,0.0,,,,,,Matches,,15,,,,,,,,,,,4,,,,Matches,,,,,,,,,,,,,,,,,,,,,Matches,fisayo dele bashiru,0.5851763747632504,1.120098192244768,0.5851763747632504,6.592202328145504,5.67429375462234,MF,0.07575757575757576,0.044331543542670486,0.03142603221490528,0.11,,0.0,0.08485592365490667,,,,,,,,,
666,Enrico Delprato,it ITA,"DF,MF",Parma,it Serie A,25.0,1999.0,35,34,2951.0,32.8,2.0,0.0,2,2,0,0,5,0,0.06,0.0,0.06,0.06,0.06,Matches,2,18,9,50.0,0.55,0.27,0.11,0.22,0,0,Matches,,,,,,,,,,,,,,,0.0,,,,,,Matches,,21,,,,,,,,,,,24,,,,Matches,,,,,,,,,,,,,,,,,,,,,Matches,enrico delprato,,,,,,DF,0.06097560975609757,,,0.11,,0.0,,,,,,,,,,
667,Olivier Deman,be BEL,"DF,MF",Werder Bremen,de Bundesliga,25.0,2000.0,16,14,1254.0,13.9,1.0,2.0,3,1,0,0,3,0,0.07,0.14,0.22,0.07,0.22,Matches,1,10,3,30.0,0.72,0.22,0.1,0.33,0,0,Matches,,,,,,,,,,,,,,,2.0,,,,,,Matches,,26,,,,,,,,,,,10,,,,Matches,,,,,,,,,,,,,,,,,,,,,Matches,olivier deman,0.428515175357461,1.47944251075387,0.428515175357461,4.93840117380023,3.729718029499054,DF,0.07194244604316546,0.030828429881831723,0.04111401616133374,0.1,,0.14388489208633093,0.10643471300387554,,,,,,,,,
668,Pape Demba Diop,sn SEN,MF,Toulouse,fr Ligue 1,21.0,2003.0,15,13,1181.0,13.1,1.0,2.0,3,1,0,0,2,0,0.08,0.15,0.23,0.08,0.23,Matches,1,29,11,37.9,2.21,0.84,0.03,0.09,0,0,Matches,,,,,,,,,,,,,,,2.0,,,,,,Matches,,20,,,,,,,,,,,29,,,,Matches,,,,,,,,,,,,,,,,,,,,,Matches,pape demba diop,1.532203583046794,1.71294922567904,1.532203583046794,4.120846760459244,2.7289467100054026,MF,0.07633587786259542,0.11696210557609114,-0.04062622771349572,0.03,,0.15267175572519084,0.1307594828762626,,,,,,,,,
670,Ousmane Dembélé,fr FRA,FW,PSG,fr Ligue 1,28.0,1997.0,22,11,1063.0,11.8,10.0,7.0,17,8,2,3,0,0,0.85,0.59,1.44,0.68,1.27,Matches,10,45,18,40.0,3.81,1.52,0.22,0.56,2,3,Matches,,,,,,,,,,,,,,,7.0,,,,,,Matches,,3,,,,,,,,,,,0,,,,Matches,,,,,,,,,,,,,,,,,,,,,Matches,ousmane dembele,6.604901619255543,5.207486420869827,4.324616186320782,10.21094974130392,4.470038652420044,FW,0.847457627118644,0.36649289714582894,0.28772020175800483,0.22,,0.5932203389830508,0.4413124085482904,,,,,,,,,
671,Jessy Deminguet,fr FRA,MF,Metz,fr Ligue 1,27.0,1998.0,31,25,1995.0,22.2,2.0,0.0,2,2,0,0,4,0,0.09,0.0,0.09,0.09,0.09,Matches,2,17,7,41.2,0.77,0.32,0.12,0.29,0,0,Matches,,,,,,,,,,,,,,,0.0,,,,,,Matches,,21,,,,,,,,,,,22,,,,Matches,,,,,,,,,,,,,,,,,,,,,Matches,jessy deminguet,1.1191442692652345,0.6021527666598558,1.1191442692652345,5.570983536541462,4.136053280904889,MF,0.0900900900900901,0.05041190402095651,0.039678186069133585,0.12,,0.0,0.027123998498191706,,,,,,,,,
672,Ermedin Demirović,ba BIH,FW,Stuttgart,de Bundesliga,27.0,1998.0,25,17,1497.0,16.6,12.0,3.0,15,11,1,1,5,0,0.72,0.18,0.9,0.66,0.84,Matches,12,41,22,53.7,2.46,1.32,0.29,0.55,1,1,Matches,,,,,,,,,,,,,,,3.0,,,,,,Matches,,10,,,,,,,,,,,2,,,,Matches,,,,,,,,,,,,,,,,,,,,,Matches,ermedin demirovic,8.664393775165081,2.179655436426401,7.906617097556591,13.179813992232084,4.325801435858011,FW,0.7228915662650601,0.47630223479256567,0.20094013402619992,0.29,,0.18072289156626503,0.1313045443630362,,,,,,,,,
673,Rav van den Berg,nl NED,DF,Köln,de Bundesliga,21.0,2004.0,14,12,1131.0,12.6,0.0,1.0,1,0,0,0,0,1,0.0,0.08,0.08,0.0,0.08,Matches,0,1,0,0.0,0.08,0.0,0.0,,0,0,Matches,,,,,,,,,,,,,,,1.0,,,,,,Matches,,8,,,,,,,,,,,14,,,,Matches,,,,,,,,,,,,,,,,,,,,,Matches,rav van den berg,0.107068583369255,0.4956986010074615,0.107068583369255,2.7127026673406363,2.7127026673406363,DF,0.0,0.00849750661660754,-0.00849750661660754,0.0,,0.07936507936507936,0.03934115881011599,,,,,,,,,
674,Sepp van den Berg,nl NED,DF,Brentford,eng Premier League,23.0,2001.0,32,30,2763.0,30.7,0.0,2.0,2,0,0,0,2,0,0.0,0.07,0.07,0.0,0.07,Matches,0,23,7,30.4,0.75,0.23,0.0,0.0,0,0,Matches,,,,,,,,,,,,,,,2.0,,,,,,Matches,,9,,,,,,,,,,,26,,,,Matches,,,,,,,,,,,,,,,,,,,,,Matches,sepp van den berg,3.3328840751200914,2.197148658335209,3.3328840751200914,8.73620273731649,6.425411341711879,DF,0.0,0.10856299918957953,-0.10856299918957953,0.0,,0.06514657980456026,0.0715683602063586,,,,,,,,,
675,Branco van den Boomen,nl NED,MF,Angers,fr Ligue 1,30.0,1995.0,15,14,1238.0,13.8,0.0,1.0,1,0,0,1,3,0,0.0,0.07,0.07,0.0,0.07,Matches,0,13,5,38.5,0.95,0.36,0.0,0.0,0,1,Matches,,,,,,,,,,,,,,,1.0,,,,,,Matches,,15,,,,,,,,,,,7,,,,Matches,,,,,,,,,,,,,,,,,,,,,Matches,branco van den boomen,1.0635485812090335,2.33521773852408,0.3034534617327153,5.750964725390077,4.139429623261094,MF,0.0,0.02198938128497937,-0.07706873776877055,0.0,,0.07246376811594203,0.1692186767046435,,,,,,,,,
676,Leander Dendoncker,be BEL,MF,Oviedo,es La Liga,30.0,1995.0,19,15,1330.0,14.8,1.0,0.0,1,1,0,0,2,0,0.07,0.0,0.07,0.07,0.07,Matches,1,9,4,44.4,0.61,0.27,0.11,0.25,0,0,Matches,,,,,,,,,,,,,,,0.0,,,,,,Matches,,25,,,,,,,,,,,11,,,,Matches,,,,,,,,,,,,,,,,,,,,,Matches,leander dendoncker,0.538357574492693,0.4306179387494921,0.538357574492693,2.1508139576762915,1.4654122050851583,MF,0.06756756756756756,0.03637551179004682,0.031192055777520745,0.11,,0.0,0.02909580667226298,,,,,,,,,
678,Nelson Deossa,co COL,MF,Real Betis,es La Liga,25.0,2000.0,20,8,743.0,8.3,0.0,0.0,0,0,0,0,3,0,0.0,0.0,0.0,0.0,0.0,Matches,0,18,0,0.0,2.18,0.0,0.0,,0,0,Matches,,,,,,,,,,,,,,,0.0,,,,,,Matches,,8,,,,,,,,,,,6,,,,Matches,,,,,,,,,,,,,,,,,,,,,Matches,nelson deossa,0.473878163844347,0.6545962225645781,0.473878163844347,4.098076751455665,3.2412512339651585,MF,0.0,0.057093754680041804,-0.057093754680041804,0.0,,0.0,0.07886701476681662,,,,,,,,,
680,Rémy Descamps,fr FRA,GK,Lyon,fr Ligue 1,29.0,1996.0,5,5,450.0,5.0,0.0,0.0,0,0,0,0,0,0,0.0,0.0,0.0,0.0,0.0,Matches,0,0,0,,0.0,0.0,,,0,0,Matches,,,,,,,,,,,,,,,0.0,,,,,,Matches,,0,,,,,,,,,,,0,,,,Matches,,,,,,,,,,,,,,,,,,,,,Matches,remy descamps,0.0,0.0,0.0,0.873858168721199,0.873858168721199,GK,,,,,,,,,,,,,,,,
682,Justin Devenny,nir NIR,"MF,FW",Crystal Palace,eng Premier League,21.0,2003.0,21,7,796.0,8.8,1.0,0.0,1,0,1,1,0,0,0.11,0.0,0.11,0.0,0.0,Matches,1,13,4,30.8,1.47,0.45,0.08,0.25,1,1,Matches,,,,,,,,,,,,,,,0.0,,,,,,Matches,,11,,,,,,,,,,,1,,,,Matches,,,,,,,,,,,,,,,,,,,,,Matches,justin devenny,2.2452754601836205,0.3324787318706512,1.4841066226363182,3.62430040538311,2.076643966138363,MF,0.11363636363636363,0.16864847984503614,-0.14150857502086595,0.08,,0.0,0.03778167407621036,,,,,,,,,
684,Kiernan Dewsbury-Hall,eng ENG,MF,Everton,eng Premier League,26.0,1998.0,31,30,2626.0,29.2,8.0,4.0,12,8,0,0,6,0,0.27,0.14,0.41,0.27,0.41,Matches,8,39,15,38.5,1.34,0.51,0.21,0.53,0,0,Matches,,,,,,,,,,,,,,,4.0,,,,,,Matches,,26,,,,,,,,,,,14,,,,Matches,,,,,,,,,,,,,,,,,,,,,Matches,kiernan dewsbury hall,4.330071024596691,6.574528481811285,4.330071024596691,14.27813035994768,8.12063055485487,MF,0.273972602739726,0.14829010358207848,0.12568249915764756,0.21,,0.136986301369863,0.22515508499353717,,,,,,,,,
686,Michele Di Gregorio,it ITA,GK,Juventus,it Serie A,28.0,1997.0,30,29,2655.0,29.5,0.0,0.0,0,0,0,0,1,0,0.0,0.0,0.0,0.0,0.0,Matches,0,0,0,,0.0,0.0,,,0,0,Matches,,,,,,,,,,,,,,,0.0,,,,,,Matches,,0,,,,,,,,,,,0,,,,Matches,,,,,,,,,,,,,,,,,,,,,Matches,michele di gregorio,0.0,0.0,0.0,3.483929043635726,3.483929043635726,GK,,,,,,,,,,,,,,,,
687,Giovanni Di Lorenzo,it ITA,"DF,MF",Napoli,it Serie A,31.0,1993.0,26,26,2276.0,25.3,2.0,1.0,3,2,0,0,1,0,0.08,0.04,0.12,0.08,0.12,Matches,2,25,9,36.0,0.99,0.36,0.08,0.22,0,0,Matches,,,,,,,,,,,,,,,1.0,,,,,,Matches,,26,,,,,,,,,,,9,,,,Matches,,,,,,,,,,,,,,,,,,,,,Matches,giovanni di lorenzo,1.950576670467853,2.9962266702204943,1.950576670467853,13.250591915100811,9.1819875985384,DF,0.07905138339920949,0.07709789211335387,0.0019534912858556086,0.08,,0.039525691699604744,0.11842793162926854,,,,,,,,,
689,Boulaye Dia,sn SEN,"FW,MF",Lazio,it Serie A,28.0,1996.0,27,14,1253.0,13.9,1.0,2.0,3,1,0,0,1,0,0.07,0.14,0.22,0.07,0.22,Matches,1,12,7,58.3,0.86,0.5,0.08,0.14,0,0,Matches,,,,,,,,,,,,,,,2.0,,,,,,Matches,,7,,,,,,,,,,,3,,,,Matches,,,,,,,,,,,,,,,,,,,,,Matches,boulaye dia,2.69816866144538,1.712193813174963,2.69816866144538,5.352691099047661,2.55795587785542,FW,0.07194244604316546,0.19411285334139425,-0.12217040729822878,0.08,,0.14388489208633093,0.12317941101978151,,,,,,,,,
690,Ibrahim Diabaté,ci CIV,FW,Alavés,es La Liga,25.0,1999.0,10,6,578.0,6.4,2.0,0.0,2,2,0,0,1,0,0.31,0.0,0.31,0.31,0.31,Matches,2,15,5,33.3,2.34,0.78,0.13,0.4,0,0,Matches,,,,,,,,,,,,,,,0.0,,,,,,Matches,,1,,,,,,,,,,,2,,,,Matches,,,,,,,,,,,,,,,,,,,,,Matches,ibrahim diabate,2.7270304802805185,0.147997735068202,2.7270304802805185,3.0350424721837044,0.7203780803829432,FW,0.3125,0.426098512543831,-0.11359851254383102,0.13,,0.0,0.02312464610440656,,,,,,,,,
692,Mouctar Diakhaby,gn GUI,DF,Valencia,es La Liga,28.0,1996.0,8,7,543.0,6.0,1.0,0.0,1,1,0,0,3,0,0.17,0.0,0.17,0.17,0.17,Matches,1,4,3,75.0,0.66,0.5,0.25,0.33,0,0,Matches,,,,,,,,,,,,,,,0.0,,,,,,Matches,,6,,,,,,,,,,,9,,,,Matches,,,,,,,,,,,,,,,,,,,,,Matches,mouctar diakhaby,0.632166750729084,0.0550495460629463,0.632166750729084,1.056779257953167,1.0017297193408012,DF,0.16666666666666666,0.10536112512151401,0.061305541545152664,0.25,,0.0,0.009174924343824383,,,,,,,,,
693,Bafodé Diakité,fr FRA,DF,Bournemouth,eng Premier League,24.0,2001.0,18,15,1277.0,14.2,0.0,0.0,0,0,0,0,1,0,0.0,0.0,0.0,0.0,0.0,Matches,0,1,0,0.0,0.07,0.0,0.0,,0,0,Matches,,,,,,,,,,,,,,,0.0,,,,,,Matches,,15,,,,,,,,,,,10,,,,Matches,,,,,,,,,,,,,,,,,,,,,Matches,bafode diakite,0.0138677563518285,0.0845660716295242,0.0138677563518285,3.926532536745072,3.877728216350079,DF,0.0,0.0009766025599879226,-0.0009766025599879226,0.0,,0.0,0.005955357157008747,,,,,,,,,
694,Amad Diallo,ci CIV,MF,Manchester Utd,eng Premier League,23.0,2002.0,32,27,2341.0,26.0,2.0,3.0,5,2,0,0,2,0,0.08,0.12,0.19,0.08,0.19,Matches,2,53,23,43.4,2.04,0.88,0.04,0.09,0,0,Matches,,,,,,,,,,,,,,,3.0,,,,,,Matches,,23,,,,,,,,,,,15,,,,Matches,,,,,,,,,,,,,,,,,,,,,Matches,amad diallo,,,,,,MF,0.07692307692307693,,,0.04,,0.11538461538461539,,,,,,,,,,
695,Habib Diallo,sn SEN,FW,Metz,fr Ligue 1,30.0,1995.0,25,21,1909.0,21.2,4.0,1.0,5,4,0,1,0,0,0.19,0.05,0.24,0.19,0.24,Matches,4,38,12,31.6,1.79,0.57,0.11,0.33,0,1,Matches,,,,,,,,,,,,,,,1.0,,,,,,Matches,,5,,,,,,,,,,,2,,,,Matches,,,,,,,,,,,,,,,,,,,,,Matches,habib diallo,5.928135938942432,0.7432543095201254,5.168040789663792,6.45493212621659,1.7053034035488963,FW,0.18867924528301888,0.24377550894640526,-0.09094980844068078,0.11,,0.04716981132075472,0.03505916554340214,,,,,,,,,
697,Grady Diangana,cd COD,"MF,FW",Elche,es La Liga,27.0,1998.0,20,13,926.0,10.3,1.0,0.0,1,1,0,0,3,0,0.1,0.0,0.1,0.1,0.1,Matches,1,16,2,12.5,1.56,0.19,0.06,0.5,0,0,Matches,,,,,,,,,,,,,,,0.0,,,,,,Matches,,6,,,,,,,,,,,4,,,,Matches,,,,,,,,,,,,,,,,,,,,,Matches,grady diangana,1.3557052668184042,1.090244321152568,1.3557052668184042,4.737419964745641,2.660494836047292,MF,0.0970873786407767,0.1316218705648936,-0.03453449192411691,0.06,,0.0,0.10584896321869593,,,,,,,,,
698,Assane Diao,sn SEN,MF,Como,it Serie A,19.0,2005.0,17,13,1075.0,11.9,2.0,1.0,3,2,0,0,2,0,0.17,0.08,0.25,0.17,0.25,Matches,2,31,10,32.3,2.6,0.84,0.06,0.2,0,0,Matches,,,,,,,,,,,,,,,1.0,,,,,,Matches,,5,,,,,,,,,,,4,,,,Matches,,,,,,,,,,,,,,,,,,,,,Matches,assane diao,3.17557692155242,1.6823896700516343,3.17557692155242,6.436402162536979,1.8002320639789104,MF,0.1680672268907563,0.2668552034918,-0.0987879766010437,0.06,,0.08403361344537814,0.14137728319761633,,,,,,,,,
700,Habib Diarra,sn SEN,MF,Sunderland,eng Premier League,21.0,2004.0,20,15,1405.0,15.6,2.0,2.0,4,1,1,1,6,0,0.13,0.13,0.26,0.06,0.19,Matches,2,26,8,30.8,1.67,0.51,0.08,0.25,1,1,Matches,,,,,,,,,,,,,,,2.0,,,,,,Matches,,7,,,,,,,,,,,4,,,,Matches,,,,,,,,,,,,,,,,,,,,,Matches,habib diarra,3.2528567891567945,0.644760662689805,2.4916879516094923,4.116263935342431,1.8810110297054048,MF,0.12820512820512822,0.15972358664163414,-0.08031133263825606,0.08,,0.12820512820512822,0.041330811710884936,,,,,,,,,
702,Rúben Dias,pt POR,DF,Manchester City,eng Premier League,28.0,1997.0,26,24,2141.0,23.8,2.0,0.0,2,2,0,0,3,0,0.08,0.0,0.08,0.08,0.08,Matches,2,10,4,40.0,0.42,0.17,0.2,0.5,0,0,Matches,,,,,,,,,,,,,,,0.0,,,,,,Matches,,6,,,,,,,,,,,23,,,,Matches,,,,,,,,,,,,,,,,,,,,,Matches,ruben dias,0.4370618928223848,0.4225503513589501,0.4370618928223848,14.6865739133209,14.24906044639647,DF,0.08403361344537814,0.018363945076570787,0.06566966836880736,0.2,,0.0,0.017754216443653364,,,,,,,,,
705,Krépin Diatta,sn SEN,"MF,DF",Monaco,fr Ligue 1,26.0,1999.0,18,10,1013.0,11.3,0.0,1.0,1,0,0,0,2,0,0.0,0.09,0.09,0.0,0.09,Matches,0,7,1,14.3,0.62,0.09,0.0,0.0,0,0,Matches,,,,,,,,,,,,,,,1.0,,,,,,Matches,,16,,,,,,,,,,,15,,,,Matches,,,,,,,,,,,,,,,,,,,,,Matches,krepin diatta,0.9261248912662268,1.7593798488378525,0.9261248912662268,5.158774934709072,3.25042811781168,MF,0.0,0.0819579549793121,-0.0819579549793121,0.0,,0.08849557522123894,0.15569733175556216,,,,,,,,,
706,Mory Diaw,sn SEN,GK,Le Havre,fr Ligue 1,32.0,1993.0,30,30,2655.0,29.5,0.0,1.0,1,0,0,0,1,0,0.0,0.03,0.03,0.0,0.03,Matches,0,0,0,,0.0,0.0,,,0,0,Matches,,,,,,,,,,,,,,,1.0,,,,,,Matches,,0,,,,,,,,,,,2,,,,Matches,,,,,,,,,,,,,,,,,,,,,Matches,mory diaw,0.0,0.2680368945002556,0.0,4.21309878397733,3.9779294030740857,GK,,,,,,,,,,,,,,,,
707,Brahim Díaz,ma MAR,"FW,MF",Real Madrid,es La Liga,25.0,1999.0,30,13,1257.0,14.0,1.0,6.0,7,1,0,0,2,0,0.07,0.43,0.5,0.07,0.5,Matches,1,15,7,46.7,1.07,0.5,0.07,0.14,0,0,Matches,,,,,,,,,,,,,,,6.0,,,,,,Matches,,10,,,,,,,,,,,2,,,,Matches,,,,,,,,,,,,,,,,,,,,,Matches,brahim diaz,1.7095827870070934,3.635775487869978,1.7095827870070934,7.436839532107115,2.803654298186302,FW,0.07142857142857142,0.12211305621479239,-0.05068448478622096,0.07,,0.42857142857142855,0.25969824913356987,,,,,,,,,
710,Junior Diaz,ci CIV,DF,Brest,fr Ligue 1,22.0,2003.0,20,17,1562.0,17.4,0.0,0.0,0,0,0,0,4,0,0.0,0.0,0.0,0.0,0.0,Matches,0,7,1,14.3,0.4,0.06,0.0,0.0,0,0,Matches,,,,,,,,,,,,,,,0.0,,,,,,Matches,,18,,,,,,,,,,,25,,,,Matches,,,,,,,,,,,,,,,,,,,,,Matches,junior diaz,0.8775945119559765,0.0303069576621055,0.8775945119559765,2.8094221614301205,2.2683826945722103,DF,0.0,0.05043646620436647,-0.05043646620436647,0.0,,0.0,0.0017417791759830748,,,,,,,,,
711,Luis Díaz,co COL,MF,Bayern Munich,de Bundesliga,28.0,1997.0,32,27,2447.0,27.2,15.0,14.0,29,15,0,0,7,1,0.55,0.51,1.07,0.55,1.07,Matches,15,88,37,42.0,3.24,1.36,0.17,0.41,0,0,Matches,,,,,,,,,,,,,,,14.0,,,,,,Matches,,13,,,,,,,,,,,17,,,,Matches,,,,,,,,,,,,,,,,,,,,,Matches,luis diaz,14.85997650027275,10.122723823413253,14.85997650027275,36.54146680980921,15.259370246902108,MF,0.5514705882352942,0.5463226654512041,0.005147922784090042,0.17,,0.5147058823529412,0.37215896409607546,,,,,,,,,
712,Pedro Díaz,es ESP,MF,Rayo Vallecano,es La Liga,27.0,1998.0,34,21,1870.0,20.8,0.0,1.0,1,0,0,0,2,0,0.0,0.05,0.05,0.0,0.05,Matches,0,44,6,13.6,2.12,0.29,0.0,0.0,0,0,Matches,,,,,,,,,,,,,,,1.0,,,,,,Matches,,25,,,,,,,,,,,9,,,,Matches,,,,,,,,,,,,,,,,,,,,,Matches,pedro diaz,1.7679051300510764,1.6380874933674932,1.7679051300510764,7.993919337168336,5.8795163836330175,MF,0.0,0.08499543894476329,-0.08499543894476329,0.0,,0.04807692307692307,0.0787542064118987,,,,,,,,,
716,Bamba Dieng,sn SEN,FW,Lorient,fr Ligue 1,25.0,2000.0,22,15,1212.0,13.5,10.0,1.0,11,9,1,2,2,0,0.74,0.07,0.82,0.67,0.74,Matches,10,45,24,53.3,3.34,1.78,0.22,0.42,1,2,Matches,,,,,,,,,,,,,,,1.0,,,,,,Matches,,2,,,,,,,,,,,2,,,,Matches,,,,,,,,,,,,,,,,,,,,,Matches,bamba dieng,9.474379494786264,1.150337222032249,7.954189226031303,7.221809398382902,1.4927732981741428,FW,0.7407407407407407,0.5891992019282447,0.0389348522380545,0.22,,0.07407407407407407,0.0852101645949814,,,,,,,,,
717,Eric Dier,eng ENG,DF,Monaco,fr Ligue 1,31.0,1994.0,9,7,688.0,7.6,1.0,0.0,1,1,0,0,0,0,0.13,0.0,0.13,0.13,0.13,Matches,1,3,2,66.7,0.39,0.26,0.33,0.5,0,0,Matches,,,,,,,,,,,,,,,0.0,,,,,,Matches,,2,,,,,,,,,,,10,,,,Matches,,,,,,,,,,,,,,,,,,,,,Matches,eric dier,0.5377254784107208,0.028601836413145,0.5377254784107208,2.885582761839032,2.856980921700597,DF,0.13157894736842105,0.07075335242246326,0.06082559494595779,0.33,,0.0,0.003763399528045395,,,,,,,,,
718,Lucas Digne,fr FRA,DF,Aston Villa,eng Premier League,32.0,1993.0,31,21,1852.0,20.6,0.0,6.0,6,0,0,0,3,0,0.0,0.29,0.29,0.0,0.29,Matches,0,14,5,35.7,0.68,0.24,0.0,0.0,0,0,Matches,,,,,,,,,,,,,,,6.0,,,,,,Matches,,26,,,,,,,,,,,13,,,,Matches,,,,,,,,,,,,,,,,,,,,,Matches,lucas digne,0.7033488415181637,3.052508193999529,0.7033488415181637,5.530973820015788,4.1429683696478605,DF,0.0,0.0341431476465128,-0.0341431476465128,0.0,,0.2912621359223301,0.14818000941745285,,,,,,,,,
719,Kevin Diks,id IDN,DF,Gladbach,de Bundesliga,28.0,1996.0,30,28,2464.0,27.4,5.0,0.0,5,1,4,4,6,0,0.18,0.0,0.18,0.04,0.04,Matches,5,23,13,56.5,0.84,0.47,0.22,0.38,4,4,Matches,,,,,,,,,,,,,,,0.0,,,,,,Matches,,30,,,,,,,,,,,24,,,,Matches,,,,,,,,,,,,,,,,,,,,,Matches,kevin diks,4.184454521164298,0.704138720408082,1.153347745537758,8.415256265550852,7.45520737580955,DF,0.18248175182481752,0.0420929834137868,0.029764433534149707,0.22,,0.0,0.02569849344555044,,,,,,,,,
720,Federico Dimarco,it ITA,MF,Inter,it Serie A,27.0,1997.0,35,30,2698.0,30.0,7.0,16.0,23,7,0,0,3,0,0.23,0.53,0.77,0.23,0.77,Matches,7,65,22,33.8,2.17,0.73,0.11,0.32,0,0,Matches,,,,,,,,,,,,,,,16.0,,,,,,Matches,,31,,,,,,,,,,,30,,,,Matches,,,,,,,,,,,,,,,,,,,,,Matches,federico dimarco,7.286320146173239,15.929082989692688,7.286320146173239,29.17661831900477,13.816550381481647,MF,0.23333333333333334,0.24287733820577462,-0.009544004872441291,0.11,,0.5333333333333333,0.5309694329897563,,,,,,,,,
721,Stole Dimitrievski,mk MKD,GK,Valencia,es La Liga,31.0,1993.0,20,20,1800.0,20.0,0.0,0.0,0,0,0,0,1,0,0.0,0.0,0.0,0.0,0.0,Matches,0,0,0,,0.0,0.0,,,0,0,Matches,,,,,,,,,,,,,,,0.0,,,,,,Matches,,0,,,,,,,,,,,1,,,,Matches,,,,,,,,,,,,,,,,,,,,,Matches,stole dimitrievski,0.0,0.0,0.0,2.704712343402207,2.704712343402207,GK,,,,,,,,,,,,,,,,
722,Junior Dina Ebimbe,cm CMR,MF,Brest,fr Ligue 1,24.0,2000.0,27,15,1165.0,12.9,5.0,0.0,5,5,0,0,3,0,0.39,0.0,0.39,0.39,0.39,Matches,5,27,9,33.3,2.09,0.7,0.19,0.56,0,0,Matches,,,,,,,,,,,,,,,0.0,,,,,,Matches,,16,,,,,,,,,,,6,,,,Matches,,,,,,,,,,,,,,,,,,,,,Matches,junior dina ebimbe,4.377322880551219,1.1943688429892063,4.377322880551219,5.206158727407456,1.4347593672573566,MF,0.38759689922480617,0.3393273550814898,0.048269544143316356,0.19,,0.0,0.09258673201466715,,,,,,,,,
723,Eren Dinkçi,de GER,"MF,FW",Heidenheim,de Bundesliga,23.0,2001.0,14,13,1131.0,12.6,3.0,1.0,4,3,0,0,3,0,0.24,0.08,0.32,0.24,0.32,Matches,3,25,9,36.0,1.99,0.72,0.12,0.33,0,0,Matches,,,,,,,,,,,,,,,1.0,,,,,,Matches,,13,,,,,,,,,,,5,,,,Matches,,,,,,,,,,,,,,,,,,,,,Matches,eren dinkci,,,,,,MF,0.2380952380952381,,,0.12,,0.07936507936507936,,,,,,,,,,
725,Sinaly Diomande,ci CIV,DF,Auxerre,fr Ligue 1,24.0,2001.0,24,24,2131.0,23.7,2.0,2.0,4,2,0,0,4,1,0.08,0.08,0.17,0.08,0.17,Matches,2,9,4,44.4,0.38,0.17,0.22,0.5,0,0,Matches,,,,,,,,,,,,,,,2.0,,,,,,Matches,,17,,,,,,,,,,,33,,,,Matches,,,,,,,,,,,,,,,,,,,,,Matches,sinaly diomande,2.9510611221194267,0.5142716225236654,2.9510611221194267,2.522182999178767,2.470422202721238,DF,0.08438818565400844,0.12451734692487033,-0.040129161270861885,0.22,,0.08438818565400844,0.021699224579057614,,,,,,,,,
726,Yan Diomandé,ci CIV,"FW,MF",RB Leipzig,de Bundesliga,18.0,2006.0,33,28,2472.0,27.5,12.0,8.0,20,12,0,0,2,0,0.44,0.29,0.73,0.44,0.73,Matches,12,53,26,49.1,1.93,0.95,0.23,0.46,0,0,Matches,,,,,,,,,,,,,,,8.0,,,,,,Matches,,19,,,,,,,,,,,16,,,,Matches,,,,,,,,,,,,,,,,,,,,,Matches,yan diomande,8.03020796738565,10.04887573234737,8.03020796738565,29.46964485943317,14.411308905109763,FW,0.43636363636363634,0.2920075624503873,0.1443560739132491,0.23,,0.2909090909090909,0.3654136629944498,,,,,,,,,
727,Issa Diop,ma MAR,DF,Fulham,eng Premier League,28.0,1997.0,13,8,816.0,9.1,1.0,0.0,1,1,0,0,2,0,0.11,0.0,0.11,0.11,0.11,Matches,1,2,1,50.0,0.22,0.11,0.5,1.0,0,0,Matches,,,,,,,,,,,,,,,0.0,,,,,,Matches,,2,,,,,,,,,,,6,,,,Matches,,,,,,,,,,,,,,,,,,,,,Matches,issa diop,0.4416985362768173,0.0,0.4416985362768173,1.5519594810903072,1.5519594810903072,DF,0.10989010989010989,0.048538300689760144,0.061351809200349744,0.5,,0.0,0.0,,,,,,,,,
729,Sofiane Diop,ma MAR,"MF,FW",Nice,fr Ligue 1,25.0,2000.0,33,26,2130.0,23.7,8.0,2.0,10,6,2,2,5,0,0.34,0.08,0.42,0.25,0.34,Matches,8,54,17,31.5,2.28,0.72,0.15,0.47,2,2,Matches,,,,,,,,,,,,,,,2.0,,,,,,Matches,,9,,,,,,,,,,,18,,,,Matches,,,,,,,,,,,,,,,,,,,,,Matches,sofiane diop,8.183862524107099,3.579524790868163,6.663672225549817,13.850084845907986,5.422367064282298,MF,0.33755274261603374,0.2811676044535788,-0.0077579124095822185,0.15,,0.08438818565400844,0.15103480130245414,,,,,,,,,
730,Andy Diouf,fr FRA,MF,Inter,it Serie A,22.0,2003.0,19,4,493.0,5.5,1.0,0.0,1,1,0,0,1,0,0.18,0.0,0.18,0.18,0.18,Matches,1,10,3,30.0,1.83,0.55,0.1,0.33,0,0,Matches,,,,,,,,,,,,,,,0.0,,,,,,Matches,,6,,,,,,,,,,,1,,,,Matches,,,,,,,,,,,,,,,,,,,,,Matches,andy diouf,0.9449317157268524,1.7515555750578642,0.9449317157268524,4.342409402132034,1.7893477883189917,MF,0.18181818181818182,0.17180576649579135,0.01001241532239047,0.1,,0.0,0.31846465001052077,,,,,,,,,
732,El Hadji Malick Diouf,sn SEN,"DF,MF",West Ham,eng Premier League,20.0,2004.0,32,30,2707.0,30.1,0.0,5.0,5,0,0,0,6,0,0.0,0.17,0.17,0.0,0.17,Matches,0,18,4,22.2,0.6,0.13,0.0,0.0,0,0,Matches,,,,,,,,,,,,,,,5.0,,,,,,Matches,,19,,,,,,,,,,,32,,,,Matches,,,,,,,,,,,,,,,,,,,,,Matches,el hadji malick diouf,0.5592501647770405,3.253779597580433,0.5592501647770405,6.939549614675343,5.089005833491683,DF,0.0,0.018579739693589385,-0.018579739693589385,0.0,,0.16611295681063123,0.1080989899528383,,,,,,,,,
733,Yehvann Diouf,sn SEN,GK,Nice,fr Ligue 1,25.0,1999.0,26,26,2340.0,26.0,0.0,0.0,0,0,0,0,1,0,0.0,0.0,0.0,0.0,0.0,Matches,0,0,0,,0.0,0.0,,,0,0,Matches,,,,,,,,,,,,,,,0.0,,,,,,Matches,,0,,,,,,,,,,,2,,,,Matches,,,,,,,,,,,,,,,,,,,,,Matches,yehvann diouf,0.0,0.0,0.0,2.103915302082896,2.103915302082896,GK,,,,,,,,,,,,,,,,
735,Axel Disasi,fr FRA,DF,West Ham,eng Premier League,27.0,1998.0,14,14,1254.0,13.9,0.0,0.0,0,0,0,0,1,0,0.0,0.0,0.0,0.0,0.0,Matches,0,5,3,60.0,0.36,0.22,0.0,0.0,0,0,Matches,,,,,,,,,,,,,,,0.0,,,,,,Matches,,10,,,,,,,,,,,12,,,,Matches,,,,,,,,,,,,,,,,,,,,,Matches,axel disasi,1.0807171128690245,0.0239046476781368,1.0807171128690245,3.1754897963255644,2.873131012544036,DF,0.0,0.07774943258050536,-0.07774943258050536,0.0,,0.0,0.0017197588257652375,,,,,,,,,
736,Matías Dituro,ar ARG,GK,Elche,es La Liga,38.0,1987.0,22,22,1980.0,22.0,0.0,0.0,0,0,0,0,1,0,0.0,0.0,0.0,0.0,0.0,Matches,0,0,0,,0.0,0.0,,,0,0,Matches,,,,,,,,,,,,,,,0.0,,,,,,Matches,,0,,,,,,,,,,,1,,,,Matches,,,,,,,,,,,,,,,,,,,,,Matches,matias dituro,0.0,0.1083411779254674,0.0,4.058199893683195,3.949858728796244,GK,,,,,,,,,,,,,,,,
737,Djené,tg TOG,"DF,MF",Getafe,es La Liga,33.0,1991.0,34,32,2578.0,28.6,0.0,0.0,0,0,0,0,10,2,0.0,0.0,0.0,0.0,0.0,Matches,0,4,0,0.0,0.14,0.0,0.0,,0,0,Matches,,,,,,,,,,,,,,,0.0,,,,,,Matches,,24,,,,,,,,,,,38,,,,Matches,,,,,,,,,,,,,,,,,,,,,Matches,djene,0.0686510754749178,0.2225943394005298,0.0686510754749178,2.894673423841596,2.7105430271476507,DF,0.0,0.0024003872543677555,-0.0024003872543677555,0.0,,0.0,0.007783018860158385,,,,,,,,,
739,Berat Djimsiti,al ALB,DF,Atalanta,it Serie A,32.0,1993.0,34,29,2525.0,28.1,0.0,0.0,0,0,0,0,4,0,0.0,0.0,0.0,0.0,0.0,Matches,0,16,2,12.5,0.57,0.07,0.0,0.0,0,0,Matches,,,,,,,,,,,,,,,0.0,,,,,,Matches,,30,,,,,,,,,,,42,,,,Matches,,,,,,,,,,,,,,,,,,,,,Matches,berat djimsiti,,,,,,DF,0.0,,,0.0,,0.0,,,,,,,,,,
740,Marko Dmitrović,rs SRB,GK,Espanyol,es La Liga,33.0,1992.0,37,37,3330.0,37.0,0.0,0.0,0,0,0,0,0,0,0.0,0.0,0.0,0.0,0.0,Matches,0,0,0,,0.0,0.0,,,0,0,Matches,,,,,,,,,,,,,,,0.0,,,,,,Matches,,2,,,,,,,,,,,0,,,,Matches,,,,,,,,,,,,,,,,,,,,,Matches,marko dmitrovic,0.0,0.0304153487086296,0.0,4.61260715033859,4.58219179417938,GK,,,,,,,,,,,,,,,,
742,Ritsu Doan,jp JPN,MF,Frankfurt,de Bundesliga,27.0,1998.0,31,28,2364.0,26.3,5.0,5.0,10,5,0,0,5,0,0.19,0.19,0.38,0.19,0.38,Matches,5,41,15,36.6,1.56,0.57,0.12,0.33,0,0,Matches,,,,,,,,,,,,,,,5.0,,,,,,Matches,,23,,,,,,,,,,,17,,,,Matches,,,,,,,,,,,,,,,,,,,,,Matches,ritsu doan,4.125860132277012,6.517447140067816,4.125860132277012,13.874625666067004,6.948057568632066,MF,0.19011406844106463,0.15687681111319438,0.03323725732787027,0.12,,0.19011406844106463,0.24781167832957474,,,,,,,,,
743,Dodô,br BRA,"DF,MF",Fiorentina,it Serie A,26.0,1998.0,36,36,3134.0,34.8,1.0,2.0,3,1,0,0,7,0,0.03,0.06,0.09,0.03,0.09,Matches,1,25,4,16.0,0.72,0.11,0.04,0.25,0,0,Matches,,,,,,,,,,,,,,,2.0,,,,,,Matches,,18,,,,,,,,,,,31,,,,Matches,,,,,,,,,,,,,,,,,,,,,Matches,dodo,1.3770605642348528,5.387680346146226,1.3770605642348528,14.528255576267838,10.455381613224745,DF,0.02873563218390805,0.03957070586881761,-0.010835073684909564,0.04,,0.0574712643678161,0.15481840075132836,,,,,,,,,
744,Danilho Doekhi,nl NED,DF,Union Berlin,de Bundesliga,27.0,1998.0,34,34,3060.0,34.0,5.0,0.0,5,5,0,0,4,0,0.15,0.0,0.15,0.15,0.15,Matches,5,45,11,24.4,1.32,0.32,0.11,0.45,0,0,Matches,,,,,,,,,,,,,,,0.0,,,,,,Matches,,31,,,,,,,,,,,42,,,,Matches,,,,,,,,,,,,,,,,,,,,,Matches,danilho doekhi,4.879229350015521,0.54770487267524,4.879229350015521,4.549193911254406,3.164020985364914,DF,0.14705882352941177,0.1435067455886918,0.003552077940719969,0.11,,0.0,0.016108966843389413,,,,,,,,,
745,Matt Doherty,ie IRL,"DF,MF",Wolves,eng Premier League,33.0,1992.0,11,11,787.0,8.7,0.0,0.0,0,0,0,0,4,0,0.0,0.0,0.0,0.0,0.0,Matches,0,3,0,0.0,0.34,0.0,0.0,,0,0,Matches,,,,,,,,,,,,,,,0.0,,,,,,Matches,,8,,,,,,,,,,,7,,,,Matches,,,,,,,,,,,,,,,,,,,,,Matches,matt doherty,0.0822684839367866,0.172796219587326,0.0822684839367866,0.3009897619485855,0.1281935349106788,DF,0.0,0.009456147578940989,-0.009456147578940989,0.0,,0.0,0.019861634435324828,,,,,,,,,
746,Josh Doig,sct SCO,DF,Sassuolo,it Serie A,23.0,2002.0,30,22,1917.0,21.3,0.0,0.0,0,0,0,0,5,0,0.0,0.0,0.0,0.0,0.0,Matches,0,11,4,36.4,0.52,0.19,0.0,0.0,0,0,Matches,,,,,,,,,,,,,,,0.0,,,,,,Matches,,20,,,,,,,,,,,22,,,,Matches,,,,,,,,,,,,,,,,,,,,,Matches,josh doig,0.7494111750274897,1.5034504160284996,0.7494111750274897,5.639150124043226,4.256728074979037,DF,0.0,0.03518362324072721,-0.03518362324072721,0.0,,0.0,0.07058452657410796,,,,,,,,,
747,Jeremy Doku,be BEL,"MF,FW",Manchester City,eng Premier League,23.0,2002.0,30,19,1784.0,19.8,5.0,5.0,10,5,0,0,0,0,0.25,0.25,0.5,0.25,0.5,Matches,5,39,15,38.5,1.97,0.76,0.13,0.33,0,0,Matches,,,,,,,,,,,,,,,5.0,,,,,,Matches,,16,,,,,,,,,,,12,,,,Matches,,,,,,,,,,,,,,,,,,,,,Matches,jeremy doku,3.9999447921290994,7.553412737324834,3.9999447921290994,18.843964545056224,9.702232458628714,MF,0.25252525252525254,0.2020174137438939,0.050507838781358616,0.13,,0.25252525252525254,0.38148549178408253,,,,,,,,,
748,Tyrhys Dolan,eng ENG,MF,Espanyol,es La Liga,23.0,2001.0,36,28,2415.0,26.8,2.0,5.0,7,2,0,0,7,1,0.07,0.19,0.26,0.07,0.26,Matches,2,34,12,35.3,1.27,0.45,0.06,0.17,0,0,Matches,,,,,,,,,,,,,,,5.0,,,,,,Matches,,35,,,,,,,,,,,15,,,,Matches,,,,,,,,,,,,,,,,,,,,,Matches,tyrhys dolan,2.763452537357807,4.420420179143548,2.763452537357807,9.854958691634238,4.32685121987015,MF,0.07462686567164178,0.10311390064767936,-0.02848703497603758,0.06,,0.18656716417910446,0.16494105146058013,,,,,,,,,
750,Benjamín Domínguez,ar ARG,MF,Bologna,it Serie A,21.0,2003.0,15,6,547.0,6.1,0.0,3.0,3,0,0,0,1,0,0.0,0.49,0.49,0.0,0.49,Matches,0,12,2,16.7,1.97,0.33,0.0,0.0,0,0,Matches,,,,,,,,,,,,,,,3.0,,,,,,Matches,,2,,,,,,,,,,,2,,,,Matches,,,,,,,,,,,,,,,,,,,,,Matches,benjamin dominguez,0.6471717953681946,0.2637887708842754,0.6471717953681946,2.346475001424551,1.5743254204280674,MF,0.0,0.10609373694560567,-0.10609373694560567,0.0,,0.49180327868852464,0.04324406080070088,,,,,,,,,
751,Carlos Dominguez,es ESP,DF,Celta Vigo,es La Liga,24.0,2001.0,8,6,610.0,6.8,0.0,0.0,0,0,0,0,1,0,0.0,0.0,0.0,0.0,0.0,Matches,0,2,1,50.0,0.3,0.15,0.0,0.0,0,0,Matches,,,,,,,,,,,,,,,0.0,,,,,,Matches,,8,,,,,,,,,,,5,,,,Matches,,,,,,,,,,,,,,,,,,,,,Matches,carlos dominguez,0.4936205185949802,0.0324050560593605,0.4936205185949802,2.678647793829441,2.646242737770081,DF,0.0,0.07259125273455591,-0.07259125273455591,0.0,,0.0,0.004765449420494191,,,,,,,,,
752,Nicolás Domínguez,ar ARG,MF,Nottingham,eng Premier League,27.0,1998.0,27,17,1175.0,13.1,1.0,1.0,2,1,0,0,3,0,0.08,0.08,0.15,0.08,0.15,Matches,1,18,5,27.8,1.38,0.38,0.06,0.2,0,0,Matches,,,,,,,,,,,,,,,1.0,,,,,,Matches,,30,,,,,,,,,,,6,,,,Matches,,,,,,,,,,,,,,,,,,,,,Matches,nicolas dominguez,1.01239497307688,1.2798706572502851,1.01239497307688,5.395301561802626,4.228683076798916,MF,0.07633587786259542,0.0772820590135023,-0.0009461811509068686,0.06,,0.07633587786259542,0.09770005017177749,,,,,,,,,
753,Jean-Luc Dompé,fr FRA,"FW,MF",Hamburger SV,de Bundesliga,29.0,1995.0,20,12,1138.0,12.6,3.0,0.0,3,2,1,1,0,0,0.24,0.0,0.24,0.16,0.16,Matches,3,25,12,48.0,1.98,0.95,0.12,0.25,1,1,Matches,,,,,,,,,,,,,,,0.0,,,,,,Matches,,5,,,,,,,,,,,0,,,,Matches,,,,,,,,,,,,,,,,,,,,,Matches,jean luc dompe,2.179867002181709,4.045239001512528,1.4220903245732188,5.373646780848503,1.3945018351078031,FW,0.2380952380952381,0.11286431147406499,0.06508992046176915,0.12,,0.0,0.3210507144057562,,,,,,,,,
754,John Donald,es ESP,"DF,MF",Elche,es La Liga,24.0,2000.0,21,6,665.0,7.4,1.0,0.0,1,1,0,0,3,0,0.14,0.0,0.14,0.14,0.14,Matches,1,6,2,33.3,0.81,0.27,0.17,0.5,0,0,Matches,,,,,,,,,,,,,,,0.0,,,,,,Matches,,12,,,,,,,,,,,8,,,,Matches,,,,,,,,,,,,,,,,,,,,,Matches,john donald,1.034037446603179,0.0337561890482902,1.034037446603179,4.0597220826894045,2.991928454488516,DF,0.13513513513513511,0.13973479008151066,-0.004599654946375538,0.17,,0.0,0.004561647168687864,,,,,,,,,
755,Gianluigi Donnarumma,it ITA,GK,Manchester City,eng Premier League,26.0,1999.0,34,34,3060.0,34.0,0.0,0.0,0,0,0,0,8,0,0.0,0.0,0.0,0.0,0.0,Matches,0,0,0,,0.0,0.0,,,0,0,Matches,,,,,,,,,,,,,,,0.0,,,,,,Matches,,0,,,,,,,,,,,1,,,,Matches,,,,,,,,,,,,,,,,,,,,,Matches,gianluigi donnarumma,0.0,0.0,0.0,7.177661042660475,7.177661042660475,GK,,,,,,,,,,,,,,,,
757,Patrick Dorgu,dk DEN,MF,Manchester Utd,eng Premier League,20.0,2004.0,26,15,1449.0,16.1,4.0,4.0,8,4,0,0,5,0,0.25,0.25,0.5,0.25,0.5,Matches,4,25,11,44.0,1.55,0.68,0.16,0.36,0,0,Matches,,,,,,,,,,,,,,,4.0,,,,,,Matches,,30,,,,,,,,,,,16,,,,Matches,,,,,,,,,,,,,,,,,,,,,Matches,patrick dorgu,2.987284906208515,3.1112868897616863,2.987284906208515,6.977159338071942,1.9963069763034584,MF,0.24844720496894407,0.18554564634835496,0.06290155862058912,0.16,,0.24844720496894407,0.19324763290445254,,,,,,,,,
758,Niklas Dorsch,de GER,MF,Heidenheim,de Bundesliga,27.0,1998.0,32,27,2258.0,25.1,0.0,1.0,1,0,0,0,2,0,0.0,0.04,0.04,0.0,0.04,Matches,0,14,3,21.4,0.56,0.12,0.0,0.0,0,0,Matches,,,,,,,,,,,,,,,1.0,,,,,,Matches,,31,,,,,,,,,,,19,,,,Matches,,,,,,,,,,,,,,,,,,,,,Matches,niklas dorsch,0.565851017832756,2.0714712161570787,0.565851017832756,9.595492578111587,9.10862572863698,MF,0.0,0.022543865252301037,-0.022543865252301037,0.0,,0.0398406374501992,0.0825287337114374,,,,,,,,,
759,Alberto Dossena,it ITA,DF,Cagliari,it Serie A,26.0,1998.0,12,9,859.0,9.5,0.0,1.0,1,0,0,0,5,0,0.0,0.1,0.1,0.0,0.1,Matches,0,7,2,28.6,0.73,0.21,0.0,0.0,0,0,Matches,,,,,,,,,,,,,,,1.0,,,,,,Matches,,13,,,,,,,,,,,9,,,,Matches,,,,,,,,,,,,,,,,,,,,,Matches,alberto dossena,0.8983321329578757,0.6100350879132748,0.8983321329578757,1.512564353644848,1.2154917791485786,DF,0.0,0.0945612771534606,-0.0945612771534606,0.0,,0.10526315789473684,0.06421421978034471,,,,,,,,,
761,Fodé Doucouré,ml MLI,"MF,FW",Le Havre,fr Ligue 1,24.0,2001.0,26,15,1239.0,13.8,3.0,1.0,4,3,0,0,2,0,0.22,0.07,0.29,0.22,0.29,Matches,3,20,8,40.0,1.45,0.58,0.15,0.38,0,0,Matches,,,,,,,,,,,,,,,1.0,,,,,,Matches,,26,,,,,,,,,,,9,,,,Matches,,,,,,,,,,,,,,,,,,,,,Matches,fode doucoure,2.584720955230296,2.5097016375511885,2.584720955230296,7.345032512210309,2.81273215636611,MF,0.21739130434782608,0.18729861994422434,0.03009268440360173,0.15,,0.07246376811594203,0.1818624375037093,,,,,,,,,
764,Désiré Doué,fr FRA,"FW,MF",PSG,fr Ligue 1,20.0,2005.0,23,16,1348.0,15.0,7.0,4.0,11,7,0,1,0,0,0.47,0.27,0.73,0.47,0.73,Matches,7,55,19,34.5,3.67,1.27,0.13,0.37,0,1,Matches,,,,,,,,,,,,,,,4.0,,,,,,Matches,,20,,,,,,,,,,,12,,,,Matches,,,,,,,,,,,,,,,,,,,,,Matches,desire doue,8.188008099794388,3.852620448917152,7.427912965416908,15.078180879354475,6.510691784322262,FW,0.4666666666666667,0.49519419769446055,-0.07920053998629252,0.13,,0.26666666666666666,0.25684136326114343,,,,,,,,,
765,Guéla Doué,ci CIV,"DF,MF",Strasbourg,fr Ligue 1,22.0,2002.0,24,23,2061.0,22.9,2.0,6.0,8,2,0,0,3,0,0.09,0.26,0.35,0.09,0.35,Matches,2,12,5,41.7,0.52,0.22,0.17,0.4,0,0,Matches,,,,,,,,,,,,,,,6.0,,,,,,Matches,,38,,,,,,,,,,,27,,,,Matches,,,,,,,,,,,,,,,,,,,,,Matches,guela doue,1.8365227379836144,2.7406088560819626,1.8365227379836144,10.025115761905909,7.648034475743771,DF,0.08733624454148473,0.08019749947526701,0.007138745066217711,0.17,,0.26200873362445415,0.1196772426236665,,,,,,,,,
766,Ismaël Doukouré,fr FRA,"DF,MF",Strasbourg,fr Ligue 1,22.0,2003.0,25,25,2072.0,23.0,0.0,2.0,2,0,0,0,4,2,0.0,0.09,0.09,0.0,0.09,Matches,0,7,3,42.9,0.3,0.13,0.0,0.0,0,0,Matches,,,,,,,,,,,,,,,2.0,,,,,,Matches,,11,,,,,,,,,,,24,,,,Matches,,,,,,,,,,,,,,,,,,,,,Matches,ismael doukoure,0.520645690150559,0.7339983405545354,0.520645690150559,8.15952231734991,7.986851118505001,DF,0.0,0.022636769136980824,-0.022636769136980824,0.0,,0.08695652173913043,0.03191297132845806,,,,,,,,,
767,Kamory Doumbia,ml MLI,MF,Brest,fr Ligue 1,22.0,2003.0,24,22,1750.0,19.4,5.0,4.0,9,5,0,0,6,0,0.26,0.21,0.46,0.26,0.46,Matches,5,43,14,32.6,2.21,0.72,0.12,0.36,0,0,Matches,,,,,,,,,,,,,,,4.0,,,,,,Matches,,30,,,,,,,,,,,20,,,,Matches,,,,,,,,,,,,,,,,,,,,,Matches,kamory doumbia,4.997975110076368,4.44614515081048,4.997975110076368,12.94832083582878,4.904536673799157,MF,0.2577319587628866,0.2576275829936272,0.00010437576925938893,0.12,,0.2061855670103093,0.229182739732499,,,,,,,,,
768,Anastasios Douvikas,gr GRE,FW,Como,it Serie A,25.0,1999.0,38,25,2273.0,25.3,14.0,1.0,15,13,1,1,0,0,0.55,0.04,0.59,0.51,0.55,Matches,14,65,30,46.2,2.57,1.19,0.22,0.47,1,1,Matches,,,,,,,,,,,,,,,1.0,,,,,,Matches,,10,,,,,,,,,,,4,,,,Matches,,,,,,,,,,,,,,,,,,,,,Matches,anastasios douvikas,15.170707620680332,2.2419783361256123,14.409408785402777,18.061821380630136,3.230370203964412,FW,0.5533596837944664,0.5695418492254062,-0.046273028485388626,0.22,,0.039525691699604744,0.08861574451089377,,,,,,,,,
771,Damion Downs,us USA,FW,Hamburger SV,de Bundesliga,21.0,2004.0,12,6,536.0,6.0,0.0,0.0,0,0,0,0,0,0,0.0,0.0,0.0,0.0,0.0,Matches,0,7,4,57.1,1.18,0.67,0.0,0.0,0,0,Matches,,,,,,,,,,,,,,,0.0,,,,,,Matches,,2,,,,,,,,,,,0,,,,Matches,,,,,,,,,,,,,,,,,,,,,Matches,damion downs,0.4918728657066822,0.7069971961900592,0.4918728657066822,1.3340397626161575,0.1351697221398353,FW,0.0,0.0819788109511137,-0.0819788109511137,0.0,,0.0,0.11783286603167653,,,,,,,,,
772,Radu Drăgușin,ro ROU,DF,Tottenham,eng Premier League,23.0,2002.0,10,5,517.0,5.7,0.0,0.0,0,0,0,0,0,0,0.0,0.0,0.0,0.0,0.0,Matches,0,4,0,0.0,0.7,0.0,0.0,,0,0,Matches,,,,,,,,,,,,,,,0.0,,,,,,Matches,,3,,,,,,,,,,,16,,,,Matches,,,,,,,,,,,,,,,,,,,,,Matches,radu dragusin,0.2077605351805687,0.0,0.2077605351805687,0.8118065074086189,0.8118065074086189,DF,0.0,0.03644921669834538,-0.03644921669834538,0.0,,0.0,0.0,,,,,,,,,
774,Domingos Duarte,pt POR,DF,Getafe,es La Liga,30.0,1995.0,34,34,2923.0,32.5,1.0,1.0,2,1,0,0,11,0,0.03,0.03,0.06,0.03,0.06,Matches,1,13,4,30.8,0.4,0.12,0.08,0.25,0,0,Matches,,,,,,,,,,,,,,,1.0,,,,,,Matches,,18,,,,,,,,,,,33,,,,Matches,,,,,,,,,,,,,,,,,,,,,Matches,domingos duarte,0.8303996156901121,0.9081846736371516,0.8303996156901121,1.415994401089847,1.2935767909511924,DF,0.03076923076923077,0.025550757405849604,0.005218473363381166,0.08,,0.03076923076923077,0.02794414380422005,,,,,,,,,
775,Martin Dúbravka,sk SVK,GK,Burnley,eng Premier League,36.0,1989.0,35,35,3150.0,35.0,0.0,0.0,0,0,0,0,1,0,0.0,0.0,0.0,0.0,0.0,Matches,0,0,0,,0.0,0.0,,,0,0,Matches,,,,,,,,,,,,,,,0.0,,,,,,Matches,,1,,,,,,,,,,,0,,,,Matches,,,,,,,,,,,,,,,,,,,,,Matches,martin dubravka,0.0,0.0,0.0,2.838488420471549,2.838488420471549,GK,,,,,,,,,,,,,,,,
776,Denzel Dumfries,nl NED,MF,Inter,it Serie A,29.0,1996.0,20,15,1325.0,14.7,3.0,1.0,4,3,0,0,2,0,0.2,0.07,0.27,0.2,0.27,Matches,3,23,5,21.7,1.56,0.34,0.13,0.6,0,0,Matches,,,,,,,,,,,,,,,1.0,,,,,,Matches,,9,,,,,,,,,,,7,,,,Matches,,,,,,,,,,,,,,,,,,,,,Matches,denzel dumfries,3.654471157118678,1.4058833941817284,3.654471157118678,8.609596928581595,4.1475053410977125,MF,0.20408163265306123,0.24860348007610056,-0.04452184742303933,0.13,,0.06802721088435375,0.09563832613481146,,,,,,,,,
777,Lewis Dunk,eng ENG,DF,Brighton,eng Premier League,33.0,1991.0,33,31,2838.0,31.5,1.0,0.0,1,1,0,0,10,0,0.03,0.0,0.03,0.03,0.03,Matches,1,23,3,13.0,0.73,0.1,0.04,0.33,0,0,Matches,,,,,,,,,,,,,,,0.0,,,,,,Matches,,22,,,,,,,,,,,30,,,,Matches,,,,,,,,,,,,,,,,,,,,,Matches,lewis dunk,1.3368871174752712,0.5454101115465164,1.3368871174752712,12.689484484493732,12.6021059602499,DF,0.031746031746031744,0.04244086087223083,-0.010694829126199087,0.04,,0.0,0.017314606715762425,,,,,,,,,
778,Maxime Dupé,fr FRA,GK,Nice,fr Ligue 1,32.0,1993.0,8,8,720.0,8.0,0.0,0.0,0,0,0,0,0,0,0.0,0.0,0.0,0.0,0.0,Matches,0,0,0,,0.0,0.0,,,0,0,Matches,,,,,,,,,,,,,,,0.0,,,,,,Matches,,0,,,,,,,,,,,0,,,,Matches,,,,,,,,,,,,,,,,,,,,,Matches,maxime dupe,0.0,0.0287394300103187,0.0,0.6414920538663864,0.6414920538663864,GK,,,,,,,,,,,,,,,,
779,Pablo Durán,es ESP,"FW,MF",Celta Vigo,es La Liga,24.0,2001.0,30,17,1425.0,15.8,2.0,2.0,4,2,0,0,1,0,0.13,0.13,0.25,0.13,0.25,Matches,2,37,15,40.5,2.34,0.95,0.05,0.13,0,0,Matches,,,,,,,,,,,,,,,2.0,,,,,,Matches,,11,,,,,,,,,,,7,,,,Matches,,,,,,,,,,,,,,,,,,,,,Matches,pablo duran,4.305393448099494,2.150256644003093,4.305393448099494,6.900707961991429,1.5438736779615283,FW,0.12658227848101264,0.2724932562088287,-0.14591097772781605,0.05,,0.12658227848101264,0.1360921926584236,,,,,,,,,
780,Hugo Duro,es ESP,FW,Valencia,es La Liga,25.0,1999.0,36,22,1979.0,22.0,10.0,0.0,10,9,1,2,4,0,0.45,0.0,0.45,0.41,0.41,Matches,10,36,14,38.9,1.64,0.64,0.28,0.71,1,2,Matches,,,,,,,,,,,,,,,0.0,,,,,,Matches,,9,,,,,,,,,,,3,,,,Matches,,,,,,,,,,,,,,,,,,,,,Matches,hugo duro,10.062427267432213,1.7364629544317722,8.575872018933296,11.142762534320354,2.799680398777128,FW,0.45454545454545453,0.389812364496968,-0.002837603065100583,0.28,,0.0,0.07893013429235328,,,,,,,,,
782,Paulo Dybala,ar ARG,"MF,FW",Roma,it Serie A,31.0,1993.0,22,15,1354.0,15.0,2.0,6.0,8,2,0,1,0,0,0.13,0.4,0.53,0.13,0.53,Matches,2,43,18,41.9,2.86,1.2,0.05,0.11,0,1,Matches,,,,,,,,,,,,,,,6.0,,,,,,Matches,,6,,,,,,,,,,,5,,,,Matches,,,,,,,,,,,,,,,,,,,,,Matches,paulo dybala,6.285113666206598,6.363388704136014,5.523814860731363,11.41634314134717,3.380848379805684,MF,0.13333333333333333,0.3682543240487576,-0.2856742444137732,0.05,,0.4,0.4242259136090676,,,,,,,,,
784,Adam Dźwigała,pl POL,DF,St Pauli,de Bundesliga,29.0,1995.0,19,14,1288.0,14.3,1.0,1.0,2,1,0,0,5,0,0.07,0.07,0.14,0.07,0.14,Matches,1,4,2,50.0,0.28,0.14,0.25,0.5,0,0,Matches,,,,,,,,,,,,,,,1.0,,,,,,Matches,,27,,,,,,,,,,,25,,,,Matches,,,,,,,,,,,,,,,,,,,,,Matches,adam dzwiga a,,,,,,DF,0.06993006993006992,,,0.25,,0.06993006993006992,,,,,,,,,,
785,Aron Dønnum,no NOR,MF,Toulouse,fr Ligue 1,27.0,1998.0,28,28,2419.0,26.9,4.0,4.0,8,1,3,3,10,1,0.15,0.15,0.3,0.04,0.19,Matches,4,40,14,35.0,1.49,0.52,0.1,0.29,3,3,Matches,,,,,,,,,,,,,,,4.0,,,,,,Matches,,29,,,,,,,,,,,29,,,,Matches,,,,,,,,,,,,,,,,,,,,,Matches,aron d nnum,4.60387984290719,6.289067713543773,2.323594458401203,11.223862638697028,5.957076565362513,MF,0.14869888475836432,0.08637897614874361,-0.02244906479208886,0.1,,0.14869888475836432,0.23379433879344882,,,,,,,,,
788,Simon Ebonog,cm CMR,MF,Le Havre,fr Ligue 1,20.0,2004.0,30,21,1759.0,19.5,1.0,0.0,1,1,0,0,8,0,0.05,0.0,0.05,0.05,0.05,Matches,1,22,4,18.2,1.13,0.2,0.05,0.25,0,0,Matches,,,,,,,,,,,,,,,0.0,,,,,,Matches,,21,,,,,,,,,,,24,,,,Matches,,,,,,,,,,,,,,,,,,,,,Matches,simon ebonog,1.9645931422710416,0.3390792347490787,1.9645931422710416,3.289260070770979,1.3946211924776435,MF,0.05128205128205128,0.10074836627030982,-0.04946631498825855,0.05,,0.0,0.01738867870508096,,,,,,,,,
790,Enzo Ebosse,cm CMR,DF,Torino,it Serie A,26.0,1999.0,13,13,1115.0,12.4,0.0,1.0,1,0,0,0,3,0,0.0,0.08,0.08,0.0,0.08,Matches,0,0,0,,0.0,0.0,,,0,0,Matches,,,,,,,,,,,,,,,1.0,,,,,,Matches,,6,,,,,,,,,,,10,,,,Matches,,,,,,,,,,,,,,,,,,,,,Matches,enzo ebosse,0.0585717372596263,0.522622860968113,0.0585717372596263,4.712129931896925,4.59448878094554,DF,0.0,0.004723527198356959,-0.004723527198356959,,,0.08064516129032258,0.042147004916783304,,,,,,,,,
791,Claudio Echeverri,ar ARG,"FW,MF",Girona,es La Liga,19.0,2006.0,17,5,624.0,6.9,1.0,1.0,2,1,0,0,4,0,0.14,0.14,0.29,0.14,0.29,Matches,1,21,7,33.3,3.03,1.01,0.05,0.14,0,0,Matches,,,,,,,,,,,,,,,1.0,,,,,,Matches,,6,,,,,,,,,,,1,,,,Matches,,,,,,,,,,,,,,,,,,,,,Matches,claudio echeverri,2.120521953329444,1.088322913274169,2.120521953329444,4.070073027163744,1.4420119039714336,FW,0.14492753623188406,0.3073220222216585,-0.16239448598977446,0.05,,0.14492753623188406,0.15772795844553172,,,,,,,,,
795,Andrias Edmundsson,fo FRO,DF,Hellas Verona,it Serie A,24.0,2000.0,15,15,1319.0,14.7,0.0,0.0,0,0,0,0,3,0,0.0,0.0,0.0,0.0,0.0,Matches,0,4,1,25.0,0.27,0.07,0.0,0.0,0,0,Matches,,,,,,,,,,,,,,,0.0,,,,,,Matches,,20,,,,,,,,,,,28,,,,Matches,,,,,,,,,,,,,,,,,,,,,Matches,andrias edmundsson,0.1617794651538133,0.0372264459729194,0.1617794651538133,1.4167888052761557,1.2710703536868095,DF,0.0,0.011005405792776417,-0.011005405792776417,0.0,,0.0,0.0025324112906747894,,,,,,,,,
797,Odsonne Édouard,fr FRA,FW,Lens,fr Ligue 1,27.0,1998.0,29,26,1796.0,20.0,12.0,3.0,15,11,1,1,2,0,0.6,0.15,0.75,0.55,0.7,Matches,12,60,31,51.7,3.01,1.55,0.2,0.39,1,1,Matches,,,,,,,,,,,,,,,3.0,,,,,,Matches,,4,,,,,,,,,,,4,,,,Matches,,,,,,,,,,,,,,,,,,,,,Matches,odsonne edouard,0.0,0.0,0.0,0.0,0.0,FW,0.6,0.0,0.6,0.2,,0.15,0.0,,,,,,,,,
800,Marcus Edwards,eng ENG,"MF,FW",Burnley,eng Premier League,26.0,1998.0,23,11,1067.0,11.9,1.0,3.0,4,1,0,0,0,0,0.08,0.25,0.34,0.08,0.34,Matches,1,23,6,26.1,1.94,0.51,0.04,0.17,0,0,Matches,,,,,,,,,,,,,,,3.0,,,,,,Matches,,6,,,,,,,,,,,3,,,,Matches,,,,,,,,,,,,,,,,,,,,,Matches,marcus edwards,2.2835088558495045,2.546008862555027,2.2835088558495045,6.092996638268232,3.1580835357308388,MF,0.08403361344537814,0.19189150049155498,-0.10785788704617684,0.04,,0.25210084033613445,0.21395032458445604,,,,,,,,,
801,CJ Egan-Riley,eng ENG,"DF,MF",Marseille,fr Ligue 1,22.0,2003.0,11,8,624.0,6.9,0.0,0.0,0,0,0,0,1,1,0.0,0.0,0.0,0.0,0.0,Matches,0,0,0,,0.0,0.0,,,0,0,Matches,,,,,,,,,,,,,,,0.0,,,,,,Matches,,7,,,,,,,,,,,2,,,,Matches,,,,,,,,,,,,,,,,,,,,,Matches,cj egan riley,0.0,0.5053555741906166,0.0,2.0329333720728755,1.5275778053328395,DF,0.0,0.0,0.0,,,0.0,0.07323993828849516,,,,,,,,,
802,Maximilian Eggestein,de GER,MF,Freiburg,de Bundesliga,28.0,1996.0,34,34,3060.0,34.0,3.0,1.0,4,3,0,0,4,0,0.09,0.03,0.12,0.09,0.12,Matches,3,44,13,29.5,1.29,0.38,0.07,0.23,0,0,Matches,,,,,,,,,,,,,,,1.0,,,,,,Matches,,34,,,,,,,,,,,31,,,,Matches,,,,,,,,,,,,,,,,,,,,,Matches,maximilian eggestein,3.3948508631438017,1.4131045453250408,3.3948508631438017,10.904619429260492,8.16909633204341,MF,0.08823529411764706,0.0998485547983471,-0.01161326068070005,0.07,,0.029411764705882353,0.04156189839191297,,,,,,,,,
803,Kingsley Ehizibue,nl NED,"MF,DF",Udinese,it Serie A,30.0,1995.0,32,20,1811.0,20.1,2.0,0.0,2,2,0,0,5,0,0.1,0.0,0.1,0.1,0.1,Matches,2,9,2,22.2,0.45,0.1,0.22,1.0,0,0,Matches,,,,,,,,,,,,,,,0.0,,,,,,Matches,,31,,,,,,,,,,,13,,,,Matches,,,,,,,,,,,,,,,,,,,,,Matches,kingsley ehizibue,1.4330500978976488,0.6929862443357706,1.4330500978976488,4.8609745390713215,2.82250913977623,MF,0.09950248756218905,0.0712960247710273,0.02820646279116175,0.22,,0.0,0.034476927578894055,,,,,,,,,
805,Chidera Ejuke,ng NGA,"MF,FW",Sevilla,es La Liga,27.0,1998.0,27,6,932.0,10.4,1.0,1.0,2,1,0,0,0,0,0.1,0.1,0.19,0.1,0.19,Matches,1,23,3,13.0,2.22,0.29,0.04,0.33,0,0,Matches,,,,,,,,,,,,,,,1.0,,,,,,Matches,,13,,,,,,,,,,,7,,,,Matches,,,,,,,,,,,,,,,,,,,,,Matches,chidera ejuke,1.918383196927607,0.9294496746733784,1.918383196927607,4.256661459803581,2.0848007388412952,MF,0.09615384615384615,0.18445992278150067,-0.08830607662765452,0.04,,0.09615384615384615,0.08937016102628638,,,,,,,,,
806,Hjalmar Ekdal,se SWE,DF,Burnley,eng Premier League,26.0,1998.0,19,17,1539.0,17.1,0.0,0.0,0,0,0,0,0,0,0.0,0.0,0.0,0.0,0.0,Matches,0,6,1,16.7,0.35,0.06,0.0,0.0,0,0,Matches,,,,,,,,,,,,,,,0.0,,,,,,Matches,,17,,,,,,,,,,,12,,,,Matches,,,,,,,,,,,,,,,,,,,,,Matches,hjalmar ekdal,0.6082124067470431,0.1681445082649588,0.6082124067470431,2.7116604670882225,2.586940612643957,DF,0.0,0.03556797700275106,-0.03556797700275106,0.0,,0.0,0.009833012179237356,,,,,,,,,
807,Jeff Ekhator,it ITA,"FW,MF",Genoa,it Serie A,18.0,2006.0,30,9,956.0,10.6,3.0,0.0,3,3,0,0,3,0,0.28,0.0,0.28,0.28,0.28,Matches,3,20,5,25.0,1.88,0.47,0.15,0.6,0,0,Matches,,,,,,,,,,,,,,,0.0,,,,,,Matches,,8,,,,,,,,,,,2,,,,Matches,,,,,,,,,,,,,,,,,,,,,Matches,jeff ekhator,3.187806397676468,0.869433494284749,3.187806397676468,4.847302496433258,1.2906138431280851,FW,0.2830188679245283,0.3007364526109875,-0.017717584686459235,0.15,,0.0,0.08202202776271217,,,,,,,,,
808,Hugo Ekitike,fr FRA,FW,Liverpool,eng Premier League,23.0,2002.0,28,21,1803.0,20.0,11.0,4.0,15,11,0,0,0,0,0.55,0.2,0.75,0.55,0.75,Matches,11,65,19,29.2,3.24,0.95,0.17,0.58,0,0,Matches,,,,,,,,,,,,,,,4.0,,,,,,Matches,,7,,,,,,,,,,,4,,,,Matches,,,,,,,,,,,,,,,,,,,,,Matches,hugo ekitike,11.932188130915163,2.49130567535758,11.932188130915163,16.322998896241188,4.886437067762017,FW,0.55,0.5966094065457581,-0.04660940654575816,0.17,,0.2,0.12456528376787901,,,,,,,,,
809,Jurgen Ekkelenkamp,nl NED,MF,Udinese,it Serie A,25.0,2000.0,31,27,2186.0,24.3,5.0,3.0,8,5,0,0,1,0,0.21,0.12,0.33,0.21,0.33,Matches,5,33,15,45.5,1.36,0.62,0.15,0.33,0,0,Matches,,,,,,,,,,,,,,,3.0,,,,,,Matches,,27,,,,,,,,,,,18,,,,Matches,,,,,,,,,,,,,,,,,,,,,Matches,jurgen ekkelenkamp,4.730059016495943,2.5550372377038,4.730059016495943,10.37775133550167,3.8738196790218353,MF,0.205761316872428,0.19465263442370134,0.011108682448726622,0.15,,0.12345679012345678,0.10514556533760494,,,,,,,,,
810,Jacques Ekomie,ga GAB,"DF,MF",Angers,fr Ligue 1,21.0,2003.0,32,25,2239.0,24.9,0.0,0.0,0,0,0,0,3,0,0.0,0.0,0.0,0.0,0.0,Matches,0,12,3,25.0,0.48,0.12,0.0,0.0,0,0,Matches,,,,,,,,,,,,,,,0.0,,,,,,Matches,,32,,,,,,,,,,,31,,,,Matches,,,,,,,,,,,,,,,,,,,,,Matches,jacques ekomie,1.0237290244549513,1.394510144367814,1.0237290244549513,4.699804873205721,2.860295772086829,DF,0.0,0.04111361543995789,-0.04111361543995789,0.0,,0.0,0.05600442346858691,,,,,,,,,
811,Caleb Ekuban,gh GHA,"FW,MF",Genoa,it Serie A,31.0,1994.0,31,6,994.0,11.0,4.0,1.0,5,4,0,0,0,0,0.36,0.09,0.45,0.36,0.45,Matches,4,29,10,34.5,2.63,0.91,0.14,0.4,0,0,Matches,,,,,,,,,,,,,,,1.0,,,,,,Matches,,1,,,,,,,,,,,5,,,,Matches,,,,,,,,,,,,,,,,,,,,,Matches,caleb ekuban,4.121994238346815,1.2507788091897964,4.121994238346815,4.971754275262356,0.5887844664976001,FW,0.36363636363636365,0.3747267489406196,-0.011090385304255919,0.14,,0.09090909090909091,0.11370716447179968,,,,,,,,,
812,Anthony Elanga,se SWE,"FW,MF",Newcastle,eng Premier League,23.0,2002.0,32,14,1319.0,14.7,0.0,1.0,1,0,0,0,0,0,0.0,0.07,0.07,0.0,0.07,Matches,0,17,4,23.5,1.16,0.27,0.0,0.0,0,0,Matches,,,,,,,,,,,,,,,1.0,,,,,,Matches,,11,,,,,,,,,,,3,,,,Matches,,,,,,,,,,,,,,,,,,,,,Matches,anthony elanga,1.4534468036144972,1.749520514160395,1.4534468036144972,4.289053320884705,1.8433666191995144,FW,0.0,0.09887393221867329,-0.09887393221867329,0.0,,0.06802721088435375,0.11901500096329218,,,,,,,,,
813,Daniel Elfadli,ly LBY,DF,Hamburger SV,de Bundesliga,28.0,1997.0,21,15,1253.0,13.9,0.0,0.0,0,0,0,0,6,1,0.0,0.0,0.0,0.0,0.0,Matches,0,4,1,25.0,0.29,0.07,0.0,0.0,0,0,Matches,,,,,,,,,,,,,,,0.0,,,,,,Matches,,14,,,,,,,,,,,20,,,,Matches,,,,,,,,,,,,,,,,,,,,,Matches,daniel elfadli,0.6049705110490322,0.1704634763300418,0.6049705110490322,1.874638892710209,1.6594158932566645,DF,0.0,0.043523058348851236,-0.043523058348851236,0.0,,0.0,0.012263559448204446,,,,,,,,,
814,Unai Elgezabal,es ESP,"DF,MF",Levante,es La Liga,32.0,1993.0,12,11,958.0,10.6,1.0,0.0,1,1,0,0,2,0,0.09,0.0,0.09,0.09,0.09,Matches,1,3,1,33.3,0.28,0.09,0.33,1.0,0,0,Matches,,,,,,,,,,,,,,,0.0,,,,,,Matches,,4,,,,,,,,,,,4,,,,Matches,,,,,,,,,,,,,,,,,,,,,Matches,unai elgezabal,0.6192532349377871,0.1339095868170261,0.6192532349377871,1.465649597346783,1.465649597346783,DF,0.09433962264150944,0.058420116503564816,0.03591950613794462,0.33,,0.0,0.01263297988839869,,,,,,,,,
816,Mikael Ellertsson,is ISL,MF,Genoa,it Serie A,23.0,2002.0,36,31,2767.0,30.7,1.0,1.0,2,1,0,0,1,1,0.03,0.03,0.07,0.03,0.07,Matches,1,26,6,23.1,0.85,0.2,0.04,0.17,0,0,Matches,,,,,,,,,,,,,,,1.0,,,,,,Matches,,26,,,,,,,,,,,14,,,,Matches,,,,,,,,,,,,,,,,,,,,,Matches,mikael ellertsson,2.1503593772649765,2.5014033168554306,2.1503593772649765,6.250576099380851,3.155878205783665,MF,0.03257328990228013,0.07004427938973865,-0.03747098948745852,0.04,,0.03257328990228013,0.08147893540245703,,,,,,,,,
819,Elif Elmas,mk MKD,"MF,FW",Napoli,it Serie A,25.0,1999.0,33,20,1783.0,19.8,1.0,3.0,4,1,0,0,3,0,0.05,0.15,0.2,0.05,0.2,Matches,1,27,9,33.3,1.36,0.45,0.04,0.11,0,0,Matches,,,,,,,,,,,,,,,3.0,,,,,,Matches,,13,,,,,,,,,,,7,,,,Matches,,,,,,,,,,,,,,,,,,,,,Matches,elif elmas,3.64168831333518,1.7521770196035504,3.64168831333518,8.190225210040808,4.126482693478465,MF,0.050505050505050504,0.18392365218864545,-0.13341860168359493,0.04,,0.15151515151515152,0.08849378886886618,,,,,,,,,
821,Aritz Elustondo,es ESP,DF,Real Sociedad,es La Liga,31.0,1994.0,16,8,720.0,8.0,0.0,1.0,1,0,0,0,0,0,0.0,0.12,0.12,0.0,0.12,Matches,0,4,2,50.0,0.5,0.25,0.0,0.0,0,0,Matches,,,,,,,,,,,,,,,1.0,,,,,,Matches,,8,,,,,,,,,,,10,,,,Matches,,,,,,,,,,,,,,,,,,,,,Matches,aritz elustondo,0.5001932755112648,0.026317611336708,0.5001932755112648,2.531999623402953,2.5056820269674063,DF,0.0,0.0625241594389081,-0.0625241594389081,0.0,,0.125,0.0032897014170885,,,,,,,,,
822,Nico Elvedi,ch SUI,DF,Gladbach,de Bundesliga,28.0,1996.0,33,33,2966.0,33.0,0.0,2.0,2,0,0,0,5,0,0.0,0.06,0.06,0.0,0.06,Matches,0,9,0,0.0,0.27,0.0,0.0,,0,0,Matches,,,,,,,,,,,,,,,2.0,,,,,,Matches,,32,,,,,,,,,,,40,,,,Matches,,,,,,,,,,,,,,,,,,,,,Matches,nico elvedi,0.3812519991770386,1.362134398892522,0.3812519991770386,8.829203316941857,7.860639678314328,DF,0.0,0.011553090884152685,-0.011553090884152685,0.0,,0.06060606060606061,0.04127679996644006,,,,,,,,,
823,Breel Embolo,ch SUI,FW,Rennes,fr Ligue 1,28.0,1997.0,31,20,1872.0,20.8,8.0,3.0,11,8,0,0,3,0,0.38,0.14,0.53,0.38,0.53,Matches,8,41,18,43.9,1.97,0.87,0.2,0.44,0,0,Matches,,,,,,,,,,,,,,,3.0,,,,,,Matches,,14,,,,,,,,,,,4,,,,Matches,,,,,,,,,,,,,,,,,,,,,Matches,breel embolo,9.035452591255307,1.4657922452315688,9.035452591255307,11.81740845553577,3.815189575776458,FW,0.3846153846153846,0.4343967591949667,-0.04978137457958207,0.2,,0.14423076923076922,0.0704707810207485,,,,,,,,,
825,Emersonn,br BRA,FW,Toulouse,fr Ligue 1,21.0,2004.0,27,18,1499.0,16.7,6.0,2.0,8,6,0,0,5,1,0.36,0.12,0.48,0.36,0.48,Matches,6,51,19,37.3,3.06,1.14,0.12,0.32,0,0,Matches,,,,,,,,,,,,,,,2.0,,,,,,Matches,,8,,,,,,,,,,,7,,,,Matches,,,,,,,,,,,,,,,,,,,,,Matches,emersonn,7.415036683902144,1.878817074000836,7.415036683902144,8.169102063402534,1.4885814795270562,FW,0.3592814371257485,0.4440141726887512,-0.08473273556300266,0.12,,0.11976047904191617,0.1125040164072357,,,,,,,,,
826,Julio Enciso,py PAR,"MF,FW",Strasbourg,fr Ligue 1,21.0,2004.0,27,22,1883.0,20.9,3.0,6.0,9,2,1,1,2,0,0.14,0.29,0.43,0.1,0.38,Matches,3,61,22,36.1,2.92,1.05,0.05,0.14,1,1,Matches,,,,,,,,,,,,,,,6.0,,,,,,Matches,,10,,,,,,,,,,,7,,,,Matches,,,,,,,,,,,,,,,,,,,,,Matches,julio enciso,7.675233259797096,4.41795701906085,6.915138140320778,15.821536289528012,5.9863391406834126,MF,0.14354066985645933,0.330867853603865,-0.22369537128215772,0.05,,0.28708133971291866,0.2113855033043469,,,,,,,,,
829,Endrick,br BRA,"FW,MF",Lyon,fr Ligue 1,19.0,2006.0,16,14,1215.0,13.5,5.0,7.0,12,4,1,1,4,1,0.37,0.52,0.89,0.3,0.81,Matches,5,50,26,52.0,3.7,1.93,0.1,0.19,1,1,Matches,,,,,,,,,,,,,,,7.0,,,,,,Matches,,9,,,,,,,,,,,2,,,,Matches,,,,,,,,,,,,,,,,,,,,,Matches,endrick,0.0,0.0,0.0,0.0,0.0,FW,0.37037037037037035,0.0,0.37037037037037035,0.1,,0.5185185185185185,0.0,,,,,,,,,
830,Yannik Engelhardt,de GER,MF,Gladbach,de Bundesliga,24.0,2001.0,31,29,2487.0,27.6,2.0,2.0,4,2,0,0,7,0,0.07,0.07,0.14,0.07,0.14,Matches,2,21,5,23.8,0.76,0.18,0.1,0.4,0,0,Matches,,,,,,,,,,,,,,,2.0,,,,,,Matches,,23,,,,,,,,,,,36,,,,Matches,,,,,,,,,,,,,,,,,,,,,Matches,yannik engelhardt,,,,,,MF,0.07246376811594203,,,0.1,,0.07246376811594203,,,,,,,,,,
831,Christian Eriksen,dk DEN,MF,Wolfsburg,de Bundesliga,33.0,1992.0,31,27,2410.0,26.8,3.0,9.0,12,0,3,4,4,0,0.11,0.34,0.45,0.0,0.34,Matches,3,38,14,36.8,1.42,0.52,0.08,0.21,3,4,Matches,,,,,,,,,,,,,,,9.0,,,,,,Matches,,20,,,,,,,,,,,18,,,,Matches,,,,,,,,,,,,,,,,,,,,,Matches,christian eriksen,5.570981449447572,7.904180903919041,2.539874809794128,14.289100974798204,8.979044845327735,MF,0.11194029850746269,0.09477144812664656,-0.09593214363610345,0.08,,0.33582089552238803,0.29493212328056123,,,,,,,,,
832,Aarón Escandell,es ESP,GK,Oviedo,es La Liga,29.0,1995.0,36,36,3240.0,36.0,0.0,1.0,1,0,0,0,3,0,0.0,0.03,0.03,0.0,0.03,Matches,0,0,0,,0.0,0.0,,,0,0,Matches,,,,,,,,,,,,,,,1.0,,,,,,Matches,,0,,,,,,,,,,,0,,,,Matches,,,,,,,,,,,,,,,,,,,,,Matches,aaron escandell,,,,,,GK,,,,,,,,,,,,,,,,
834,Carlos Espí,es ESP,FW,Levante,es La Liga,20.0,2005.0,25,13,1343.0,14.9,11.0,0.0,11,11,0,0,3,0,0.74,0.0,0.74,0.74,0.74,Matches,11,57,24,42.1,3.82,1.61,0.19,0.46,0,0,Matches,,,,,,,,,,,,,,,0.0,,,,,,Matches,,7,,,,,,,,,,,9,,,,Matches,,,,,,,,,,,,,,,,,,,,,Matches,carlos espi,9.884630508720877,0.6899255998432636,9.884630508720877,9.323621347546576,0.3610123936086893,FW,0.7382550335570469,0.6633980207195219,0.07485701283752506,0.19,,0.0,0.04630373153310494,,,,,,,,,
835,Alfonso Espino,uy URU,"DF,MF",Rayo Vallecano,es La Liga,33.0,1992.0,30,15,1486.0,16.5,2.0,0.0,2,2,0,0,3,0,0.12,0.0,0.12,0.12,0.12,Matches,2,20,9,45.0,1.21,0.55,0.1,0.22,0,0,Matches,,,,,,,,,,,,,,,0.0,,,,,,Matches,,33,,,,,,,,,,,15,,,,Matches,,,,,,,,,,,,,,,,,,,,,Matches,alfonso espino,2.0612591905519366,3.0738462451845407,2.0612591905519366,7.71520034596324,4.115802895277739,DF,0.12121212121212122,0.1249247994273901,-0.0037126782152688866,0.1,,0.0,0.1862937118293661,,,,,,,,,
836,Francesco Esposito,it ITA,FW,Inter,it Serie A,20.0,2005.0,35,15,1571.0,17.5,7.0,3.0,10,7,0,0,1,0,0.4,0.17,0.57,0.4,0.57,Matches,7,57,23,40.4,3.27,1.32,0.12,0.3,0,0,Matches,,,,,,,,,,,,,,,3.0,,,,,,Matches,,5,,,,,,,,,,,5,,,,Matches,,,,,,,,,,,,,,,,,,,,,Matches,francesco esposito,9.864515269175172,2.056677933782339,9.864515269175172,13.50071531161666,3.596131581813097,FW,0.4,0.5636865868100098,-0.16368658681000983,0.12,,0.17142857142857143,0.11752445335899081,,,,,,,,,
837,Sebastiano Esposito,it ITA,"FW,MF",Cagliari,it Serie A,23.0,2002.0,36,34,2675.0,29.7,7.0,5.0,12,6,1,1,6,0,0.24,0.17,0.4,0.2,0.37,Matches,7,57,16,28.1,1.92,0.54,0.12,0.44,1,1,Matches,,,,,,,,,,,,,,,5.0,,,,,,Matches,,35,,,,,,,,,,,21,,,,Matches,,,,,,,,,,,,,,,,,,,,,Matches,sebastiano esposito,5.744417134672403,5.577771823387593,4.983118314296007,11.48640700429678,4.763355305418372,FW,0.2356902356902357,0.167781761424108,0.04227551735109753,0.12,,0.16835016835016836,0.18780376509722535,,,,,,,,,
842,Maxime Estève,fr FRA,DF,Burnley,eng Premier League,23.0,2002.0,34,34,2932.0,32.6,0.0,0.0,0,0,0,0,1,0,0.0,0.0,0.0,0.0,0.0,Matches,0,10,1,10.0,0.31,0.03,0.0,0.0,0,0,Matches,,,,,,,,,,,,,,,0.0,,,,,,Matches,,27,,,,,,,,,,,37,,,,Matches,,,,,,,,,,,,,,,,,,,,,Matches,maxime esteve,0.4516084846109152,0.7021042061969638,0.4516084846109152,4.438025475479662,4.28961091581732,DF,0.0,0.01385302100033482,-0.01385302100033482,0.0,,0.0,0.02153693884039766,,,,,,,,,
844,Nahuel Estévez,ar ARG,MF,Parma,it Serie A,29.0,1995.0,32,9,1049.0,11.7,0.0,1.0,1,0,0,0,2,0,0.0,0.09,0.09,0.0,0.09,Matches,0,9,1,11.1,0.77,0.09,0.0,0.0,0,0,Matches,,,,,,,,,,,,,,,1.0,,,,,,Matches,,10,,,,,,,,,,,5,,,,Matches,,,,,,,,,,,,,,,,,,,,,Matches,nahuel estevez,0.6303743990138173,1.103767991065979,0.6303743990138173,2.353299428708852,1.3416498266160488,MF,0.0,0.05387815376186473,-0.05387815376186473,0.0,,0.08547008547008547,0.09433914453555377,,,,,,,,,
845,Pervis Estupiñán,ec ECU,MF,Milan,it Serie A,27.0,1998.0,19,13,1034.0,11.5,1.0,1.0,2,1,0,0,5,1,0.09,0.09,0.17,0.09,0.17,Matches,1,9,1,11.1,0.78,0.09,0.11,1.0,0,0,Matches,,,,,,,,,,,,,,,1.0,,,,,,Matches,,9,,,,,,,,,,,11,,,,Matches,,,,,,,,,,,,,,,,,,,,,Matches,pervis estupinan,,,,,,MF,0.08695652173913043,,,0.11,,0.08695652173913043,,,,,,,,,,
847,Karl Etta Eyong,cm CMR,FW,Levante,es La Liga,21.0,2003.0,30,15,1416.0,15.7,6.0,2.0,8,6,0,1,3,0,0.38,0.13,0.51,0.38,0.51,Matches,6,43,21,48.8,2.73,1.33,0.14,0.29,0,1,Matches,,,,,,,,,,,,,,,2.0,,,,,,Matches,,11,,,,,,,,,,,6,,,,Matches,,,,,,,,,,,,,,,,,,,,,Matches,karl etta eyong,,,,,,FW,0.3821656050955414,,,0.14,,0.12738853503184713,,,,,,,,,,
848,Evanilson,br BRA,FW,Bournemouth,eng Premier League,25.0,1999.0,36,32,2742.0,30.5,6.0,1.0,7,6,0,0,2,0,0.2,0.03,0.23,0.2,0.23,Matches,6,72,23,31.9,2.36,0.75,0.08,0.26,0,0,Matches,,,,,,,,,,,,,,,1.0,,,,,,Matches,,5,,,,,,,,,,,6,,,,Matches,,,,,,,,,,,,,,,,,,,,,Matches,evanilson,11.830083925276996,3.069119781255722,11.830083925276996,15.950044002383947,3.485610034316778,FW,0.19672131147540983,0.3878716041074425,-0.19115029263203268,0.08,,0.03278688524590164,0.1006268780739581,,,,,,,,,
849,Edu Expósito,es ESP,MF,Espanyol,es La Liga,28.0,1996.0,36,32,2523.0,28.0,1.0,6.0,7,1,0,0,9,0,0.04,0.21,0.25,0.04,0.25,Matches,1,44,13,29.5,1.57,0.46,0.02,0.08,0,0,Matches,,,,,,,,,,,,,,,6.0,,,,,,Matches,,29,,,,,,,,,,,24,,,,Matches,,,,,,,,,,,,,,,,,,,,,Matches,edu exposito,2.578492414671928,8.028833229094744,2.578492414671928,10.837253779172896,6.840502029284835,MF,0.03571428571428571,0.09208901480971173,-0.056374729095426006,0.02,,0.21428571428571427,0.28674404389624086,,,,,,,,,
850,Eberechi Eze,eng ENG,"MF,FW",Arsenal,eng Premier League,27.0,1998.0,32,21,1812.0,20.1,7.0,2.0,9,7,0,0,1,0,0.35,0.1,0.45,0.35,0.45,Matches,7,57,18,31.6,2.83,0.89,0.12,0.39,0,0,Matches,,,,,,,,,,,,,,,2.0,,,,,,Matches,,13,,,,,,,,,,,11,,,,Matches,,,,,,,,,,,,,,,,,,,,,Matches,eberechi eze,4.807457456365228,2.63351690210402,4.807457456365228,10.355983335524796,4.074069639667869,MF,0.34825870646766166,0.23917698787886704,0.10908171858879463,0.12,,0.09950248756218905,0.13102074139820993,,,,,,,,,
852,Abde Ezzalzouli,ma MAR,"MF,FW",Real Betis,es La Liga,23.0,2001.0,29,26,2247.0,25.0,10.0,8.0,18,10,0,0,3,0,0.4,0.32,0.72,0.4,0.72,Matches,10,73,26,35.6,2.92,1.04,0.14,0.38,0,0,Matches,,,,,,,,,,,,,,,8.0,,,,,,Matches,,32,,,,,,,,,,,15,,,,Matches,,,,,,,,,,,,,,,,,,,,,Matches,abde ezzalzouli,10.301263853907583,6.2180118300020695,10.301263853907583,18.697799935936928,4.9303385354578495,MF,0.4,0.4120505541563033,-0.012050554156303335,0.14,,0.32,0.24872047320008278,,,,,,,,,
853,Giovanni Fabbian,it ITA,MF,Bologna,it Serie A,22.0,2003.0,14,8,705.0,7.8,2.0,0.0,2,2,0,0,0,0,0.26,0.0,0.26,0.26,0.26,Matches,2,14,4,28.6,1.79,0.51,0.14,0.5,0,0,Matches,,,,,,,,,,,,,,,0.0,,,,,,Matches,,4,,,,,,,,,,,5,,,,Matches,,,,,,,,,,,,,,,,,,,,,Matches,giovanni fabbian,2.665424160659313,1.65299897454679,2.665424160659313,5.044444873929024,1.9827907886356115,MF,0.25641025641025644,0.3417210462383735,-0.08531078982811707,0.14,,0.0,0.21192294545471665,,,,,,,,,
854,Giovanni Fabbian,it ITA,MF,Fiorentina,it Serie A,22.0,2003.0,15,4,468.0,5.2,0.0,0.0,0,0,0,0,2,0,0.0,0.0,0.0,0.0,0.0,Matches,0,7,2,28.6,1.35,0.38,0.0,0.0,0,0,Matches,,,,,,,,,,,,,,,0.0,,,,,,Matches,,2,,,,,,,,,,,1,,,,Matches,,,,,,,,,,,,,,,,,,,,,Matches,giovanni fabbian,2.665424160659313,1.65299897454679,2.665424160659313,5.044444873929024,1.9827907886356115,MF,0.0,0.5125815693575602,-0.5125815693575602,0.0,,0.0,0.31788441818207497,,,,,,,,,
855,Alieu Fadera,gm GAM,FW,Sassuolo,it Serie A,23.0,2001.0,28,8,987.0,11.0,2.0,1.0,3,2,0,0,5,0,0.18,0.09,0.27,0.18,0.27,Matches,2,13,4,30.8,1.19,0.36,0.15,0.5,0,0,Matches,,,,,,,,,,,,,,,1.0,,,,,,Matches,,23,,,,,,,,,,,5,,,,Matches,,,,,,,,,,,,,,,,,,,,,Matches,alieu fadera,2.3619886562228203,0.87881900370121,2.3619886562228203,4.041427066549659,1.7654694616794586,FW,0.18181818181818182,0.21472624147480185,-0.032908059656620026,0.15,,0.09090909090909091,0.07989263670011,,,,,,,,,
856,Wout Faes,be BEL,DF,Monaco,fr Ligue 1,27.0,1998.0,14,13,1141.0,12.7,0.0,0.0,0,0,0,0,3,0,0.0,0.0,0.0,0.0,0.0,Matches,0,5,1,20.0,0.39,0.08,0.0,0.0,0,0,Matches,,,,,,,,,,,,,,,0.0,,,,,,Matches,,12,,,,,,,,,,,14,,,,Matches,,,,,,,,,,,,,,,,,,,,,Matches,wout faes,0.559219591319561,0.040780272334814,0.559219591319561,3.3923608884215355,3.3923608884215355,DF,0.0,0.04403303868657961,-0.04403303868657961,0.0,,0.0,0.0032110450657333862,,,,,,,,,
857,Nicolò Fagioli,it ITA,MF,Fiorentina,it Serie A,24.0,2001.0,33,30,2554.0,28.4,2.0,3.0,5,2,0,0,5,0,0.07,0.11,0.18,0.07,0.18,Matches,2,33,7,21.2,1.16,0.25,0.06,0.29,0,0,Matches,,,,,,,,,,,,,,,3.0,,,,,,Matches,,31,,,,,,,,,,,18,,,,Matches,,,,,,,,,,,,,,,,,,,,,Matches,nicolo fagioli,1.9044424574822187,5.224352169781923,1.9044424574822187,15.326580483466389,11.083079390227796,MF,0.07042253521126761,0.06705783300993728,0.0033647022013303263,0.06,,0.10563380281690142,0.1839560623162649,,,,,,,,,
858,Romain Faivre,fr FRA,"MF,FW",Auxerre,fr Ligue 1,27.0,1998.0,10,7,581.0,6.5,0.0,2.0,2,0,0,0,0,0,0.0,0.31,0.31,0.0,0.31,Matches,0,11,3,27.3,1.7,0.46,0.0,0.0,0,0,Matches,,,,,,,,,,,,,,,2.0,,,,,,Matches,,4,,,,,,,,,,,6,,,,Matches,,,,,,,,,,,,,,,,,,,,,Matches,romain faivre,0.4254572987556457,1.0503338649868963,0.4254572987556457,0.9647739827632904,0.6326931342482567,MF,0.0,0.06545496903933011,-0.06545496903933011,0.0,,0.3076923076923077,0.16158982538259942,,,,,,,,,
860,Wladimiro Falcone,it ITA,GK,Lecce,it Serie A,30.0,1995.0,38,38,3420.0,38.0,0.0,0.0,0,0,0,0,2,0,0.0,0.0,0.0,0.0,0.0,Matches,0,0,0,,0.0,0.0,,,0,0,Matches,,,,,,,,,,,,,,,0.0,,,,,,Matches,,2,,,,,,,,,,,0,,,,Matches,,,,,,,,,,,,,,,,,,,,,Matches,wladimiro falcone,0.0,0.0365259833633899,0.0,0.8861004188656807,0.8495744355022907,GK,,,,,,,,,,,,,,,,
861,Ansu Fati,es ESP,"MF,FW",Monaco,fr Ligue 1,22.0,2002.0,25,10,1093.0,12.1,11.0,0.0,11,8,3,4,1,0,0.91,0.0,0.91,0.66,0.66,Matches,11,43,24,55.8,3.54,1.98,0.26,0.46,3,4,Matches,,,,,,,,,,,,,,,0.0,,,,,,Matches,,9,,,,,,,,,,,2,,,,Matches,,,,,,,,,,,,,,,,,,,,,Matches,ansu fati,11.288535937666891,1.9022937566041944,8.248155388981104,12.93921096622944,4.0356128960847855,MF,0.9090909090909092,0.6816657346265376,-0.023845945261726547,0.26,,0.0,0.15721436004993342,,,,,,,,,
862,Abdoulaye Faye,sn SEN,DF,Lorient,fr Ligue 1,20.0,2004.0,17,16,1444.0,16.0,0.0,0.0,0,0,0,0,8,0,0.0,0.0,0.0,0.0,0.0,Matches,0,8,2,25.0,0.5,0.12,0.0,0.0,0,0,Matches,,,,,,,,,,,,,,,0.0,,,,,,Matches,,24,,,,,,,,,,,28,,,,Matches,,,,,,,,,,,,,,,,,,,,,Matches,abdoulaye faye,0.575211126357317,0.0521239135414361,0.575211126357317,3.336865071207285,3.3101836778223515,DF,0.0,0.03595069539733231,-0.03595069539733231,0.0,,0.0,0.003257744596339756,,,,,,,,,
863,Jacopo Fazzini,it ITA,"MF,FW",Fiorentina,it Serie A,22.0,2003.0,20,5,584.0,6.5,0.0,0.0,0,0,0,0,2,0,0.0,0.0,0.0,0.0,0.0,Matches,0,9,1,11.1,1.39,0.15,0.0,0.0,0,0,Matches,,,,,,,,,,,,,,,0.0,,,,,,Matches,,10,,,,,,,,,,,5,,,,Matches,,,,,,,,,,,,,,,,,,,,,Matches,jacopo fazzini,0.8832504265010357,0.7231574095785618,0.8832504265010357,1.994159899652004,0.4615865107625723,MF,0.0,0.13588468100015932,-0.13588468100015932,0.0,,0.0,0.11125498608900951,,,,,,,,,
864,Aleix Febas,es ESP,MF,Elche,es La Liga,29.0,1996.0,36,36,3160.0,35.1,2.0,2.0,4,2,0,0,10,0,0.06,0.06,0.11,0.06,0.11,Matches,2,23,8,34.8,0.66,0.23,0.09,0.25,0,0,Matches,,,,,,,,,,,,,,,2.0,,,,,,Matches,,46,,,,,,,,,,,27,,,,Matches,,,,,,,,,,,,,,,,,,,,,Matches,aleix febas,2.1838237196207047,2.102244376204908,2.1838237196207047,16.84352259710431,14.49692191183567,MF,0.05698005698005698,0.06221719998919386,-0.0052371430091368845,0.09,,0.05698005698005698,0.05989300217107999,,,,,,,,,
866,Luiz Felipe,it ITA,DF,Rayo Vallecano,es La Liga,28.0,1997.0,10,7,470.0,5.2,0.0,0.0,0,0,0,0,1,0,0.0,0.0,0.0,0.0,0.0,Matches,0,3,1,33.3,0.57,0.19,0.0,0.0,0,0,Matches,,,,,,,,,,,,,,,0.0,,,,,,Matches,,8,,,,,,,,,,,7,,,,Matches,,,,,,,,,,,,,,,,,,,,,Matches,luiz felipe,0.2370056584477424,0.0198127329349517,0.2370056584477424,0.7661405727267265,0.7661405727267265,DF,0.0,0.045578011239950464,-0.045578011239950464,0.0,,0.0,0.0038101409490291726,,,,,,,,,
869,Robin Fellhauer,de GER,MF,Augsburg,de Bundesliga,27.0,1998.0,34,31,2799.0,31.1,3.0,2.0,5,3,0,0,2,0,0.1,0.06,0.16,0.1,0.16,Matches,3,30,9,30.0,0.96,0.29,0.1,0.33,0,0,Matches,,,,,,,,,,,,,,,2.0,,,,,,Matches,,43,,,,,,,,,,,22,,,,Matches,,,,,,,,,,,,,,,,,,,,,Matches,robin fellhauer,2.591770839877426,2.142268791794777,2.591770839877426,8.661767035722733,4.585818454623222,MF,0.09646302250803858,0.08333668295425807,0.013126339553780508,0.1,,0.06430868167202572,0.06888324089372273,,,,,,,,,
870,Kiko Femenía,es ESP,"DF,MF",Getafe,es La Liga,34.0,1991.0,28,25,2008.0,22.3,1.0,1.0,2,1,0,0,6,0,0.04,0.04,0.09,0.04,0.09,Matches,1,8,3,37.5,0.36,0.13,0.13,0.33,0,0,Matches,,,,,,,,,,,,,,,1.0,,,,,,Matches,,24,,,,,,,,,,,36,,,,Matches,,,,,,,,,,,,,,,,,,,,,Matches,kiko femenia,0.9618913042359054,1.918883431702852,0.9618913042359054,3.811133926734328,1.2898593991994858,DF,0.04484304932735426,0.04313413920340383,0.0017089101239504301,0.13,,0.04484304932735426,0.08604858438129381,,,,,,,,,
871,Evan Ferguson,ie IRL,FW,Roma,it Serie A,20.0,2004.0,16,10,773.0,8.6,3.0,2.0,5,3,0,0,1,0,0.35,0.23,0.58,0.35,0.58,Matches,3,27,15,55.6,3.14,1.75,0.11,0.2,0,0,Matches,,,,,,,,,,,,,,,2.0,,,,,,Matches,,4,,,,,,,,,,,1,,,,Matches,,,,,,,,,,,,,,,,,,,,,Matches,evan ferguson,3.4807619526982307,1.686270648613572,3.4807619526982307,5.405015859752893,1.0331951715052128,FW,0.3488372093023256,0.40473976194165473,-0.05590255263932916,0.11,,0.23255813953488372,0.19607798239692698,,,,,,,,,
872,Lewis Ferguson,sct SCO,MF,Bologna,it Serie A,25.0,1999.0,27,17,1601.0,17.8,1.0,0.0,1,1,0,0,7,1,0.06,0.0,0.06,0.06,0.06,Matches,1,13,2,15.4,0.73,0.11,0.08,0.5,0,0,Matches,,,,,,,,,,,,,,,0.0,,,,,,Matches,,16,,,,,,,,,,,12,,,,Matches,,,,,,,,,,,,,,,,,,,,,Matches,lewis ferguson,0.6512357760220766,1.5657932441681623,0.6512357760220766,5.200136251747608,4.374258171766996,MF,0.056179775280898875,0.036586279551802055,0.01959349572909682,0.08,,0.0,0.08796591259371699,,,,,,,,,
873,Bruno Fernandes,pt POR,MF,Manchester Utd,eng Premier League,30.0,1994.0,35,35,3063.0,34.0,9.0,21.0,30,5,4,6,5,0,0.26,0.62,0.88,0.15,0.76,Matches,9,85,24,28.2,2.5,0.71,0.11,0.38,4,6,Matches,,,,,,,,,,,,,,,21.0,,,,,,Matches,,35,,,,,,,,,,,21,,,,Matches,,,,,,,,,,,,,,,,,,,,,Matches,bruno fernandes,11.931805820204318,17.75713463127613,7.364792761392891,25.94416971784085,11.6638073772192,MF,0.2647058823529412,0.21661155180567326,-0.08622958294718581,0.11,,0.6176470588235294,0.5222686656257686,,,,,,,,,
874,Mateus Fernandes,pt POR,MF,West Ham,eng Premier League,21.0,2004.0,36,35,3016.0,33.5,3.0,4.0,7,3,0,0,7,0,0.09,0.12,0.21,0.09,0.21,Matches,3,28,8,28.6,0.84,0.24,0.11,0.38,0,0,Matches,,,,,,,,,,,,,,,4.0,,,,,,Matches,,67,,,,,,,,,,,36,,,,Matches,,,,,,,,,,,,,,,,,,,,,Matches,mateus fernandes,1.821642781607807,3.336049569770694,1.821642781607807,10.3192302826792,6.989333409816027,MF,0.08955223880597014,0.054377396465904684,0.03517484234006547,0.11,,0.11940298507462686,0.09958356924688638,,,,,,,,,
877,Dro Fernández,es ESP,MF,PSG,fr Ligue 1,17.0,2008.0,12,7,682.0,7.6,1.0,0.0,1,1,0,0,0,0,0.13,0.0,0.13,0.13,0.13,Matches,1,9,3,33.3,1.19,0.4,0.11,0.33,0,0,Matches,,,,,,,,,,,,,,,0.0,,,,,,Matches,,5,,,,,,,,,,,9,,,,Matches,,,,,,,,,,,,,,,,,,,,,Matches,dro fernandez,0.0,0.0516483634710311,0.0,0.6772245950996876,0.6255762316286564,MF,0.13157894736842105,0.0,0.13157894736842105,0.11,,0.0,0.006795837298819882,,,,,,,,,
878,Enzo Fernández,ar ARG,MF,Chelsea,eng Premier League,24.0,2001.0,36,35,3115.0,34.6,10.0,4.0,14,8,2,2,10,0,0.29,0.12,0.4,0.23,0.35,Matches,10,72,31,43.1,2.08,0.9,0.14,0.32,2,2,Matches,,,,,,,,,,,,,,,4.0,,,,,,Matches,,24,,,,,,,,,,,20,,,,Matches,,,,,,,,,,,,,,,,,,,,,Matches,enzo fernandez,11.91719657368958,8.865934781730175,10.394858876243234,27.90237918496132,16.159590516239405,MF,0.2890173410404624,0.3004294472902669,-0.05541030559796473,0.14,,0.11560693641618497,0.2562408896453808,,,,,,,,,
879,Ezequiél Fernández,ar ARG,MF,Leverkusen,de Bundesliga,23.0,2002.0,20,12,984.0,10.9,0.0,1.0,1,0,0,0,4,1,0.0,0.09,0.09,0.0,0.09,Matches,0,11,1,9.1,1.01,0.09,0.0,0.0,0,0,Matches,,,,,,,,,,,,,,,1.0,,,,,,Matches,,17,,,,,,,,,,,14,,,,Matches,,,,,,,,,,,,,,,,,,,,,Matches,ezequiel fernandez,0.534800324589014,0.7951555736362934,0.534800324589014,7.950819112360477,7.362088220193982,MF,0.0,0.049064249962294866,-0.049064249962294866,0.0,,0.09174311926605504,0.07295005262718288,,,,,,,,,
880,Manu Fernández,es ESP,DF,Celta Vigo,es La Liga,24.0,2001.0,14,9,758.0,8.4,0.0,0.0,0,0,0,0,2,0,0.0,0.0,0.0,0.0,0.0,Matches,0,2,0,0.0,0.24,0.0,0.0,,0,0,Matches,,,,,,,,,,,,,,,0.0,,,,,,Matches,,9,,,,,,,,,,,7,,,,Matches,,,,,,,,,,,,,,,,,,,,,Matches,manu fernandez,0.0420662704855203,0.0310803558677434,0.0420662704855203,3.841555669903755,3.768409088253975,DF,0.0,0.005007889343514321,-0.005007889343514321,0.0,,0.0,0.003700042365207547,,,,,,,,,
882,Roberto Férnandez,es ESP,FW,Espanyol,es La Liga,23.0,2002.0,38,25,2382.0,26.5,7.0,3.0,10,6,1,1,3,0,0.26,0.11,0.38,0.23,0.34,Matches,7,59,23,39.0,2.23,0.87,0.12,0.3,1,1,Matches,,,,,,,,,,,,,,,3.0,,,,,,Matches,,5,,,,,,,,,,,6,,,,Matches,,,,,,,,,,,,,,,,,,,,,Matches,roberto fernandez,9.296747288666666,3.156827750615776,8.553469679318368,12.14238354191184,2.0526475217193365,FW,0.2641509433962264,0.322772440728995,-0.08666970900628927,0.12,,0.11320754716981132,0.11912557549493494,,,,,,,,,
883,Thiago Fernández,ar ARG,"MF,FW",Oviedo,es La Liga,21.0,2004.0,16,9,817.0,9.1,0.0,4.0,4,0,0,0,4,0,0.0,0.44,0.44,0.0,0.44,Matches,0,13,5,38.5,1.43,0.55,0.0,0.0,0,0,Matches,,,,,,,,,,,,,,,4.0,,,,,,Matches,,7,,,,,,,,,,,5,,,,Matches,,,,,,,,,,,,,,,,,,,,,Matches,thiago fernandez,0.8692414863035083,2.8690570928156376,0.8692414863035083,4.160179313272238,1.7156872656196356,MF,0.0,0.09552104245093498,-0.09552104245093498,0.0,,0.43956043956043955,0.3152809992105096,,,,,,,,,
885,Matias Fernandez-Pardo,be BEL,"FW,MF",Lille,fr Ligue 1,20.0,2005.0,29,27,2370.0,26.3,8.0,5.0,13,6,2,2,5,0,0.3,0.19,0.49,0.23,0.42,Matches,8,68,30,44.1,2.58,1.14,0.12,0.27,2,2,Matches,,,,,,,,,,,,,,,5.0,,,,,,Matches,,14,,,,,,,,,,,8,,,,Matches,,,,,,,,,,,,,,,,,,,,,Matches,matias fernandez pardo,11.11183587089181,4.855040938593447,9.591645512729883,16.976635068655014,6.166970239020884,FW,0.3041825095057034,0.3647013502939119,-0.11832075554721709,0.12,,0.19011406844106463,0.18460231705678506,,,,,,,,,
886,Álvaro Fidalgo,mx MEX,MF,Real Betis,es La Liga,28.0,1997.0,9,8,542.0,6.0,1.0,0.0,1,1,0,0,0,0,0.17,0.0,0.17,0.17,0.17,Matches,1,4,2,50.0,0.66,0.33,0.25,0.5,0,0,Matches,,,,,,,,,,,,,,,0.0,,,,,,Matches,,5,,,,,,,,,,,4,,,,Matches,,,,,,,,,,,,,,,,,,,,,Matches,alvaro fidalgo,0.5265598297119141,0.1963401176035404,0.5265598297119141,2.017945224419236,1.3912485651671886,MF,0.16666666666666666,0.08775997161865234,0.07890669504801433,0.25,,0.0,0.0327233529339234,,,,,,,,,
888,Max Finkgräfe,de GER,DF,RB Leipzig,de Bundesliga,21.0,2004.0,13,5,504.0,5.6,1.0,1.0,2,1,0,0,2,0,0.18,0.18,0.36,0.18,0.36,Matches,1,4,2,50.0,0.71,0.36,0.25,0.5,0,0,Matches,,,,,,,,,,,,,,,1.0,,,,,,Matches,,12,,,,,,,,,,,8,,,,Matches,,,,,,,,,,,,,,,,,,,,,Matches,max finkgrafe,0.2259244993329048,0.6198278795927763,0.2259244993329048,4.128876706585288,3.778356781229377,DF,0.17857142857142858,0.04034366059516157,0.138227767976267,0.25,,0.17857142857142858,0.1106835499272815,,,,,,,,,
889,Junior Firpo,do DOM,DF,Real Betis,es La Liga,28.0,1996.0,12,10,827.0,9.2,0.0,1.0,1,0,0,0,2,0,0.0,0.11,0.11,0.0,0.11,Matches,0,5,0,0.0,0.54,0.0,0.0,,0,0,Matches,,,,,,,,,,,,,,,1.0,,,,,,Matches,,14,,,,,,,,,,,10,,,,Matches,,,,,,,,,,,,,,,,,,,,,Matches,junior firpo,0.4448377713561058,0.957407258450985,0.4448377713561058,2.8417121320962906,2.3680821657180786,DF,0.0,0.04835193166914194,-0.04835193166914194,0.0,,0.10869565217391305,0.10406600635336793,,,,,,,,,
890,Jonathan Fischer,dk DEN,GK,Metz,fr Ligue 1,23.0,2001.0,27,26,2354.0,26.2,0.0,0.0,0,0,0,0,0,0,0.0,0.0,0.0,0.0,0.0,Matches,0,0,0,,0.0,0.0,,,0,0,Matches,,,,,,,,,,,,,,,0.0,,,,,,Matches,,0,,,,,,,,,,,0,,,,Matches,,,,,,,,,,,,,,,,,,,,,Matches,jonathan fischer,0.0,0.031860314309597,0.0,2.2079796250909567,2.2079796250909567,GK,,,,,,,,,,,,,,,,
891,Kilian Fischer,de GER,DF,Wolfsburg,de Bundesliga,24.0,2000.0,11,10,800.0,8.9,0.0,0.0,0,0,0,0,0,0,0.0,0.0,0.0,0.0,0.0,Matches,0,2,0,0.0,0.23,0.0,0.0,,0,0,Matches,,,,,,,,,,,,,,,0.0,,,,,,Matches,,13,,,,,,,,,,,12,,,,Matches,,,,,,,,,,,,,,,,,,,,,Matches,kilian fischer,0.0871237516403198,0.4677412435412407,0.0871237516403198,1.971149634569884,1.804927940480411,DF,0.0,0.009789185577564022,-0.009789185577564022,0.0,,0.0,0.05255519590351019,,,,,,,,,
892,Mark Flekken,nl NED,GK,Leverkusen,de Bundesliga,32.0,1993.0,24,24,2129.0,23.7,0.0,0.0,0,0,0,0,2,0,0.0,0.0,0.0,0.0,0.0,Matches,0,0,0,,0.0,0.0,,,0,0,Matches,,,,,,,,,,,,,,,0.0,,,,,,Matches,,0,,,,,,,,,,,0,,,,Matches,,,,,,,,,,,,,,,,,,,,,Matches,mark flekken,0.0,0.0720671415328979,0.0,5.080403530970216,5.008336389437318,GK,,,,,,,,,,,,,,,,
893,Zian Flemming,nl NED,FW,Burnley,eng Premier League,26.0,1998.0,29,21,1769.0,19.7,11.0,0.0,11,9,2,2,5,0,0.56,0.0,0.56,0.46,0.46,Matches,11,52,21,40.4,2.65,1.07,0.21,0.52,2,2,Matches,,,,,,,,,,,,,,,0.0,,,,,,Matches,,10,,,,,,,,,,,6,,,,Matches,,,,,,,,,,,,,,,,,,,,,Matches,zian flemming,9.554794699884951,0.6848367601633072,8.032457021065056,7.825265257619321,1.7185871880501509,FW,0.5583756345177665,0.4077389350794445,0.0733606751327436,0.21,,0.0,0.03476328731793438,,,,,,,,,
896,Romano Floriani,it ITA,MF,Cremonese,it Serie A,22.0,2003.0,28,12,1168.0,13.0,0.0,1.0,1,0,0,0,2,0,0.0,0.08,0.08,0.0,0.08,Matches,0,5,1,20.0,0.39,0.08,0.0,0.0,0,0,Matches,,,,,,,,,,,,,,,1.0,,,,,,Matches,,14,,,,,,,,,,,6,,,,Matches,,,,,,,,,,,,,,,,,,,,,Matches,romano floriani,0.2002486418932676,1.3022935949265957,0.2002486418932676,1.9743683747947216,1.198974552564323,MF,0.0,0.015403741684097508,-0.015403741684097508,0.0,,0.07692307692307693,0.1001764303789689,,,,,,,,,
897,Phil Foden,eng ENG,MF,Manchester City,eng Premier League,25.0,2000.0,33,23,2086.0,23.2,7.0,5.0,12,7,0,0,4,0,0.3,0.22,0.52,0.3,0.52,Matches,7,55,19,34.5,2.37,0.82,0.13,0.37,0,0,Matches,,,,,,,,,,,,,,,5.0,,,,,,Matches,,16,,,,,,,,,,,10,,,,Matches,,,,,,,,,,,,,,,,,,,,,Matches,phil foden,6.688582047820091,6.107132508419454,6.688582047820091,19.91397963277996,11.249179357662795,MF,0.3017241379310345,0.2883009503370729,0.013423187593961584,0.13,,0.21551724137931036,0.26323847019049373,,,,,,,,,
898,Malick Fofana,be BEL,"MF,FW",Lyon,fr Ligue 1,20.0,2005.0,12,9,749.0,8.3,2.0,1.0,3,2,0,0,1,0,0.24,0.12,0.36,0.24,0.36,Matches,2,19,9,47.4,2.28,1.08,0.11,0.22,0,0,Matches,,,,,,,,,,,,,,,1.0,,,,,,Matches,,5,,,,,,,,,,,3,,,,Matches,,,,,,,,,,,,,,,,,,,,,Matches,malick fofana,2.7092563677579165,2.255652729421854,2.7092563677579165,6.958968311548233,2.974549878388644,MF,0.24096385542168672,0.32641642985035135,-0.08545257442866462,0.11,,0.12048192771084336,0.27176538908697034,,,,,,,,,
899,Rayan Fofana,fr FRA,"FW,MF",Lens,fr Ligue 1,19.0,2006.0,25,7,798.0,8.9,5.0,0.0,5,5,0,0,0,0,0.56,0.0,0.56,0.56,0.56,Matches,5,36,12,33.3,4.06,1.35,0.14,0.42,0,0,Matches,,,,,,,,,,,,,,,0.0,,,,,,Matches,,4,,,,,,,,,,,1,,,,Matches,,,,,,,,,,,,,,,,,,,,,Matches,rayan fofana,6.315318438224495,0.3365894369781017,6.315318438224495,7.498886909335852,1.428857408463955,FW,0.5617977528089887,0.7095863413735388,-0.14778858856455004,0.14,,0.0,0.03781903786270805,,,,,,,,,
901,Seko Fofana,ci CIV,MF,Rennes,fr Ligue 1,30.0,1995.0,12,7,655.0,7.3,1.0,0.0,1,1,0,0,0,0,0.14,0.0,0.14,0.14,0.14,Matches,1,9,3,33.3,1.24,0.41,0.11,0.33,0,0,Matches,,,,,,,,,,,,,,,0.0,,,,,,Matches,,2,,,,,,,,,,,3,,,,Matches,,,,,,,,,,,,,,,,,,,,,Matches,seko fofana,0.7612503450363874,0.6452769339084625,0.7612503450363874,3.743103414773941,2.6357836835086346,MF,0.136986301369863,0.10428086918306678,0.032705432186796245,0.11,,0.0,0.08839410053540583,,,,,,,,,
902,Wesley Fofana,fr FRA,DF,Chelsea,eng Premier League,24.0,2000.0,25,20,1722.0,19.1,0.0,1.0,1,0,0,0,9,2,0.0,0.05,0.05,0.0,0.05,Matches,0,8,1,12.5,0.42,0.05,0.0,0.0,0,0,Matches,,,,,,,,,,,,,,,1.0,,,,,,Matches,,11,,,,,,,,,,,38,,,,Matches,,,,,,,,,,,,,,,,,,,,,Matches,wesley fofana,0.5401721596717834,0.658527560532093,0.5401721596717834,8.765856113284826,8.73524048551917,DF,0.0,0.028281264904281855,-0.028281264904281855,0.0,,0.05235602094240837,0.034477882750371364,,,,,,,,,
903,Youssouf Fofana,fr FRA,MF,Milan,it Serie A,26.0,1999.0,33,28,2203.0,24.5,2.0,3.0,5,2,0,0,4,0,0.08,0.12,0.2,0.08,0.2,Matches,2,45,18,40.0,1.84,0.74,0.04,0.11,0,0,Matches,,,,,,,,,,,,,,,3.0,,,,,,Matches,,19,,,,,,,,,,,19,,,,Matches,,,,,,,,,,,,,,,,,,,,,Matches,youssouf fofana,4.585123873315752,3.638393623754382,4.585123873315752,13.358851363882422,6.3727181646972895,MF,0.08163265306122448,0.18714791319656132,-0.10551526013533684,0.04,,0.12244897959183673,0.14850586219405643,,,,,,,,,
904,Jonas Föhrenbach,de GER,"DF,MF",Heidenheim,de Bundesliga,29.0,1996.0,27,25,2325.0,25.8,1.0,1.0,2,1,0,0,3,0,0.04,0.04,0.08,0.04,0.08,Matches,1,6,1,16.7,0.23,0.04,0.17,1.0,0,0,Matches,,,,,,,,,,,,,,,1.0,,,,,,Matches,,27,,,,,,,,,,,33,,,,Matches,,,,,,,,,,,,,,,,,,,,,Matches,jonas fohrenbach,0.6362145002931356,2.2612353581935167,0.6362145002931356,4.08684488851577,2.951122333295644,DF,0.03875968992248062,0.02465947675554789,0.014100213166932727,0.17,,0.03875968992248062,0.0876447813253301,,,,,,,,,
905,Francesco Folino,it ITA,DF,Cremonese,it Serie A,23.0,2002.0,18,7,722.0,8.0,1.0,0.0,1,1,0,0,1,0,0.12,0.0,0.12,0.12,0.12,Matches,1,2,1,50.0,0.25,0.12,0.5,1.0,0,0,Matches,,,,,,,,,,,,,,,0.0,,,,,,Matches,,4,,,,,,,,,,,2,,,,Matches,,,,,,,,,,,,,,,,,,,,,Matches,francesco folino,0.3679794892668724,0.0160723198205232,0.3679794892668724,0.8554316479712725,0.8554316479712725,DF,0.125,0.04599743615835905,0.07900256384164095,0.5,,0.0,0.0020090399775654,,,,,,,,,
906,Michael Folorunsho,it ITA,"MF,FW",Cagliari,it Serie A,27.0,1998.0,27,24,1999.0,22.2,2.0,0.0,2,2,0,0,3,0,0.09,0.0,0.09,0.09,0.09,Matches,2,36,9,25.0,1.62,0.41,0.06,0.22,0,0,Matches,,,,,,,,,,,,,,,0.0,,,,,,Matches,,10,,,,,,,,,,,10,,,,Matches,,,,,,,,,,,,,,,,,,,,,Matches,michael folorunsho,2.947147471830249,0.9439696660265326,2.947147471830249,5.254418143071234,2.6885152058675885,MF,0.0900900900900901,0.1327543906229842,-0.04266430053289409,0.06,,0.0,0.04252115612732129,,,,,,,,,
907,Nicolas Fonseca,uy URU,MF,Oviedo,es La Liga,26.0,1998.0,19,12,1018.0,11.3,0.0,0.0,0,0,0,0,6,0,0.0,0.0,0.0,0.0,0.0,Matches,0,8,1,12.5,0.71,0.09,0.0,0.0,0,0,Matches,,,,,,,,,,,,,,,0.0,,,,,,Matches,,25,,,,,,,,,,,17,,,,Matches,,,,,,,,,,,,,,,,,,,,,Matches,nicolas fonseca,0.1822443902492523,0.0975932888686657,0.1822443902492523,2.805281972512603,2.65612081810832,MF,0.0,0.01612782214595153,-0.01612782214595153,0.0,,0.0,0.008636574236165106,,,,,,,,,
909,Pablo Fornals,es ESP,MF,Real Betis,es La Liga,29.0,1996.0,37,34,2848.0,31.6,9.0,6.0,15,9,0,0,2,0,0.28,0.19,0.47,0.28,0.47,Matches,9,43,18,41.9,1.36,0.57,0.21,0.5,0,0,Matches,,,,,,,,,,,,,,,6.0,,,,,,Matches,,26,,,,,,,,,,,34,,,,Matches,,,,,,,,,,,,,,,,,,,,,Matches,pablo fornals,4.941328717395663,7.8924933429807425,4.941328717395663,23.12612571939826,12.777029509656131,MF,0.28481012658227844,0.15637116194290074,0.12843896463937773,0.21,,0.18987341772151897,0.2497624475626817,,,,,,,,,
910,Héctor Fort,es ESP,"DF,MF",Elche,es La Liga,18.0,2006.0,14,7,482.0,5.4,2.0,2.0,4,2,0,0,0,0,0.37,0.37,0.75,0.37,0.75,Matches,2,12,5,41.7,2.24,0.93,0.17,0.4,0,0,Matches,,,,,,,,,,,,,,,2.0,,,,,,Matches,,3,,,,,,,,,,,5,,,,Matches,,,,,,,,,,,,,,,,,,,,,Matches,hector fort,0.7133369892835617,0.2132606506347656,0.7133369892835617,2.068314729258418,1.3800024185329676,DF,0.37037037037037035,0.13209944245991884,0.2382709279104515,0.17,,0.37037037037037035,0.039492713080512144,,,,,,,,,
911,Niccolò Fortini,it ITA,MF,Fiorentina,it Serie A,19.0,2006.0,16,2,541.0,6.0,0.0,0.0,0,0,0,0,0,0,0.0,0.0,0.0,0.0,0.0,Matches,0,8,2,25.0,1.33,0.33,0.0,0.0,0,0,Matches,,,,,,,,,,,,,,,0.0,,,,,,Matches,,9,,,,,,,,,,,4,,,,Matches,,,,,,,,,,,,,,,,,,,,,Matches,niccolo fortini,0.2287251818925142,0.4631086196750402,0.2287251818925142,1.3271684758365154,0.7594672311097383,MF,0.0,0.03812086364875237,-0.03812086364875237,0.0,,0.0,0.07718476994584003,,,,,,,,,
913,Lyle Foster,za RSA,"FW,MF",Burnley,eng Premier League,24.0,2000.0,26,15,1371.0,15.2,3.0,2.0,5,3,0,0,4,0,0.2,0.13,0.33,0.2,0.33,Matches,3,20,6,30.0,1.31,0.39,0.15,0.5,0,0,Matches,,,,,,,,,,,,,,,2.0,,,,,,Matches,,12,,,,,,,,,,,4,,,,Matches,,,,,,,,,,,,,,,,,,,,,Matches,lyle foster,3.592184547334909,1.145955815911293,3.592184547334909,5.975080406293273,2.130239402875304,FW,0.19736842105263158,0.2363279307457177,-0.03895950969308612,0.15,,0.13157894736842105,0.07539182999416402,,,,,,,,,
914,Dimitri Foulquier,fr FRA,DF,Valencia,es La Liga,32.0,1993.0,15,12,1150.0,12.8,0.0,0.0,0,0,0,0,1,0,0.0,0.0,0.0,0.0,0.0,Matches,0,6,1,16.7,0.47,0.08,0.0,0.0,0,0,Matches,,,,,,,,,,,,,,,0.0,,,,,,Matches,,9,,,,,,,,,,,8,,,,Matches,,,,,,,,,,,,,,,,,,,,,Matches,dimitri foulquier,0.4250113200396299,0.2367486469447612,0.4250113200396299,4.307144995778799,4.124748399481177,DF,0.0,0.03320400937809608,-0.03320400937809608,0.0,,0.0,0.018495988042559468,,,,,,,,,
915,Juan Foyth,ar ARG,DF,Villarreal,es La Liga,27.0,1998.0,13,12,934.0,10.4,0.0,0.0,0,0,0,0,2,0,0.0,0.0,0.0,0.0,0.0,Matches,0,2,0,0.0,0.19,0.0,0.0,,0,0,Matches,,,,,,,,,,,,,,,0.0,,,,,,Matches,,13,,,,,,,,,,,15,,,,Matches,,,,,,,,,,,,,,,,,,,,,Matches,juan foyth,0.0737326610833406,0.0,0.0737326610833406,4.523703388869762,4.523703388869762,DF,0.0,0.007089678950321212,-0.007089678950321212,0.0,,0.0,0.0,,,,,,,,,
916,Alejandro Francés,es ESP,DF,Girona,es La Liga,22.0,2002.0,24,11,1116.0,12.4,0.0,2.0,2,0,0,0,2,1,0.0,0.16,0.16,0.0,0.16,Matches,0,16,4,25.0,1.29,0.32,0.0,0.0,0,0,Matches,,,,,,,,,,,,,,,2.0,,,,,,Matches,,15,,,,,,,,,,,16,,,,Matches,,,,,,,,,,,,,,,,,,,,,Matches,alejandro frances,0.6590694738551974,1.4396104291081429,0.6590694738551974,6.060367487370968,5.5678981095552444,DF,0.0,0.053150764020580436,-0.053150764020580436,0.0,,0.16129032258064516,0.11609761525065668,,,,,,,,,
918,Przemysław Frankowski,pl POL,"MF,DF",Rennes,fr Ligue 1,30.0,1995.0,19,15,1210.0,13.4,1.0,2.0,3,1,0,0,5,0,0.07,0.15,0.22,0.07,0.22,Matches,1,9,3,33.3,0.67,0.22,0.11,0.33,0,0,Matches,,,,,,,,,,,,,,,2.0,,,,,,Matches,,25,,,,,,,,,,,9,,,,Matches,,,,,,,,,,,,,,,,,,,,,Matches,przemys aw frankowski,0.3376607820391655,2.6184137174859643,0.3376607820391655,6.106847031973302,5.379636352881789,MF,0.07462686567164178,0.02519856582381832,0.049428299847823466,0.11,,0.14925373134328357,0.19540400876760927,,,,,,,,,
919,Davide Frattesi,it ITA,MF,Inter,it Serie A,25.0,1999.0,22,3,569.0,6.3,0.0,0.0,0,0,0,0,0,0,0.0,0.0,0.0,0.0,0.0,Matches,0,16,4,25.0,2.53,0.63,0.0,0.0,0,0,Matches,,,,,,,,,,,,,,,0.0,,,,,,Matches,,7,,,,,,,,,,,3,,,,Matches,,,,,,,,,,,,,,,,,,,,,Matches,davide frattesi,2.2943487614393234,0.5991341080516577,2.2943487614393234,3.8932081889361134,1.1310180015861988,MF,0.0,0.36418234308560693,-0.36418234308560693,0.0,,0.0,0.0951006520716917,,,,,,,,,
923,Morten Frendrup,dk DEN,MF,Genoa,it Serie A,24.0,2001.0,36,35,3081.0,34.2,1.0,0.0,1,1,0,0,5,0,0.03,0.0,0.03,0.03,0.03,Matches,1,8,3,37.5,0.23,0.09,0.13,0.33,0,0,Matches,,,,,,,,,,,,,,,0.0,,,,,,Matches,,71,,,,,,,,,,,41,,,,Matches,,,,,,,,,,,,,,,,,,,,,Matches,morten frendrup,0.2742339605465531,1.358272478915751,0.2742339605465531,6.03858286421746,4.793149305507541,MF,0.029239766081871343,0.008018536858086346,0.021221229223784995,0.13,,0.0,0.03971556955894008,,,,,,,,,
924,Martin Frese,dk DEN,"MF,DF",Hellas Verona,it Serie A,27.0,1998.0,31,27,2408.0,26.8,2.0,0.0,2,2,0,0,8,0,0.07,0.0,0.07,0.07,0.07,Matches,2,21,11,52.4,0.78,0.41,0.1,0.18,0,0,Matches,,,,,,,,,,,,,,,0.0,,,,,,Matches,,54,,,,,,,,,,,30,,,,Matches,,,,,,,,,,,,,,,,,,,,,Matches,martin frese,1.3630766216665506,2.7661426281556487,1.3630766216665506,4.535421345382929,1.675308050587773,MF,0.07462686567164178,0.050861067972632484,0.023765797699009304,0.1,,0.0,0.10321427716998689,,,,,,,,,
925,Remo Freuler,ch SUI,MF,Bologna,it Serie A,33.0,1992.0,29,26,2213.0,24.6,1.0,2.0,3,1,0,0,5,0,0.04,0.08,0.12,0.04,0.12,Matches,1,8,1,12.5,0.33,0.04,0.13,1.0,0,0,Matches,,,,,,,,,,,,,,,2.0,,,,,,Matches,,31,,,,,,,,,,,22,,,,Matches,,,,,,,,,,,,,,,,,,,,,Matches,remo freuler,1.6811274103820324,1.3417738927528262,1.6811274103820324,9.675127479247749,7.1491998406127095,MF,0.04065040650406504,0.06833851261715579,-0.027688106113090746,0.13,,0.08130081300813008,0.05454365417694415,,,,,,,,,
926,Marco Friedl,at AUT,DF,Werder Bremen,de Bundesliga,27.0,1998.0,30,29,2546.0,28.3,1.0,0.0,1,1,0,0,9,1,0.04,0.0,0.04,0.04,0.04,Matches,1,8,2,25.0,0.28,0.07,0.13,0.5,0,0,Matches,,,,,,,,,,,,,,,0.0,,,,,,Matches,,24,,,,,,,,,,,35,,,,Matches,,,,,,,,,,,,,,,,,,,,,Matches,marco friedl,0.729124104604125,0.2931987326592207,0.729124104604125,5.801214318722487,5.562721598893404,DF,0.0353356890459364,0.02576410263618816,0.009571586409748232,0.13,,0.0,0.010360379245908859,,,,,,,,,
928,Jeremie Frimpong,nl NED,"DF,MF",Liverpool,eng Premier League,24.0,2000.0,21,12,1040.0,11.6,0.0,1.0,1,0,0,0,1,0,0.0,0.09,0.09,0.0,0.09,Matches,0,10,2,20.0,0.87,0.17,0.0,0.0,0,0,Matches,,,,,,,,,,,,,,,1.0,,,,,,Matches,,9,,,,,,,,,,,6,,,,Matches,,,,,,,,,,,,,,,,,,,,,Matches,jeremie frimpong,0.514072947204113,2.69134059548378,0.514072947204113,5.955447107553482,4.064382215961814,DF,0.0,0.04431663337966492,-0.04431663337966492,0.0,,0.08620689655172414,0.23201212030032586,,,,,,,,,
929,Jorge de Frutos,es ESP,"FW,MF",Rayo Vallecano,es La Liga,28.0,1997.0,36,31,2463.0,27.4,10.0,1.0,11,9,1,1,3,0,0.37,0.04,0.4,0.33,0.37,Matches,10,62,28,45.2,2.27,1.02,0.16,0.36,1,1,Matches,,,,,,,,,,,,,,,1.0,,,,,,Matches,,16,,,,,,,,,,,11,,,,Matches,,,,,,,,,,,,,,,,,,,,,Matches,jorge de frutos,12.133321626111863,3.344836812466383,11.390043957158923,16.192682379856706,2.233673200942576,FW,0.36496350364963503,0.41569503493280746,-0.07785845350773224,0.16,,0.03649635036496351,0.12207433622140085,,,,,,,,,
930,Chris Führich,de GER,MF,Stuttgart,de Bundesliga,27.0,1998.0,33,20,1698.0,18.9,7.0,7.0,14,7,0,0,2,0,0.37,0.37,0.74,0.37,0.74,Matches,7,45,23,51.1,2.39,1.22,0.16,0.3,0,0,Matches,,,,,,,,,,,,,,,7.0,,,,,,Matches,,9,,,,,,,,,,,3,,,,Matches,,,,,,,,,,,,,,,,,,,,,Matches,chris fuhrich,4.271757278591394,7.827977802604437,4.271757278591394,17.83286163210869,10.075685493648052,MF,0.3703703703703704,0.22601890362917432,0.14435146674119606,0.16,,0.3703703703703704,0.4141787197145205,,,,,,,,,
931,Joel Fujita,jp JPN,MF,St Pauli,de Bundesliga,23.0,2002.0,32,31,2665.0,29.6,1.0,3.0,4,1,0,0,6,0,0.03,0.1,0.14,0.03,0.14,Matches,1,32,7,21.9,1.08,0.24,0.03,0.14,0,0,Matches,,,,,,,,,,,,,,,3.0,,,,,,Matches,,36,,,,,,,,,,,34,,,,Matches,,,,,,,,,,,,,,,,,,,,,Matches,joel fujita,1.4086154643446207,4.352827329188585,1.4086154643446207,9.678257964551449,4.85630483366549,MF,0.03378378378378378,0.04758836028191286,-0.013804576498129077,0.03,,0.10135135135135134,0.1470549773374522,,,,,,,,,
933,Niclas Füllkrug,de GER,FW,Milan,it Serie A,32.0,1993.0,20,3,659.0,7.3,1.0,0.0,1,1,0,1,0,0,0.14,0.0,0.14,0.14,0.14,Matches,1,16,5,31.3,2.19,0.68,0.06,0.2,0,1,Matches,,,,,,,,,,,,,,,0.0,,,,,,Matches,,2,,,,,,,,,,,3,,,,Matches,,,,,,,,,,,,,,,,,,,,,Matches,niclas fullkrug,0.9830001182854176,0.4490955099463463,0.9830001182854176,0.9092727340757848,0.1229296624660492,FW,0.136986301369863,0.1346575504500572,0.002328750919805814,0.06,,0.0,0.061519932869362505,,,,,,,,,
936,Matteo Gabbia,it ITA,DF,Milan,it Serie A,25.0,1999.0,30,28,2530.0,28.1,0.0,0.0,0,0,0,0,4,0,0.0,0.0,0.0,0.0,0.0,Matches,0,19,3,15.8,0.68,0.11,0.0,0.0,0,0,Matches,,,,,,,,,,,,,,,0.0,,,,,,Matches,,14,,,,,,,,,,,13,,,,Matches,,,,,,,,,,,,,,,,,,,,,Matches,matteo gabbia,1.5443233884871006,0.0519444094970822,1.5443233884871006,8.185640977695584,7.89401094801724,DF,0.0,0.054958127704167276,-0.054958127704167276,0.0,,0.0,0.001848555498116804,,,,,,,,,
937,Tiago Gabriel,pt POR,DF,Lecce,it Serie A,20.0,2004.0,37,36,3219.0,35.8,2.0,0.0,2,2,0,0,7,0,0.06,0.0,0.06,0.06,0.06,Matches,2,20,4,20.0,0.56,0.11,0.1,0.5,0,0,Matches,,,,,,,,,,,,,,,0.0,,,,,,Matches,,40,,,,,,,,,,,46,,,,Matches,,,,,,,,,,,,,,,,,,,,,Matches,tiago gabriel,3.9836879689246416,0.0280546331778168,3.9836879689246416,2.5174613688141108,2.4253968689590693,DF,0.0558659217877095,0.11127620024929168,-0.055410278461582176,0.1,,0.0,0.0007836489714473967,,,,,,,,,
938,Gianluca Gaetano,it ITA,"MF,FW",Cagliari,it Serie A,25.0,2000.0,33,21,1912.0,21.2,2.0,4.0,6,2,0,0,4,0,0.09,0.19,0.28,0.09,0.28,Matches,2,34,11,32.4,1.6,0.52,0.06,0.18,0,0,Matches,,,,,,,,,,,,,,,4.0,,,,,,Matches,,15,,,,,,,,,,,23,,,,Matches,,,,,,,,,,,,,,,,,,,,,Matches,gianluca gaetano,1.996237703599036,2.214853904210031,1.996237703599036,7.68703128490597,5.646638568490744,MF,0.09433962264150944,0.09416215583014322,0.0001774668113662282,0.06,,0.18867924528301888,0.10447424076462411,,,,,,,,,
939,Roberto Gagliardini,it ITA,MF,Hellas Verona,it Serie A,31.0,1994.0,29,25,2272.0,25.2,1.0,0.0,1,1,0,0,9,0,0.04,0.0,0.04,0.04,0.04,Matches,1,15,3,20.0,0.59,0.12,0.07,0.33,0,0,Matches,,,,,,,,,,,,,,,0.0,,,,,,Matches,,40,,,,,,,,,,,56,,,,Matches,,,,,,,,,,,,,,,,,,,,,Matches,roberto gagliardini,1.3313347091898322,0.6643395144492388,1.3313347091898322,3.9453944442793727,3.128438973799348,MF,0.03968253968253968,0.052830742428167946,-0.013148202745628263,0.07,,0.0,0.026362679144811062,,,,,,,,,
940,Cody Gakpo,nl NED,"MF,FW",Liverpool,eng Premier League,26.0,1999.0,36,32,2737.0,30.4,7.0,5.0,12,7,0,0,3,0,0.23,0.16,0.39,0.23,0.39,Matches,7,87,21,24.1,2.86,0.69,0.08,0.33,0,0,Matches,,,,,,,,,,,,,,,5.0,,,,,,Matches,,15,,,,,,,,,,,12,,,,Matches,,,,,,,,,,,,,,,,,,,,,Matches,cody gakpo,9.826099138706924,6.592332137748599,9.826099138706924,18.73160722479224,5.830895097926259,MF,0.23026315789473686,0.3232269453522015,-0.09296378745746461,0.08,,0.16447368421052633,0.2168530308469934,,,,,,,,,
941,Javi Galán,es ESP,DF,Osasuna,es La Liga,30.0,1994.0,20,19,1672.0,18.6,0.0,1.0,1,0,0,0,3,0,0.0,0.05,0.05,0.0,0.05,Matches,0,6,1,16.7,0.32,0.05,0.0,0.0,0,0,Matches,,,,,,,,,,,,,,,1.0,,,,,,Matches,,30,,,,,,,,,,,27,,,,Matches,,,,,,,,,,,,,,,,,,,,,Matches,javi galan,0.1987070022150874,1.9444998521357773,0.1987070022150874,6.001055222004652,4.955446168780327,DF,0.0,0.010683172162101472,-0.010683172162101472,0.0,,0.05376344086021505,0.10454300280299877,,,,,,,,,
943,Iñigo Ruiz de Galarreta,es ESP,MF,Athletic Club,es La Liga,31.0,1993.0,34,30,2206.0,24.5,1.0,2.0,3,1,0,0,10,0,0.04,0.08,0.12,0.04,0.12,Matches,1,20,2,10.0,0.82,0.08,0.05,0.5,0,0,Matches,,,,,,,,,,,,,,,2.0,,,,,,Matches,,32,,,,,,,,,,,24,,,,Matches,,,,,,,,,,,,,,,,,,,,,Matches,inigo ruiz de galarreta,0.6572877513244748,3.3264776347205043,0.6572877513244748,10.062924578785896,8.463831257075071,MF,0.04081632653061224,0.026828071482631624,0.01398825504798062,0.05,,0.08163265306122448,0.1357745973355308,,,,,,,,,
944,Conor Gallagher,eng ENG,MF,Tottenham,eng Premier League,25.0,2000.0,16,14,1184.0,13.2,1.0,1.0,2,1,0,0,2,0,0.08,0.08,0.15,0.08,0.15,Matches,1,11,4,36.4,0.84,0.3,0.09,0.25,0,0,Matches,,,,,,,,,,,,,,,1.0,,,,,,Matches,,14,,,,,,,,,,,18,,,,Matches,,,,,,,,,,,,,,,,,,,,,Matches,conor gallagher,1.512411999516189,0.8551288228482008,1.512411999516189,4.173453446477652,2.5543361753225327,MF,0.07575757575757576,0.11457666663001433,-0.03881909087243857,0.09,,0.07575757575757576,0.06478248657940916,,,,,,,,,
945,Conor Gallagher,eng ENG,MF,Atlético Madrid,es La Liga,25.0,2000.0,19,4,679.0,7.5,2.0,0.0,2,2,0,0,2,0,0.27,0.0,0.27,0.27,0.27,Matches,2,13,5,38.5,1.72,0.66,0.15,0.4,0,0,Matches,,,,,,,,,,,,,,,0.0,,,,,,Matches,,12,,,,,,,,,,,11,,,,Matches,,,,,,,,,,,,,,,,,,,,,Matches,conor gallagher,1.512411999516189,0.8551288228482008,1.512411999516189,4.173453446477652,2.5543361753225327,MF,0.26666666666666666,0.20165493326882522,0.06501173339784146,0.15,,0.0,0.11401717637976011,,,,,,,,,
946,Antonino Gallo,it ITA,DF,Lecce,it Serie A,25.0,2000.0,37,34,3056.0,34.0,0.0,4.0,4,0,0,0,3,0,0.0,0.12,0.12,0.0,0.12,Matches,0,6,1,16.7,0.18,0.03,0.0,0.0,0,0,Matches,,,,,,,,,,,,,,,4.0,,,,,,Matches,,37,,,,,,,,,,,15,,,,Matches,,,,,,,,,,,,,,,,,,,,,Matches,antonino gallo,0.8320707594975829,3.944961703382433,0.8320707594975829,5.235778709873557,3.610010246746242,DF,0.0,0.024472669396987733,-0.024472669396987733,0.0,,0.11764705882352941,0.11602828539360097,,,,,,,,,
947,Ignatius Ganago,cm CMR,FW,Nantes,fr Ligue 1,26.0,1999.0,13,10,839.0,9.3,3.0,1.0,4,2,1,1,1,0,0.32,0.11,0.43,0.21,0.32,Matches,3,23,7,30.4,2.47,0.75,0.13,0.43,1,1,Matches,,,,,,,,,,,,,,,1.0,,,,,,Matches,,3,,,,,,,,,,,2,,,,Matches,,,,,,,,,,,,,,,,,,,,,Matches,ignatius ganago,3.503245037049055,0.8179156705737114,2.7431498877704144,3.946759879589081,1.6002203933894634,FW,0.3225806451612903,0.2949623535237004,-0.05411236957516721,0.13,,0.1075268817204301,0.08794792156706574,,,,,,,,,
948,Omri Gandelman,il ISR,"MF,FW",Lecce,it Serie A,25.0,2000.0,19,10,975.0,10.8,2.0,1.0,3,2,0,0,0,0,0.18,0.09,0.28,0.18,0.28,Matches,2,10,3,30.0,0.92,0.28,0.2,0.67,0,0,Matches,,,,,,,,,,,,,,,1.0,,,,,,Matches,,6,,,,,,,,,,,4,,,,Matches,,,,,,,,,,,,,,,,,,,,,Matches,omri gandelman,1.733949035406113,1.1209704279899595,1.733949035406113,3.184256792068481,1.036361239850521,MF,0.18518518518518517,0.1605508366116771,0.024634348573508064,0.2,,0.09259259259259259,0.10379355814721847,,,,,,,,,
949,Ismaëlo Ganiou,fr FRA,DF,Lens,fr Ligue 1,20.0,2005.0,23,22,2014.0,22.4,3.0,0.0,3,3,0,0,4,1,0.13,0.0,0.13,0.13,0.13,Matches,3,22,4,18.2,0.98,0.18,0.14,0.75,0,0,Matches,,,,,,,,,,,,,,,0.0,,,,,,Matches,,27,,,,,,,,,,,29,,,,Matches,,,,,,,,,,,,,,,,,,,,,Matches,ismaelo ganiou,2.156112081371248,0.5016434397548437,2.156112081371248,10.864848166704178,10.46088870614767,DF,0.13392857142857142,0.09625500363264501,0.03767356779592642,0.14,,0.0,0.022394796417626952,,,,,,,,,
951,Facundo Garcés,my MAS,DF,Alavés,es La Liga,25.0,1999.0,10,8,793.0,8.8,0.0,0.0,0,0,0,0,3,0,0.0,0.0,0.0,0.0,0.0,Matches,0,8,4,50.0,0.91,0.45,0.0,0.0,0,0,Matches,,,,,,,,,,,,,,,0.0,,,,,,Matches,,8,,,,,,,,,,,7,,,,Matches,,,,,,,,,,,,,,,,,,,,,Matches,facundo garces,0.61756222974509,0.0,0.61756222974509,0.7101098354905844,0.6371504832059145,DF,0.0,0.07017752610739658,-0.07017752610739658,0.0,,0.0,0.0,,,,,,,,,
952,Aleix García,es ESP,MF,Leverkusen,de Bundesliga,28.0,1997.0,33,31,2667.0,29.6,3.0,8.0,11,3,0,0,6,0,0.1,0.27,0.37,0.1,0.37,Matches,3,30,5,16.7,1.01,0.17,0.1,0.6,0,0,Matches,,,,,,,,,,,,,,,8.0,,,,,,Matches,,20,,,,,,,,,,,22,,,,Matches,,,,,,,,,,,,,,,,,,,,,Matches,aleix garcia,2.478695845231414,6.065944831818342,2.478695845231414,21.396803221665323,18.524734436534345,MF,0.10135135135135134,0.08373972450106128,0.017611626850290073,0.1,,0.27027027027027023,0.20493056864251155,,,,,,,,,
953,Álvaro García,es ESP,"MF,FW",Rayo Vallecano,es La Liga,32.0,1992.0,32,23,2101.0,23.3,4.0,5.0,9,4,0,0,3,0,0.17,0.21,0.39,0.17,0.39,Matches,4,47,19,40.4,2.01,0.81,0.09,0.21,0,0,Matches,,,,,,,,,,,,,,,5.0,,,,,,Matches,,15,,,,,,,,,,,14,,,,Matches,,,,,,,,,,,,,,,,,,,,,Matches,alvaro garcia,6.8708263747394085,7.334621558897197,6.8708263747394085,14.599677024409177,2.0335369165986776,MF,0.17167381974248927,0.29488525213473854,-0.12321143239224928,0.09,,0.2145922746781116,0.3147906248453733,,,,,,,,,
956,Eric García,es ESP,"DF,MF",Barcelona,es La Liga,24.0,2001.0,34,32,2721.0,30.2,1.0,1.0,2,1,0,0,6,0,0.03,0.03,0.07,0.03,0.07,Matches,1,25,7,28.0,0.83,0.23,0.04,0.14,0,0,Matches,,,,,,,,,,,,,,,1.0,,,,,,Matches,,44,,,,,,,,,,,50,,,,Matches,,,,,,,,,,,,,,,,,,,,,Matches,eric garcia,3.3442033734172583,1.9652331974357369,3.3442033734172583,24.66808094829321,23.55161388590932,DF,0.033112582781456956,0.11073521104030656,-0.07762262825884961,0.04,,0.033112582781456956,0.06507394693495817,,,,,,,,,
957,Fran Garcia,es ESP,"DF,MF",Real Madrid,es La Liga,25.0,1999.0,13,10,929.0,10.3,1.0,1.0,2,1,0,0,2,1,0.1,0.1,0.19,0.1,0.19,Matches,1,6,2,33.3,0.58,0.19,0.17,0.5,0,0,Matches,,,,,,,,,,,,,,,1.0,,,,,,Matches,,12,,,,,,,,,,,6,,,,Matches,,,,,,,,,,,,,,,,,,,,,Matches,fran garcia,0.946589097380638,0.3020932860672474,0.946589097380638,4.634012538939714,3.96155970916152,DF,0.0970873786407767,0.09190185411462504,0.005185524526151649,0.17,,0.0970873786407767,0.029329445249247316,,,,,,,,,
958,Gonzalo García,es ESP,FW,Real Madrid,es La Liga,21.0,2004.0,30,9,964.0,10.7,6.0,1.0,7,6,0,0,2,0,0.56,0.09,0.65,0.56,0.65,Matches,6,21,11,52.4,1.96,1.03,0.29,0.55,0,0,Matches,,,,,,,,,,,,,,,1.0,,,,,,Matches,,7,,,,,,,,,,,2,,,,Matches,,,,,,,,,,,,,,,,,,,,,Matches,gonzalo garcia,5.269253443926573,1.6349990256130695,5.269253443926573,8.073908843100071,1.9430877678096288,FW,0.5607476635514019,0.4924535928903339,0.06829407066106796,0.29,,0.09345794392523366,0.1528036472535579,,,,,,,,,
960,Joan García,es ESP,GK,Barcelona,es La Liga,24.0,2001.0,30,30,2700.0,30.0,0.0,0.0,0,0,0,0,1,0,0.0,0.0,0.0,0.0,0.0,Matches,0,0,0,,0.0,0.0,,,0,0,Matches,,,,,,,,,,,,,,,0.0,,,,,,Matches,,4,,,,,,,,,,,1,,,,Matches,,,,,,,,,,,,,,,,,,,,,Matches,joan garcia,0.0,0.0,0.0,11.522286765277386,11.522286765277386,GK,,,,,,,,,,,,,,,,
962,Rubén García,es ESP,"MF,FW",Osasuna,es La Liga,32.0,1993.0,35,28,2229.0,24.8,2.0,5.0,7,2,0,0,6,0,0.08,0.2,0.28,0.08,0.28,Matches,2,31,10,32.3,1.25,0.4,0.06,0.2,0,0,Matches,,,,,,,,,,,,,,,5.0,,,,,,Matches,,31,,,,,,,,,,,17,,,,Matches,,,,,,,,,,,,,,,,,,,,,Matches,ruben garcia,2.5968636460602283,5.863754561170936,2.5968636460602283,7.120284520089626,3.818244206719101,MF,0.08064516129032258,0.10471224379275114,-0.02406708250242856,0.06,,0.20161290322580644,0.2364417161762474,,,,,,,,,
964,Ulisses Garcia,ch SUI,DF,Sassuolo,it Serie A,29.0,1996.0,13,10,943.0,10.5,1.0,2.0,3,1,0,0,3,0,0.1,0.19,0.29,0.1,0.29,Matches,1,2,1,50.0,0.19,0.1,0.5,1.0,0,0,Matches,,,,,,,,,,,,,,,2.0,,,,,,Matches,,10,,,,,,,,,,,8,,,,Matches,,,,,,,,,,,,,,,,,,,,,Matches,ulisses garcia,0.0658854357898235,2.2447682172060013,0.0658854357898235,4.91206818819046,3.312851198017597,DF,0.09523809523809523,0.00627480340855462,0.08896329182954062,0.5,,0.19047619047619047,0.2137874492577144,,,,,,,,,
965,Víctor García,es ESP,"MF,FW",Levante,es La Liga,27.0,1997.0,21,12,1040.0,11.6,2.0,1.0,3,2,0,0,1,0,0.17,0.09,0.26,0.17,0.26,Matches,2,19,8,42.1,1.64,0.69,0.11,0.25,0,0,Matches,,,,,,,,,,,,,,,1.0,,,,,,Matches,,15,,,,,,,,,,,7,,,,Matches,,,,,,,,,,,,,,,,,,,,,Matches,victor garcia,1.90781387872994,1.7659303694963455,1.90781387872994,3.2827370427548885,0.8745370730757713,MF,0.1724137931034483,0.1644667136836155,0.007947079419832767,0.11,,0.08620689655172414,0.15223537668071946,,,,,,,,,
966,Alejandro Garnacho,ar ARG,MF,Chelsea,eng Premier League,21.0,2004.0,24,14,1268.0,14.1,1.0,4.0,5,1,0,0,2,0,0.07,0.28,0.35,0.07,0.35,Matches,1,33,7,21.2,2.34,0.5,0.03,0.14,0,0,Matches,,,,,,,,,,,,,,,4.0,,,,,,Matches,,13,,,,,,,,,,,4,,,,Matches,,,,,,,,,,,,,,,,,,,,,Matches,alejandro garnacho,4.111795756965876,4.21896393597126,4.111795756965876,12.953486386686563,6.525954343378544,MF,0.07092198581560284,0.2916167203521898,-0.22069473453658692,0.03,,0.28368794326241137,0.29921730042349365,,,,,,,,,
967,James Garner,eng ENG,"MF,DF",Everton,eng Premier League,24.0,2001.0,38,38,3413.0,37.9,2.0,7.0,9,2,0,0,12,0,0.05,0.18,0.24,0.05,0.24,Matches,2,45,14,31.1,1.19,0.37,0.04,0.14,0,0,Matches,,,,,,,,,,,,,,,7.0,,,,,,Matches,,72,,,,,,,,,,,57,,,,Matches,,,,,,,,,,,,,,,,,,,,,Matches,james garner,2.075645294971764,6.066574491560459,2.075645294971764,11.283361876383424,8.333431598730385,MF,0.052770448548812667,0.05476636662194628,-0.001995918073133617,0.04,,0.18469656992084432,0.1600679285372153,,,,,,,,,
969,Federico Gatti,it ITA,DF,Juventus,it Serie A,27.0,1998.0,21,12,1093.0,12.1,2.0,0.0,2,2,0,0,3,0,0.16,0.0,0.16,0.16,0.16,Matches,2,14,6,42.9,1.15,0.49,0.14,0.33,0,0,Matches,,,,,,,,,,,,,,,0.0,,,,,,Matches,,10,,,,,,,,,,,12,,,,Matches,,,,,,,,,,,,,,,,,,,,,Matches,federico gatti,1.9630822036415336,0.2071938533335924,1.9630822036415336,2.420059120282531,2.065793139860034,DF,0.1652892561983471,0.16223819864806063,0.003051057550286477,0.14,,0.0,0.017123458953189456,,,,,,,,,
971,Gavi,es ESP,MF,Barcelona,es La Liga,20.0,2004.0,11,7,573.0,6.4,0.0,1.0,1,0,0,0,3,0,0.0,0.16,0.16,0.0,0.16,Matches,0,0,0,,0.0,0.0,,,0,0,Matches,,,,,,,,,,,,,,,1.0,,,,,,Matches,,8,,,,,,,,,,,3,,,,Matches,,,,,,,,,,,,,,,,,,,,,Matches,gavi,0.0,0.68575119972229,0.0,3.056205559521913,2.558164868503809,MF,0.0,0.0,0.0,,,0.15625,0.10714862495660782,,,,,,,,,
973,Paulo Gazzaniga,ar ARG,GK,Girona,es La Liga,33.0,1992.0,35,35,3102.0,34.5,0.0,0.0,0,0,0,0,4,1,0.0,0.0,0.0,0.0,0.0,Matches,0,0,0,,0.0,0.0,,,0,0,Matches,,,,,,,,,,,,,,,0.0,,,,,,Matches,,1,,,,,,,,,,,0,,,,Matches,,,,,,,,,,,,,,,,,,,,,Matches,paulo gazzaniga,0.0,0.0,0.0,4.276501512154937,4.276501512154937,GK,,,,,,,,,,,,,,,,
974,Jean-Philippe Gbamin,ci CIV,"DF,MF",Metz,fr Ligue 1,29.0,1995.0,31,30,2485.0,27.6,1.0,1.0,2,1,0,0,2,1,0.04,0.04,0.07,0.04,0.07,Matches,1,14,7,50.0,0.51,0.25,0.07,0.14,0,0,Matches,,,,,,,,,,,,,,,1.0,,,,,,Matches,,27,,,,,,,,,,,27,,,,Matches,,,,,,,,,,,,,,,,,,,,,Matches,jean philippe gbamin,1.949738541617989,1.4501640880480409,1.949738541617989,6.170843430794776,4.885069870389998,DF,0.036231884057971016,0.07064270078326047,-0.03441081672528946,0.07,,0.036231884057971016,0.05254217710318988,,,,,,,,,
975,Yann Gboho,fr FRA,"MF,FW",Toulouse,fr Ligue 1,24.0,2001.0,31,30,2601.0,28.9,8.0,3.0,11,8,0,0,1,1,0.28,0.1,0.38,0.28,0.38,Matches,8,57,16,28.1,1.97,0.55,0.14,0.5,0,0,Matches,,,,,,,,,,,,,,,3.0,,,,,,Matches,,19,,,,,,,,,,,13,,,,Matches,,,,,,,,,,,,,,,,,,,,,Matches,yann gboho,5.64604014903307,4.147567499428988,5.64604014903307,13.230931421741843,5.129378456622362,MF,0.2768166089965398,0.19536471103920658,0.08145189795733324,0.14,,0.10380622837370243,0.14351444634702382,,,,,,,,,
976,David de Gea,es ESP,GK,Fiorentina,it Serie A,34.0,1990.0,37,37,3330.0,37.0,0.0,0.0,0,0,0,0,0,0,0.0,0.0,0.0,0.0,0.0,Matches,0,0,0,,0.0,0.0,,,0,0,Matches,,,,,,,,,,,,,,,0.0,,,,,,Matches,,0,,,,,,,,,,,0,,,,Matches,,,,,,,,,,,,,,,,,,,,,Matches,david de gea,0.0,0.0263757612556219,0.0,4.425902869552374,4.399527113884687,GK,,,,,,,,,,,,,,,,
977,Lutsharel Geertruida,nl NED,"DF,MF",Sunderland,eng Premier League,25.0,2000.0,28,17,1693.0,18.8,0.0,0.0,0,0,0,0,2,0,0.0,0.0,0.0,0.0,0.0,Matches,0,11,3,27.3,0.58,0.16,0.0,0.0,0,0,Matches,,,,,,,,,,,,,,,0.0,,,,,,Matches,,22,,,,,,,,,,,20,,,,Matches,,,,,,,,,,,,,,,,,,,,,Matches,lutsharel geertruida,0.8372280839830637,0.773734993301332,0.8372280839830637,4.534097606316209,3.289936365559697,DF,0.0,0.04453340872250339,-0.04453340872250339,0.0,,0.0,0.041156116664964465,,,,,,,,,
981,Yannick Gerhardt,de GER,MF,Wolfsburg,de Bundesliga,31.0,1994.0,19,12,1068.0,11.9,1.0,0.0,1,1,0,0,1,0,0.08,0.0,0.08,0.08,0.08,Matches,1,11,1,9.1,0.93,0.08,0.09,1.0,0,0,Matches,,,,,,,,,,,,,,,0.0,,,,,,Matches,,8,,,,,,,,,,,10,,,,Matches,,,,,,,,,,,,,,,,,,,,,Matches,yannick gerhardt,1.152172677218914,0.9047546237707138,1.152172677218914,2.5076904222369194,1.179125288501382,MF,0.08403361344537814,0.09682123337974068,-0.012787619934362523,0.09,,0.0,0.07602980031686671,,,,,,,,,
982,Willem Geubbels,fr FRA,FW,Paris FC,fr Ligue 1,23.0,2001.0,24,12,1013.0,11.3,5.0,0.0,5,4,1,1,0,0,0.44,0.0,0.44,0.36,0.36,Matches,5,30,9,30.0,2.67,0.8,0.17,0.56,1,1,Matches,,,,,,,,,,,,,,,0.0,,,,,,Matches,,2,,,,,,,,,,,6,,,,Matches,,,,,,,,,,,,,,,,,,,,,Matches,willem geubbels,5.863018184900284,0.5414527244865894,5.102923050522804,5.953760713338852,0.914133483543992,FW,0.44247787610619466,0.45158611066573484,-0.07637329069914016,0.17,,0.0,0.04791617030854774,,,,,,,,,
986,Daniele Ghilardi,it ITA,DF,Roma,it Serie A,22.0,2003.0,23,9,1097.0,12.2,0.0,0.0,0,0,0,0,1,0,0.0,0.0,0.0,0.0,0.0,Matches,0,3,0,0.0,0.25,0.0,0.0,,0,0,Matches,,,,,,,,,,,,,,,0.0,,,,,,Matches,,15,,,,,,,,,,,22,,,,Matches,,,,,,,,,,,,,,,,,,,,,Matches,daniele ghilardi,0.5609008073806763,0.4173059575259685,0.5609008073806763,2.8199229426681995,2.492456678301096,DF,0.0,0.04597547601480953,-0.04597547601480953,0.0,,0.0,0.03420540635458758,,,,,,,,,
988,Dimitris Giannoulis,gr GRE,MF,Augsburg,de Bundesliga,29.0,1995.0,27,25,1888.0,21.0,2.0,5.0,7,2,0,0,8,0,0.1,0.24,0.33,0.1,0.33,Matches,2,10,6,60.0,0.48,0.29,0.2,0.33,0,0,Matches,,,,,,,,,,,,,,,5.0,,,,,,Matches,,20,,,,,,,,,,,21,,,,Matches,,,,,,,,,,,,,,,,,,,,,Matches,dimitris giannoulis,0.9717476665973664,3.862480258569122,0.9717476665973664,6.426895641721785,3.064006181433797,MF,0.09523809523809523,0.0462736984093984,0.04896439682869684,0.2,,0.23809523809523808,0.18392763136043438,,,,,,,,,
989,Morgan Gibbs-White,eng ENG,MF,Nottingham,eng Premier League,25.0,2000.0,37,35,3097.0,34.4,15.0,4.0,19,14,1,1,1,0,0.44,0.12,0.55,0.41,0.52,Matches,15,83,32,38.6,2.41,0.93,0.18,0.47,1,1,Matches,,,,,,,,,,,,,,,4.0,,,,,,Matches,,16,,,,,,,,,,,12,,,,Matches,,,,,,,,,,,,,,,,,,,,,Matches,morgan gibbs white,11.671697720885277,4.5044658575207,10.910528883337976,17.26536614820361,5.41371457837522,MF,0.436046511627907,0.31716653730633654,0.09675297323007917,0.18,,0.11627906976744186,0.13094377492792733,,,,,,,,,
990,Bryan Gil,es ESP,"MF,FW",Girona,es La Liga,24.0,2001.0,29,20,1578.0,17.5,0.0,3.0,3,0,0,0,6,0,0.0,0.17,0.17,0.0,0.17,Matches,0,27,7,25.9,1.54,0.4,0.0,0.0,0,0,Matches,,,,,,,,,,,,,,,3.0,,,,,,Matches,,18,,,,,,,,,,,9,,,,Matches,,,,,,,,,,,,,,,,,,,,,Matches,bryan gil,3.14223606325686,3.625121179968119,3.14223606325686,11.089613553136587,6.996503568254411,MF,0.0,0.17955634647182056,-0.17955634647182056,0.0,,0.17142857142857143,0.20714978171246395,,,,,,,,,
991,Mario Gila,es ESP,DF,Lazio,it Serie A,24.0,2000.0,31,31,2472.0,27.5,0.0,0.0,0,0,0,0,4,1,0.0,0.0,0.0,0.0,0.0,Matches,0,12,3,25.0,0.44,0.11,0.0,0.0,0,0,Matches,,,,,,,,,,,,,,,0.0,,,,,,Matches,,34,,,,,,,,,,,26,,,,Matches,,,,,,,,,,,,,,,,,,,,,Matches,mario gila,1.6254177382215858,0.718289490789175,1.6254177382215858,6.236207589507103,5.655185416340828,DF,0.0,0.05910609957169403,-0.05910609957169403,0.0,,0.0,0.026119617846879092,,,,,,,,,
992,Billy Gilmour,sct SCO,MF,Napoli,it Serie A,24.0,2001.0,17,8,805.0,8.9,1.0,0.0,1,1,0,0,1,0,0.11,0.0,0.11,0.11,0.11,Matches,1,10,3,30.0,1.12,0.34,0.1,0.33,0,0,Matches,,,,,,,,,,,,,,,0.0,,,,,,Matches,,8,,,,,,,,,,,11,,,,Matches,,,,,,,,,,,,,,,,,,,,,Matches,billy gilmour,0.5720022153109312,0.4836090439930558,0.5720022153109312,4.198432270437479,3.364748902618885,MF,0.11235955056179775,0.0642699118326889,0.048089638729108854,0.1,,0.0,0.054338094830680424,,,,,,,,,
993,Benedikt Gimber,de GER,DF,Heidenheim,de Bundesliga,28.0,1997.0,21,18,1436.0,16.0,0.0,0.0,0,0,0,0,6,0,0.0,0.0,0.0,0.0,0.0,Matches,0,4,1,25.0,0.25,0.06,0.0,0.0,0,0,Matches,,,,,,,,,,,,,,,0.0,,,,,,Matches,,21,,,,,,,,,,,15,,,,Matches,,,,,,,,,,,,,,,,,,,,,Matches,benedikt gimber,0.4965052902698517,0.2124537825584411,0.4965052902698517,2.2927268696948886,2.2330755470320582,DF,0.0,0.03103158064186573,-0.03103158064186573,0.0,,0.0,0.01327836140990257,,,,,,,,,
994,Santiago Giménez,mx MEX,FW,Milan,it Serie A,24.0,2001.0,16,11,892.0,9.9,0.0,1.0,1,0,0,0,2,0,0.0,0.1,0.1,0.0,0.1,Matches,0,27,9,33.3,2.72,0.91,0.0,0.0,0,0,Matches,,,,,,,,,,,,,,,1.0,,,,,,Matches,,5,,,,,,,,,,,1,,,,Matches,,,,,,,,,,,,,,,,,,,,,Matches,santiago gimenez,3.7894718274474144,0.5480921231210232,3.7894718274474144,4.311729162931442,1.1985082384198904,FW,0.0,0.38277493206539537,-0.38277493206539537,0.0,,0.10101010101010101,0.055362840719295266,,,,,,,,,
995,Gvidas Gineitis,lt LTU,MF,Torino,it Serie A,21.0,2004.0,29,23,1756.0,19.5,0.0,1.0,1,0,0,0,5,0,0.0,0.05,0.05,0.0,0.05,Matches,0,27,5,18.5,1.38,0.26,0.0,0.0,0,0,Matches,,,,,,,,,,,,,,,1.0,,,,,,Matches,,28,,,,,,,,,,,23,,,,Matches,,,,,,,,,,,,,,,,,,,,,Matches,gvidas gineitis,0.9363524671643972,2.6753238569945097,0.9363524671643972,5.622060902416706,4.116749364882708,MF,0.0,0.04801807523919986,-0.04801807523919986,0.0,,0.05128205128205128,0.13719609523048767,,,,,,,,,
996,Matthias Ginter,de GER,DF,Freiburg,de Bundesliga,31.0,1994.0,32,32,2833.0,31.5,3.0,3.0,6,3,0,0,3,0,0.1,0.1,0.19,0.1,0.19,Matches,3,19,7,36.8,0.6,0.22,0.16,0.43,0,0,Matches,,,,,,,,,,,,,,,3.0,,,,,,Matches,,14,,,,,,,,,,,22,,,,Matches,,,,,,,,,,,,,,,,,,,,,Matches,matthias ginter,2.0582033302634954,2.107471376657486,2.0582033302634954,11.456075862050056,9.3837448656559,DF,0.09523809523809523,0.06533978826233319,0.02989830697576205,0.16,,0.09523809523809523,0.06690385322722178,,,,,,,,,
997,Giovane,br BRA,"FW,MF",Hellas Verona,it Serie A,21.0,2003.0,21,19,1533.0,17.0,3.0,4.0,7,3,0,0,2,0,0.18,0.23,0.41,0.18,0.41,Matches,3,47,25,53.2,2.76,1.47,0.06,0.12,0,0,Matches,,,,,,,,,,,,,,,4.0,,,,,,Matches,,9,,,,,,,,,,,5,,,,Matches,,,,,,,,,,,,,,,,,,,,,Matches,giovane,4.269323905929923,4.357408100739121,4.269323905929923,8.811031891033053,2.390819819644093,FW,0.17647058823529413,0.251136700348819,-0.07466611211352489,0.06,,0.23529411764705882,0.2563181235728895,,,,,,,,,
999,Olivier Giroud,fr FRA,FW,Lille,fr Ligue 1,38.0,1986.0,30,17,1609.0,17.9,7.0,1.0,8,4,3,4,2,0,0.39,0.06,0.45,0.22,0.28,Matches,7,41,16,39.0,2.29,0.89,0.17,0.44,3,4,Matches,,,,,,,,,,,,,,,1.0,,,,,,Matches,,8,,,,,,,,,,,4,,,,Matches,,,,,,,,,,,,,,,,,,,,,Matches,olivier giroud,8.869264025241137,1.851565897464752,5.828883409500122,9.002260066568851,2.159651977941394,FW,0.3910614525139665,0.3256359446648113,-0.10442815783470037,0.17,,0.0558659217877095,0.10343943561255599,,,,,,,,,
1000,Jamie Gittens,eng ENG,MF,Chelsea,eng Premier League,20.0,2004.0,16,5,495.0,5.5,0.0,2.0,2,0,0,0,0,0,0.0,0.36,0.36,0.0,0.36,Matches,0,10,2,20.0,1.82,0.36,0.0,0.0,0,0,Matches,,,,,,,,,,,,,,,2.0,,,,,,Matches,,4,,,,,,,,,,,2,,,,Matches,,,,,,,,,,,,,,,,,,,,,Matches,jamie gittens,0.8924727980047464,0.978217288851738,0.8924727980047464,2.936161085963249,1.3098940197378397,MF,0.0,0.16226778145540843,-0.16226778145540843,0.0,,0.36363636363636365,0.17785768888213419,,,,,,,,,
1001,Robert Glatzel,de GER,FW,Hamburger SV,de Bundesliga,31.0,1994.0,19,7,612.0,6.8,3.0,2.0,5,2,1,1,0,0,0.44,0.29,0.74,0.29,0.59,Matches,3,16,7,43.8,2.35,1.03,0.19,0.43,1,1,Matches,,,,,,,,,,,,,,,2.0,,,,,,Matches,,1,,,,,,,,,,,0,,,,Matches,,,,,,,,,,,,,,,,,,,,,Matches,robert glatzel,2.8448161985725164,0.8636805173009634,2.0870395209640265,3.0260464753955603,0.5884653031826019,FW,0.4411764705882353,0.30691757661235686,0.022821147268747583,0.19,,0.29411764705882354,0.12701184077955344,,,,,,,,,
1002,Serge Gnabry,de GER,MF,Bayern Munich,de Bundesliga,30.0,1995.0,21,16,1219.0,13.5,8.0,6.0,14,8,0,0,1,0,0.59,0.44,1.03,0.59,1.03,Matches,8,50,17,34.0,3.69,1.26,0.16,0.47,0,0,Matches,,,,,,,,,,,,,,,6.0,,,,,,Matches,,10,,,,,,,,,,,4,,,,Matches,,,,,,,,,,,,,,,,,,,,,Matches,serge gnabry,6.26451538130641,5.150685242377222,6.26451538130641,16.288242295384407,8.140462888404727,MF,0.5925925925925926,0.4640381763930674,0.1285544161995252,0.16,,0.4444444444444444,0.3815322401760905,,,,,,,,,
1003,Wilfried Gnonto,it ITA,FW,Leeds United,eng Premier League,21.0,2003.0,23,4,537.0,6.0,0.0,1.0,1,0,0,0,3,0,0.0,0.17,0.17,0.0,0.17,Matches,0,10,0,0.0,1.68,0.0,0.0,,0,0,Matches,,,,,,,,,,,,,,,1.0,,,,,,Matches,,13,,,,,,,,,,,3,,,,Matches,,,,,,,,,,,,,,,,,,,,,Matches,wilfried gnonto,0.4376505799591541,1.2471250221133232,0.4376505799591541,2.879379965364933,1.2366269938647747,FW,0.0,0.07294176332652567,-0.07294176332652567,0.0,,0.16666666666666666,0.20785417035222054,,,,,,,,,
1004,Giorgi Gocholeishvili,ge GEO,MF,Hamburger SV,de Bundesliga,24.0,2001.0,24,9,940.0,10.4,0.0,2.0,2,0,0,0,3,1,0.0,0.19,0.19,0.0,0.19,Matches,0,14,2,14.3,1.34,0.19,0.0,0.0,0,0,Matches,,,,,,,,,,,,,,,2.0,,,,,,Matches,,14,,,,,,,,,,,7,,,,Matches,,,,,,,,,,,,,,,,,,,,,Matches,giorgi gocholeishvili,0.9827461671084166,0.6386436335742474,0.9827461671084166,3.0658979546278715,1.6764663234353063,MF,0.0,0.09449482376042466,-0.09449482376042466,0.0,,0.1923076923076923,0.06140804168983147,,,,,,,,,
1005,Martial Godo,ci CIV,MF,Strasbourg,fr Ligue 1,22.0,2003.0,28,18,1584.0,17.6,10.0,1.0,11,10,0,0,2,0,0.57,0.06,0.62,0.57,0.62,Matches,10,41,17,41.5,2.33,0.97,0.24,0.59,0,0,Matches,,,,,,,,,,,,,,,1.0,,,,,,Matches,,13,,,,,,,,,,,15,,,,Matches,,,,,,,,,,,,,,,,,,,,,Matches,martial godo,8.613017499446869,2.2593456469476223,8.613017499446869,15.288090150803328,5.07086955755949,MF,0.5681818181818181,0.4893759942867539,0.07880582389506426,0.24,,0.056818181818181816,0.1283719117583876,,,,,,,,,
1009,Aleksandr Golovin,ru RUS,MF,Monaco,fr Ligue 1,29.0,1996.0,25,21,1649.0,18.3,5.0,5.0,10,5,0,0,4,1,0.27,0.27,0.55,0.27,0.55,Matches,5,34,18,52.9,1.86,0.98,0.15,0.28,0,0,Matches,,,,,,,,,,,,,,,5.0,,,,,,Matches,,18,,,,,,,,,,,21,,,,Matches,,,,,,,,,,,,,,,,,,,,,Matches,aleksandr golovin,4.700230384245515,2.307285126298666,4.700230384245515,11.270541843026876,5.069507037289441,MF,0.27322404371584696,0.2568431903959298,0.01638085331991722,0.15,,0.27322404371584696,0.12608115444255005,,,,,,,,,
1011,Angel Gomes,eng ENG,MF,Marseille,fr Ligue 1,24.0,2000.0,14,12,888.0,9.9,3.0,0.0,3,3,0,0,4,0,0.3,0.0,0.3,0.3,0.3,Matches,3,11,5,45.5,1.11,0.51,0.27,0.6,0,0,Matches,,,,,,,,,,,,,,,0.0,,,,,,Matches,,5,,,,,,,,,,,4,,,,Matches,,,,,,,,,,,,,,,,,,,,,Matches,angel gomes,0.1933972742408514,0.2992059402167797,0.1933972742408514,1.6750201545655727,1.3590065725147724,MF,0.30303030303030304,0.019535078206146604,0.2834952248241564,0.27,,0.0,0.030222822244119162,,,,,,,,,
1012,Angel Gomes,eng ENG,"MF,FW",Wolves,eng Premier League,24.0,2000.0,12,7,461.0,5.1,0.0,0.0,0,0,0,0,1,0,0.0,0.0,0.0,0.0,0.0,Matches,0,6,2,33.3,1.17,0.39,0.0,0.0,0,0,Matches,,,,,,,,,,,,,,,0.0,,,,,,Matches,,5,,,,,,,,,,,1,,,,Matches,,,,,,,,,,,,,,,,,,,,,Matches,angel gomes,0.1933972742408514,0.2992059402167797,0.1933972742408514,1.6750201545655727,1.3590065725147724,MF,0.0,0.03792103416487283,-0.03792103416487283,0.0,,0.0,0.05866783141505485,,,,,,,,,
1013,João Gomes,br BRA,MF,Wolves,eng Premier League,24.0,2001.0,35,32,2829.0,31.4,1.0,1.0,2,1,0,0,10,0,0.03,0.03,0.06,0.03,0.06,Matches,1,19,7,36.8,0.6,0.22,0.05,0.14,0,0,Matches,,,,,,,,,,,,,,,1.0,,,,,,Matches,,68,,,,,,,,,,,36,,,,Matches,,,,,,,,,,,,,,,,,,,,,Matches,joao gomes,1.2462569223716855,1.441765757277608,1.2462569223716855,6.201923135668039,5.079094551503658,MF,0.03184713375796178,0.039689710903556864,-0.00784257714559508,0.05,,0.03184713375796178,0.04591610691966905,,,,,,,,,
1014,Rodrigo Gomes,pt POR,"MF,FW",Wolves,eng Premier League,22.0,2003.0,22,9,960.0,10.7,3.0,0.0,3,3,0,0,0,0,0.28,0.0,0.28,0.28,0.28,Matches,3,20,6,30.0,1.87,0.56,0.15,0.5,0,0,Matches,,,,,,,,,,,,,,,0.0,,,,,,Matches,,18,,,,,,,,,,,11,,,,Matches,,,,,,,,,,,,,,,,,,,,,Matches,rodrigo gomes,2.28443655744195,0.1513135097920894,2.28443655744195,3.37700173817575,1.008143601939082,MF,0.28037383177570097,0.21349874368616356,0.0668750880895374,0.15,,0.0,0.014141449513279385,,,,,,,,,
1015,Toti Gomes,pt POR,DF,Wolves,eng Premier League,26.0,1999.0,19,17,1424.0,15.8,0.0,0.0,0,0,0,0,2,1,0.0,0.0,0.0,0.0,0.0,Matches,0,5,2,40.0,0.32,0.13,0.0,0.0,0,0,Matches,,,,,,,,,,,,,,,0.0,,,,,,Matches,,11,,,,,,,,,,,13,,,,Matches,,,,,,,,,,,,,,,,,,,,,Matches,toti gomes,,,,,,DF,0.0,,,0.0,,0.0,,,,,,,,,,
1016,Diego Gómez,py PAR,"MF,FW",Brighton,eng Premier League,22.0,2003.0,32,26,2120.0,23.6,5.0,1.0,6,5,0,0,9,0,0.21,0.04,0.25,0.21,0.25,Matches,5,42,14,33.3,1.78,0.59,0.12,0.36,0,0,Matches,,,,,,,,,,,,,,,1.0,,,,,,Matches,,49,,,,,,,,,,,19,,,,Matches,,,,,,,,,,,,,,,,,,,,,Matches,diego gomez,6.4177497662603855,2.0924463979899883,6.4177497662603855,14.40620754659176,7.100968384183943,MF,0.211864406779661,0.2719385494178129,-0.060074142638151924,0.12,,0.0423728813559322,0.08866298296567747,,,,,,,,,
1017,Joe Gomez,eng ENG,DF,Liverpool,eng Premier League,28.0,1997.0,21,7,607.0,6.7,0.0,2.0,2,0,0,0,4,0,0.0,0.3,0.3,0.0,0.3,Matches,0,5,1,20.0,0.74,0.15,0.0,0.0,0,0,Matches,,,,,,,,,,,,,,,2.0,,,,,,Matches,,7,,,,,,,,,,,8,,,,Matches,,,,,,,,,,,,,,,,,,,,,Matches,joe gomez,0.1996985450387001,1.2491662725806236,0.1996985450387001,4.338553808629513,3.096942812204361,DF,0.0,0.02980575299085076,-0.02980575299085076,0.0,,0.29850746268656714,0.18644272725083935,,,,,,,,,
1018,Moi Gómez,es ESP,MF,Osasuna,es La Liga,31.0,1994.0,26,12,1201.0,13.3,0.0,2.0,2,0,0,0,3,0,0.0,0.15,0.15,0.0,0.15,Matches,0,11,2,18.2,0.82,0.15,0.0,0.0,0,0,Matches,,,,,,,,,,,,,,,2.0,,,,,,Matches,,9,,,,,,,,,,,11,,,,Matches,,,,,,,,,,,,,,,,,,,,,Matches,moi gomez,0.4181990008801222,1.9109276719391344,0.4181990008801222,5.146273463964462,3.1553665651008487,MF,0.0,0.031443533900761066,-0.031443533900761066,0.0,,0.15037593984962405,0.1436787723262507,,,,,,,,,
1019,Sergio Gómez,es ESP,DF,Real Sociedad,es La Liga,24.0,2000.0,35,30,2701.0,30.0,0.0,6.0,6,0,0,0,5,1,0.0,0.2,0.2,0.0,0.2,Matches,0,12,0,0.0,0.4,0.0,0.0,,0,0,Matches,,,,,,,,,,,,,,,6.0,,,,,,Matches,,53,,,,,,,,,,,32,,,,Matches,,,,,,,,,,,,,,,,,,,,,Matches,sergio gomez,0.8500185953453183,7.414878661744296,0.8500185953453183,11.900510411709549,8.49614124558866,DF,0.0,0.028333953178177277,-0.028333953178177277,0.0,,0.2,0.24716262205814318,,,,,,,,,
1020,Unai Gómez,es ESP,MF,Athletic Club,es La Liga,22.0,2003.0,26,12,936.0,10.4,1.0,1.0,2,1,0,0,1,0,0.1,0.1,0.19,0.1,0.19,Matches,1,23,7,30.4,2.21,0.67,0.04,0.14,0,0,Matches,,,,,,,,,,,,,,,1.0,,,,,,Matches,,8,,,,,,,,,,,3,,,,Matches,,,,,,,,,,,,,,,,,,,,,Matches,unai gomez,2.0704635065048933,0.6146819815039635,2.0704635065048933,3.052200043573976,0.7931436467915773,MF,0.09615384615384615,0.19908302947162435,-0.1029291833177782,0.04,,0.09615384615384615,0.05910403668307341,,,,,,,,,
1021,Valentín Gómez,ar ARG,DF,Real Betis,es La Liga,22.0,2003.0,28,19,1882.0,20.9,1.0,0.0,1,1,0,0,5,0,0.05,0.0,0.05,0.05,0.05,Matches,1,11,5,45.5,0.53,0.24,0.09,0.2,0,0,Matches,,,,,,,,,,,,,,,0.0,,,,,,Matches,,25,,,,,,,,,,,23,,,,Matches,,,,,,,,,,,,,,,,,,,,,Matches,valentin gomez,0.953595282509923,2.110032780095935,0.953595282509923,5.001710316166282,3.893445262685418,DF,0.04784688995215311,0.04562656854114464,0.00222032141100847,0.09,,0.0,0.10095850622468588,,,,,,,,,
1024,Rafael Gonçalves,pt POR,"MF,DF",Strasbourg,fr Ligue 1,20.0,2005.0,12,6,588.0,6.5,0.0,1.0,1,0,0,0,0,0,0.0,0.15,0.15,0.0,0.15,Matches,0,5,3,60.0,0.77,0.46,0.0,0.0,0,0,Matches,,,,,,,,,,,,,,,1.0,,,,,,Matches,,10,,,,,,,,,,,4,,,,Matches,,,,,,,,,,,,,,,,,,,,,Matches,rafael goncalves,,,,,,MF,0.0,,,0.0,,0.15384615384615385,,,,,,,,,,
1026,Nicolás González,es ESP,MF,Manchester City,eng Premier League,23.0,2002.0,25,17,1569.0,17.4,1.0,0.0,1,1,0,0,6,0,0.06,0.0,0.06,0.06,0.06,Matches,1,14,2,14.3,0.8,0.11,0.07,0.5,0,0,Matches,,,,,,,,,,,,,,,0.0,,,,,,Matches,,30,,,,,,,,,,,24,,,,Matches,,,,,,,,,,,,,,,,,,,,,Matches,nicolas gonzalez,5.666498072445393,1.7241394147276878,5.666498072445393,10.485972724854946,5.266246838495135,MF,0.0574712643678161,0.3256608087612295,-0.2681895443934134,0.07,,0.0,0.09908847211078667,,,,,,,,,
1027,Nicolás González,ar ARG,"MF,DF",Atlético Madrid,es La Liga,27.0,1998.0,24,18,1448.0,16.1,5.0,0.0,5,5,0,0,4,1,0.31,0.0,0.31,0.31,0.31,Matches,5,43,21,48.8,2.67,1.31,0.12,0.24,0,0,Matches,,,,,,,,,,,,,,,0.0,,,,,,Matches,,16,,,,,,,,,,,11,,,,Matches,,,,,,,,,,,,,,,,,,,,,Matches,nicolas gonzalez,5.666498072445393,1.7241394147276878,5.666498072445393,10.485972724854946,5.266246838495135,MF,0.3105590062111801,0.35195640201524175,-0.04139739580406165,0.12,,0.0,0.10708940464147128,,,,,,,,,
1029,Urko González,es ESP,MF,Espanyol,es La Liga,24.0,2001.0,35,28,2623.0,29.1,0.0,1.0,1,0,0,0,7,0,0.0,0.03,0.03,0.0,0.03,Matches,0,18,1,5.6,0.62,0.03,0.0,0.0,0,0,Matches,,,,,,,,,,,,,,,1.0,,,,,,Matches,,33,,,,,,,,,,,29,,,,Matches,,,,,,,,,,,,,,,,,,,,,Matches,urko gonzalez,0.6285140076652169,0.3392333183437586,0.6285140076652169,5.933217795565724,5.271215932443738,MF,0.0,0.02159841950739577,-0.02159841950739577,0.0,,0.034364261168384876,0.011657502348582769,,,,,,,,,
1031,Anthony Gordon,eng ENG,FW,Newcastle,eng Premier League,24.0,2001.0,26,24,1795.0,19.9,6.0,2.0,8,3,3,3,3,1,0.3,0.1,0.4,0.15,0.25,Matches,6,48,20,41.7,2.41,1.0,0.13,0.3,3,3,Matches,,,,,,,,,,,,,,,2.0,,,,,,Matches,,13,,,,,,,,,,,3,,,,Matches,,,,,,,,,,,,,,,,,,,,,Matches,anthony gordon,8.756197515875101,3.714877739548683,6.472690913826227,10.976929228752851,4.042658658698201,FW,0.30150753768844224,0.32526084994101645,-0.13850238773241716,0.13,,0.10050251256281408,0.18667727334415496,,,,,,,,,
1032,Leon Goretzka,de GER,MF,Bayern Munich,de Bundesliga,30.0,1995.0,31,25,1947.0,21.6,5.0,3.0,8,5,0,0,4,0,0.23,0.14,0.37,0.23,0.37,Matches,5,35,11,31.4,1.62,0.51,0.14,0.45,0,0,Matches,,,,,,,,,,,,,,,3.0,,,,,,Matches,,19,,,,,,,,,,,26,,,,Matches,,,,,,,,,,,,,,,,,,,,,Matches,leon goretzka,4.884574018418789,2.346890510059893,4.884574018418789,16.531479734927416,14.036005043424666,MF,0.23148148148148145,0.22613768603790688,0.005343795443574587,0.14,,0.13888888888888887,0.10865233842869874,,,,,,,,,
1034,Andoni Gorosabel,es ESP,DF,Athletic Club,es La Liga,28.0,1996.0,24,15,1360.0,15.1,0.0,1.0,1,0,0,0,3,0,0.0,0.07,0.07,0.0,0.07,Matches,0,5,1,20.0,0.33,0.07,0.0,0.0,0,0,Matches,,,,,,,,,,,,,,,1.0,,,,,,Matches,,24,,,,,,,,,,,18,,,,Matches,,,,,,,,,,,,,,,,,,,,,Matches,andoni gorosabel,0.2154859928414225,1.289799666032195,0.2154859928414225,6.460969613865018,5.660822134464979,DF,0.0,0.014270595552412087,-0.014270595552412087,0.0,,0.06622516556291391,0.08541719642597319,,,,,,,,,
1035,Jon Gorrotxategi,es ESP,MF,Real Sociedad,es La Liga,23.0,2002.0,30,26,2210.0,24.6,1.0,3.0,4,1,0,0,7,0,0.04,0.12,0.16,0.04,0.16,Matches,1,13,1,7.7,0.53,0.04,0.08,1.0,0,0,Matches,,,,,,,,,,,,,,,3.0,,,,,,Matches,,29,,,,,,,,,,,31,,,,Matches,,,,,,,,,,,,,,,,,,,,,Matches,jon gorrotxategi,0.9011643519625068,0.9900850029662251,0.9011643519625068,9.608818357810378,8.54557849932462,MF,0.04065040650406504,0.03663269723424824,0.004017709269816798,0.08,,0.12195121951219512,0.04024735784415549,,,,,,,,,
1037,Alimami Gory,ml MLI,"MF,DF",Paris FC,fr Ligue 1,28.0,1996.0,24,9,982.0,10.9,5.0,1.0,6,5,0,0,3,0,0.46,0.09,0.55,0.46,0.55,Matches,5,19,6,31.6,1.74,0.55,0.26,0.83,0,0,Matches,,,,,,,,,,,,,,,1.0,,,,,,Matches,,11,,,,,,,,,,,8,,,,Matches,,,,,,,,,,,,,,,,,,,,,Matches,alimami gory,3.891201537102461,0.6714342199265957,3.891201537102461,4.999185955151916,1.0015269126743078,MF,0.4587155963302752,0.35699096670664776,0.10172462962362744,0.26,,0.09174311926605504,0.0615994697180363,,,,,,,,,
1038,Robin Gosens,de GER,"DF,MF",Fiorentina,it Serie A,31.0,1994.0,26,24,1881.0,20.9,3.0,1.0,4,3,0,0,2,0,0.14,0.05,0.19,0.14,0.19,Matches,3,18,7,38.9,0.86,0.33,0.17,0.43,0,0,Matches,,,,,,,,,,,,,,,1.0,,,,,,Matches,,18,,,,,,,,,,,23,,,,Matches,,,,,,,,,,,,,,,,,,,,,Matches,robin gosens,2.3951865192502737,0.9613326136022806,2.3951865192502737,4.041613267734647,2.377325525507331,DF,0.14354066985645933,0.1146022258014485,0.02893844405501083,0.17,,0.04784688995215311,0.04599677577044405,,,,,,,,,
1040,Mario Götze,de GER,MF,Frankfurt,de Bundesliga,33.0,1992.0,21,8,886.0,9.8,0.0,0.0,0,0,0,0,1,0,0.0,0.0,0.0,0.0,0.0,Matches,0,5,0,0.0,0.51,0.0,0.0,,0,0,Matches,,,,,,,,,,,,,,,0.0,,,,,,Matches,,8,,,,,,,,,,,4,,,,Matches,,,,,,,,,,,,,,,,,,,,,Matches,mario gotze,0.4346178546547889,2.859270012006164,0.4346178546547889,3.92476156540215,2.630390318110585,MF,0.0,0.04434876067906009,-0.04434876067906009,0.0,,0.0,0.29176224612307794,,,,,,,,,
1041,Amine Gouiri,dz ALG,"FW,MF",Marseille,fr Ligue 1,25.0,2000.0,22,15,1326.0,14.7,8.0,3.0,11,8,0,0,1,0,0.54,0.2,0.75,0.54,0.75,Matches,8,38,17,44.7,2.58,1.15,0.21,0.47,0,0,Matches,,,,,,,,,,,,,,,3.0,,,,,,Matches,,9,,,,,,,,,,,3,,,,Matches,,,,,,,,,,,,,,,,,,,,,Matches,amine gouiri,7.237069595605135,3.988559890538454,7.237069595605135,11.248107068240644,2.8222608156502247,FW,0.54421768707483,0.4923176595649752,0.051900027509854764,0.21,,0.20408163265306123,0.2713306047985343,,,,,,,,,
1042,Lucas Gourna-Douath,fr FRA,MF,Le Havre,fr Ligue 1,21.0,2003.0,15,14,1272.0,14.1,0.0,0.0,0,0,0,0,5,0,0.0,0.0,0.0,0.0,0.0,Matches,0,9,2,22.2,0.64,0.14,0.0,0.0,0,0,Matches,,,,,,,,,,,,,,,0.0,,,,,,Matches,,12,,,,,,,,,,,15,,,,Matches,,,,,,,,,,,,,,,,,,,,,Matches,lucas gourna douath,0.2040942274034023,0.1832763087004423,0.2040942274034023,2.2300780918449163,1.9834622982889407,MF,0.0,0.014474767900950519,-0.014474767900950519,0.0,,0.0,0.012998319765988815,,,,,,,,,
1043,Tiago Gouveia,pt POR,MF,Nice,fr Ligue 1,24.0,2001.0,15,5,532.0,5.9,0.0,0.0,0,0,0,0,3,0,0.0,0.0,0.0,0.0,0.0,Matches,0,12,4,33.3,2.03,0.68,0.0,0.0,0,0,Matches,,,,,,,,,,,,,,,0.0,,,,,,Matches,,3,,,,,,,,,,,9,,,,Matches,,,,,,,,,,,,,,,,,,,,,Matches,tiago gouveia,0.9029901213943958,0.6395432502031326,0.9029901213943958,1.151403535157442,0.701687641441822,MF,0.0,0.1530491731176942,-0.1530491731176942,0.0,,0.0,0.10839716105137841,,,,,,,,,
1044,Jeffrey Gouweleeuw,nl NED,DF,Augsburg,de Bundesliga,34.0,1991.0,11,10,848.0,9.4,0.0,1.0,1,0,0,0,3,0,0.0,0.11,0.11,0.0,0.11,Matches,0,5,3,60.0,0.53,0.32,0.0,0.0,0,0,Matches,,,,,,,,,,,,,,,1.0,,,,,,Matches,,10,,,,,,,,,,,13,,,,Matches,,,,,,,,,,,,,,,,,,,,,Matches,jeffrey gouweleeuw,0.236933896318078,0.378789821639657,0.236933896318078,1.2999653723090887,1.004734518006444,DF,0.0,0.02520573365085936,-0.02520573365085936,0.0,,0.10638297872340426,0.04029678953613373,,,,,,,,,
1045,Kamil Grabara,pl POL,GK,Wolfsburg,de Bundesliga,26.0,1999.0,34,34,3060.0,34.0,0.0,0.0,0,0,0,0,1,0,0.0,0.0,0.0,0.0,0.0,Matches,0,1,0,0.0,0.03,0.0,0.0,,0,0,Matches,,,,,,,,,,,,,,,0.0,,,,,,Matches,,1,,,,,,,,,,,1,,,,Matches,,,,,,,,,,,,,,,,,,,,,Matches,kamil grabara,0.0364092700183391,0.0404902063310146,0.0364092700183391,4.599022266454995,4.5585320591926575,GK,,,,,,,,,,,,,,,,
1046,Jonathan Gradit,fr FRA,DF,Lens,fr Ligue 1,32.0,1992.0,10,10,807.0,9.0,0.0,0.0,0,0,0,0,2,1,0.0,0.0,0.0,0.0,0.0,Matches,0,2,0,0.0,0.22,0.0,0.0,,0,0,Matches,,,,,,,,,,,,,,,0.0,,,,,,Matches,,12,,,,,,,,,,,16,,,,Matches,,,,,,,,,,,,,,,,,,,,,Matches,jonathan gradit,0.10594142973423,0.0885385647416114,0.10594142973423,2.78721896186471,2.739480827003717,DF,0.0,0.01177126997047,-0.01177126997047,0.0,,0.0,0.009837618304623489,,,,,,,,,
1047,Alberto Grassi,it ITA,MF,Cremonese,it Serie A,30.0,1995.0,30,18,1753.0,19.5,0.0,0.0,0,0,0,0,4,1,0.0,0.0,0.0,0.0,0.0,Matches,0,13,4,30.8,0.67,0.21,0.0,0.0,0,0,Matches,,,,,,,,,,,,,,,0.0,,,,,,Matches,,11,,,,,,,,,,,35,,,,Matches,,,,,,,,,,,,,,,,,,,,,Matches,alberto grassi,0.7624318739399314,0.4524057134985924,0.7624318739399314,3.692227714695037,2.7019001794978976,MF,0.0,0.03909907045845802,-0.03909907045845802,0.0,,0.0,0.023200292999927815,,,,,,,,,
1048,Ryan Gravenberch,nl NED,MF,Liverpool,eng Premier League,23.0,2002.0,36,34,2992.0,33.2,5.0,3.0,8,5,0,0,5,0,0.15,0.09,0.24,0.15,0.24,Matches,5,38,13,34.2,1.14,0.39,0.13,0.38,0,0,Matches,,,,,,,,,,,,,,,3.0,,,,,,Matches,,35,,,,,,,,,,,44,,,,Matches,,,,,,,,,,,,,,,,,,,,,Matches,ryan gravenberch,1.5315213510766623,2.368868850171566,1.5315213510766623,13.042155539616942,10.718840256333351,MF,0.1506024096385542,0.0461301611770079,0.1044722484615463,0.13,,0.09036144578313252,0.07135147139070981,,,,,,,,,
1049,Archie Gray,eng ENG,"MF,DF",Tottenham,eng Premier League,19.0,2006.0,24,18,1478.0,16.4,2.0,2.0,4,2,0,0,5,0,0.12,0.12,0.24,0.12,0.24,Matches,2,11,5,45.5,0.67,0.3,0.18,0.4,0,0,Matches,,,,,,,,,,,,,,,2.0,,,,,,Matches,,8,,,,,,,,,,,17,,,,Matches,,,,,,,,,,,,,,,,,,,,,Matches,archie gray,1.588539564050734,1.6584226582199335,1.588539564050734,3.5702104242518544,2.168477569706738,MF,0.12195121951219513,0.09686216853967891,0.02508905097251622,0.18,,0.12195121951219513,0.10112333281828864,,,,,,,,,
1050,Jack Grealish,eng ENG,MF,Everton,eng Premier League,29.0,1995.0,20,18,1627.0,18.1,2.0,6.0,8,2,0,0,5,1,0.11,0.33,0.44,0.11,0.44,Matches,2,26,8,30.8,1.44,0.44,0.08,0.25,0,0,Matches,,,,,,,,,,,,,,,6.0,,,,,,Matches,,15,,,,,,,,,,,11,,,,Matches,,,,,,,,,,,,,,,,,,,,,Matches,jack grealish,3.084938551299274,4.558330744504929,3.084938551299274,9.290637398138642,3.2924681939184666,MF,0.11049723756906077,0.170438593994435,-0.05994135642537425,0.08,,0.3314917127071823,0.25184147759695735,,,,,,,,,
1051,Mason Greenwood,eng ENG,MF,Marseille,fr Ligue 1,23.0,2001.0,32,29,2462.0,27.4,16.0,7.0,23,10,6,8,4,0,0.58,0.26,0.84,0.37,0.62,Matches,16,116,48,41.4,4.24,1.75,0.14,0.33,6,8,Matches,,,,,,,,,,,,,,,7.0,,,,,,Matches,,13,,,,,,,,,,,4,,,,Matches,,,,,,,,,,,,,,,,,,,,,Matches,mason greenwood,14.337145529687405,7.642338250763714,8.256384439766407,23.296432835049927,12.582058395259082,MF,0.5839416058394161,0.30132789926154774,0.06068811935447429,0.14,,0.25547445255474455,0.2789174544074348,,,,,,,,,
1052,Michael Gregoritsch,at AUT,FW,Augsburg,de Bundesliga,31.0,1994.0,17,11,913.0,10.1,6.0,2.0,8,5,1,1,2,0,0.59,0.2,0.79,0.49,0.69,Matches,6,29,10,34.5,2.86,0.99,0.21,0.6,1,1,Matches,,,,,,,,,,,,,,,2.0,,,,,,Matches,,4,,,,,,,,,,,5,,,,Matches,,,,,,,,,,,,,,,,,,,,,Matches,michael gregoritsch,6.215451763942838,1.5184729620814323,5.457675086334348,6.945263855159283,2.202855406329036,FW,0.594059405940594,0.5403638699340938,-0.021331857816122547,0.21,,0.19801980198019803,0.15034385763182498,,,,,,,,,
1053,Dominik Greif,sk SVK,GK,Lyon,fr Ligue 1,28.0,1997.0,29,29,2610.0,29.0,0.0,1.0,1,0,0,0,1,0,0.0,0.03,0.03,0.0,0.03,Matches,0,0,0,,0.0,0.0,,,0,0,Matches,,,,,,,,,,,,,,,1.0,,,,,,Matches,,0,,,,,,,,,,,0,,,,Matches,,,,,,,,,,,,,,,,,,,,,Matches,dominik greif,0.0,0.1348658353090286,0.0,5.989278774708509,5.8544129319489,GK,,,,,,,,,,,,,,,,
1054,Antoine Griezmann,fr FRA,FW,Atlético Madrid,es La Liga,34.0,1991.0,34,13,1481.0,16.5,7.0,4.0,11,7,0,0,1,0,0.43,0.24,0.67,0.43,0.67,Matches,7,47,25,53.2,2.86,1.52,0.15,0.28,0,0,Matches,,,,,,,,,,,,,,,4.0,,,,,,Matches,,9,,,,,,,,,,,8,,,,Matches,,,,,,,,,,,,,,,,,,,,,Matches,antoine griezmann,8.293904645368457,4.9885023310780525,8.293904645368457,17.252844139933586,7.144089825451374,FW,0.42424242424242425,0.5026608875980882,-0.07841846335566405,0.15,,0.24242424242424243,0.3023334746107911,,,,,,,,,
1055,Vincenzo Grifo,it ITA,MF,Freiburg,de Bundesliga,32.0,1993.0,33,21,1710.0,19.0,7.0,4.0,11,3,4,4,0,0,0.37,0.21,0.58,0.16,0.37,Matches,7,30,12,40.0,1.58,0.63,0.23,0.58,4,4,Matches,,,,,,,,,,,,,,,4.0,,,,,,Matches,,5,,,,,,,,,,,16,,,,Matches,,,,,,,,,,,,,,,,,,,,,Matches,vincenzo grifo,5.46098705381155,5.387601099908352,2.429960750043392,10.17651617899537,5.148983117192984,MF,0.3684210526315789,0.1278926710549154,0.08100068137833946,0.23,,0.21052631578947367,0.28355795262675537,,,,,,,,,
1056,Álex Grimaldo,es ESP,MF,Leverkusen,de Bundesliga,29.0,1995.0,29,29,2521.0,28.0,8.0,7.0,15,5,3,3,5,0,0.29,0.25,0.54,0.18,0.43,Matches,8,61,21,34.4,2.18,0.75,0.13,0.38,3,3,Matches,,,,,,,,,,,,,,,7.0,,,,,,Matches,,25,,,,,,,,,,,18,,,,Matches,,,,,,,,,,,,,,,,,,,,,Matches,alex grimaldo,6.761390760540962,10.24105754122138,4.488060817122459,19.19080664217472,13.631710644811392,MF,0.2857142857142857,0.16028788632580213,0.04423604426639421,0.13,,0.25,0.36575205504362074,,,,,,,,,
1057,Pascal Groß,de GER,MF,Dortmund,de Bundesliga,34.0,1991.0,11,7,613.0,6.8,0.0,1.0,1,0,0,0,0,0,0.0,0.15,0.15,0.0,0.15,Matches,0,8,1,12.5,1.17,0.15,0.0,0.0,0,0,Matches,,,,,,,,,,,,,,,1.0,,,,,,Matches,,6,,,,,,,,,,,5,,,,Matches,,,,,,,,,,,,,,,,,,,,,Matches,pascal gro,1.2529933378100395,3.2941888589411974,1.2529933378100395,10.012519028037786,8.280529152601957,MF,0.0,0.18426372614853523,-0.18426372614853523,0.0,,0.14705882352941177,0.48443953807958784,,,,,,,,,
1058,Pascal Groß,de GER,MF,Brighton,eng Premier League,34.0,1991.0,19,18,1636.0,18.2,1.0,3.0,4,1,0,0,2,0,0.06,0.17,0.22,0.06,0.22,Matches,1,18,9,50.0,0.99,0.5,0.06,0.11,0,0,Matches,,,,,,,,,,,,,,,3.0,,,,,,Matches,,17,,,,,,,,,,,11,,,,Matches,,,,,,,,,,,,,,,,,,,,,Matches,pascal gro,1.2529933378100395,3.2941888589411974,1.2529933378100395,10.012519028037786,8.280529152601957,MF,0.054945054945054944,0.06884578779176041,-0.013900732846705469,0.06,,0.16483516483516483,0.18099938785391195,,,,,,,,,
1060,Brajan Gruda,de GER,"MF,FW",RB Leipzig,de Bundesliga,21.0,2004.0,13,8,753.0,8.4,3.0,3.0,6,3,0,0,1,0,0.36,0.36,0.72,0.36,0.72,Matches,3,22,10,45.5,2.63,1.2,0.14,0.3,0,0,Matches,,,,,,,,,,,,,,,3.0,,,,,,Matches,,8,,,,,,,,,,,0,,,,Matches,,,,,,,,,,,,,,,,,,,,,Matches,brajan gruda,1.772459496743977,1.215459401719272,1.772459496743977,5.479941666126251,2.844237370416522,MF,0.35714285714285715,0.21100708294571155,0.14613577419714557,0.14,,0.35714285714285715,0.14469754782372285,,,,,,,,,
1061,Brajan Gruda,de GER,MF,Brighton,eng Premier League,21.0,2004.0,18,8,719.0,8.0,1.0,1.0,2,1,0,0,2,0,0.13,0.13,0.25,0.13,0.25,Matches,1,16,6,37.5,2.0,0.75,0.06,0.17,0,0,Matches,,,,,,,,,,,,,,,1.0,,,,,,Matches,,5,,,,,,,,,,,2,,,,Matches,,,,,,,,,,,,,,,,,,,,,Matches,brajan gruda,1.772459496743977,1.215459401719272,1.772459496743977,5.479941666126251,2.844237370416522,MF,0.125,0.22155743709299713,-0.09655743709299713,0.06,,0.125,0.151932425214909,,,,,,,,,
1062,Ilia Gruev,bg BUL,MF,Leeds United,eng Premier League,25.0,2000.0,23,15,1323.0,14.7,0.0,3.0,3,0,0,0,3,0,0.0,0.2,0.2,0.0,0.2,Matches,0,7,1,14.3,0.48,0.07,0.0,0.0,0,0,Matches,,,,,,,,,,,,,,,3.0,,,,,,Matches,,13,,,,,,,,,,,14,,,,Matches,,,,,,,,,,,,,,,,,,,,,Matches,ilia gruev,0.7337606139481068,1.4936000779271126,0.7337606139481068,3.584418125450611,2.230386760085821,MF,0.0,0.04991568802368074,-0.04991568802368074,0.0,,0.20408163265306123,0.10160544747803488,,,,,,,,,
1063,Marco Grüll,at AUT,"MF,FW",Werder Bremen,de Bundesliga,27.0,1998.0,33,23,2006.0,22.3,3.0,1.0,4,3,0,0,5,0,0.13,0.04,0.18,0.13,0.18,Matches,3,43,13,30.2,1.93,0.58,0.07,0.23,0,0,Matches,,,,,,,,,,,,,,,1.0,,,,,,Matches,,20,,,,,,,,,,,14,,,,Matches,,,,,,,,,,,,,,,,,,,,,Matches,marco grull,4.225460607558489,2.3132778629660606,4.225460607558489,9.543412220664322,4.941745131276548,MF,0.13452914798206278,0.1894825384555376,-0.054953390473474834,0.07,,0.04484304932735426,0.1037344333168637,,,,,,,,,
1064,Albert Grønbaek,dk DEN,MF,Hamburger SV,de Bundesliga,24.0,2001.0,7,6,492.0,5.5,1.0,2.0,3,1,0,0,0,0,0.18,0.37,0.55,0.18,0.55,Matches,1,8,4,50.0,1.46,0.73,0.13,0.25,0,0,Matches,,,,,,,,,,,,,,,2.0,,,,,,Matches,,10,,,,,,,,,,,11,,,,Matches,,,,,,,,,,,,,,,,,,,,,Matches,albert gr nbaek,,,,,,MF,0.18181818181818182,,,0.13,,0.36363636363636365,,,,,,,,,,
1066,Nemanja Gudelj,rs SRB,"DF,MF",Sevilla,es La Liga,33.0,1991.0,34,26,2348.0,26.1,2.0,0.0,2,2,0,0,9,0,0.08,0.0,0.08,0.08,0.08,Matches,2,31,9,29.0,1.19,0.34,0.06,0.22,0,0,Matches,,,,,,,,,,,,,,,0.0,,,,,,Matches,,23,,,,,,,,,,,23,,,,Matches,,,,,,,,,,,,,,,,,,,,,Matches,nemanja gudelj,1.475432573352009,0.832065112888813,1.475432573352009,5.2675101440399885,4.190701778978109,DF,0.07662835249042145,0.05652998365333368,0.020098368837087776,0.06,,0.0,0.03187988938271314,,,,,,,,,
1067,Gabriel Gudmundsson,se SWE,"DF,MF",Leeds United,eng Premier League,26.0,1999.0,32,31,2631.0,29.2,0.0,0.0,0,0,0,0,6,1,0.0,0.0,0.0,0.0,0.0,Matches,0,18,3,16.7,0.62,0.1,0.0,0.0,0,0,Matches,,,,,,,,,,,,,,,0.0,,,,,,Matches,,47,,,,,,,,,,,28,,,,Matches,,,,,,,,,,,,,,,,,,,,,Matches,gabriel gudmundsson,0.8777289493009448,3.1013932153582573,0.8777289493009448,6.76558150164783,4.271107049658895,DF,0.0,0.03005921059249811,-0.03005921059249811,0.0,,0.0,0.10621209641637867,,,,,,,,,
1068,Gonçalo Guedes,pt POR,MF,Real Sociedad,es La Liga,28.0,1996.0,32,22,1823.0,20.3,8.0,4.0,12,8,0,0,3,0,0.39,0.2,0.59,0.39,0.59,Matches,8,46,18,39.1,2.27,0.89,0.17,0.44,0,0,Matches,,,,,,,,,,,,,,,4.0,,,,,,Matches,,16,,,,,,,,,,,4,,,,Matches,,,,,,,,,,,,,,,,,,,,,Matches,goncalo guedes,4.142274813726544,2.665413634851575,4.142274813726544,12.011291518807411,7.679975047707558,MF,0.3940886699507389,0.20405294648899233,0.19003572346174658,0.17,,0.19704433497536944,0.1313011642784027,,,,,,,,,
1069,Marc Guéhi,eng ENG,DF,Crystal Palace,eng Premier League,25.0,2000.0,20,20,1800.0,20.0,2.0,2.0,4,2,0,0,4,0,0.1,0.1,0.2,0.1,0.2,Matches,2,15,4,26.7,0.75,0.2,0.13,0.5,0,0,Matches,,,,,,,,,,,,,,,2.0,,,,,,Matches,,19,,,,,,,,,,,24,,,,Matches,,,,,,,,,,,,,,,,,,,,,Matches,marc guehi,4.697336498647928,2.726592278573662,4.697336498647928,17.67278046440333,15.488122279755771,DF,0.1,0.2348668249323964,-0.1348668249323964,0.13,,0.1,0.1363296139286831,,,,,,,,,
1070,Marc Guéhi,eng ENG,DF,Manchester City,eng Premier League,25.0,2000.0,15,15,1350.0,15.0,1.0,1.0,2,1,0,0,2,0,0.07,0.07,0.13,0.07,0.13,Matches,1,17,5,29.4,1.13,0.33,0.06,0.2,0,0,Matches,,,,,,,,,,,,,,,1.0,,,,,,Matches,,12,,,,,,,,,,,25,,,,Matches,,,,,,,,,,,,,,,,,,,,,Matches,marc guehi,4.697336498647928,2.726592278573662,4.697336498647928,17.67278046440333,15.488122279755771,DF,0.06666666666666667,0.31315576657652855,-0.24648909990986187,0.06,,0.06666666666666667,0.18177281857157748,,,,,,,,,
1071,Mattéo Guendouzi,fr FRA,MF,Lazio,it Serie A,26.0,1999.0,16,16,1428.0,15.9,2.0,1.0,3,2,0,0,5,1,0.13,0.06,0.19,0.13,0.19,Matches,2,16,8,50.0,1.01,0.5,0.13,0.25,0,0,Matches,,,,,,,,,,,,,,,1.0,,,,,,Matches,,8,,,,,,,,,,,11,,,,Matches,,,,,,,,,,,,,,,,,,,,,Matches,matteo guendouzi,1.22304982598871,1.0217254180461168,1.22304982598871,5.685938589274883,4.695960254408419,MF,0.12578616352201258,0.07692137270369245,0.04886479081832013,0.13,,0.06289308176100629,0.06425946025447275,,,,,,,,,
1072,Javier Guerra,es ESP,"MF,FW",Valencia,es La Liga,22.0,2003.0,36,25,2061.0,22.9,4.0,6.0,10,4,0,0,3,0,0.17,0.26,0.44,0.17,0.44,Matches,4,31,12,38.7,1.35,0.52,0.13,0.33,0,0,Matches,,,,,,,,,,,,,,,6.0,,,,,,Matches,,15,,,,,,,,,,,23,,,,Matches,,,,,,,,,,,,,,,,,,,,,Matches,javier guerra,3.004997119307518,3.467247355729341,3.004997119307518,11.069295661523938,6.21899560559541,MF,0.17467248908296945,0.13122258162914927,0.04344990745382018,0.13,,0.26200873362445415,0.151408181472897,,,,,,,,,
1073,Raphaël Guerreiro,pt POR,MF,Bayern Munich,de Bundesliga,31.0,1993.0,18,8,784.0,8.7,5.0,2.0,7,5,0,0,0,0,0.57,0.23,0.8,0.57,0.8,Matches,5,12,5,41.7,1.38,0.57,0.42,1.0,0,0,Matches,,,,,,,,,,,,,,,2.0,,,,,,Matches,,7,,,,,,,,,,,1,,,,Matches,,,,,,,,,,,,,,,,,,,,,Matches,raphael guerreiro,3.528638795018196,2.275534149259329,3.528638795018196,9.012822458520532,4.25221517123282,MF,0.574712643678161,0.40559066609404554,0.1691219775841154,0.42,,0.2298850574712644,0.26155564934015274,,,,,,,,,
1077,Evann Guessand,ci CIV,MF,Aston Villa,eng Premier League,24.0,2001.0,13,6,588.0,6.5,0.0,1.0,1,0,0,0,0,0,0.0,0.15,0.15,0.0,0.15,Matches,0,8,5,62.5,1.22,0.77,0.0,0.0,0,0,Matches,,,,,,,,,,,,,,,1.0,,,,,,Matches,,9,,,,,,,,,,,3,,,,Matches,,,,,,,,,,,,,,,,,,,,,Matches,evann guessand,1.8542680740356443,1.2377337515354156,1.8542680740356443,3.779372459277511,1.3025728072971106,MF,0.0,0.2852720113900991,-0.2852720113900991,0.0,,0.15384615384615385,0.19042057715929472,,,,,,,,,
1078,Ander Guevara,es ESP,MF,Alavés,es La Liga,28.0,1997.0,25,2,654.0,7.3,1.0,1.0,2,1,0,0,4,1,0.14,0.14,0.28,0.14,0.28,Matches,1,5,1,20.0,0.69,0.14,0.2,1.0,0,0,Matches,,,,,,,,,,,,,,,1.0,,,,,,Matches,,8,,,,,,,,,,,9,,,,Matches,,,,,,,,,,,,,,,,,,,,,Matches,ander guevara,0.6449843011796474,0.8938102275133133,0.6449843011796474,2.792195681482553,1.921984908170998,MF,0.136986301369863,0.08835401386022568,0.048632287509637336,0.2,,0.136986301369863,0.12243975719360456,,,,,,,,,
1079,Idrissa Gueye,sn SEN,MF,Everton,eng Premier League,35.0,1989.0,25,25,2093.0,23.3,2.0,3.0,5,2,0,0,1,1,0.09,0.13,0.22,0.09,0.22,Matches,2,29,7,24.1,1.25,0.3,0.07,0.29,0,0,Matches,,,,,,,,,,,,,,,3.0,,,,,,Matches,,21,,,,,,,,,,,29,,,,Matches,,,,,,,,,,,,,,,,,,,,,Matches,idrissa gueye,1.9142106398940089,1.693690698593855,1.9142106398940089,9.138687188737094,6.896284964866936,MF,0.08583690987124463,0.08215496308557978,0.003681946785664856,0.07,,0.12875536480686695,0.07269058792248304,,,,,,,,,
1082,Pape Gueye,sn SEN,MF,Villarreal,es La Liga,26.0,1999.0,30,26,2131.0,23.7,5.0,2.0,7,4,1,1,8,0,0.21,0.08,0.3,0.17,0.25,Matches,5,47,13,27.7,1.98,0.55,0.11,0.38,1,1,Matches,,,,,,,,,,,,,,,2.0,,,,,,Matches,,22,,,,,,,,,,,35,,,,Matches,,,,,,,,,,,,,,,,,,,,,Matches,pape gueye,5.21023759432137,2.2214559176936746,4.466959962621331,15.24400033056736,10.280141228809953,MF,0.2109704641350211,0.18847932331735576,-0.008870784570521947,0.11,,0.08438818565400844,0.09373231720226476,,,,,,,,,
1083,Morgan Guilavogui,gn GUI,MF,Lens,fr Ligue 1,27.0,1998.0,16,3,491.0,5.5,1.0,0.0,1,1,0,0,3,1,0.18,0.0,0.18,0.18,0.18,Matches,1,10,2,20.0,1.83,0.37,0.1,0.5,0,0,Matches,,,,,,,,,,,,,,,0.0,,,,,,Matches,,10,,,,,,,,,,,3,,,,Matches,,,,,,,,,,,,,,,,,,,,,Matches,morgan guilavogui,1.7886713072657583,1.1636604741215706,1.7886713072657583,4.216861076653004,2.2034296356141567,MF,0.18181818181818182,0.3252129649574106,-0.1433947831392288,0.1,,0.0,0.21157463165846738,,,,,,,,,
1084,Frederic Guilbert,fr FRA,"DF,MF",Nantes,fr Ligue 1,30.0,1994.0,8,7,607.0,6.7,0.0,0.0,0,0,0,0,1,0,0.0,0.0,0.0,0.0,0.0,Matches,0,7,2,28.6,1.04,0.3,0.0,0.0,0,0,Matches,,,,,,,,,,,,,,,0.0,,,,,,Matches,,12,,,,,,,,,,,19,,,,Matches,,,,,,,,,,,,,,,,,,,,,Matches,frederic guilbert,0.340896600857377,1.5390042420476675,0.340896600857377,1.85949700884521,1.641930215060711,DF,0.0,0.05088008968020552,-0.05088008968020552,0.0,,0.0,0.22970212567875634,,,,,,,,,
1086,Bruno Guimarães,br BRA,MF,Newcastle,eng Premier League,27.0,1997.0,29,27,2453.0,27.3,9.0,5.0,14,7,2,2,6,0,0.33,0.18,0.51,0.26,0.44,Matches,9,42,23,54.8,1.54,0.84,0.21,0.39,2,2,Matches,,,,,,,,,,,,,,,5.0,,,,,,Matches,,41,,,,,,,,,,,16,,,,Matches,,,,,,,,,,,,,,,,,,,,,Matches,bruno guimaraes,6.597308051772416,3.869310455396771,5.074970376677811,14.09811718389392,9.365775737911465,MF,0.32967032967032966,0.185896350794059,0.08801069407427049,0.21,,0.18315018315018314,0.14173298371416743,,,,,,,,,
1087,Daouda Guindo,ml MLI,DF,Brest,fr Ligue 1,22.0,2002.0,25,19,1686.0,18.7,1.0,1.0,2,1,0,0,4,1,0.05,0.05,0.11,0.05,0.11,Matches,1,21,5,23.8,1.12,0.27,0.05,0.2,0,0,Matches,,,,,,,,,,,,,,,1.0,,,,,,Matches,,30,,,,,,,,,,,30,,,,Matches,,,,,,,,,,,,,,,,,,,,,Matches,daouda guindo,1.0396253047510982,0.8110729418694973,1.0396253047510982,3.2362389899790287,2.005129542201757,DF,0.053475935828877004,0.055594936082946425,-0.0021190002540694202,0.05,,0.053475935828877004,0.04337288459195173,,,,,,,,,
1088,Bahereba Guirassy,fr FRA,"FW,MF",Nantes,fr Ligue 1,18.0,2006.0,20,9,821.0,9.1,2.0,1.0,3,2,0,0,2,0,0.22,0.11,0.33,0.22,0.33,Matches,2,15,7,46.7,1.64,0.77,0.13,0.29,0,0,Matches,,,,,,,,,,,,,,,1.0,,,,,,Matches,,13,,,,,,,,,,,5,,,,Matches,,,,,,,,,,,,,,,,,,,,,Matches,bahereba guirassy,1.986866552382708,1.0273366682231426,1.986866552382708,3.3992551025003195,0.4723921976983547,FW,0.21978021978021978,0.21833698377831956,0.0014432360019002155,0.13,,0.10989010989010989,0.11289413936518052,,,,,,,,,
1089,Serhou Guirassy,gn GUI,FW,Dortmund,de Bundesliga,29.0,1996.0,33,27,2337.0,26.0,17.0,1.0,18,16,1,3,3,0,0.65,0.04,0.69,0.62,0.65,Matches,17,84,40,47.6,3.23,1.54,0.2,0.43,1,3,Matches,,,,,,,,,,,,,,,1.0,,,,,,Matches,,1,,,,,,,,,,,0,,,,Matches,,,,,,,,,,,,,,,,,,,,,Matches,serhou guirassy,19.91118175908923,1.9295950140804048,17.63785172626376,19.1626296453178,4.181204119697213,FW,0.6538461538461539,0.6783789125486062,-0.11196852919573967,0.2,,0.038461538461538464,0.07421519284924634,,,,,,,,,
1092,Péter Gulácsi,hu HUN,GK,RB Leipzig,de Bundesliga,35.0,1990.0,23,23,2008.0,22.3,0.0,0.0,0,0,0,0,1,0,0.0,0.0,0.0,0.0,0.0,Matches,0,0,0,,0.0,0.0,,,0,0,Matches,,,,,,,,,,,,,,,0.0,,,,,,Matches,,0,,,,,,,,,,,0,,,,Matches,,,,,,,,,,,,,,,,,,,,,Matches,peter gulacsi,0.0,0.0,0.0,5.831954948604107,5.831954948604107,GK,,,,,,,,,,,,,,,,
1093,Arda Güler,tr TUR,MF,Real Madrid,es La Liga,20.0,2005.0,33,25,2014.0,22.4,4.0,9.0,13,4,0,0,1,0,0.18,0.4,0.58,0.18,0.58,Matches,4,49,19,38.8,2.19,0.85,0.08,0.21,0,0,Matches,,,,,,,,,,,,,,,9.0,,,,,,Matches,,28,,,,,,,,,,,8,,,,Matches,,,,,,,,,,,,,,,,,,,,,Matches,arda guler,4.8113659825176,8.848396001383662,4.8113659825176,16.119426768273115,8.680156823247671,MF,0.17857142857142858,0.21479312421953572,-0.03622169564810715,0.08,,0.4017857142857143,0.39501767863319925,,,,,,,,,
1094,Gerard Gumbau,es ESP,MF,Rayo Vallecano,es La Liga,30.0,1994.0,28,14,1175.0,13.1,0.0,3.0,3,0,0,0,4,0,0.0,0.23,0.23,0.0,0.23,Matches,0,20,5,25.0,1.53,0.38,0.0,0.0,0,0,Matches,,,,,,,,,,,,,,,3.0,,,,,,Matches,,16,,,,,,,,,,,11,,,,Matches,,,,,,,,,,,,,,,,,,,,,Matches,gerard gumbau,1.1357509652152658,2.5143625792115927,1.1357509652152658,6.054331148043275,4.46986211836338,MF,0.0,0.08669854696299739,-0.08669854696299739,0.0,,0.22900763358778625,0.19193607474897653,,,,,,,,,
1096,Christian Günter,de GER,DF,Freiburg,de Bundesliga,32.0,1993.0,24,18,1547.0,17.2,0.0,3.0,3,0,0,0,3,0,0.0,0.17,0.17,0.0,0.17,Matches,0,9,0,0.0,0.52,0.0,0.0,,0,0,Matches,,,,,,,,,,,,,,,3.0,,,,,,Matches,,12,,,,,,,,,,,10,,,,Matches,,,,,,,,,,,,,,,,,,,,,Matches,christian gunter,0.3919804766774177,2.233008475974202,0.3919804766774177,5.913286862894893,4.075682835653424,DF,0.0,0.022789562597524286,-0.022789562597524286,0.0,,0.1744186046511628,0.12982607418454664,,,,,,,,,
1097,Jon Guridi,es ESP,"MF,FW",Alavés,es La Liga,30.0,1995.0,28,15,1238.0,13.8,0.0,0.0,0,0,0,0,1,0,0.0,0.0,0.0,0.0,0.0,Matches,0,15,4,26.7,1.09,0.29,0.0,0.0,0,0,Matches,,,,,,,,,,,,,,,0.0,,,,,,Matches,,19,,,,,,,,,,,10,,,,Matches,,,,,,,,,,,,,,,,,,,,,Matches,jon guridi,1.620393067598343,0.5416145175695419,1.620393067598343,5.297916954383254,3.662469517439604,MF,0.0,0.1174197875071263,-0.1174197875071263,0.0,,0.0,0.03924742880938709,,,,,,,,,
1098,Gorka Guruzeta,es ESP,FW,Athletic Club,es La Liga,28.0,1996.0,35,28,2363.0,26.3,10.0,3.0,13,9,1,1,6,1,0.38,0.11,0.5,0.34,0.46,Matches,10,84,32,38.1,3.2,1.22,0.12,0.31,1,1,Matches,,,,,,,,,,,,,,,3.0,,,,,,Matches,,6,,,,,,,,,,,11,,,,Matches,,,,,,,,,,,,,,,,,,,,,Matches,gorka guruzeta,11.726107958704231,3.501504704356193,10.982830349355936,16.107928594574332,4.2075874749571085,FW,0.38022813688212925,0.41759811214281123,-0.06563148131955253,0.12,,0.11406844106463879,0.13313706100213663,,,,,,,,,
1099,Malo Gusto,fr FRA,"DF,MF",Chelsea,eng Premier League,22.0,2003.0,34,26,2261.0,25.1,2.0,3.0,5,2,0,0,5,1,0.08,0.12,0.2,0.08,0.2,Matches,2,12,6,50.0,0.48,0.24,0.17,0.33,0,0,Matches,,,,,,,,,,,,,,,3.0,,,,,,Matches,,23,,,,,,,,,,,30,,,,Matches,,,,,,,,,,,,,,,,,,,,,Matches,malo gusto,1.941821174696088,3.805633621290326,1.941821174696088,16.337898954749107,13.553333889693022,DF,0.0796812749003984,0.07736339341418677,0.002317881486211631,0.17,,0.1195219123505976,0.15161886937411656,,,,,,,,,
1101,Miguel Gutiérrez,es ESP,"MF,DF",Napoli,it Serie A,24.0,2001.0,28,15,1488.0,16.5,1.0,1.0,2,1,0,0,0,0,0.06,0.06,0.12,0.06,0.12,Matches,1,15,5,33.3,0.91,0.3,0.07,0.2,0,0,Matches,,,,,,,,,,,,,,,1.0,,,,,,Matches,,22,,,,,,,,,,,7,,,,Matches,,,,,,,,,,,,,,,,,,,,,Matches,miguel gutierrez,0.571861126460135,1.7833779081702232,0.571861126460135,8.16924431361258,7.402092078700662,MF,0.06060606060606061,0.03465825008849303,0.025947810517567577,0.07,,0.06060606060606061,0.10808350958607414,,,,,,,,,
1102,Albert Guðmundsson,is ISL,"FW,MF",Fiorentina,it Serie A,28.0,1997.0,33,27,2250.0,25.0,5.0,4.0,9,2,3,3,4,1,0.2,0.16,0.36,0.08,0.24,Matches,5,41,15,36.6,1.64,0.6,0.12,0.33,3,3,Matches,,,,,,,,,,,,,,,4.0,,,,,,Matches,,4,,,,,,,,,,,3,,,,Matches,,,,,,,,,,,,,,,,,,,,,Matches,albert gu mundsson,,,,,,FW,0.2,,,0.12,,0.16,,,,,,,,,,
1103,Joško Gvardiol,hr CRO,DF,Manchester City,eng Premier League,23.0,2002.0,18,16,1372.0,15.2,2.0,2.0,4,2,0,0,2,0,0.13,0.13,0.26,0.13,0.26,Matches,2,17,6,35.3,1.12,0.39,0.12,0.33,0,0,Matches,,,,,,,,,,,,,,,2.0,,,,,,Matches,,13,,,,,,,,,,,16,,,,Matches,,,,,,,,,,,,,,,,,,,,,Matches,josko gvardiol,1.8614049591124056,0.4376047477126121,1.8614049591124056,10.09633487649262,9.54827414639294,DF,0.13157894736842105,0.12246085257318458,0.009118094795236478,0.12,,0.13157894736842105,0.028789786033724483,,,,,,,,,
1104,Viktor Gyökeres,se SWE,FW,Arsenal,eng Premier League,27.0,1998.0,36,26,2224.0,24.7,14.0,1.0,15,11,3,3,5,0,0.57,0.04,0.61,0.45,0.49,Matches,14,55,22,40.0,2.23,0.89,0.25,0.64,3,3,Matches,,,,,,,,,,,,,,,1.0,,,,,,Matches,,5,,,,,,,,,,,1,,,,Matches,,,,,,,,,,,,,,,,,,,,,Matches,viktor gyokeres,13.871430788189173,2.6537387324497104,11.58792421594262,14.77520313858986,3.259540883824229,FW,0.5668016194331984,0.4691467293903895,0.0052052312474019135,0.25,,0.04048582995951417,0.10743881507893564,,,,,,,,,
1105,Erling Haaland,no NOR,FW,Manchester City,eng Premier League,25.0,2000.0,35,34,2953.0,32.8,27.0,8.0,35,24,3,4,2,0,0.82,0.24,1.07,0.73,0.98,Matches,27,126,59,46.8,3.84,1.8,0.21,0.46,3,4,Matches,,,,,,,,,,,,,,,8.0,,,,,,Matches,,7,,,,,,,,,,,4,,,,Matches,,,,,,,,,,,,,,,,,,,,,Matches,erling haaland,28.795336209237576,5.507687093690038,25.7506607696414,32.735352732241154,5.163548586890101,FW,0.8231707317073171,0.7850811210256525,-0.05473586003773097,0.21,,0.24390243902439027,0.16791728944176945,,,,,,,,,
1106,Janik Haberer,de GER,MF,Union Berlin,de Bundesliga,31.0,1994.0,28,20,1646.0,18.3,0.0,1.0,1,0,0,0,8,0,0.0,0.05,0.05,0.0,0.05,Matches,0,11,1,9.1,0.6,0.05,0.0,0.0,0,0,Matches,,,,,,,,,,,,,,,1.0,,,,,,Matches,,19,,,,,,,,,,,10,,,,Matches,,,,,,,,,,,,,,,,,,,,,Matches,janik haberer,0.6165919480845332,1.4660948365926745,0.6165919480845332,2.625936538912356,1.615098069421947,MF,0.0,0.03369354907565755,-0.03369354907565755,0.0,,0.0546448087431694,0.08011447194495488,,,,,,,,,
1109,Albian Hajdari,xk KVX,DF,Hoffenheim,de Bundesliga,22.0,2003.0,30,28,2434.0,27.0,1.0,2.0,3,1,0,0,10,0,0.04,0.07,0.11,0.04,0.11,Matches,1,19,4,21.1,0.7,0.15,0.05,0.25,0,0,Matches,,,,,,,,,,,,,,,2.0,,,,,,Matches,,38,,,,,,,,,,,42,,,,Matches,,,,,,,,,,,,,,,,,,,,,Matches,albian hajdari,1.951246085576713,1.4744714088737965,1.951246085576713,9.048692982643844,7.608659699559212,DF,0.037037037037037035,0.07226837353987826,-0.03523133650284122,0.05,,0.07407407407407407,0.05461005218051098,,,,,,,,,
1110,Achraf Hakimi,ma MAR,DF,PSG,fr Ligue 1,26.0,1998.0,18,15,1375.0,15.3,2.0,2.0,4,2,0,0,3,1,0.13,0.13,0.26,0.13,0.26,Matches,2,27,9,33.3,1.77,0.59,0.07,0.22,0,0,Matches,,,,,,,,,,,,,,,2.0,,,,,,Matches,,13,,,,,,,,,,,11,,,,Matches,,,,,,,,,,,,,,,,,,,,,Matches,achraf hakimi,2.801814373582601,1.457746408879757,2.801814373582601,9.875811459496616,7.461580440402031,DF,0.13071895424836602,0.18312512245637916,-0.052406168208013144,0.07,,0.13071895424836602,0.0952775430640364,,,,,,,,,
1111,Lewis Hall,eng ENG,DF,Newcastle,eng Premier League,20.0,2004.0,30,24,2181.0,24.2,1.0,1.0,2,1,0,0,4,0,0.04,0.04,0.08,0.04,0.08,Matches,1,25,6,24.0,1.03,0.25,0.04,0.17,0,0,Matches,,,,,,,,,,,,,,,1.0,,,,,,Matches,,31,,,,,,,,,,,29,,,,Matches,,,,,,,,,,,,,,,,,,,,,Matches,lewis hall,1.28814219776541,2.5339094949886203,1.28814219776541,8.868408833630383,7.467507724650204,DF,0.04132231404958678,0.05322901643658719,-0.01190670238700041,0.04,,0.04132231404958678,0.1047070039251496,,,,,,,,,
1115,Andreas Hanche-Olsen,no NOR,DF,Mainz 05,de Bundesliga,28.0,1997.0,13,8,851.0,9.5,0.0,1.0,1,0,0,0,3,0,0.0,0.11,0.11,0.0,0.11,Matches,0,6,3,50.0,0.63,0.32,0.0,0.0,0,0,Matches,,,,,,,,,,,,,,,1.0,,,,,,Matches,,5,,,,,,,,,,,13,,,,Matches,,,,,,,,,,,,,,,,,,,,,Matches,andreas hanche olsen,0.2357495911419391,0.709290836006403,0.2357495911419391,2.0370114482939243,1.2583506405353546,DF,0.0,0.02481574643599359,-0.02481574643599359,0.0,,0.10526315789473684,0.07466219326383189,,,,,,,,,
1116,Dávid Hancko,sk SVK,DF,Atlético Madrid,es La Liga,27.0,1997.0,30,27,2432.0,27.0,0.0,2.0,2,0,0,0,2,0,0.0,0.07,0.07,0.0,0.07,Matches,0,21,5,23.8,0.78,0.19,0.0,0.0,0,0,Matches,,,,,,,,,,,,,,,2.0,,,,,,Matches,,27,,,,,,,,,,,19,,,,Matches,,,,,,,,,,,,,,,,,,,,,Matches,david hancko,1.6438409592956305,2.1513782758265734,1.6438409592956305,12.420591298490764,10.175065614283085,DF,0.0,0.06088299849243076,-0.06088299849243076,0.0,,0.07407407407407407,0.07968067688246568,,,,,,,,,
1117,Florent Hanin,dz ALG,"DF,MF",Angers,fr Ligue 1,35.0,1990.0,25,9,865.0,9.6,0.0,0.0,0,0,0,0,0,0,0.0,0.0,0.0,0.0,0.0,Matches,0,3,0,0.0,0.31,0.0,0.0,,0,0,Matches,,,,,,,,,,,,,,,0.0,,,,,,Matches,,8,,,,,,,,,,,13,,,,Matches,,,,,,,,,,,,,,,,,,,,,Matches,florent hanin,0.0746449474245309,0.7792584672570229,0.0746449474245309,3.0628660544753075,2.31902040168643,DF,0.0,0.007775515356721969,-0.007775515356721969,0.0,,0.0,0.08117275700593989,,,,,,,,,
1120,Hákon Haraldsson,is ISL,MF,Lille,fr Ligue 1,22.0,2003.0,32,29,2460.0,27.3,8.0,2.0,10,8,0,0,6,0,0.29,0.07,0.37,0.29,0.37,Matches,8,50,17,34.0,1.83,0.62,0.16,0.47,0,0,Matches,,,,,,,,,,,,,,,2.0,,,,,,Matches,,15,,,,,,,,,,,12,,,,Matches,,,,,,,,,,,,,,,,,,,,,Matches,hakon haraldsson,8.196693381294608,4.53067035600543,8.196693381294608,18.88669960573316,9.129945868626235,MF,0.29304029304029305,0.3002451788020003,-0.007204885761707257,0.16,,0.07326007326007326,0.1659586210991,,,,,,,,,
1121,Conrad Harder,dk DEN,FW,RB Leipzig,de Bundesliga,20.0,2005.0,29,8,932.0,10.4,3.0,3.0,6,3,0,0,3,0,0.29,0.29,0.58,0.29,0.58,Matches,3,42,13,31.0,4.06,1.26,0.07,0.23,0,0,Matches,,,,,,,,,,,,,,,3.0,,,,,,Matches,,6,,,,,,,,,,,7,,,,Matches,,,,,,,,,,,,,,,,,,,,,Matches,conrad harder,4.679239679127932,2.816276628524065,4.679239679127932,7.420943347737193,1.14351468347013,FW,0.28846153846153844,0.4499268922238396,-0.16146535376230112,0.07,,0.28846153846153844,0.2707958296657755,,,,,,,,,
1122,Jack Harrison,eng ENG,"FW,MF",Fiorentina,it Serie A,28.0,1996.0,15,10,981.0,10.9,1.0,3.0,4,1,0,0,1,0,0.09,0.28,0.37,0.09,0.37,Matches,1,13,4,30.8,1.19,0.37,0.08,0.25,0,0,Matches,,,,,,,,,,,,,,,3.0,,,,,,Matches,,6,,,,,,,,,,,2,,,,Matches,,,,,,,,,,,,,,,,,,,,,Matches,jack harrison,0.4338683113455772,0.3380284607410431,0.4338683113455772,1.0663754409179091,0.3290564557537436,FW,0.09174311926605504,0.03980443223353919,0.05193868703251585,0.08,,0.27522935779816515,0.03101178538908652,,,,,,,,,
1124,Abdou Harroui,nl NED,MF,Hellas Verona,it Serie A,27.0,1998.0,23,11,907.0,10.1,1.0,0.0,1,0,1,1,3,0,0.1,0.0,0.1,0.0,0.0,Matches,1,12,2,16.7,1.19,0.2,0.08,0.5,1,1,Matches,,,,,,,,,,,,,,,0.0,,,,,,Matches,,17,,,,,,,,,,,1,,,,Matches,,,,,,,,,,,,,,,,,,,,,Matches,abdou harroui,1.1734618581831455,0.6866047256626189,0.4121630229055881,3.6475467239506543,2.7020138697698712,MF,0.09900990099009901,0.04080822008966219,-0.017174441404271833,0.08,,0.0,0.06798066590718999,,,,,,,,,
1125,Quilindschy Hartman,nl NED,DF,Burnley,eng Premier League,23.0,2001.0,21,21,1825.0,20.3,0.0,5.0,5,0,0,0,1,0,0.0,0.25,0.25,0.0,0.25,Matches,0,9,3,33.3,0.44,0.15,0.0,0.0,0,0,Matches,,,,,,,,,,,,,,,5.0,,,,,,Matches,,31,,,,,,,,,,,32,,,,Matches,,,,,,,,,,,,,,,,,,,,,Matches,quilindschy hartman,0.377465664409101,2.790129487402737,0.377465664409101,5.23548704944551,4.075551783666015,DF,0.0,0.018594367704881824,-0.018594367704881824,0.0,,0.24630541871921183,0.1374448023351102,,,,,,,,,
1126,Haissem Hassan,eg EGY,"MF,FW",Oviedo,es La Liga,23.0,2002.0,37,20,1942.0,21.6,0.0,3.0,3,0,0,0,1,0,0.0,0.14,0.14,0.0,0.14,Matches,0,34,8,23.5,1.58,0.37,0.0,0.0,0,0,Matches,,,,,,,,,,,,,,,3.0,,,,,,Matches,,26,,,,,,,,,,,6,,,,Matches,,,,,,,,,,,,,,,,,,,,,Matches,haissem hassan,1.9617184847593307,1.7974820844829082,1.9617184847593307,5.390570223331451,2.5027807988226414,MF,0.0,0.09082030022033938,-0.09082030022033938,0.0,,0.13888888888888887,0.08321676317050501,,,,,,,,,
1128,Hans Hateboer,nl NED,"DF,MF",Lyon,fr Ligue 1,31.0,1994.0,15,8,740.0,8.2,0.0,0.0,0,0,0,0,0,1,0.0,0.0,0.0,0.0,0.0,Matches,0,7,1,14.3,0.85,0.12,0.0,0.0,0,0,Matches,,,,,,,,,,,,,,,0.0,,,,,,Matches,,10,,,,,,,,,,,10,,,,Matches,,,,,,,,,,,,,,,,,,,,,Matches,hans hateboer,0.3286443073302507,0.0340640284121036,0.3286443073302507,2.8689861558377743,2.6208875365555286,DF,0.0,0.040078574064664724,-0.040078574064664724,0.0,,0.0,0.004154149806354097,,,,,,,,,
1129,Jorrel Hato,nl NED,DF,Chelsea,eng Premier League,19.0,2006.0,22,12,1148.0,12.8,0.0,0.0,0,0,0,0,7,0,0.0,0.0,0.0,0.0,0.0,Matches,0,4,0,0.0,0.31,0.0,0.0,,0,0,Matches,,,,,,,,,,,,,,,0.0,,,,,,Matches,,19,,,,,,,,,,,17,,,,Matches,,,,,,,,,,,,,,,,,,,,,Matches,jorrel hato,0.3383092209696769,0.7095918618142605,0.3383092209696769,6.174443513154984,5.819172963500023,DF,0.0,0.026430407888256006,-0.026430407888256006,0.0,,0.0,0.0554368642042391,,,,,,,,,
1131,Kai Havertz,de GER,"FW,MF",Arsenal,eng Premier League,26.0,1999.0,12,7,581.0,6.5,2.0,3.0,5,2,0,0,1,0,0.31,0.46,0.77,0.31,0.77,Matches,2,18,4,22.2,2.79,0.62,0.11,0.5,0,0,Matches,,,,,,,,,,,,,,,3.0,,,,,,Matches,,5,,,,,,,,,,,1,,,,Matches,,,,,,,,,,,,,,,,,,,,,Matches,kai havertz,4.895509898662567,1.456983646377921,4.895509898662567,4.521999087184668,0.751641895622015,FW,0.3076923076923077,0.7531553690250103,-0.44546306133270264,0.11,,0.46153846153846156,0.22415133021198785,,,,,,,,,
1132,Ayden Heaven,eng ENG,DF,Manchester Utd,eng Premier League,18.0,2006.0,17,11,924.0,10.3,0.0,1.0,1,0,0,0,2,0,0.0,0.1,0.1,0.0,0.1,Matches,0,3,0,0.0,0.29,0.0,0.0,,0,0,Matches,,,,,,,,,,,,,,,1.0,,,,,,Matches,,13,,,,,,,,,,,1,,,,Matches,,,,,,,,,,,,,,,,,,,,,Matches,ayden heaven,0.2150531085208058,0.365470789372921,0.2150531085208058,4.165300289168954,3.71104566194117,DF,0.0,0.020878942574835514,-0.020878942574835514,0.0,,0.0970873786407767,0.03548260090999233,,,,,,,,,
1133,Jan Paul van Hecke,nl NED,DF,Brighton,eng Premier League,25.0,2000.0,36,36,3210.0,35.7,3.0,3.0,6,3,0,0,9,0,0.08,0.08,0.17,0.08,0.17,Matches,3,23,10,43.5,0.64,0.28,0.13,0.3,0,0,Matches,,,,,,,,,,,,,,,3.0,,,,,,Matches,,31,,,,,,,,,,,45,,,,Matches,,,,,,,,,,,,,,,,,,,,,Matches,jan paul van hecke,3.358578664250672,1.0255657620728016,3.358578664250672,14.122217744588852,13.213500533252954,DF,0.08403361344537814,0.09407783373251181,-0.010044220287133665,0.13,,0.08403361344537814,0.028727332270946822,,,,,,,,,
1134,Hwang Hee-chan,kr KOR,"FW,MF",Wolves,eng Premier League,29.0,1996.0,26,18,1446.0,16.1,2.0,2.0,4,1,1,1,5,0,0.12,0.12,0.25,0.06,0.19,Matches,2,19,6,31.6,1.18,0.37,0.11,0.33,1,1,Matches,,,,,,,,,,,,,,,2.0,,,,,,Matches,,4,,,,,,,,,,,12,,,,Matches,,,,,,,,,,,,,,,,,,,,,Matches,hwang hee chan,,,,,,FW,0.12422360248447203,,,0.11,,0.12422360248447203,,,,,,,,,,
1135,Torbjørn Heggem,no NOR,DF,Bologna,it Serie A,26.0,1999.0,27,23,2113.0,23.5,0.0,0.0,0,0,0,0,0,1,0.0,0.0,0.0,0.0,0.0,Matches,0,11,2,18.2,0.47,0.09,0.0,0.0,0,0,Matches,,,,,,,,,,,,,,,0.0,,,,,,Matches,,19,,,,,,,,,,,25,,,,Matches,,,,,,,,,,,,,,,,,,,,,Matches,torbj rn heggem,1.0151279531419275,0.050894595682621,1.0151279531419275,4.1579109420999885,4.145889705978334,DF,0.0,0.043196934176252234,-0.043196934176252234,0.0,,0.0,0.002165727475856213,,,,,,,,,
1136,Gauthier Hein,fr FRA,"MF,FW",Metz,fr Ligue 1,28.0,1996.0,29,26,2351.0,26.1,8.0,7.0,15,3,5,5,3,1,0.31,0.27,0.57,0.11,0.38,Matches,8,44,13,29.5,1.68,0.5,0.18,0.62,5,5,Matches,,,,,,,,,,,,,,,7.0,,,,,,Matches,,10,,,,,,,,,,,9,,,,Matches,,,,,,,,,,,,,,,,,,,,,Matches,gauthier hein,7.256195746362209,4.457953127101064,3.4557200483977795,9.394331835210323,4.18543278798461,MF,0.3065134099616858,0.13240306698842066,0.028498247265815735,0.18,,0.2681992337164751,0.17080280180463844,,,,,,,,,
1138,Eivind Helland,no NOR,DF,Bologna,it Serie A,20.0,2005.0,6,6,484.0,5.4,0.0,0.0,0,0,0,0,2,0,0.0,0.0,0.0,0.0,0.0,Matches,0,1,0,0.0,0.19,0.0,0.0,,0,0,Matches,,,,,,,,,,,,,,,0.0,,,,,,Matches,,5,,,,,,,,,,,7,,,,Matches,,,,,,,,,,,,,,,,,,,,,Matches,eivind helland,0.0996828228235244,0.1498643718659877,0.0996828228235244,0.8593118786811829,0.7094475030899048,DF,0.0,0.01845978200435637,-0.01845978200435637,0.0,,0.0,0.027752661456664385,,,,,,,,,
1140,Dean Henderson,eng ENG,GK,Crystal Palace,eng Premier League,28.0,1997.0,37,37,3330.0,37.0,0.0,0.0,0,0,0,0,5,0,0.0,0.0,0.0,0.0,0.0,Matches,0,0,0,,0.0,0.0,,,0,0,Matches,,,,,,,,,,,,,,,0.0,,,,,,Matches,,0,,,,,,,,,,,1,,,,Matches,,,,,,,,,,,,,,,,,,,,,Matches,dean henderson,0.0,0.0154756419360637,0.0,3.761154722422362,3.761154722422362,GK,,,,,,,,,,,,,,,,
1141,Jordan Henderson,eng ENG,MF,Brentford,eng Premier League,35.0,1990.0,32,22,1919.0,21.3,1.0,3.0,4,1,0,0,6,0,0.05,0.14,0.19,0.05,0.19,Matches,1,6,1,16.7,0.28,0.05,0.17,1.0,0,0,Matches,,,,,,,,,,,,,,,3.0,,,,,,Matches,,14,,,,,,,,,,,16,,,,Matches,,,,,,,,,,,,,,,,,,,,,Matches,jordan henderson,0.5513727776706219,3.320531530305743,0.5513727776706219,8.78984696418047,6.131646819412708,MF,0.046948356807511735,0.025886045900029193,0.02106231090748254,0.17,,0.14084507042253522,0.155893499075387,,,,,,,,,
1142,Ramon Hendriks,nl NED,DF,Stuttgart,de Bundesliga,24.0,2001.0,31,22,2025.0,22.5,0.0,3.0,3,0,0,0,3,0,0.0,0.13,0.13,0.0,0.13,Matches,0,5,0,0.0,0.22,0.0,0.0,,0,0,Matches,,,,,,,,,,,,,,,3.0,,,,,,Matches,,15,,,,,,,,,,,22,,,,Matches,,,,,,,,,,,,,,,,,,,,,Matches,ramon hendriks,0.2131752036511898,0.5864755865186453,0.2131752036511898,9.381356485188007,9.077877201139929,DF,0.0,0.009474453495608435,-0.009474453495608435,0.0,,0.13333333333333333,0.0260655816230509,,,,,,,,,
1144,Caio Henrique,br BRA,"DF,MF",Monaco,fr Ligue 1,28.0,1997.0,22,17,1536.0,17.1,0.0,2.0,2,0,0,0,2,0,0.0,0.12,0.12,0.0,0.12,Matches,0,2,0,0.0,0.12,0.0,0.0,,0,0,Matches,,,,,,,,,,,,,,,2.0,,,,,,Matches,,11,,,,,,,,,,,12,,,,Matches,,,,,,,,,,,,,,,,,,,,,Matches,caio henrique,0.1910106763243675,3.198100356385112,0.1910106763243675,4.503836177289486,3.891177363693714,DF,0.0,0.011170214989729092,-0.011170214989729092,0.0,,0.11695906432748537,0.18702341265410008,,,,,,,,,
1145,Luis Henrique,br BRA,MF,Inter,it Serie A,23.0,2001.0,30,18,1624.0,18.0,1.0,2.0,3,1,0,0,1,0,0.06,0.11,0.17,0.06,0.17,Matches,1,15,7,46.7,0.83,0.39,0.07,0.14,0,0,Matches,,,,,,,,,,,,,,,2.0,,,,,,Matches,,16,,,,,,,,,,,7,,,,Matches,,,,,,,,,,,,,,,,,,,,,Matches,luis henrique,1.1519507393240929,2.1901443749666214,1.1519507393240929,8.63915280252695,5.7535695768892765,MF,0.05555555555555555,0.06399726329578294,-0.00844170774022738,0.07,,0.1111111111111111,0.12167468749814564,,,,,,,,,
1146,Rico Henry,jm JAM,DF,Brentford,eng Premier League,28.0,1997.0,25,14,1328.0,14.8,0.0,1.0,1,0,0,0,2,0,0.0,0.07,0.07,0.0,0.07,Matches,0,5,0,0.0,0.34,0.0,0.0,,0,0,Matches,,,,,,,,,,,,,,,1.0,,,,,,Matches,,11,,,,,,,,,,,7,,,,Matches,,,,,,,,,,,,,,,,,,,,,Matches,rico henry,0.1456592017784714,0.3161719217896461,0.1456592017784714,2.418498318642378,2.231708014383912,DF,0.0,0.009841837958004822,-0.009841837958004822,0.0,,0.06756756756756756,0.0213629676884896,,,,,,,,,
1148,Mads Hermansen,dk DEN,GK,West Ham,eng Premier League,25.0,2000.0,18,18,1620.0,18.0,0.0,1.0,1,0,0,0,0,0,0.0,0.06,0.06,0.0,0.06,Matches,0,0,0,,0.0,0.0,,,0,0,Matches,,,,,,,,,,,,,,,1.0,,,,,,Matches,,0,,,,,,,,,,,0,,,,Matches,,,,,,,,,,,,,,,,,,,,,Matches,mads hermansen,0.0,0.0371963791549205,0.0,2.0422262623906136,2.0050298795104027,GK,,,,,,,,,,,,,,,,
1149,Mario Hermoso,es ESP,DF,Roma,it Serie A,30.0,1995.0,27,25,2085.0,23.2,3.0,2.0,5,3,0,0,9,0,0.13,0.09,0.22,0.13,0.22,Matches,3,20,6,30.0,0.86,0.26,0.15,0.5,0,0,Matches,,,,,,,,,,,,,,,2.0,,,,,,Matches,,20,,,,,,,,,,,30,,,,Matches,,,,,,,,,,,,,,,,,,,,,Matches,mario hermoso,2.192820576019585,0.8591896975412965,2.192820576019585,7.192078398540616,5.719124445691705,DF,0.12931034482758622,0.09451812827670626,0.034792216550879954,0.15,,0.08620689655172414,0.03703403868712485,,,,,,,,,
1150,Lucas Hernández,fr FRA,DF,PSG,fr Ligue 1,29.0,1996.0,25,20,1747.0,19.4,0.0,3.0,3,0,0,0,4,0,0.0,0.15,0.15,0.0,0.15,Matches,0,11,3,27.3,0.57,0.15,0.0,0.0,0,0,Matches,,,,,,,,,,,,,,,3.0,,,,,,Matches,,14,,,,,,,,,,,21,,,,Matches,,,,,,,,,,,,,,,,,,,,,Matches,lucas hernandez,0.641115945763886,1.280301958322525,0.641115945763886,13.89805230870843,12.697192337363958,DF,0.0,0.03304721369916938,-0.03304721369916938,0.0,,0.15463917525773196,0.0659949463052848,,,,,,,,,
1152,Jorge Herrando,es ESP,DF,Osasuna,es La Liga,24.0,2001.0,28,17,1600.0,17.8,0.0,1.0,1,0,0,0,3,0,0.0,0.06,0.06,0.0,0.06,Matches,0,3,0,0.0,0.17,0.0,0.0,,0,0,Matches,,,,,,,,,,,,,,,1.0,,,,,,Matches,,15,,,,,,,,,,,22,,,,Matches,,,,,,,,,,,,,,,,,,,,,Matches,jorge herrando,0.1706695649772882,0.6935188174247742,0.1706695649772882,1.8340701051056385,1.8011348769068718,DF,0.0,0.00958817780771282,-0.00958817780771282,0.0,,0.056179775280898875,0.038961731315998546,,,,,,,,,
1153,Sergio Herrera,es ESP,GK,Osasuna,es La Liga,32.0,1993.0,37,37,3284.0,36.5,0.0,0.0,0,0,0,0,3,1,0.0,0.0,0.0,0.0,0.0,Matches,0,0,0,,0.0,0.0,,,0,0,Matches,,,,,,,,,,,,,,,0.0,,,,,,Matches,,0,,,,,,,,,,,0,,,,Matches,,,,,,,,,,,,,,,,,,,,,Matches,sergio herrera,0.0,0.0,0.0,2.1348039116710424,2.1348039116710424,GK,,,,,,,,,,,,,,,,
1155,Yangel Herrera,ve VEN,MF,Real Sociedad,es La Liga,27.0,1998.0,12,6,526.0,5.8,0.0,0.0,0,0,0,0,2,0,0.0,0.0,0.0,0.0,0.0,Matches,0,5,1,20.0,0.86,0.17,0.0,0.0,0,0,Matches,,,,,,,,,,,,,,,0.0,,,,,,Matches,,6,,,,,,,,,,,1,,,,Matches,,,,,,,,,,,,,,,,,,,,,Matches,yangel herrera,0.689001614227891,0.0548966005444526,0.689001614227891,1.6791701149195433,1.4945150688290596,MF,0.0,0.11879338176342948,-0.11879338176342948,0.0,,0.0,0.009464931128353896,,,,,,,,,
1157,Daniel Heuer Fernandes,pt POR,GK,Hamburger SV,de Bundesliga,32.0,1992.0,33,33,2970.0,33.0,0.0,0.0,0,0,0,0,3,0,0.0,0.0,0.0,0.0,0.0,Matches,0,1,0,0.0,0.03,0.0,0.0,,0,0,Matches,,,,,,,,,,,,,,,0.0,,,,,,Matches,,0,,,,,,,,,,,0,,,,Matches,,,,,,,,,,,,,,,,,,,,,Matches,daniel heuer fernandes,0.1280906349420547,0.0,0.1280906349420547,5.012303248047829,5.012303248047829,GK,,,,,,,,,,,,,,,,
1158,Aaron Hickey,sct SCO,"DF,MF",Brentford,eng Premier League,23.0,2002.0,21,8,691.0,7.7,0.0,0.0,0,0,0,0,1,0,0.0,0.0,0.0,0.0,0.0,Matches,0,6,1,16.7,0.78,0.13,0.0,0.0,0,0,Matches,,,,,,,,,,,,,,,0.0,,,,,,Matches,,7,,,,,,,,,,,8,,,,Matches,,,,,,,,,,,,,,,,,,,,,Matches,aaron hickey,0.5498570688068867,0.6038424372673035,0.5498570688068867,2.695782231166959,2.2481193635612726,DF,0.0,0.07141000893595931,-0.07141000893595931,0.0,,0.0,0.07842109574900046,,,,,,,,,
1159,Santiago Hidalgo,ar ARG,"MF,FW",Toulouse,fr Ligue 1,20.0,2005.0,28,14,1306.0,14.5,4.0,6.0,10,4,0,0,4,0,0.28,0.41,0.69,0.28,0.69,Matches,4,33,13,39.4,2.27,0.9,0.12,0.31,0,0,Matches,,,,,,,,,,,,,,,6.0,,,,,,Matches,,20,,,,,,,,,,,8,,,,Matches,,,,,,,,,,,,,,,,,,,,,Matches,santiago hidalgo,4.3010341711342335,2.72281704004854,4.3010341711342335,6.958296973258257,2.094240222126245,MF,0.27586206896551724,0.29662304628511954,-0.02076097731960231,0.12,,0.41379310344827586,0.18778048552058896,,,,,,,,,
1160,Isak Hien,se SWE,DF,Atalanta,it Serie A,26.0,1999.0,28,20,1970.0,21.9,1.0,0.0,1,1,0,0,5,0,0.05,0.0,0.05,0.05,0.05,Matches,1,9,3,33.3,0.41,0.14,0.11,0.33,0,0,Matches,,,,,,,,,,,,,,,0.0,,,,,,Matches,,34,,,,,,,,,,,29,,,,Matches,,,,,,,,,,,,,,,,,,,,,Matches,isak hien,1.0833443198353052,0.1072509177029132,1.0833443198353052,6.416519846767187,6.356766816228628,DF,0.04566210045662101,0.049467777161429465,-0.0038056767048084577,0.11,,0.0,0.004897302178215215,,,,,,,,,
1162,Omar El Hilali,ma MAR,DF,Espanyol,es La Liga,21.0,2003.0,36,32,2826.0,31.4,0.0,2.0,2,0,0,0,9,0,0.0,0.06,0.06,0.0,0.06,Matches,0,1,0,0.0,0.03,0.0,0.0,,0,0,Matches,,,,,,,,,,,,,,,2.0,,,,,,Matches,,55,,,,,,,,,,,39,,,,Matches,,,,,,,,,,,,,,,,,,,,,Matches,omar el hilali,0.0136713292449712,1.6936176465824246,0.0136713292449712,5.094719165936112,3.9731050971895456,DF,0.0,0.00043539265111373253,-0.00043539265111373253,0.0,,0.06369426751592357,0.05393686772555493,,,,,,,,,
1163,James Hill,eng ENG,DF,Bournemouth,eng Premier League,23.0,2002.0,29,22,2106.0,23.4,0.0,3.0,3,0,0,0,5,0,0.0,0.13,0.13,0.0,0.13,Matches,0,12,2,16.7,0.51,0.09,0.0,0.0,0,0,Matches,,,,,,,,,,,,,,,3.0,,,,,,Matches,,20,,,,,,,,,,,37,,,,Matches,,,,,,,,,,,,,,,,,,,,,Matches,james hill,0.9502518232911824,1.4291670992970469,0.9502518232911824,7.55955524276942,7.176162118092179,DF,0.0,0.04060905227740096,-0.04060905227740096,0.0,,0.12820512820512822,0.06107551706397637,,,,,,,,,
1165,Piero Hincapié,ec ECU,DF,Arsenal,eng Premier League,23.0,2002.0,25,20,1792.0,19.9,1.0,2.0,3,1,0,0,2,0,0.05,0.1,0.15,0.05,0.15,Matches,1,3,2,66.7,0.15,0.1,0.33,0.5,0,0,Matches,,,,,,,,,,,,,,,2.0,,,,,,Matches,,26,,,,,,,,,,,26,,,,Matches,,,,,,,,,,,,,,,,,,,,,Matches,piero hincapie,0.4126348299905658,2.1274072602391243,0.4126348299905658,8.479371219873428,6.883014105260372,DF,0.05025125628140704,0.020735418592490742,0.029515837688916295,0.33,,0.10050251256281408,0.10690488744920223,,,,,,,,,
1167,Jack Hinshelwood,eng ENG,MF,Brighton,eng Premier League,20.0,2005.0,27,20,1741.0,19.3,4.0,3.0,7,4,0,0,0,0,0.21,0.16,0.36,0.21,0.36,Matches,4,37,15,40.5,1.91,0.78,0.11,0.27,0,0,Matches,,,,,,,,,,,,,,,3.0,,,,,,Matches,,13,,,,,,,,,,,6,,,,Matches,,,,,,,,,,,,,,,,,,,,,Matches,jack hinshelwood,4.76202392950654,2.3572685150429606,4.76202392950654,11.615752866491675,5.945451917126775,MF,0.20725388601036268,0.24673699116614198,-0.03948310515577929,0.11,,0.15544041450777202,0.12213826502813267,,,,,,,,,
1171,Jonas Hofmann,de GER,MF,Leverkusen,de Bundesliga,33.0,1992.0,23,11,1013.0,11.3,2.0,2.0,4,2,0,0,3,0,0.18,0.18,0.36,0.18,0.36,Matches,2,23,7,30.4,2.04,0.62,0.09,0.29,0,0,Matches,,,,,,,,,,,,,,,2.0,,,,,,Matches,,10,,,,,,,,,,,2,,,,Matches,,,,,,,,,,,,,,,,,,,,,Matches,jonas hofmann,2.1885164361447096,2.7552873007953167,2.1885164361447096,9.790684130042791,5.792823223397136,MF,0.17699115044247787,0.1936740208977619,-0.01668287045528403,0.09,,0.17699115044247787,0.24383073458365634,,,,,,,,,
1172,Malthe Hojholt,dk DEN,MF,Pisa,it Serie A,24.0,2001.0,17,9,850.0,9.4,0.0,0.0,0,0,0,0,2,0,0.0,0.0,0.0,0.0,0.0,Matches,0,4,2,50.0,0.42,0.21,0.0,0.0,0,0,Matches,,,,,,,,,,,,,,,0.0,,,,,,Matches,,8,,,,,,,,,,,9,,,,Matches,,,,,,,,,,,,,,,,,,,,,Matches,malthe hojholt,,,,,,MF,0.0,,,0.0,,0.0,,,,,,,,,,
1173,Lucas Höler,de GER,"FW,MF",Freiburg,de Bundesliga,31.0,1994.0,33,25,2037.0,22.6,3.0,1.0,4,3,0,0,4,0,0.13,0.04,0.18,0.13,0.18,Matches,3,33,15,45.5,1.46,0.66,0.09,0.2,0,0,Matches,,,,,,,,,,,,,,,1.0,,,,,,Matches,,12,,,,,,,,,,,11,,,,Matches,,,,,,,,,,,,,,,,,,,,,Matches,lucas holer,5.246343094855547,2.082939330488444,5.246343094855547,8.25760810635984,2.614948822185397,FW,0.1327433628318584,0.23213907499360825,-0.09939571216174986,0.09,,0.04424778761061947,0.09216545710125858,,,,,,,,,
1174,Benedict Hollerbach,de GER,"FW,MF",Mainz 05,de Bundesliga,24.0,2001.0,14,13,872.0,9.7,1.0,3.0,4,1,0,0,0,0,0.1,0.31,0.41,0.1,0.41,Matches,1,22,6,27.3,2.27,0.62,0.05,0.17,0,0,Matches,,,,,,,,,,,,,,,3.0,,,,,,Matches,,8,,,,,,,,,,,1,,,,Matches,,,,,,,,,,,,,,,,,,,,,Matches,benedict hollerbach,2.9790893960744143,1.8817622810602188,2.9790893960744143,4.888501934707165,1.3094587735831738,FW,0.10309278350515465,0.3071226181520015,-0.20402983464684685,0.05,,0.30927835051546393,0.1939961114495071,,,,,,,,,
1175,Emil Holm,se SWE,DF,Bologna,it Serie A,25.0,2000.0,11,8,655.0,7.3,1.0,4.0,5,1,0,0,3,1,0.14,0.55,0.69,0.14,0.69,Matches,1,8,1,12.5,1.1,0.14,0.13,1.0,0,0,Matches,,,,,,,,,,,,,,,4.0,,,,,,Matches,,13,,,,,,,,,,,7,,,,Matches,,,,,,,,,,,,,,,,,,,,,Matches,emil holm,1.1488585537299514,2.278636334463954,1.1488585537299514,4.335210639052093,3.059872541576624,DF,0.136986301369863,0.1573778840725961,-0.020391582702733068,0.13,,0.547945205479452,0.3121419636251992,,,,,,,,,
1177,Franck Honorat,fr FRA,"MF,FW",Gladbach,de Bundesliga,28.0,1996.0,28,24,1977.0,22.0,2.0,6.0,8,2,0,0,0,0,0.09,0.27,0.36,0.09,0.36,Matches,2,17,5,29.4,0.77,0.23,0.12,0.4,0,0,Matches,,,,,,,,,,,,,,,6.0,,,,,,Matches,,13,,,,,,,,,,,5,,,,Matches,,,,,,,,,,,,,,,,,,,,,Matches,franck honorat,0.8942651934921741,7.341735703870654,0.8942651934921741,9.130235239863396,3.1209773272275925,MF,0.09090909090909091,0.04064841788600792,0.05026067302308299,0.12,,0.2727272727272727,0.3337152592668479,,,,,,,,,
1178,Mathias Honsak,at AUT,"MF,FW",Heidenheim,de Bundesliga,28.0,1996.0,27,15,1249.0,13.9,2.0,1.0,3,2,0,0,1,0,0.14,0.07,0.22,0.14,0.22,Matches,2,31,8,25.8,2.23,0.58,0.06,0.25,0,0,Matches,,,,,,,,,,,,,,,1.0,,,,,,Matches,,12,,,,,,,,,,,17,,,,Matches,,,,,,,,,,,,,,,,,,,,,Matches,mathias honsak,3.318507017567754,1.4457622598856688,3.318507017567754,6.105871044099331,1.940842181444168,MF,0.14388489208633093,0.23874151205523408,-0.09485661996890314,0.06,,0.07194244604316546,0.10401167337306969,,,,,,,,,
1180,Andreas Hountondji,bj BEN,FW,St Pauli,de Bundesliga,23.0,2002.0,21,15,1067.0,11.9,4.0,0.0,4,4,0,1,2,0,0.34,0.0,0.34,0.34,0.34,Matches,4,21,13,61.9,1.77,1.1,0.19,0.31,0,1,Matches,,,,,,,,,,,,,,,0.0,,,,,,Matches,,0,,,,,,,,,,,0,,,,Matches,,,,,,,,,,,,,,,,,,,,,Matches,andreas hountondji,4.958361548837274,0.7058144751936197,4.200584930833429,3.75940072350204,0.1124955490231514,FW,0.3361344537815126,0.3529903303221369,-0.0805345839359054,0.19,,0.0,0.05931214077257308,,,,,,,,,
1182,Lukáš Hrádecký,fi FIN,GK,Monaco,fr Ligue 1,35.0,1989.0,17,17,1439.0,16.0,0.0,0.0,0,0,0,0,1,0,0.0,0.0,0.0,0.0,0.0,Matches,0,0,0,,0.0,0.0,,,0,0,Matches,,,,,,,,,,,,,,,0.0,,,,,,Matches,,1,,,,,,,,,,,0,,,,Matches,,,,,,,,,,,,,,,,,,,,,Matches,lukas hradecky,0.0,0.0,0.0,2.8517859540879726,2.8517859540879726,GK,,,,,,,,,,,,,,,,
1183,Robin Hranáč,cz CZE,DF,Hoffenheim,de Bundesliga,25.0,2000.0,29,26,2251.0,25.0,1.0,0.0,1,1,0,0,5,0,0.04,0.0,0.04,0.04,0.04,Matches,1,8,3,37.5,0.32,0.12,0.13,0.33,0,0,Matches,,,,,,,,,,,,,,,0.0,,,,,,Matches,,15,,,,,,,,,,,20,,,,Matches,,,,,,,,,,,,,,,,,,,,,Matches,robin hranac,2.0698564872145653,0.1279042270034551,2.0698564872145653,7.542697021737695,7.542697021737695,DF,0.04,0.08279425948858261,-0.04279425948858261,0.13,,0.0,0.0051161690801382045,,,,,,,,,
1184,Timo Hübers,de GER,DF,Köln,de Bundesliga,29.0,1996.0,8,8,675.0,7.5,0.0,0.0,0,0,0,0,0,0,0.0,0.0,0.0,0.0,0.0,Matches,0,0,0,,0.0,0.0,,,0,0,Matches,,,,,,,,,,,,,,,0.0,,,,,,Matches,,9,,,,,,,,,,,10,,,,Matches,,,,,,,,,,,,,,,,,,,,,Matches,timo hubers,0.0,0.0,0.0,2.0205610003322363,2.0205610003322363,DF,0.0,0.0,0.0,,,0.0,0.0,,,,,,,,,
1185,Callum Hudson-Odoi,eng ENG,MF,Nottingham,eng Premier League,24.0,2000.0,30,21,1841.0,20.5,3.0,4.0,7,3,0,0,0,0,0.15,0.2,0.34,0.15,0.34,Matches,3,30,10,33.3,1.47,0.49,0.1,0.3,0,0,Matches,,,,,,,,,,,,,,,4.0,,,,,,Matches,,7,,,,,,,,,,,8,,,,Matches,,,,,,,,,,,,,,,,,,,,,Matches,callum hudson odoi,2.9516881722956896,3.933808506466448,2.9516881722956896,11.127739728428423,5.728919830173254,MF,0.14634146341463414,0.14398478889247265,0.0023566745221614838,0.1,,0.1951219512195122,0.1918930978764121,,,,,,,,,
1186,Will Hughes,eng ENG,MF,Crystal Palace,eng Premier League,30.0,1995.0,31,19,1571.0,17.5,0.0,0.0,0,0,0,0,7,0,0.0,0.0,0.0,0.0,0.0,Matches,0,17,0,0.0,0.97,0.0,0.0,,0,0,Matches,,,,,,,,,,,,,,,0.0,,,,,,Matches,,16,,,,,,,,,,,15,,,,Matches,,,,,,,,,,,,,,,,,,,,,Matches,will hughes,1.2812513932585716,1.9265618100762367,1.2812513932585716,7.058678660541773,5.38273361325264,MF,0.0,0.07321436532906124,-0.07321436532906124,0.0,,0.0,0.11008924629007066,,,,,,,,,
1187,Dean Huijsen,es ESP,DF,Real Madrid,es La Liga,20.0,2005.0,28,24,2034.0,22.6,2.0,2.0,4,2,0,0,7,1,0.09,0.09,0.18,0.09,0.18,Matches,2,20,5,25.0,0.88,0.22,0.1,0.4,0,0,Matches,,,,,,,,,,,,,,,2.0,,,,,,Matches,,18,,,,,,,,,,,18,,,,Matches,,,,,,,,,,,,,,,,,,,,,Matches,dean huijsen,2.327382738701999,1.1454473715275526,2.327382738701999,10.47981822490692,10.072807345539331,DF,0.08849557522123894,0.10298153711070793,-0.01448596188946899,0.1,,0.08849557522123894,0.050683512014493476,,,,,,,,,
1188,Trai Hume,nir NIR,"DF,MF",Sunderland,eng Premier League,23.0,2002.0,38,34,3036.0,33.7,2.0,1.0,3,2,0,0,9,0,0.06,0.03,0.09,0.06,0.09,Matches,2,34,7,20.6,1.01,0.21,0.06,0.29,0,0,Matches,,,,,,,,,,,,,,,1.0,,,,,,Matches,,46,,,,,,,,,,,25,,,,Matches,,,,,,,,,,,,,,,,,,,,,Matches,trai hume,2.7079745400697,2.0842118076980114,2.7079745400697,8.229747292585671,4.202485715970397,DF,0.05934718100890207,0.08035532759850741,-0.021008146589605346,0.06,,0.029673590504451036,0.06184604770617244,,,,,,,,,
1189,Bashir Humphreys,eng ENG,"DF,MF",Burnley,eng Premier League,22.0,2003.0,20,17,1578.0,17.5,0.0,0.0,0,0,0,0,6,0,0.0,0.0,0.0,0.0,0.0,Matches,0,9,3,33.3,0.51,0.17,0.0,0.0,0,0,Matches,,,,,,,,,,,,,,,0.0,,,,,,Matches,,17,,,,,,,,,,,11,,,,Matches,,,,,,,,,,,,,,,,,,,,,Matches,bashir humphreys,0.5261353980749846,0.8644249252974987,0.5261353980749846,3.3381601544097066,2.934175559319556,DF,0.0,0.03006487988999912,-0.03006487988999912,0.0,,0.0,0.049395710016999925,,,,,,,,,
1190,Denis Huseinbasic,ba BIH,MF,Köln,de Bundesliga,24.0,2001.0,15,9,726.0,8.1,0.0,0.0,0,0,0,0,1,0,0.0,0.0,0.0,0.0,0.0,Matches,0,6,0,0.0,0.74,0.0,0.0,,0,0,Matches,,,,,,,,,,,,,,,0.0,,,,,,Matches,,9,,,,,,,,,,,5,,,,Matches,,,,,,,,,,,,,,,,,,,,,Matches,denis huseinbasic,0.2053355174139142,0.2871539294719696,0.2053355174139142,1.7169383829459548,1.3208936033770442,MF,0.0,0.025350063878261015,-0.025350063878261015,0.0,,0.0,0.03545110240394687,,,,,,,,,
1191,Omari Hutchinson,eng ENG,MF,Nottingham,eng Premier League,21.0,2003.0,31,17,1688.0,18.8,1.0,5.0,6,1,0,0,1,0,0.05,0.27,0.32,0.05,0.32,Matches,1,25,11,44.0,1.33,0.59,0.04,0.09,0,0,Matches,,,,,,,,,,,,,,,5.0,,,,,,Matches,,11,,,,,,,,,,,11,,,,Matches,,,,,,,,,,,,,,,,,,,,,Matches,omari hutchinson,2.1777186449617147,4.931529551744461,2.1777186449617147,10.328581249341369,5.619018649682403,MF,0.05319148936170213,0.11583609813626142,-0.0626446087745593,0.04,,0.26595744680851063,0.2623154016885352,,,,,,,,,
1192,Kwon Hyeokkyu,kr KOR,MF,Nantes,fr Ligue 1,24.0,2001.0,12,9,753.0,8.4,0.0,0.0,0,0,0,0,2,0,0.0,0.0,0.0,0.0,0.0,Matches,0,3,0,0.0,0.36,0.0,0.0,,0,0,Matches,,,,,,,,,,,,,,,0.0,,,,,,Matches,,6,,,,,,,,,,,6,,,,Matches,,,,,,,,,,,,,,,,,,,,,Matches,kwon hyeokkyu,,,,,,MF,0.0,,,0.0,,0.0,,,,,,,,,,
1195,Lucas Høgsberg,dk DEN,DF,Strasbourg,fr Ligue 1,19.0,2006.0,24,21,1792.0,19.9,0.0,0.0,0,0,0,0,4,1,0.0,0.0,0.0,0.0,0.0,Matches,0,4,1,25.0,0.2,0.05,0.0,0.0,0,0,Matches,,,,,,,,,,,,,,,0.0,,,,,,Matches,,9,,,,,,,,,,,13,,,,Matches,,,,,,,,,,,,,,,,,,,,,Matches,lucas h gsberg,0.2162238508462906,0.0,0.2162238508462906,5.591882798820734,5.591882798820734,DF,0.0,0.010865520143029678,-0.010865520143029678,0.0,,0.0,0.0,,,,,,,,,
1196,Pierre Højbjerg,dk DEN,MF,Marseille,fr Ligue 1,29.0,1995.0,32,30,2712.0,30.1,4.0,5.0,9,4,0,0,4,0,0.13,0.17,0.3,0.13,0.3,Matches,4,46,14,30.4,1.53,0.46,0.09,0.29,0,0,Matches,,,,,,,,,,,,,,,5.0,,,,,,Matches,,24,,,,,,,,,,,26,,,,Matches,,,,,,,,,,,,,,,,,,,,,Matches,pierre h jbjerg,3.916560214012861,4.429353263229132,3.916560214012861,19.90152898989618,15.455716629512608,MF,0.13289036544850497,0.130118279535311,0.002772085913193993,0.09,,0.16611295681063123,0.14715459346276186,,,,,,,,,
1197,Oscar Højlund,dk DEN,MF,Frankfurt,de Bundesliga,20.0,2005.0,24,12,1089.0,12.1,1.0,1.0,2,1,0,0,4,1,0.08,0.08,0.17,0.08,0.17,Matches,1,7,3,42.9,0.58,0.25,0.14,0.33,0,0,Matches,,,,,,,,,,,,,,,1.0,,,,,,Matches,,17,,,,,,,,,,,7,,,,Matches,,,,,,,,,,,,,,,,,,,,,Matches,oscar h jlund,0.6138702277094126,1.0660392343997955,0.6138702277094126,3.1818068362772465,1.8266832381486893,MF,0.08264462809917356,0.05073307667019939,0.031911551428974165,0.14,,0.08264462809917356,0.08810241606609881,,,,,,,,,
1198,Rasmus Højlund,dk DEN,FW,Napoli,it Serie A,22.0,2003.0,33,32,2750.0,30.6,12.0,5.0,17,11,1,1,1,0,0.39,0.16,0.56,0.36,0.52,Matches,12,60,25,41.7,1.96,0.82,0.2,0.48,1,1,Matches,,,,,,,,,,,,,,,5.0,,,,,,Matches,,1,,,,,,,,,,,0,,,,Matches,,,,,,,,,,,,,,,,,,,,,Matches,rasmus h jlund,13.312345487996936,3.267297463491559,12.551046593114734,19.513361055403948,4.611839467659593,FW,0.39215686274509803,0.4101649213436187,-0.04288710745088026,0.2,,0.16339869281045752,0.10677442691148885,,,,,,,,,
1200,Pablo Ibáñez,es ESP,MF,Alavés,es La Liga,26.0,1998.0,37,28,2236.0,24.8,1.0,1.0,2,1,0,0,7,0,0.04,0.04,0.08,0.04,0.08,Matches,1,47,13,27.7,1.89,0.52,0.02,0.08,0,0,Matches,,,,,,,,,,,,,,,1.0,,,,,,Matches,,37,,,,,,,,,,,21,,,,Matches,,,,,,,,,,,,,,,,,,,,,Matches,pablo ibanez,3.925581350922585,1.288511484861374,3.925581350922585,7.198592909611762,4.9182582553476095,MF,0.04032258064516129,0.15828957060171714,-0.11796698995655584,0.02,,0.04032258064516129,0.05195610826053927,,,,,,,,,
1201,Arijon Ibrahimović,de GER,"MF,FW",Heidenheim,de Bundesliga,19.0,2005.0,32,25,2169.0,24.1,2.0,4.0,6,1,1,1,2,0,0.08,0.17,0.25,0.04,0.21,Matches,2,47,19,40.4,1.95,0.79,0.04,0.11,1,1,Matches,,,,,,,,,,,,,,,4.0,,,,,,Matches,,18,,,,,,,,,,,23,,,,Matches,,,,,,,,,,,,,,,,,,,,,Matches,arijon ibrahimovic,5.665725396946073,6.767920413985848,4.907948734238744,12.540066696703434,3.623182998038829,MF,0.08298755186721991,0.20364932507214703,-0.15210478825502374,0.04,,0.16597510373443983,0.28082657319443355,,,,,,,,,
1202,Riyad Idrissi,it ITA,"MF,DF",Cagliari,it Serie A,20.0,2005.0,23,4,783.0,8.7,2.0,0.0,2,2,0,0,3,0,0.23,0.0,0.23,0.23,0.23,Matches,2,6,6,100.0,0.69,0.69,0.33,0.33,0,0,Matches,,,,,,,,,,,,,,,0.0,,,,,,Matches,,15,,,,,,,,,,,9,,,,Matches,,,,,,,,,,,,,,,,,,,,,Matches,riyad idrissi,0.7890109941363335,0.2484424067661166,0.7890109941363335,3.7340927477926016,3.2926744939759374,MF,0.2298850574712644,0.09069091886624524,0.13919413860501914,0.33,,0.0,0.02855659847886398,,,,,,,,,
1205,Jay Idzes,id IDN,DF,Sassuolo,it Serie A,25.0,2000.0,35,35,3061.0,34.0,0.0,0.0,0,0,0,0,2,0,0.0,0.0,0.0,0.0,0.0,Matches,0,5,0,0.0,0.15,0.0,0.0,,0,0,Matches,,,,,,,,,,,,,,,0.0,,,,,,Matches,,15,,,,,,,,,,,38,,,,Matches,,,,,,,,,,,,,,,,,,,,,Matches,jay idzes,0.2000958640128374,0.744381345808506,0.2000958640128374,5.868906051851809,5.347237028181553,DF,0.0,0.005885172470965806,-0.005885172470965806,0.0,,0.0,0.021893568994367823,,,,,,,,,
1207,Iglesias,es ESP,DF,Getafe,es La Liga,27.0,1998.0,37,36,3185.0,35.4,1.0,2.0,3,1,0,0,4,0,0.03,0.06,0.08,0.03,0.08,Matches,1,26,5,19.2,0.73,0.14,0.04,0.2,0,0,Matches,,,,,,,,,,,,,,,2.0,,,,,,Matches,,72,,,,,,,,,,,28,,,,Matches,,,,,,,,,,,,,,,,,,,,,Matches,iglesias,1.226545930840075,2.002802025526762,1.226545930840075,7.210621759295464,5.044199001044035,DF,0.02824858757062147,0.034648190136725286,-0.006399602566103814,0.04,,0.05649717514124294,0.056576328404710795,,,,,,,,,
1208,Borja Iglesias,es ESP,FW,Celta Vigo,es La Liga,32.0,1993.0,35,21,1900.0,21.1,14.0,2.0,16,10,4,4,7,0,0.66,0.09,0.76,0.47,0.57,Matches,14,46,26,56.5,2.18,1.23,0.3,0.54,4,4,Matches,,,,,,,,,,,,,,,2.0,,,,,,Matches,,5,,,,,,,,,,,0,,,,Matches,,,,,,,,,,,,,,,,,,,,,Matches,borja iglesias,11.60863982141018,1.6599800884723663,8.635529387742281,13.605882365256548,4.463654295541346,FW,0.6635071090047393,0.4092667956275962,0.11333460562037065,0.3,,0.0947867298578199,0.07867204210769509,,,,,,,,,
1210,Jonathan Ikone,fr FRA,"MF,FW",Paris FC,fr Ligue 1,27.0,1998.0,23,13,1100.0,12.2,3.0,1.0,4,3,0,0,2,0,0.25,0.08,0.33,0.25,0.33,Matches,3,25,6,24.0,2.05,0.49,0.12,0.5,0,0,Matches,,,,,,,,,,,,,,,1.0,,,,,,Matches,,15,,,,,,,,,,,5,,,,Matches,,,,,,,,,,,,,,,,,,,,,Matches,jonathan ikone,3.6328962482512,2.535602707415819,3.6328962482512,7.337351243942976,2.210764056071639,MF,0.24590163934426232,0.29777838100419673,-0.051876741659934444,0.12,,0.0819672131147541,0.20783628749309993,,,,,,,,,
1212,Andrej Ilic,rs SRB,FW,Union Berlin,de Bundesliga,25.0,2000.0,32,24,2257.0,25.1,5.0,10.0,15,5,0,1,5,0,0.2,0.4,0.6,0.2,0.6,Matches,5,71,26,36.6,2.83,1.04,0.07,0.19,0,1,Matches,,,,,,,,,,,,,,,10.0,,,,,,Matches,,3,,,,,,,,,,,2,,,,Matches,,,,,,,,,,,,,,,,,,,,,Matches,andrej ilic,11.113924760371448,4.753498738631606,10.356148082762957,13.322315469384192,2.385981469415128,FW,0.199203187250996,0.4125955411459345,-0.2435826597757549,0.07,,0.398406374501992,0.18938241986580104,,,,,,,,,
1214,Luka Ilić,rs SRB,"MF,FW",Oviedo,es La Liga,26.0,1999.0,19,8,742.0,8.2,1.0,0.0,1,1,0,0,4,1,0.12,0.0,0.12,0.12,0.12,Matches,1,9,5,55.6,1.09,0.61,0.11,0.2,0,0,Matches,,,,,,,,,,,,,,,0.0,,,,,,Matches,,5,,,,,,,,,,,7,,,,Matches,,,,,,,,,,,,,,,,,,,,,Matches,luka ilic,1.7625892590731382,0.419754147529602,1.7625892590731382,2.6002833172678947,1.0306000001728537,MF,0.12195121951219513,0.21494990964306565,-0.09299869013087053,0.11,,0.0,0.05118953018653683,,,,,,,,,
1216,Emirhan İlkhan,tr TUR,MF,Torino,it Serie A,21.0,2004.0,19,13,1001.0,11.1,1.0,2.0,3,1,0,0,2,1,0.09,0.18,0.27,0.09,0.27,Matches,1,13,3,23.1,1.17,0.27,0.08,0.33,0,0,Matches,,,,,,,,,,,,,,,2.0,,,,,,Matches,,19,,,,,,,,,,,13,,,,Matches,,,,,,,,,,,,,,,,,,,,,Matches,emirhan ilkhan,2.3624519193544984,1.2235390963032842,2.3624519193544984,3.558742105960846,2.168549509719014,MF,0.0900900900900901,0.212833506248153,-0.12274341615806292,0.08,,0.1801801801801802,0.1102287474147103,,,,,,,,,
1217,Ciro Immobile,it ITA,FW,Paris FC,fr Ligue 1,35.0,1990.0,12,9,705.0,7.8,2.0,2.0,4,2,0,0,2,0,0.26,0.26,0.51,0.26,0.51,Matches,2,15,5,33.3,1.91,0.64,0.13,0.4,0,0,Matches,,,,,,,,,,,,,,,2.0,,,,,,Matches,,0,,,,,,,,,,,1,,,,Matches,,,,,,,,,,,,,,,,,,,,,Matches,ciro immobile,0.062911570072174,0.0633853375911712,0.062911570072174,0.2141840010881424,0.1259481459856033,FW,0.25641025641025644,0.008065585906688976,0.24834467050356743,0.13,,0.25641025641025644,0.008126325332201435,,,,,,,,,
1221,Tim Iroegbunam,eng ENG,MF,Everton,eng Premier League,22.0,2003.0,29,17,1487.0,16.5,0.0,2.0,2,0,0,0,9,0,0.0,0.12,0.12,0.0,0.12,Matches,0,12,1,8.3,0.73,0.06,0.0,0.0,0,0,Matches,,,,,,,,,,,,,,,2.0,,,,,,Matches,,44,,,,,,,,,,,22,,,,Matches,,,,,,,,,,,,,,,,,,,,,Matches,tim iroegbunam,0.5109043149277568,1.847727376036346,0.5109043149277568,4.414639215916395,2.8447110541164875,MF,0.0,0.030963897874409504,-0.030963897874409504,0.0,,0.12121212121212122,0.11198347733553612,,,,,,,,,
1222,Jackson Irvine,au AUS,MF,St Pauli,de Bundesliga,32.0,1993.0,24,18,1624.0,18.0,0.0,1.0,1,0,0,0,2,1,0.0,0.06,0.06,0.0,0.06,Matches,0,19,4,21.1,1.05,0.22,0.0,0.0,0,0,Matches,,,,,,,,,,,,,,,1.0,,,,,,Matches,,17,,,,,,,,,,,28,,,,Matches,,,,,,,,,,,,,,,,,,,,,Matches,jackson irvine,1.6277177091687918,0.908556679263711,1.6277177091687918,4.692420791834593,2.735986944288016,MF,0.0,0.09042876162048843,-0.09042876162048843,0.0,,0.05555555555555555,0.050475371070206165,,,,,,,,,
1225,Alexander Isak,se SWE,FW,Liverpool,eng Premier League,25.0,1999.0,14,8,699.0,7.8,3.0,1.0,4,3,0,0,0,0,0.39,0.13,0.52,0.39,0.52,Matches,3,17,6,35.3,2.19,0.77,0.18,0.5,0,0,Matches,,,,,,,,,,,,,,,1.0,,,,,,Matches,,6,,,,,,,,,,,0,,,,Matches,,,,,,,,,,,,,,,,,,,,,Matches,alexander isak,3.245308360084892,0.8461103290319443,3.245308360084892,4.25296457670629,0.9801311492919922,FW,0.38461538461538464,0.41606517436985796,-0.03144978975447336,0.18,,0.12820512820512822,0.10847568320922363,,,,,,,,,
1226,Gustav Isaksen,dk DEN,FW,Lazio,it Serie A,24.0,2001.0,30,18,1593.0,17.7,5.0,1.0,6,5,0,0,0,0,0.28,0.06,0.34,0.28,0.34,Matches,5,48,19,39.6,2.71,1.07,0.1,0.26,0,0,Matches,,,,,,,,,,,,,,,1.0,,,,,,Matches,,8,,,,,,,,,,,7,,,,Matches,,,,,,,,,,,,,,,,,,,,,Matches,gustav isaksen,5.408482110127807,0.8823539484292269,5.408482110127807,7.817846435122192,2.5441228905692697,FW,0.2824858757062147,0.3055639610241699,-0.02307808531795518,0.1,,0.05649717514124294,0.04985050556097327,,,,,,,,,
1228,Wilson Isidor,ht HAI,FW,Sunderland,eng Premier League,24.0,2000.0,32,11,1165.0,12.9,6.0,0.0,6,6,0,0,1,0,0.46,0.0,0.46,0.46,0.46,Matches,6,43,17,39.5,3.32,1.31,0.14,0.35,0,0,Matches,,,,,,,,,,,,,,,0.0,,,,,,Matches,,8,,,,,,,,,,,2,,,,Matches,,,,,,,,,,,,,,,,,,,,,Matches,wilson isidor,5.619414385408163,0.0,5.619414385408163,6.032191339880228,0.6748491153120995,FW,0.46511627906976744,0.4356135182486948,0.02950276082107263,0.14,,0.0,0.0,,,,,,,,,
1229,Ardian Ismajli,al ALB,DF,Torino,it Serie A,28.0,1996.0,25,21,1906.0,21.2,0.0,1.0,1,0,0,0,5,0,0.0,0.05,0.05,0.0,0.05,Matches,0,6,4,66.7,0.28,0.19,0.0,0.0,0,0,Matches,,,,,,,,,,,,,,,1.0,,,,,,Matches,,14,,,,,,,,,,,36,,,,Matches,,,,,,,,,,,,,,,,,,,,,Matches,ardian ismajli,0.7488318141549826,0.5390323810279369,0.7488318141549826,3.390311038121581,2.8379868511110544,DF,0.0,0.03532225538466899,-0.03532225538466899,0.0,,0.04716981132075472,0.025426055708864952,,,,,,,,,
1230,Franco Israel,uy URU,GK,Torino,it Serie A,25.0,2000.0,9,9,810.0,9.0,0.0,0.0,0,0,0,0,1,0,0.0,0.0,0.0,0.0,0.0,Matches,0,0,0,,0.0,0.0,,,0,0,Matches,,,,,,,,,,,,,,,0.0,,,,,,Matches,,0,,,,,,,,,,,0,,,,Matches,,,,,,,,,,,,,,,,,,,,,Matches,franco israel,0.0,0.0,0.0,1.5392499398440125,1.5392499398440125,GK,,,,,,,,,,,,,,,,
1231,Hiroki Ito,jp JPN,DF,Bayern Munich,de Bundesliga,26.0,1999.0,16,10,920.0,10.2,1.0,2.0,3,1,0,0,0,0,0.1,0.2,0.29,0.1,0.29,Matches,1,10,3,30.0,0.98,0.29,0.1,0.33,0,0,Matches,,,,,,,,,,,,,,,2.0,,,,,,Matches,,3,,,,,,,,,,,13,,,,Matches,,,,,,,,,,,,,,,,,,,,,Matches,hiroki ito,1.4966442808508873,1.0980801191180944,1.4966442808508873,5.908010467886925,5.104044854640961,DF,0.09803921568627452,0.14672983145596935,-0.048690615769694835,0.1,,0.19607843137254904,0.10765491363902888,,,,,,,,,
1232,Alex Iwobi,ng NGA,MF,Fulham,eng Premier League,29.0,1996.0,29,29,2419.0,26.9,4.0,3.0,7,4,0,0,3,0,0.15,0.11,0.26,0.15,0.26,Matches,4,39,15,38.5,1.45,0.56,0.1,0.27,0,0,Matches,,,,,,,,,,,,,,,3.0,,,,,,Matches,,18,,,,,,,,,,,15,,,,Matches,,,,,,,,,,,,,,,,,,,,,Matches,alex iwobi,2.403212903998792,3.629966888576746,2.403212903998792,10.424585027620196,6.602384243160486,MF,0.14869888475836432,0.08933876966538261,0.059360115092981704,0.1,,0.11152416356877325,0.13494300701028797,,,,,,,,,
1235,Nicolas Jackson,sn SEN,FW,Bayern Munich,de Bundesliga,24.0,2001.0,23,12,1007.0,11.2,8.0,1.0,9,8,0,0,2,1,0.71,0.09,0.8,0.71,0.8,Matches,8,38,21,55.3,3.4,1.88,0.21,0.38,0,0,Matches,,,,,,,,,,,,,,,1.0,,,,,,Matches,,4,,,,,,,,,,,4,,,,Matches,,,,,,,,,,,,,,,,,,,,,Matches,nicolas jackson,8.492001624777913,2.0896335784345865,8.492001624777913,13.03456012159586,3.193916742689908,FW,0.7142857142857143,0.7582144307837423,-0.04392871649802796,0.21,,0.08928571428571429,0.18657442664594523,,,,,,,,,
1236,Jérémy Jacquet,fr FRA,DF,Rennes,fr Ligue 1,20.0,2005.0,19,19,1671.0,18.6,0.0,0.0,0,0,0,0,6,1,0.0,0.0,0.0,0.0,0.0,Matches,0,11,3,27.3,0.59,0.16,0.0,0.0,0,0,Matches,,,,,,,,,,,,,,,0.0,,,,,,Matches,,17,,,,,,,,,,,22,,,,Matches,,,,,,,,,,,,,,,,,,,,,Matches,jeremy jacquet,0.7883376181125641,0.5708747990429401,0.7883376181125641,7.01008303463459,6.824784852564335,DF,0.0,0.042383742909277634,-0.042383742909277634,0.0,,0.0,0.030692193496932262,,,,,,,,,
1237,Lee Jae-sung,kr KOR,"MF,FW",Mainz 05,de Bundesliga,32.0,1992.0,28,26,2185.0,24.3,4.0,2.0,6,4,0,0,4,0,0.16,0.08,0.25,0.16,0.25,Matches,4,30,9,30.0,1.24,0.37,0.13,0.44,0,0,Matches,,,,,,,,,,,,,,,2.0,,,,,,Matches,,21,,,,,,,,,,,25,,,,Matches,,,,,,,,,,,,,,,,,,,,,Matches,lee jae sung,4.2225238950923085,3.3260836768895388,4.2225238950923085,9.91366148367524,3.64221465587616,MF,0.1646090534979424,0.17376641543589746,-0.009157361937955083,0.13,,0.0823045267489712,0.13687587147693575,,,,,,,,,
1238,Kristijan Jakić,hr CRO,"MF,DF",Augsburg,de Bundesliga,28.0,1997.0,26,18,1653.0,18.4,2.0,1.0,3,2,0,0,5,0,0.11,0.05,0.16,0.11,0.16,Matches,2,18,6,33.3,0.98,0.33,0.11,0.33,0,0,Matches,,,,,,,,,,,,,,,1.0,,,,,,Matches,,25,,,,,,,,,,,17,,,,Matches,,,,,,,,,,,,,,,,,,,,,Matches,kristijan jakic,1.4403803190216422,1.360763007774949,1.4403803190216422,4.3531388053670526,3.167064012028277,MF,0.10869565217391305,0.07828153907726317,0.030414113096649882,0.11,,0.05434782608695653,0.0739545112921168,,,,,,,,,
1240,Daniel James,wls WAL,"FW,MF",Leeds United,eng Premier League,27.0,1997.0,19,6,559.0,6.2,0.0,0.0,0,0,0,0,0,0,0.0,0.0,0.0,0.0,0.0,Matches,0,14,3,21.4,2.25,0.48,0.0,0.0,0,0,Matches,,,,,,,,,,,,,,,0.0,,,,,,Matches,,5,,,,,,,,,,,1,,,,Matches,,,,,,,,,,,,,,,,,,,,,Matches,daniel james,0.799863189458847,0.4895355738699436,0.799863189458847,1.5797358211129904,0.3267992343753576,FW,0.0,0.12901019184820114,-0.12901019184820114,0.0,,0.0,0.07895735062418445,,,,,,,,,
1241,Reece James,eng ENG,"DF,MF",Chelsea,eng Premier League,25.0,1999.0,29,20,1963.0,21.8,2.0,4.0,6,2,0,0,4,0,0.09,0.18,0.28,0.09,0.28,Matches,2,22,7,31.8,1.01,0.32,0.09,0.29,0,0,Matches,,,,,,,,,,,,,,,4.0,,,,,,Matches,,33,,,,,,,,,,,32,,,,Matches,,,,,,,,,,,,,,,,,,,,,Matches,reece james,1.2280184961855412,3.9933422207832336,1.2280184961855412,11.531630601733925,9.75475050136447,DF,0.09174311926605504,0.05633112367823583,0.03541199558781921,0.09,,0.18348623853211007,0.18318083581574465,,,,,,,,,
1242,Vitaly Janelt,de GER,MF,Brentford,eng Premier League,27.0,1998.0,25,15,1443.0,16.0,1.0,4.0,5,1,0,0,8,0,0.06,0.25,0.31,0.06,0.31,Matches,1,12,3,25.0,0.75,0.19,0.08,0.33,0,0,Matches,,,,,,,,,,,,,,,4.0,,,,,,Matches,,17,,,,,,,,,,,27,,,,Matches,,,,,,,,,,,,,,,,,,,,,Matches,vitaly janelt,0.7498585553839803,3.811057908460498,0.7498585553839803,6.326032001525164,3.632891008630395,MF,0.0625,0.04686615971149877,0.015633840288501233,0.08,,0.25,0.23819111927878112,,,,,,,,,
1244,Isak Jansson,se SWE,"FW,MF",Nice,fr Ligue 1,23.0,2002.0,22,7,644.0,7.2,1.0,0.0,1,1,0,0,3,0,0.14,0.0,0.14,0.14,0.14,Matches,1,17,11,64.7,2.38,1.54,0.06,0.09,0,0,Matches,,,,,,,,,,,,,,,0.0,,,,,,Matches,,8,,,,,,,,,,,5,,,,Matches,,,,,,,,,,,,,,,,,,,,,Matches,isak jansson,1.4099341221153736,0.9481424372643232,1.4099341221153736,2.826853290200233,1.280724035575986,FW,0.1388888888888889,0.19582418362713522,-0.056935294738246336,0.06,,0.0,0.1316864496200449,,,,,,,,,
1246,Luca Jaquez,ch SUI,DF,Stuttgart,de Bundesliga,22.0,2003.0,14,10,898.0,10.0,0.0,1.0,1,0,0,0,1,0,0.0,0.1,0.1,0.0,0.1,Matches,0,4,0,0.0,0.4,0.0,0.0,,0,0,Matches,,,,,,,,,,,,,,,1.0,,,,,,Matches,,7,,,,,,,,,,,11,,,,Matches,,,,,,,,,,,,,,,,,,,,,Matches,luca jaquez,0.1529901893809437,0.4413405451923609,0.1529901893809437,3.8481910564005375,3.353291839361191,DF,0.0,0.015299018938094369,-0.015299018938094369,0.0,,0.1,0.04413405451923609,,,,,,,,,
1247,Ardon Jashari,ch SUI,MF,Milan,it Serie A,23.0,2002.0,14,7,701.0,7.8,0.0,1.0,1,0,0,0,0,0,0.0,0.13,0.13,0.0,0.13,Matches,0,7,2,28.6,0.9,0.26,0.0,0.0,0,0,Matches,,,,,,,,,,,,,,,1.0,,,,,,Matches,,11,,,,,,,,,,,5,,,,Matches,,,,,,,,,,,,,,,,,,,,,Matches,ardon jashari,0.2434516996145248,1.1303722113370895,0.2434516996145248,3.5845713447779417,2.445791095495224,MF,0.0,0.031211756360836514,-0.031211756360836514,0.0,,0.12820512820512822,0.14491951427398583,,,,,,,,,
1248,Bakery Jatta,gm GAM,MF,Hamburger SV,de Bundesliga,27.0,1998.0,15,12,911.0,10.1,1.0,1.0,2,1,0,0,1,0,0.1,0.1,0.2,0.1,0.2,Matches,1,11,4,36.4,1.09,0.4,0.09,0.25,0,0,Matches,,,,,,,,,,,,,,,1.0,,,,,,Matches,,11,,,,,,,,,,,8,,,,Matches,,,,,,,,,,,,,,,,,,,,,Matches,bakery jatta,1.5474212262779474,0.2965631820261478,1.5474212262779474,2.998817972838878,1.4511013012379408,MF,0.09900990099009901,0.15321002240375717,-0.05420012141365816,0.09,,0.09900990099009901,0.029362691289717604,,,,,,,,,
1249,Mikel Jauregizar,es ESP,MF,Athletic Club,es La Liga,21.0,2003.0,36,34,2831.0,31.5,2.0,0.0,2,2,0,0,6,1,0.06,0.0,0.06,0.06,0.06,Matches,2,39,11,28.2,1.24,0.35,0.05,0.18,0,0,Matches,,,,,,,,,,,,,,,0.0,,,,,,Matches,,45,,,,,,,,,,,48,,,,Matches,,,,,,,,,,,,,,,,,,,,,Matches,mikel jauregizar,1.4105862826108932,1.5787495290860534,1.4105862826108932,8.875733049586415,6.796195255592465,MF,0.06349206349206349,0.044780516908282324,0.01871154658378117,0.05,,0.0,0.05011903266939852,,,,,,,,,
1251,Finn Jeltsch,de GER,DF,Stuttgart,de Bundesliga,19.0,2006.0,23,17,1511.0,16.8,0.0,1.0,1,0,0,0,3,0,0.0,0.06,0.06,0.0,0.06,Matches,0,3,0,0.0,0.18,0.0,0.0,,0,0,Matches,,,,,,,,,,,,,,,1.0,,,,,,Matches,,14,,,,,,,,,,,19,,,,Matches,,,,,,,,,,,,,,,,,,,,,Matches,finn jeltsch,0.1950984485447406,0.1018767990171909,0.1950984485447406,5.332050487399101,5.174723267555237,DF,0.0,0.011613002889567892,-0.011613002889567892,0.0,,0.05952380952380952,0.006064095179594696,,,,,,,,,
1252,Mathias Jensen,dk DEN,MF,Brentford,eng Premier League,29.0,1996.0,36,26,2247.0,25.0,3.0,1.0,4,3,0,0,3,0,0.12,0.04,0.16,0.12,0.16,Matches,3,29,8,27.6,1.16,0.32,0.1,0.38,0,0,Matches,,,,,,,,,,,,,,,1.0,,,,,,Matches,,23,,,,,,,,,,,21,,,,Matches,,,,,,,,,,,,,,,,,,,,,Matches,mathias jensen,1.5882399883121252,5.333177657797933,1.5882399883121252,10.393253115937114,7.005861360579729,MF,0.12,0.063529599532485,0.05647040046751499,0.1,,0.04,0.2133271063119173,,,,,,,,,
1253,Oliver Jensen,dk DEN,MF,Parma,it Serie A,23.0,2002.0,34,19,1840.0,20.4,1.0,1.0,2,1,0,0,2,0,0.05,0.05,0.1,0.05,0.1,Matches,1,15,3,20.0,0.73,0.15,0.07,0.33,0,0,Matches,,,,,,,,,,,,,,,1.0,,,,,,Matches,,8,,,,,,,,,,,17,,,,Matches,,,,,,,,,,,,,,,,,,,,,Matches,oliver jensen,,,,,,MF,0.04901960784313726,,,0.07,,0.04901960784313726,,,,,,,,,,
1254,Moritz Jenz,de GER,DF,Wolfsburg,de Bundesliga,26.0,1999.0,22,20,1787.0,19.9,1.0,0.0,1,1,0,0,8,1,0.05,0.0,0.05,0.05,0.05,Matches,1,5,1,20.0,0.25,0.05,0.2,1.0,0,0,Matches,,,,,,,,,,,,,,,0.0,,,,,,Matches,,22,,,,,,,,,,,12,,,,Matches,,,,,,,,,,,,,,,,,,,,,Matches,moritz jenz,0.6638292074203491,0.068161042407155,0.6638292074203491,3.456455777399242,3.388294734992087,DF,0.05025125628140704,0.033358251629163276,0.016893004652243766,0.2,,0.0,0.003425178010409799,,,,,,,,,
1256,Igor Jesus,br BRA,FW,Nottingham,eng Premier League,24.0,2001.0,37,28,2298.0,25.5,6.0,4.0,10,5,1,1,2,0,0.23,0.16,0.39,0.2,0.35,Matches,6,70,21,30.0,2.74,0.82,0.09,0.29,1,1,Matches,,,,,,,,,,,,,,,4.0,,,,,,Matches,,16,,,,,,,,,,,2,,,,Matches,,,,,,,,,,,,,,,,,,,,,Matches,igor jesus,7.199080093763769,2.280350387096405,6.437911256216466,8.53495698235929,1.848353571258485,FW,0.23529411764705882,0.25246710808692024,-0.04702274877504975,0.09,,0.1568627450980392,0.08942550537632961,,,,,,,,,
1257,Juan Jesus,br BRA,DF,Napoli,it Serie A,34.0,1991.0,24,19,1675.0,18.6,0.0,0.0,0,0,0,0,10,1,0.0,0.0,0.0,0.0,0.0,Matches,0,3,0,0.0,0.16,0.0,0.0,,0,0,Matches,,,,,,,,,,,,,,,0.0,,,,,,Matches,,22,,,,,,,,,,,26,,,,Matches,,,,,,,,,,,,,,,,,,,,,Matches,juan jesus,0.2074212320148944,0.2721040360629558,0.2074212320148944,6.624128991737962,6.383525187149644,DF,0.0,0.01115167914058572,-0.01115167914058572,0.0,,0.0,0.014629249250696547,,,,,,,,,
1258,Álex Jiménez,es ESP,"DF,MF",Bournemouth,eng Premier League,20.0,2005.0,31,26,2317.0,25.7,1.0,0.0,1,1,0,0,10,0,0.04,0.0,0.04,0.04,0.04,Matches,1,21,4,19.0,0.82,0.16,0.05,0.25,0,0,Matches,,,,,,,,,,,,,,,0.0,,,,,,Matches,,45,,,,,,,,,,,27,,,,Matches,,,,,,,,,,,,,,,,,,,,,Matches,alex jimenez,1.210428036749363,1.7028822358697653,1.210428036749363,7.322333555668592,4.869594149291515,DF,0.038910505836575876,0.04709836718869117,-0.00818786135211529,0.05,,0.0,0.06626000917781188,,,,,,,,,
1261,Raúl Jiménez,mx MEX,FW,Fulham,eng Premier League,34.0,1991.0,36,27,2189.0,24.3,9.0,3.0,12,5,4,4,5,0,0.37,0.12,0.49,0.21,0.33,Matches,9,73,18,24.7,3.0,0.74,0.12,0.5,4,4,Matches,,,,,,,,,,,,,,,3.0,,,,,,Matches,,20,,,,,,,,,,,7,,,,Matches,,,,,,,,,,,,,,,,,,,,,Matches,raul jimenez,12.016586696729064,1.944130852818489,8.971911305561662,10.551293056458237,1.5579581297934055,FW,0.37037037037037035,0.3692144570189984,-0.12413937023576395,0.12,,0.12345679012345678,0.08000538488964976,,,,,,,,,
1263,João Pedro,br BRA,"FW,MF",Chelsea,eng Premier League,23.0,2001.0,35,31,2661.0,29.6,15.0,5.0,20,15,0,0,5,0,0.51,0.17,0.68,0.51,0.68,Matches,15,73,28,38.4,2.47,0.95,0.21,0.54,0,0,Matches,,,,,,,,,,,,,,,5.0,,,,,,Matches,,17,,,,,,,,,,,6,,,,Matches,,,,,,,,,,,,,,,,,,,,,Matches,joao pedro,15.723741941154003,3.983569510281086,15.723741941154003,19.279914382845163,4.795918667688966,FW,0.5067567567567567,0.5312074980119595,-0.02445074125520281,0.21,,0.16891891891891891,0.13458005102300966,,,,,,,,,
1264,Joelinton,br BRA,MF,Newcastle,eng Premier League,28.0,1996.0,27,23,1951.0,21.7,2.0,1.0,3,2,0,0,10,0,0.09,0.05,0.14,0.09,0.14,Matches,2,32,11,34.4,1.48,0.51,0.06,0.18,0,0,Matches,,,,,,,,,,,,,,,1.0,,,,,,Matches,,23,,,,,,,,,,,28,,,,Matches,,,,,,,,,,,,,,,,,,,,,Matches,joelinton,2.178690475411713,1.86137386225164,2.178690475411713,10.018592189997436,7.250156426802278,MF,0.09216589861751152,0.10040048273786696,-0.008234584120355444,0.06,,0.04608294930875576,0.08577759733878526,,,,,,,,,
1265,Jofre,es ESP,MF,Espanyol,es La Liga,24.0,2001.0,26,9,930.0,10.3,1.0,0.0,1,1,0,0,1,0,0.1,0.0,0.1,0.1,0.1,Matches,1,23,7,30.4,2.23,0.68,0.04,0.14,0,0,Matches,,,,,,,,,,,,,,,0.0,,,,,,Matches,,6,,,,,,,,,,,6,,,,Matches,,,,,,,,,,,,,,,,,,,,,Matches,jofre,2.1467764284461737,1.4310225043445826,2.1467764284461737,4.282202575355768,1.191993448883295,MF,0.0970873786407767,0.20842489596564792,-0.11133751732487122,0.04,,0.0,0.138934223722775,,,,,,,,,
1267,Ísak Jóhannesson,is ISL,MF,Köln,de Bundesliga,22.0,2003.0,31,21,1809.0,20.1,1.0,2.0,3,1,0,0,6,0,0.05,0.1,0.15,0.05,0.15,Matches,1,14,5,35.7,0.7,0.25,0.07,0.2,0,0,Matches,,,,,,,,,,,,,,,2.0,,,,,,Matches,,15,,,,,,,,,,,8,,,,Matches,,,,,,,,,,,,,,,,,,,,,Matches,isak johannesson,,,,,,MF,0.04975124378109452,,,0.07,,0.09950248756218905,,,,,,,,,,
1270,Brennan Johnson,wls WAL,"MF,FW",Tottenham,eng Premier League,24.0,2001.0,16,6,610.0,6.8,2.0,0.0,2,2,0,0,2,0,0.3,0.0,0.3,0.3,0.3,Matches,2,6,2,33.3,0.89,0.3,0.33,1.0,0,0,Matches,,,,,,,,,,,,,,,0.0,,,,,,Matches,,9,,,,,,,,,,,2,,,,Matches,,,,,,,,,,,,,,,,,,,,,Matches,brennan johnson,2.5934192165732384,1.281047284603119,2.5934192165732384,5.23962683416903,1.934015018865466,MF,0.29411764705882354,0.3813851789078292,-0.08726753184900564,0.33,,0.0,0.18838930655928218,,,,,,,,,
1271,Brennan Johnson,wls WAL,"MF,FW",Crystal Palace,eng Premier League,24.0,2001.0,18,13,1112.0,12.4,0.0,1.0,1,0,0,0,4,0,0.0,0.08,0.08,0.0,0.08,Matches,0,17,3,17.6,1.38,0.24,0.0,0.0,0,0,Matches,,,,,,,,,,,,,,,1.0,,,,,,Matches,,7,,,,,,,,,,,2,,,,Matches,,,,,,,,,,,,,,,,,,,,,Matches,brennan johnson,2.5934192165732384,1.281047284603119,2.5934192165732384,5.23962683416903,1.934015018865466,MF,0.0,0.20914671101397084,-0.20914671101397084,0.0,,0.08064516129032258,0.10331026488734829,,,,,,,,,
1273,Sam Johnstone,eng ENG,GK,Wolves,eng Premier League,32.0,1993.0,12,12,1080.0,12.0,0.0,0.0,0,0,0,0,0,0,0.0,0.0,0.0,0.0,0.0,Matches,0,0,0,,0.0,0.0,,,0,0,Matches,,,,,,,,,,,,,,,0.0,,,,,,Matches,,1,,,,,,,,,,,0,,,,Matches,,,,,,,,,,,,,,,,,,,,,Matches,sam johnstone,0.0,0.0,0.0,0.3188386699184775,0.3188386699184775,GK,,,,,,,,,,,,,,,,
1274,Curtis Jones,eng ENG,"MF,DF",Liverpool,eng Premier League,24.0,2001.0,34,18,1937.0,21.5,1.0,2.0,3,1,0,0,2,0,0.05,0.09,0.14,0.05,0.14,Matches,1,22,7,31.8,1.02,0.33,0.05,0.14,0,0,Matches,,,,,,,,,,,,,,,2.0,,,,,,Matches,,23,,,,,,,,,,,18,,,,Matches,,,,,,,,,,,,,,,,,,,,,Matches,curtis jones,2.4063171884045005,2.8340956876054406,2.4063171884045005,10.620183551684022,7.237103626132011,MF,0.046511627906976744,0.11192172969323258,-0.06541010178625584,0.05,,0.09302325581395349,0.13181840407467166,,,,,,,,,
1276,Frenkie de Jong,nl NED,MF,Barcelona,es La Liga,28.0,1997.0,25,16,1636.0,18.2,1.0,5.0,6,1,0,0,4,1,0.06,0.28,0.33,0.06,0.33,Matches,1,7,2,28.6,0.39,0.11,0.14,0.5,0,0,Matches,,,,,,,,,,,,,,,5.0,,,,,,Matches,,19,,,,,,,,,,,17,,,,Matches,,,,,,,,,,,,,,,,,,,,,Matches,frenkie de jong,1.0822599418461325,5.096247639507055,1.0822599418461325,20.46468347683549,16.202723745256662,MF,0.054945054945054944,0.05946483196956772,-0.004519777024512775,0.14,,0.27472527472527475,0.28001360656632174,,,,,,,,,
1278,Josan,es ESP,"MF,DF",Elche,es La Liga,35.0,1989.0,19,4,565.0,6.3,0.0,3.0,3,0,0,0,2,0,0.0,0.48,0.48,0.0,0.48,Matches,0,3,1,33.3,0.48,0.16,0.0,0.0,0,0,Matches,,,,,,,,,,,,,,,3.0,,,,,,Matches,,8,,,,,,,,,,,6,,,,Matches,,,,,,,,,,,,,,,,,,,,,Matches,josan,0.2787706330418587,2.917447838932276,0.2787706330418587,4.811085230670869,2.106689431704581,MF,0.0,0.04424930683204106,-0.04424930683204106,0.0,,0.4761904761904762,0.4630869585606788,,,,,,,,,
1279,Mateo Joseph,es ESP,"MF,FW",Mallorca,es La Liga,21.0,2003.0,29,19,1699.0,18.9,2.0,3.0,5,2,0,0,2,0,0.11,0.16,0.26,0.11,0.26,Matches,2,33,14,42.4,1.75,0.74,0.06,0.14,0,0,Matches,,,,,,,,,,,,,,,3.0,,,,,,Matches,,19,,,,,,,,,,,13,,,,Matches,,,,,,,,,,,,,,,,,,,,,Matches,mateo joseph,5.396834125742316,1.590326721780002,5.396834125742316,7.219164989888668,1.723413680680096,MF,0.10582010582010583,0.28554677913980514,-0.1797266733196993,0.06,,0.15873015873015875,0.0841442709936509,,,,,,,,,
1282,Abdulai Juma Bah,sl SLE,DF,Nice,fr Ligue 1,19.0,2006.0,26,22,1958.0,21.8,0.0,0.0,0,0,0,0,7,0,0.0,0.0,0.0,0.0,0.0,Matches,0,7,2,28.6,0.32,0.09,0.0,0.0,0,0,Matches,,,,,,,,,,,,,,,0.0,,,,,,Matches,,18,,,,,,,,,,,30,,,,Matches,,,,,,,,,,,,,,,,,,,,,Matches,abdulai juma bah,1.1328875198960304,1.5613946039229631,1.1328875198960304,5.29360275901854,4.628072407096624,DF,0.0,0.05196731742642341,-0.05196731742642341,0.0,,0.0,0.07162360568453958,,,,,,,,,
1283,Anthony Jung,de GER,DF,Freiburg,de Bundesliga,33.0,1991.0,12,4,526.0,5.8,0.0,0.0,0,0,0,0,2,0,0.0,0.0,0.0,0.0,0.0,Matches,0,1,0,0.0,0.17,0.0,0.0,,0,0,Matches,,,,,,,,,,,,,,,0.0,,,,,,Matches,,1,,,,,,,,,,,10,,,,Matches,,,,,,,,,,,,,,,,,,,,,Matches,anthony jung,0.036658052355051,0.2247737990692258,0.036658052355051,1.299984865821898,1.1594009175896645,DF,0.0,0.006320353854319138,-0.006320353854319138,0.0,,0.0,0.03875410328779755,,,,,,,,,
1284,Eli Junior Kroupi,fr FRA,"MF,FW",Bournemouth,eng Premier League,19.0,2006.0,33,21,1672.0,18.6,13.0,0.0,13,11,2,2,5,0,0.7,0.0,0.7,0.59,0.59,Matches,13,52,22,42.3,2.8,1.18,0.25,0.59,2,2,Matches,,,,,,,,,,,,,,,0.0,,,,,,Matches,,6,,,,,,,,,,,9,,,,Matches,,,,,,,,,,,,,,,,,,,,,Matches,eli junior kroupi,8.849121669307351,1.81576990429312,7.326783983036876,11.65668847411871,5.08306846767664,MF,0.6989247311827956,0.39391311736757395,0.2231655016501424,0.25,,0.0,0.09762203786522149,,,,,,,,,
1285,Luiz Lúcio Reis Júnior,br BRA,GK,Villarreal,es La Liga,24.0,2001.0,28,28,2520.0,28.0,0.0,0.0,0,0,0,0,3,0,0.0,0.0,0.0,0.0,0.0,Matches,0,0,0,,0.0,0.0,,,0,0,Matches,,,,,,,,,,,,,,,0.0,,,,,,Matches,,0,,,,,,,,,,,1,,,,Matches,,,,,,,,,,,,,,,,,,,,,Matches,luiz lucio reis junior,0.0,0.0,0.0,6.171994894742966,6.171994894742966,GK,,,,,,,,,,,,,,,,
1287,Hamed Junior Traorè,ci CIV,MF,Marseille,fr Ligue 1,25.0,2000.0,13,7,619.0,6.9,2.0,1.0,3,2,0,0,1,0,0.29,0.15,0.44,0.29,0.44,Matches,2,13,6,46.2,1.89,0.87,0.15,0.33,0,0,Matches,,,,,,,,,,,,,,,1.0,,,,,,Matches,,7,,,,,,,,,,,5,,,,Matches,,,,,,,,,,,,,,,,,,,,,Matches,hamed junior traore,0.0,0.0955900996923446,0.0,0.0955900996923446,0.0,MF,0.2898550724637681,0.0,0.2898550724637681,0.15,,0.14492753623188406,0.01385363763657168,,,,,,,,,
1288,Vinicius Júnior,br BRA,"FW,MF",Real Madrid,es La Liga,25.0,2000.0,36,32,2815.0,31.3,16.0,5.0,21,12,4,5,8,0,0.51,0.16,0.67,0.38,0.54,Matches,16,100,46,46.0,3.2,1.47,0.16,0.35,4,5,Matches,,,,,,,,,,,,,,,5.0,,,,,,Matches,,15,,,,,,,,,,,2,,,,Matches,,,,,,,,,,,,,,,,,,,,,Matches,vinicius junior,14.403762575238945,7.155190063640475,10.687374416738749,23.04617050290108,8.551076833158731,FW,0.5111821086261981,0.34144966187663733,0.05099800079108802,0.16,,0.1597444089456869,0.22860032152205992,,,,,,,,,
1290,James Justin,eng ENG,"DF,MF",Leeds United,eng Premier League,27.0,1998.0,29,21,1901.0,21.1,2.0,1.0,3,2,0,0,4,0,0.09,0.05,0.14,0.09,0.14,Matches,2,24,6,25.0,1.14,0.28,0.08,0.33,0,0,Matches,,,,,,,,,,,,,,,1.0,,,,,,Matches,,38,,,,,,,,,,,26,,,,Matches,,,,,,,,,,,,,,,,,,,,,Matches,james justin,2.5627669915556908,2.572751060128212,2.5627669915556908,5.141626592725515,2.756110928952694,DF,0.0947867298578199,0.12145815125856353,-0.026671421400743637,0.08,,0.04739336492890995,0.12193132986389629,,,,,,,,,
1291,Ferran Jutglà,es ESP,FW,Celta Vigo,es La Liga,26.0,1999.0,30,21,1652.0,18.4,9.0,3.0,12,9,0,0,4,0,0.49,0.16,0.65,0.49,0.65,Matches,9,45,26,57.8,2.45,1.42,0.2,0.35,0,0,Matches,,,,,,,,,,,,,,,3.0,,,,,,Matches,,3,,,,,,,,,,,8,,,,Matches,,,,,,,,,,,,,,,,,,,,,Matches,ferran jutgla,6.59795877058059,1.5541915334761145,6.59795877058059,8.991645194590092,2.8614895455539227,FW,0.48913043478260876,0.3585847157924234,0.13054571899018536,0.2,,0.16304347826086957,0.08446693116718014,,,,,,,,,
1293,Martijn Kaars,nl NED,FW,St Pauli,de Bundesliga,26.0,1999.0,29,14,1348.0,15.0,3.0,1.0,4,2,1,1,2,0,0.2,0.07,0.27,0.13,0.2,Matches,3,23,10,43.5,1.54,0.67,0.13,0.3,1,1,Matches,,,,,,,,,,,,,,,1.0,,,,,,Matches,,5,,,,,,,,,,,0,,,,Matches,,,,,,,,,,,,,,,,,,,,,Matches,martijn kaars,3.80478292517364,1.339794876985252,3.047006232663989,6.194270332343876,3.194861490279436,FW,0.2,0.20313374884426594,-0.05365219501157599,0.13,,0.06666666666666667,0.08931965846568346,,,,,,,,,
1294,Mohamed Kaba,gn GUI,MF,Nantes,fr Ligue 1,23.0,2001.0,12,11,918.0,10.2,0.0,2.0,2,0,0,0,2,0,0.0,0.2,0.2,0.0,0.2,Matches,0,11,6,54.5,1.08,0.59,0.0,0.0,0,0,Matches,,,,,,,,,,,,,,,2.0,,,,,,Matches,,15,,,,,,,,,,,14,,,,Matches,,,,,,,,,,,,,,,,,,,,,Matches,mohamed kaba,0.4404364861547947,0.2189672160893678,0.4404364861547947,1.6230159662663937,1.139161642640829,MF,0.0,0.04318004766223478,-0.04318004766223478,0.0,,0.19607843137254904,0.02146737412640861,,,,,,,,,
1295,Mohamed Kaba,gn GUI,MF,Lecce,it Serie A,23.0,2001.0,15,5,633.0,7.0,0.0,0.0,0,0,0,0,1,0,0.0,0.0,0.0,0.0,0.0,Matches,0,9,4,44.4,1.28,0.57,0.0,0.0,0,0,Matches,,,,,,,,,,,,,,,0.0,,,,,,Matches,,7,,,,,,,,,,,4,,,,Matches,,,,,,,,,,,,,,,,,,,,,Matches,mohamed kaba,0.4404364861547947,0.2189672160893678,0.4404364861547947,1.6230159662663937,1.139161642640829,MF,0.0,0.06291949802211352,-0.06291949802211352,0.0,,0.0,0.03128103086990969,,,,,,,,,
1296,Ozan Kabak,tr TUR,DF,Hoffenheim,de Bundesliga,25.0,2000.0,25,18,1751.0,19.5,4.0,0.0,4,4,0,0,5,0,0.21,0.0,0.21,0.21,0.21,Matches,4,35,12,34.3,1.8,0.62,0.11,0.33,0,0,Matches,,,,,,,,,,,,,,,0.0,,,,,,Matches,,17,,,,,,,,,,,26,,,,Matches,,,,,,,,,,,,,,,,,,,,,Matches,ozan kabak,4.639676934108138,0.4478818494826555,4.639676934108138,8.401237551122904,5.430384643375874,DF,0.20512820512820512,0.237932150467084,-0.03280394533887888,0.11,,0.0,0.022968299973469514,,,,,,,,,
1298,Christian Kabasele,be BEL,DF,Udinese,it Serie A,34.0,1991.0,30,28,2247.0,25.0,3.0,0.0,3,3,0,0,5,1,0.12,0.0,0.12,0.12,0.12,Matches,3,9,6,66.7,0.36,0.24,0.33,0.5,0,0,Matches,,,,,,,,,,,,,,,0.0,,,,,,Matches,,13,,,,,,,,,,,33,,,,Matches,,,,,,,,,,,,,,,,,,,,,Matches,christian kabasele,1.673705168068409,0.0634109750390052,1.673705168068409,2.382569535635412,2.2685341257601976,DF,0.12,0.06694820672273635,0.05305179327726364,0.33,,0.0,0.002536439001560208,,,,,,,,,
1299,Anton Kade,de GER,"MF,FW",Augsburg,de Bundesliga,21.0,2004.0,28,18,1743.0,19.4,6.0,0.0,6,6,0,0,3,0,0.31,0.0,0.31,0.31,0.31,Matches,6,48,21,43.8,2.48,1.08,0.13,0.29,0,0,Matches,,,,,,,,,,,,,,,0.0,,,,,,Matches,,14,,,,,,,,,,,13,,,,Matches,,,,,,,,,,,,,,,,,,,,,Matches,anton kade,6.7122930232435465,3.0941985473036766,6.7122930232435465,10.916635751724243,1.8429135736078024,MF,0.30927835051546393,0.34599448573420344,-0.03671613521873951,0.13,,0.0,0.15949477047957097,,,,,,,,,
1300,Ferdi Kadioglu,tr TUR,"DF,MF",Brighton,eng Premier League,25.0,1999.0,37,34,3133.0,34.8,1.0,0.0,1,1,0,0,6,0,0.03,0.0,0.03,0.03,0.03,Matches,1,28,13,46.4,0.8,0.37,0.04,0.08,0,0,Matches,,,,,,,,,,,,,,,0.0,,,,,,Matches,,39,,,,,,,,,,,25,,,,Matches,,,,,,,,,,,,,,,,,,,,,Matches,ferdi kadioglu,2.019620954990387,2.244557812809944,2.019620954990387,14.008788719773293,11.695813551545143,DF,0.02873563218390805,0.058035084913516874,-0.029299452729608825,0.04,,0.0,0.06449878772442369,,,,,,,,,
1304,Arnaud Kalimuendo,fr FRA,"FW,MF",Frankfurt,de Bundesliga,23.0,2002.0,19,17,1417.0,15.7,6.0,1.0,7,6,0,0,4,0,0.38,0.06,0.44,0.38,0.44,Matches,6,30,16,53.3,1.91,1.02,0.2,0.38,0,0,Matches,,,,,,,,,,,,,,,1.0,,,,,,Matches,,4,,,,,,,,,,,3,,,,Matches,,,,,,,,,,,,,,,,,,,,,Matches,arnaud kalimuendo,,,,,,FW,0.3821656050955414,,,0.2,,0.06369426751592357,,,,,,,,,,
1305,Pierre Kalulu,fr FRA,"DF,MF",Juventus,it Serie A,25.0,2000.0,37,37,3281.0,36.5,2.0,4.0,6,2,0,0,4,1,0.05,0.11,0.16,0.05,0.16,Matches,2,13,4,30.8,0.36,0.11,0.15,0.5,0,0,Matches,,,,,,,,,,,,,,,4.0,,,,,,Matches,,35,,,,,,,,,,,24,,,,Matches,,,,,,,,,,,,,,,,,,,,,Matches,pierre kalulu,1.4482845412567258,5.537243762984872,1.4482845412567258,18.309088526293635,14.873174672946334,DF,0.0547945205479452,0.039679028527581525,0.015115492020363677,0.15,,0.1095890410958904,0.151705308574928,,,,,,,,,
1308,Daichi Kamada,jp JPN,MF,Crystal Palace,eng Premier League,28.0,1996.0,28,22,1902.0,21.1,0.0,0.0,0,0,0,0,3,0,0.0,0.0,0.0,0.0,0.0,Matches,0,19,4,21.1,0.9,0.19,0.0,0.0,0,0,Matches,,,,,,,,,,,,,,,0.0,,,,,,Matches,,35,,,,,,,,,,,14,,,,Matches,,,,,,,,,,,,,,,,,,,,,Matches,daichi kamada,1.4871895518153906,2.585762256756425,1.4871895518153906,9.884232659824193,7.305970148183405,MF,0.0,0.07048291714764884,-0.07048291714764884,0.0,,0.0,0.122547974253859,,,,,,,,,
1309,Warren Kamanzi,no NOR,MF,Toulouse,fr Ligue 1,24.0,2000.0,24,7,870.0,9.7,1.0,1.0,2,1,0,0,1,0,0.1,0.1,0.21,0.1,0.21,Matches,1,12,2,16.7,1.24,0.21,0.08,0.5,0,0,Matches,,,,,,,,,,,,,,,1.0,,,,,,Matches,,11,,,,,,,,,,,7,,,,Matches,,,,,,,,,,,,,,,,,,,,,Matches,warren kamanzi,1.5046230126172304,0.5564930234104395,1.5046230126172304,3.678338922560215,1.8030570596456528,MF,0.10309278350515465,0.1551157744966217,-0.05202299099146706,0.08,,0.10309278350515465,0.057370414784581394,,,,,,,,,
1312,Boubacar Kamara,fr FRA,MF,Aston Villa,eng Premier League,25.0,1999.0,18,17,1411.0,15.7,1.0,3.0,4,1,0,0,5,0,0.06,0.19,0.26,0.06,0.26,Matches,1,7,4,57.1,0.45,0.26,0.14,0.25,0,0,Matches,,,,,,,,,,,,,,,3.0,,,,,,Matches,,16,,,,,,,,,,,15,,,,Matches,,,,,,,,,,,,,,,,,,,,,Matches,boubacar kamara,1.0521572744473815,0.7290232917293906,1.0521572744473815,5.69795267097652,4.270241666585207,MF,0.06369426751592357,0.06701638690747654,-0.0033221193915529616,0.14,,0.1910828025477707,0.046434604568750995,,,,,,,,,
1314,Hassane Kamara,ci CIV,"MF,DF",Udinese,it Serie A,31.0,1994.0,26,22,1861.0,20.7,0.0,2.0,2,0,0,0,5,0,0.0,0.1,0.1,0.0,0.1,Matches,0,16,5,31.3,0.77,0.24,0.0,0.0,0,0,Matches,,,,,,,,,,,,,,,2.0,,,,,,Matches,,20,,,,,,,,,,,25,,,,Matches,,,,,,,,,,,,,,,,,,,,,Matches,hassane kamara,0.8897657804191113,2.513818873092532,0.8897657804191113,6.378122080117464,4.113270306959748,MF,0.0,0.04298385412652712,-0.04298385412652712,0.0,,0.0966183574879227,0.12144052527017064,,,,,,,,,
1317,Jakub Kamiński,pl POL,"MF,FW",Köln,de Bundesliga,23.0,2002.0,34,34,3016.0,33.5,7.0,3.0,10,7,0,0,4,0,0.21,0.09,0.3,0.21,0.3,Matches,7,62,25,40.3,1.85,0.75,0.11,0.28,0,0,Matches,,,,,,,,,,,,,,,3.0,,,,,,Matches,,27,,,,,,,,,,,25,,,,Matches,,,,,,,,,,,,,,,,,,,,,Matches,jakub kaminski,7.96647222340107,5.589305056259036,7.96647222340107,18.4370434358716,9.42793507874012,MF,0.208955223880597,0.23780514099704686,-0.02884991711644984,0.11,,0.08955223880597014,0.16684492705250853,,,,,,,,,
1320,Harry Kane,eng ENG,"FW,MF",Bayern Munich,de Bundesliga,32.0,1993.0,31,25,2377.0,26.4,36.0,5.0,41,26,10,11,1,0,1.36,0.19,1.55,0.98,1.17,Matches,36,119,67,56.3,4.51,2.54,0.3,0.54,10,11,Matches,,,,,,,,,,,,,,,5.0,,,,,,Matches,,13,,,,,,,,,,,8,,,,Matches,,,,,,,,,,,,,,,,,,,,,Matches,harry kane,29.57998568098992,7.403329385444522,21.244441921822727,34.28957922756672,10.577369537204504,FW,1.3636363636363638,0.8047137091599518,0.2431823605685636,0.3,,0.1893939393939394,0.2804291433880501,,,,,,,,,
1321,Lee Kang-in,kr KOR,"MF,FW",PSG,fr Ligue 1,24.0,2001.0,27,18,1519.0,16.9,3.0,4.0,7,3,0,0,3,0,0.18,0.24,0.41,0.18,0.41,Matches,3,37,15,40.5,2.19,0.89,0.08,0.2,0,0,Matches,,,,,,,,,,,,,,,4.0,,,,,,Matches,,9,,,,,,,,,,,1,,,,Matches,,,,,,,,,,,,,,,,,,,,,Matches,lee kang in,3.1583685893565416,6.6062276884913445,3.1583685893565416,13.055885864421723,7.922523466870189,MF,0.1775147928994083,0.18688571534654094,-0.009370922447132642,0.08,,0.2366863905325444,0.3909010466562926,,,,,,,,,
1325,Adam Karabec,cz CZE,"MF,FW",Lyon,fr Ligue 1,22.0,2003.0,21,11,922.0,10.2,1.0,0.0,1,1,0,0,3,0,0.1,0.0,0.1,0.1,0.1,Matches,1,9,5,55.6,0.88,0.49,0.11,0.2,0,0,Matches,,,,,,,,,,,,,,,0.0,,,,,,Matches,,3,,,,,,,,,,,1,,,,Matches,,,,,,,,,,,,,,,,,,,,,Matches,adam karabec,1.5626697093248367,2.095198465511203,1.5626697093248367,5.530647456645966,3.182189006358385,MF,0.09803921568627452,0.15320291267890557,-0.05516369699263106,0.11,,0.0,0.2054116142658042,,,,,,,,,
1326,Atakan Karazor,tr TUR,MF,Stuttgart,de Bundesliga,28.0,1996.0,28,22,1884.0,20.9,0.0,1.0,1,0,0,0,5,1,0.0,0.05,0.05,0.0,0.05,Matches,0,7,2,28.6,0.33,0.1,0.0,0.0,0,0,Matches,,,,,,,,,,,,,,,1.0,,,,,,Matches,,27,,,,,,,,,,,15,,,,Matches,,,,,,,,,,,,,,,,,,,,,Matches,atakan karazor,1.0594271700829268,1.621204137802124,1.0594271700829268,11.42892475426197,8.954623859375715,MF,0.0,0.05069029521927879,-0.05069029521927879,0.0,,0.04784688995215311,0.0775695759713935,,,,,,,,,
1327,Dermane Karim,tg TOG,MF,Lorient,fr Ligue 1,21.0,2003.0,30,15,1365.0,15.2,1.0,2.0,3,1,0,0,3,0,0.07,0.13,0.2,0.07,0.2,Matches,1,16,2,12.5,1.05,0.13,0.06,0.5,0,0,Matches,,,,,,,,,,,,,,,2.0,,,,,,Matches,,17,,,,,,,,,,,10,,,,Matches,,,,,,,,,,,,,,,,,,,,,Matches,dermane karim,1.3594817034900188,2.476931821554899,1.3594817034900188,6.1817604545503855,3.060548465698957,MF,0.06578947368421052,0.0894395857559223,-0.023650112071711766,0.06,,0.13157894736842105,0.16295604089176968,,,,,,,,,
1328,Lennart Karl,de GER,MF,Bayern Munich,de Bundesliga,17.0,2008.0,26,16,1281.0,14.2,5.0,5.0,10,5,0,0,1,0,0.35,0.35,0.7,0.35,0.7,Matches,5,42,21,50.0,2.95,1.48,0.12,0.24,0,0,Matches,,,,,,,,,,,,,,,5.0,,,,,,Matches,,15,,,,,,,,,,,11,,,,Matches,,,,,,,,,,,,,,,,,,,,,Matches,lennart karl,7.12136466614902,2.79079039208591,7.12136466614902,17.725263914093375,9.104842718690634,MF,0.35211267605633806,0.5015045539541564,-0.14939187789781833,0.12,,0.35211267605633806,0.19653453465393733,,,,,,,,,
1329,Jesper Karlström,se SWE,MF,Udinese,it Serie A,30.0,1995.0,36,36,3146.0,35.0,1.0,0.0,1,1,0,0,6,0,0.03,0.0,0.03,0.03,0.03,Matches,1,20,3,15.0,0.57,0.09,0.05,0.33,0,0,Matches,,,,,,,,,,,,,,,0.0,,,,,,Matches,,34,,,,,,,,,,,37,,,,Matches,,,,,,,,,,,,,,,,,,,,,Matches,jesper karlstrom,0.94436174351722,0.8986503640189767,0.94436174351722,7.85272366181016,6.5668018367141485,MF,0.02857142857142857,0.026981764100492002,0.001589664470936571,0.05,,0.0,0.025675724686256476,,,,,,,,,
1333,Panos Katseris,gr GRE,"MF,DF",Lorient,fr Ligue 1,24.0,2001.0,16,8,747.0,8.3,1.0,2.0,3,1,0,0,3,0,0.12,0.24,0.36,0.12,0.36,Matches,1,7,4,57.1,0.84,0.48,0.14,0.25,0,0,Matches,,,,,,,,,,,,,,,2.0,,,,,,Matches,,9,,,,,,,,,,,11,,,,Matches,,,,,,,,,,,,,,,,,,,,,Matches,panos katseris,0.8765109218657017,2.371944934129715,0.8765109218657017,4.036447171121836,2.3180487267673016,MF,0.12048192771084336,0.10560372552598815,0.014878202184855218,0.14,,0.24096385542168672,0.28577649808791744,,,,,,,,,
1334,Mikkel Kaufmann,dk DEN,FW,Heidenheim,de Bundesliga,24.0,2001.0,16,6,537.0,6.0,1.0,1.0,2,1,0,0,2,0,0.17,0.17,0.34,0.17,0.34,Matches,1,11,3,27.3,1.84,0.5,0.09,0.33,0,0,Matches,,,,,,,,,,,,,,,1.0,,,,,,Matches,,2,,,,,,,,,,,1,,,,Matches,,,,,,,,,,,,,,,,,,,,,Matches,mikkel kaufmann,1.3755719233304262,1.2740651369094849,1.3755719233304262,1.907257506623864,0.1608265489339828,FW,0.16666666666666666,0.2292619872217377,-0.06259532055507104,0.09,,0.16666666666666666,0.21234418948491415,,,,,,,,,
1336,Michael Kayode,it ITA,DF,Brentford,eng Premier League,21.0,2004.0,37,37,3258.0,36.2,1.0,1.0,2,1,0,0,8,0,0.03,0.03,0.06,0.03,0.06,Matches,1,9,3,33.3,0.25,0.08,0.11,0.33,0,0,Matches,,,,,,,,,,,,,,,1.0,,,,,,Matches,,47,,,,,,,,,,,39,,,,Matches,,,,,,,,,,,,,,,,,,,,,Matches,michael kayode,1.169110944494605,3.184721387922764,1.169110944494605,13.046297889202831,9.568754518404605,DF,0.027624309392265192,0.032295882444602346,-0.004671573052337156,0.11,,0.027624309392265192,0.08797572894814264,,,,,,,,,
1337,Moise Kean,it ITA,FW,Fiorentina,it Serie A,25.0,2000.0,26,23,2036.0,22.6,8.0,1.0,9,6,2,2,4,0,0.35,0.04,0.4,0.27,0.31,Matches,8,98,27,27.6,4.33,1.19,0.08,0.3,2,2,Matches,,,,,,,,,,,,,,,1.0,,,,,,Matches,,4,,,,,,,,,,,7,,,,Matches,,,,,,,,,,,,,,,,,,,,,Matches,moise kean,15.379306508228185,0.0630031991750001,13.856708897277713,11.769600430503488,0.8457555938512087,FW,0.35398230088495575,0.6131287122689253,-0.32651798708974267,0.08,,0.04424778761061947,0.00278775217588496,,,,,,,,,
1338,Michael Keane,eng ENG,DF,Everton,eng Premier League,32.0,1993.0,33,29,2591.0,28.8,3.0,1.0,4,3,0,0,1,1,0.1,0.03,0.14,0.1,0.14,Matches,3,27,7,25.9,0.94,0.24,0.11,0.43,0,0,Matches,,,,,,,,,,,,,,,1.0,,,,,,Matches,,24,,,,,,,,,,,37,,,,Matches,,,,,,,,,,,,,,,,,,,,,Matches,michael keane,3.569063669070601,0.1301262713968753,3.569063669070601,5.3534705666825175,4.28355781827122,DF,0.10416666666666666,0.1239258218427292,-0.019759155176062537,0.11,,0.034722222222222224,0.004518273312391503,,,,,,,,,
1339,Ilan Kebbal,dz ALG,"MF,FW",Paris FC,fr Ligue 1,27.0,1998.0,29,26,2222.0,24.7,9.0,4.0,13,6,3,4,7,0,0.36,0.16,0.53,0.24,0.41,Matches,9,49,20,40.8,1.98,0.81,0.18,0.45,3,4,Matches,,,,,,,,,,,,,,,4.0,,,,,,Matches,,15,,,,,,,,,,,7,,,,Matches,,,,,,,,,,,,,,,,,,,,,Matches,ilan kebbal,6.201891345903277,5.013933707028627,3.161576475948096,13.746420331299303,7.55346611700952,MF,0.3643724696356275,0.12799904760923467,0.11328375117800497,0.18,,0.16194331983805668,0.20299326749103755,,,,,,,,,
1340,Yassine Kechta,ma MAR,MF,Le Havre,fr Ligue 1,23.0,2002.0,30,14,1332.0,14.8,2.0,1.0,3,2,0,0,3,0,0.14,0.07,0.2,0.14,0.2,Matches,2,21,9,42.9,1.42,0.61,0.1,0.22,0,0,Matches,,,,,,,,,,,,,,,1.0,,,,,,Matches,,18,,,,,,,,,,,18,,,,Matches,,,,,,,,,,,,,,,,,,,,,Matches,yassine kechta,1.540558686479926,1.839314803481102,1.540558686479926,5.696476763114333,2.616341471672058,MF,0.13513513513513511,0.10409180314053554,0.031043331994599587,0.1,,0.06756756756756756,0.12427802726223662,,,,,,,,,
1341,Thilo Kehrer,de GER,DF,Monaco,fr Ligue 1,28.0,1996.0,28,28,2353.0,26.1,0.0,0.0,0,0,0,0,8,2,0.0,0.0,0.0,0.0,0.0,Matches,0,16,1,6.3,0.61,0.04,0.0,0.0,0,0,Matches,,,,,,,,,,,,,,,0.0,,,,,,Matches,,39,,,,,,,,,,,31,,,,Matches,,,,,,,,,,,,,,,,,,,,,Matches,thilo kehrer,1.5215591192245483,0.3930577524006367,1.5215591192245483,8.062811072915792,8.046329613775015,DF,0.0,0.05829728426147694,-0.05829728426147694,0.0,,0.0,0.015059684000024392,,,,,,,,,
1342,Mandela Keita,be BEL,MF,Parma,it Serie A,23.0,2002.0,37,36,2979.0,33.1,1.0,1.0,2,1,0,0,1,0,0.03,0.03,0.06,0.03,0.06,Matches,1,16,5,31.3,0.48,0.15,0.06,0.2,0,0,Matches,,,,,,,,,,,,,,,1.0,,,,,,Matches,,48,,,,,,,,,,,43,,,,Matches,,,,,,,,,,,,,,,,,,,,,Matches,mandela keita,0.4839648194611072,0.2838953603059053,0.4839648194611072,2.960139892995357,2.3855352448299527,MF,0.030211480362537763,0.014621293639308374,0.015590186723229387,0.06,,0.030211480362537763,0.00857689910289744,,,,,,,,,
1344,Caoimhín Kelleher,ie IRL,GK,Brentford,eng Premier League,26.0,1998.0,37,37,3330.0,37.0,0.0,0.0,0,0,0,0,1,0,0.0,0.0,0.0,0.0,0.0,Matches,0,0,0,,0.0,0.0,,,0,0,Matches,,,,,,,,,,,,,,,0.0,,,,,,Matches,,0,,,,,,,,,,,1,,,,Matches,,,,,,,,,,,,,,,,,,,,,Matches,caoimhin kelleher,0.0,0.1064014490693807,0.0,5.348196176812053,5.241794735193253,GK,,,,,,,,,,,,,,,,
1346,Lloyd Kelly,eng ENG,DF,Juventus,it Serie A,26.0,1998.0,35,33,2996.0,33.3,1.0,1.0,2,1,0,0,4,0,0.03,0.03,0.06,0.03,0.06,Matches,1,17,3,17.6,0.51,0.09,0.06,0.33,0,0,Matches,,,,,,,,,,,,,,,1.0,,,,,,Matches,,33,,,,,,,,,,,14,,,,Matches,,,,,,,,,,,,,,,,,,,,,Matches,lloyd kelly,0.9669282408431172,1.061808668076992,0.9669282408431172,12.84868349507451,12.28440174087882,DF,0.030030030030030033,0.029036884109402923,0.00099314592062711,0.06,,0.030030030030030033,0.03188614618849826,,,,,,,,,
1347,Aljoscha Kemlein,de GER,MF,Union Berlin,de Bundesliga,20.0,2004.0,30,23,1959.0,21.8,0.0,2.0,2,0,0,0,4,0,0.0,0.09,0.09,0.0,0.09,Matches,0,17,2,11.8,0.78,0.09,0.0,0.0,0,0,Matches,,,,,,,,,,,,,,,2.0,,,,,,Matches,,25,,,,,,,,,,,18,,,,Matches,,,,,,,,,,,,,,,,,,,,,Matches,aljoscha kemlein,1.4002653919160366,1.5705977864563463,1.4002653919160366,6.956056768074632,5.00193196348846,MF,0.0,0.06423235742734112,-0.06423235742734112,0.0,,0.09174311926605504,0.07204577002093332,,,,,,,,,
1348,Marc-Oliver Kempf,de GER,DF,Como,it Serie A,30.0,1995.0,34,27,2326.0,25.8,4.0,1.0,5,4,0,0,3,0,0.15,0.04,0.19,0.15,0.19,Matches,4,21,6,28.6,0.81,0.23,0.19,0.67,0,0,Matches,,,,,,,,,,,,,,,1.0,,,,,,Matches,,12,,,,,,,,,,,13,,,,Matches,,,,,,,,,,,,,,,,,,,,,Matches,marc oliver kempf,3.2830319171771407,1.0999353304505348,3.2830319171771407,8.622972431592643,8.481748702004552,DF,0.15503875968992248,0.12724929911539304,0.02778946057452943,0.19,,0.03875968992248062,0.04263315234304398,,,,,,,,,
1349,Luca Kerber,de GER,MF,Heidenheim,de Bundesliga,23.0,2002.0,18,8,682.0,7.6,2.0,0.0,2,2,0,0,3,0,0.26,0.0,0.26,0.26,0.26,Matches,2,9,3,33.3,1.19,0.4,0.22,0.67,0,0,Matches,,,,,,,,,,,,,,,0.0,,,,,,Matches,,11,,,,,,,,,,,3,,,,Matches,,,,,,,,,,,,,,,,,,,,,Matches,luca kerber,1.526185255497694,0.1521664950996637,1.526185255497694,1.823819350451231,0.5324585903435946,MF,0.2631578947368421,0.20081384940759134,0.06234404532925079,0.22,,0.0,0.020021907249955753,,,,,,,,,
1350,Milos Kerkez,hu HUN,DF,Liverpool,eng Premier League,21.0,2003.0,34,27,2257.0,25.1,2.0,1.0,3,2,0,0,4,0,0.08,0.04,0.12,0.08,0.12,Matches,2,9,2,22.2,0.36,0.08,0.22,1.0,0,0,Matches,,,,,,,,,,,,,,,1.0,,,,,,Matches,,26,,,,,,,,,,,15,,,,Matches,,,,,,,,,,,,,,,,,,,,,Matches,milos kerkez,1.3935871431604028,1.8634965866804123,1.3935871431604028,9.48909960873425,6.859379429370165,DF,0.0796812749003984,0.05552140012591246,0.024159874774485945,0.22,,0.0398406374501992,0.07424289189961801,,,,,,,,,
1351,Kevin,br BRA,MF,Fulham,eng Premier League,22.0,2003.0,26,9,1041.0,11.6,1.0,1.0,2,1,0,0,1,0,0.09,0.09,0.17,0.09,0.17,Matches,1,25,10,40.0,2.16,0.86,0.04,0.1,0,0,Matches,,,,,,,,,,,,,,,1.0,,,,,,Matches,,10,,,,,,,,,,,9,,,,Matches,,,,,,,,,,,,,,,,,,,,,Matches,kevin,1.334008033387363,1.240381198003888,1.334008033387363,4.820031132549048,2.8916280269622803,MF,0.08620689655172414,0.11500069253339336,-0.028793795981669222,0.04,,0.08620689655172414,0.10692941362102483,,,,,,,,,
1353,Bilal El Khannouss,ma MAR,"MF,FW",Stuttgart,de Bundesliga,21.0,2004.0,25,19,1630.0,18.1,4.0,5.0,9,4,0,0,6,0,0.22,0.28,0.5,0.22,0.5,Matches,4,42,15,35.7,2.32,0.83,0.1,0.27,0,0,Matches,,,,,,,,,,,,,,,5.0,,,,,,Matches,,21,,,,,,,,,,,10,,,,Matches,,,,,,,,,,,,,,,,,,,,,Matches,bilal el khannouss,3.092769087292254,5.275783350691199,3.092769087292254,11.292239958420396,5.437266502529383,MF,0.22099447513812154,0.17087122029238971,0.050123254845731824,0.1,,0.2762430939226519,0.29147974313211045,,,,,,,,,
1354,Rani Khedira,tn TUN,MF,Union Berlin,de Bundesliga,31.0,1994.0,32,32,2830.0,31.4,5.0,1.0,6,5,0,0,7,0,0.16,0.03,0.19,0.16,0.19,Matches,5,23,10,43.5,0.73,0.32,0.22,0.5,0,0,Matches,,,,,,,,,,,,,,,1.0,,,,,,Matches,,35,,,,,,,,,,,37,,,,Matches,,,,,,,,,,,,,,,,,,,,,Matches,rani khedira,2.2710952758789062,2.3157351221889257,2.2710952758789062,6.596783770248294,3.21970677934587,MF,0.15923566878980894,0.07232787502799065,0.08690779376181827,0.22,,0.03184713375796178,0.07374952618436069,,,,,,,,,
1355,Abdukodir Khusanov,uz UZB,DF,Manchester City,eng Premier League,21.0,2004.0,21,15,1432.0,15.9,0.0,0.0,0,0,0,0,2,0,0.0,0.0,0.0,0.0,0.0,Matches,0,7,1,14.3,0.44,0.06,0.0,0.0,0,0,Matches,,,,,,,,,,,,,,,0.0,,,,,,Matches,,20,,,,,,,,,,,29,,,,Matches,,,,,,,,,,,,,,,,,,,,,Matches,abdukodir khusanov,0.6727990191429853,0.5715384930372238,0.6727990191429853,7.6340554766356945,7.126731883734465,DF,0.0,0.04231440371968461,-0.04231440371968461,0.0,,0.0,0.03594581717215244,,,,,,,,,
1357,Kialonda,ao ANG,DF,Lecce,it Serie A,27.0,1997.0,23,21,1830.0,20.3,0.0,0.0,0,0,0,0,6,1,0.0,0.0,0.0,0.0,0.0,Matches,0,9,1,11.1,0.44,0.05,0.0,0.0,0,0,Matches,,,,,,,,,,,,,,,0.0,,,,,,Matches,,9,,,,,,,,,,,19,,,,Matches,,,,,,,,,,,,,,,,,,,,,Matches,kialonda,0.7932648342102766,0.0,0.7932648342102766,2.6573333460837603,2.6573333460837603,DF,0.0,0.03907708542907767,-0.03907708542907767,0.0,,0.0,0.0,,,,,,,,,
1358,Kiké,es ESP,FW,Espanyol,es La Liga,35.0,1989.0,37,17,1734.0,19.3,8.0,1.0,9,7,1,2,3,0,0.42,0.05,0.47,0.36,0.42,Matches,8,60,27,45.0,3.11,1.4,0.13,0.3,1,2,Matches,,,,,,,,,,,,,,,1.0,,,,,,Matches,,8,,,,,,,,,,,4,,,,Matches,,,,,,,,,,,,,,,,,,,,,Matches,kike,10.003981161862612,2.6575004514306784,8.517553839832544,12.71857414022088,2.124022038653493,FW,0.41450777202072536,0.4413240331519453,-0.10383322082189698,0.13,,0.05181347150259067,0.1376943239083253,,,,,,,,,
1359,Semih Kılıçsoy,tr TUR,FW,Cagliari,it Serie A,19.0,2005.0,22,11,975.0,10.8,4.0,0.0,4,4,0,0,1,0,0.37,0.0,0.37,0.37,0.37,Matches,4,17,8,47.1,1.57,0.74,0.24,0.5,0,0,Matches,,,,,,,,,,,,,,,0.0,,,,,,Matches,,4,,,,,,,,,,,1,,,,Matches,,,,,,,,,,,,,,,,,,,,,Matches,semih k l csoy,,,,,,FW,0.37037037037037035,,,0.24,,0.0,,,,,,,,,,
1360,Max Kilman,eng ENG,DF,West Ham,eng Premier League,28.0,1997.0,21,17,1561.0,17.3,0.0,0.0,0,0,0,0,4,0,0.0,0.0,0.0,0.0,0.0,Matches,0,7,1,14.3,0.4,0.06,0.0,0.0,0,0,Matches,,,,,,,,,,,,,,,0.0,,,,,,Matches,,8,,,,,,,,,,,6,,,,Matches,,,,,,,,,,,,,,,,,,,,,Matches,max kilman,1.1671122973784804,0.2077075242996215,1.1671122973784804,1.233875660225749,1.128087779507041,DF,0.0,0.06746313857679077,-0.06746313857679077,0.0,,0.0,0.012006215277434769,,,,,,,,,
1361,Joshua Kimmich,de GER,MF,Bayern Munich,de Bundesliga,30.0,1995.0,29,24,2280.0,25.3,2.0,8.0,10,2,0,0,4,0,0.08,0.32,0.39,0.08,0.39,Matches,2,28,10,35.7,1.11,0.39,0.07,0.2,0,0,Matches,,,,,,,,,,,,,,,8.0,,,,,,Matches,,26,,,,,,,,,,,24,,,,Matches,,,,,,,,,,,,,,,,,,,,,Matches,joshua kimmich,2.3646036218851805,7.569489678367972,2.3646036218851805,27.785482317209244,21.9056276679039,MF,0.07905138339920949,0.09346259375040239,-0.014411210351192904,0.07,,0.31620553359683795,0.29918931535051274,,,,,,,,,
1362,Joshua King,eng ENG,MF,Fulham,eng Premier League,18.0,2007.0,32,15,1308.0,14.5,1.0,2.0,3,1,0,0,4,0,0.07,0.14,0.21,0.07,0.21,Matches,1,26,11,42.3,1.79,0.76,0.04,0.09,0,0,Matches,,,,,,,,,,,,,,,2.0,,,,,,Matches,,12,,,,,,,,,,,3,,,,Matches,,,,,,,,,,,,,,,,,,,,,Matches,joshua king,3.79960710555315,1.0395643608644605,3.79960710555315,6.186926681548357,2.6014943681657314,MF,0.06896551724137931,0.2620418693484931,-0.1930763521071138,0.04,,0.13793103448275862,0.07169409385272141,,,,,,,,,
1363,Antonín Kinský,cz CZE,GK,Tottenham,eng Premier League,22.0,2003.0,7,7,630.0,7.0,0.0,0.0,0,0,0,0,1,0,0.0,0.0,0.0,0.0,0.0,Matches,0,0,0,,0.0,0.0,,,0,0,Matches,,,,,,,,,,,,,,,0.0,,,,,,Matches,,0,,,,,,,,,,,0,,,,Matches,,,,,,,,,,,,,,,,,,,,,Matches,antonin kinsky,0.0,0.0,0.0,0.0540115609765052,0.0540115609765052,GK,,,,,,,,,,,,,,,,
1367,Justin Kluivert,nl NED,MF,Bournemouth,eng Premier League,26.0,1999.0,20,10,952.0,10.6,2.0,0.0,2,2,0,0,5,0,0.19,0.0,0.19,0.19,0.19,Matches,2,17,4,23.5,1.61,0.38,0.12,0.5,0,0,Matches,,,,,,,,,,,,,,,0.0,,,,,,Matches,,7,,,,,,,,,,,4,,,,Matches,,,,,,,,,,,,,,,,,,,,,Matches,justin kluivert,2.293420127592981,2.294822184368968,2.293420127592981,5.311763904988766,2.3175806514918804,MF,0.18867924528301888,0.21636038939556423,-0.027681144112545367,0.12,,0.0,0.21649265890273284,,,,,,,,,
1368,Ruben Kluivert,nl NED,DF,Lyon,fr Ligue 1,24.0,2001.0,16,9,772.0,8.6,1.0,2.0,3,1,0,0,4,0,0.12,0.23,0.35,0.12,0.35,Matches,1,2,1,50.0,0.23,0.12,0.5,1.0,0,0,Matches,,,,,,,,,,,,,,,2.0,,,,,,Matches,,10,,,,,,,,,,,8,,,,Matches,,,,,,,,,,,,,,,,,,,,,Matches,ruben kluivert,0.556617259979248,0.7292618155479431,0.556617259979248,2.847681365907192,2.847681365907192,DF,0.11627906976744186,0.0647229372068893,0.05155613256055255,0.5,,0.23255813953488372,0.0847978855288306,,,,,,,,,
1369,Ansgar Knauff,de GER,"MF,FW",Frankfurt,de Bundesliga,23.0,2002.0,28,12,1326.0,14.7,4.0,1.0,5,4,0,0,3,0,0.27,0.07,0.34,0.27,0.34,Matches,4,34,14,41.2,2.31,0.95,0.12,0.29,0,0,Matches,,,,,,,,,,,,,,,1.0,,,,,,Matches,,10,,,,,,,,,,,9,,,,Matches,,,,,,,,,,,,,,,,,,,,,Matches,ansgar knauff,3.700697695836425,2.9085339084267616,3.700697695836425,9.420183572918177,3.920056432485581,MF,0.272108843537415,0.2517481425739065,0.020360700963508515,0.12,,0.06802721088435375,0.19785944955284093,,,,,,,,,
1371,Gregor Kobel,ch SUI,GK,Dortmund,de Bundesliga,27.0,1997.0,34,34,3060.0,34.0,0.0,0.0,0,0,0,0,3,0,0.0,0.0,0.0,0.0,0.0,Matches,0,0,0,,0.0,0.0,,,0,0,Matches,,,,,,,,,,,,,,,0.0,,,,,,Matches,,0,,,,,,,,,,,0,,,,Matches,,,,,,,,,,,,,,,,,,,,,Matches,gregor kobel,0.0,0.0,0.0,5.751318110153079,5.751318110153079,GK,,,,,,,,,,,,,,,,
1372,Robin Koch,de GER,DF,Frankfurt,de Bundesliga,29.0,1996.0,32,32,2833.0,31.5,3.0,1.0,4,3,0,0,3,1,0.1,0.03,0.13,0.1,0.13,Matches,3,15,5,33.3,0.48,0.16,0.2,0.6,0,0,Matches,,,,,,,,,,,,,,,1.0,,,,,,Matches,,27,,,,,,,,,,,47,,,,Matches,,,,,,,,,,,,,,,,,,,,,Matches,robin koch,1.926746228709817,0.7194755170494318,1.926746228709817,8.281017616391182,7.552546437829733,DF,0.09523809523809523,0.06116654694316879,0.034071548294926444,0.2,,0.031746031746031744,0.022840492604743867,,,,,,,,,
1373,Christian Kofane,cm CMR,FW,Leverkusen,de Bundesliga,19.0,2006.0,29,12,1239.0,13.8,5.0,4.0,9,5,0,0,3,0,0.36,0.29,0.65,0.36,0.65,Matches,5,46,19,41.3,3.34,1.38,0.11,0.26,0,0,Matches,,,,,,,,,,,,,,,4.0,,,,,,Matches,,7,,,,,,,,,,,2,,,,Matches,,,,,,,,,,,,,,,,,,,,,Matches,christian kofane,8.046371582895517,2.242532966658473,8.046371582895517,11.18430045247078,1.869088165462017,FW,0.36231884057971014,0.5830704045576461,-0.22075156397793602,0.11,,0.2898550724637681,0.16250238888829513,,,,,,,,,
1374,Hervé Koffi,bf BFA,GK,Angers,fr Ligue 1,28.0,1996.0,30,30,2658.0,29.5,0.0,0.0,0,0,0,0,1,0,0.0,0.0,0.0,0.0,0.0,Matches,0,0,0,,0.0,0.0,,,0,0,Matches,,,,,,,,,,,,,,,0.0,,,,,,Matches,,2,,,,,,,,,,,0,,,,Matches,,,,,,,,,,,,,,,,,,,,,Matches,herve koffi,0.0,0.0,0.0,4.953274139203131,4.953274139203131,GK,,,,,,,,,,,,,,,,
1376,Derrick Köhn,gh GHA,"MF,DF",Union Berlin,de Bundesliga,26.0,1999.0,29,21,1899.0,21.1,1.0,2.0,3,0,1,1,5,1,0.05,0.09,0.14,0.0,0.09,Matches,1,28,5,17.9,1.33,0.24,0.04,0.2,1,1,Matches,,,,,,,,,,,,,,,2.0,,,,,,Matches,,22,,,,,,,,,,,8,,,,Matches,,,,,,,,,,,,,,,,,,,,,Matches,derrick kohn,2.375174617394805,3.0893841087818146,1.6173979174345732,4.535877007059753,2.7453682981431484,MF,0.04739336492890995,0.07665392973623569,-0.0651741524831661,0.04,,0.0947867298578199,0.14641630847307177,,,,,,,,,
1377,Philipp Köhn,ch SUI,GK,Monaco,fr Ligue 1,27.0,1998.0,19,17,1621.0,18.0,0.0,0.0,0,0,0,0,1,0,0.0,0.0,0.0,0.0,0.0,Matches,0,0,0,,0.0,0.0,,,0,0,Matches,,,,,,,,,,,,,,,0.0,,,,,,Matches,,0,,,,,,,,,,,1,,,,Matches,,,,,,,,,,,,,,,,,,,,,Matches,philipp kohn,0.0,0.0,0.0,2.2199502903968096,2.2199502903968096,GK,,,,,,,,,,,,,,,,
1378,Dominik Kohr,de GER,DF,Mainz 05,de Bundesliga,31.0,1994.0,29,28,2338.0,26.0,2.0,0.0,2,2,0,0,11,2,0.08,0.0,0.08,0.08,0.08,Matches,2,15,4,26.7,0.58,0.15,0.13,0.5,0,0,Matches,,,,,,,,,,,,,,,0.0,,,,,,Matches,,35,,,,,,,,,,,44,,,,Matches,,,,,,,,,,,,,,,,,,,,,Matches,dominik kohr,1.882789850234985,1.911913337185979,1.882789850234985,7.240472108125687,6.1323061883449554,DF,0.07692307692307693,0.07241499423980712,0.0045080826832698115,0.13,,0.0,0.07353512835330688,,,,,,,,,
1379,Koke,es ESP,MF,Atlético Madrid,es La Liga,33.0,1992.0,34,24,2219.0,24.7,2.0,2.0,4,2,0,0,6,0,0.08,0.08,0.16,0.08,0.16,Matches,2,14,4,28.6,0.57,0.16,0.14,0.5,0,0,Matches,,,,,,,,,,,,,,,2.0,,,,,,Matches,,30,,,,,,,,,,,19,,,,Matches,,,,,,,,,,,,,,,,,,,,,Matches,koke,0.96241644769907,3.4411915335804224,0.96241644769907,15.892835207283497,14.468499155715108,MF,0.08097165991902834,0.03896422865178421,0.042007431267244134,0.14,,0.08097165991902834,0.13931949528665677,,,,,,,,,
1380,Sead Kolašinac,ba BIH,DF,Atalanta,it Serie A,32.0,1993.0,19,15,1212.0,13.5,0.0,0.0,0,0,0,0,3,0,0.0,0.0,0.0,0.0,0.0,Matches,0,3,0,0.0,0.22,0.0,0.0,,0,0,Matches,,,,,,,,,,,,,,,0.0,,,,,,Matches,,18,,,,,,,,,,,11,,,,Matches,,,,,,,,,,,,,,,,,,,,,Matches,sead kolasinac,0.122791800647974,0.0,0.122791800647974,4.200706224888563,4.168808490037918,DF,0.0,0.009095688936886963,-0.009095688936886963,0.0,,0.0,0.0,,,,,,,,,
1381,Luca Koleosho,it ITA,MF,Paris FC,fr Ligue 1,20.0,2004.0,16,3,554.0,6.2,3.0,1.0,4,3,0,0,0,0,0.49,0.16,0.65,0.49,0.65,Matches,3,17,10,58.8,2.76,1.62,0.18,0.3,0,0,Matches,,,,,,,,,,,,,,,1.0,,,,,,Matches,,15,,,,,,,,,,,3,,,,Matches,,,,,,,,,,,,,,,,,,,,,Matches,luca koleosho,0.024271871894598,0.0189368296414613,0.024271871894598,0.2459692731499672,0.2027605772018432,MF,0.48387096774193544,0.003914818047515806,0.4799561496944197,0.18,,0.16129032258064516,0.003054327361526016,,,,,,,,,
1384,Randal Kolo Muani,fr FRA,"FW,MF",Tottenham,eng Premier League,26.0,1998.0,30,21,1664.0,18.5,1.0,1.0,2,1,0,0,3,0,0.05,0.05,0.11,0.05,0.11,Matches,1,20,4,20.0,1.08,0.22,0.05,0.25,0,0,Matches,,,,,,,,,,,,,,,1.0,,,,,,Matches,,16,,,,,,,,,,,2,,,,Matches,,,,,,,,,,,,,,,,,,,,,Matches,randal kolo muani,2.700563416816294,1.8472137674689293,2.700563416816294,4.246069150045514,0.7896932736039162,FW,0.05405405405405406,0.14597640090898886,-0.09192234685493482,0.05,,0.05405405405405406,0.09984939283615835,,,,,,,,,
1385,Timothée Kolodziejczak,fr FRA,DF,Paris FC,fr Ligue 1,33.0,1991.0,11,7,662.0,7.4,0.0,0.0,0,0,0,0,2,0,0.0,0.0,0.0,0.0,0.0,Matches,0,1,1,100.0,0.14,0.14,0.0,0.0,0,0,Matches,,,,,,,,,,,,,,,0.0,,,,,,Matches,,6,,,,,,,,,,,7,,,,Matches,,,,,,,,,,,,,,,,,,,,,Matches,timothee kolodziejczak,0.0428484007716178,0.0367399360984563,0.0428484007716178,1.1362606137990952,1.0995206870138643,DF,0.0,0.005790324428596999,-0.005790324428596999,0.0,,0.0,0.004964856229521121,,,,,,,,,
1386,Mert Kömür,de GER,"MF,FW",Augsburg,de Bundesliga,20.0,2005.0,28,17,1464.0,16.3,2.0,4.0,6,2,0,0,1,0,0.12,0.25,0.37,0.12,0.37,Matches,2,41,16,39.0,2.52,0.98,0.05,0.13,0,0,Matches,,,,,,,,,,,,,,,4.0,,,,,,Matches,,13,,,,,,,,,,,8,,,,Matches,,,,,,,,,,,,,,,,,,,,,Matches,mert komur,4.645504482090473,2.76681075245142,4.645504482090473,7.051191717386246,1.7611310807988048,MF,0.12269938650306748,0.2850002749748756,-0.16230088847180815,0.05,,0.24539877300613497,0.16974299094793985,,,,,,,,,
1387,Ibrahima Konaté,fr FRA,DF,Liverpool,eng Premier League,26.0,1999.0,36,36,3090.0,34.3,1.0,0.0,1,1,0,0,7,0,0.03,0.0,0.03,0.03,0.03,Matches,1,12,4,33.3,0.35,0.12,0.08,0.25,0,0,Matches,,,,,,,,,,,,,,,0.0,,,,,,Matches,,31,,,,,,,,,,,28,,,,Matches,,,,,,,,,,,,,,,,,,,,,Matches,ibrahima konate,1.9586246628314257,0.7252839719876647,1.9586246628314257,11.115987345576286,10.797563448548315,DF,0.02915451895043732,0.057102759849312706,-0.027948240898875387,0.08,,0.0,0.02114530530576282,,,,,,,,,
1389,Geoffrey Kondogbia,cf CTA,"MF,DF",Marseille,fr Ligue 1,32.0,1993.0,10,9,587.0,6.5,0.0,0.0,0,0,0,0,3,0,0.0,0.0,0.0,0.0,0.0,Matches,0,4,1,25.0,0.61,0.15,0.0,0.0,0,0,Matches,,,,,,,,,,,,,,,0.0,,,,,,Matches,,9,,,,,,,,,,,11,,,,Matches,,,,,,,,,,,,,,,,,,,,,Matches,geoffrey kondogbia,0.2751816101372242,0.0944272764027118,0.2751816101372242,2.983300684019923,2.946565704420209,MF,0.0,0.042335632328803725,-0.042335632328803725,0.0,,0.0,0.014527273292724891,,,,,,,,,
1390,Ismaël Koné,ca CAN,MF,Sassuolo,it Serie A,23.0,2002.0,35,33,2737.0,30.4,6.0,0.0,6,6,0,0,5,1,0.2,0.0,0.2,0.2,0.2,Matches,6,23,10,43.5,0.76,0.33,0.26,0.6,0,0,Matches,,,,,,,,,,,,,,,0.0,,,,,,Matches,,18,,,,,,,,,,,12,,,,Matches,,,,,,,,,,,,,,,,,,,,,Matches,ismael kone,5.083259547129273,1.759748755954206,5.083259547129273,12.1725369929336,7.844343296717852,MF,0.19736842105263158,0.16721248510293663,0.030155935949694956,0.26,,0.0,0.057886472235335724,,,,,,,,,
1391,Manu Koné,fr FRA,MF,Roma,it Serie A,24.0,2001.0,29,28,2456.0,27.3,2.0,3.0,5,2,0,0,2,0,0.07,0.11,0.18,0.07,0.18,Matches,2,21,5,23.8,0.77,0.18,0.1,0.4,0,0,Matches,,,,,,,,,,,,,,,3.0,,,,,,Matches,,27,,,,,,,,,,,20,,,,Matches,,,,,,,,,,,,,,,,,,,,,Matches,manu kone,1.937675543129444,3.4994950499385595,1.937675543129444,14.520286563783884,10.869493629783392,MF,0.07326007326007326,0.07097712612195765,0.002282947138115608,0.1,,0.10989010989010989,0.1281866318658813,,,,,,,,,
1392,Ransford Königsdörffer,gh GHA,"FW,MF",Hamburger SV,de Bundesliga,23.0,2001.0,33,29,2329.0,25.9,5.0,1.0,6,5,0,1,2,0,0.19,0.04,0.23,0.19,0.23,Matches,5,65,22,33.8,2.51,0.85,0.08,0.23,0,1,Matches,,,,,,,,,,,,,,,1.0,,,,,,Matches,,4,,,,,,,,,,,6,,,,Matches,,,,,,,,,,,,,,,,,,,,,Matches,ransford konigsdorffer,8.097989899106324,1.2930769845843315,7.340213228948414,10.459908859804273,2.80921021476388,FW,0.19305019305019305,0.28340591617561445,-0.11961350961800478,0.08,,0.03861003861003861,0.04992575230055334,,,,,,,,,
1393,Ezri Konsa,eng ENG,DF,Aston Villa,eng Premier League,27.0,1997.0,34,34,3035.0,33.7,0.0,0.0,0,0,0,0,0,1,0.0,0.0,0.0,0.0,0.0,Matches,0,11,2,18.2,0.33,0.06,0.0,0.0,0,0,Matches,,,,,,,,,,,,,,,0.0,,,,,,Matches,,8,,,,,,,,,,,22,,,,Matches,,,,,,,,,,,,,,,,,,,,,Matches,ezri konsa,1.0740509293973446,0.6014871783554554,1.0740509293973446,9.361096058040856,8.838568899780512,DF,0.0,0.031870947459861854,-0.031870947459861854,0.0,,0.0,0.01784828422419749,,,,,,,,,
1394,Teun Koopmeiners,nl NED,"MF,DF",Juventus,it Serie A,27.0,1998.0,33,18,1827.0,20.3,0.0,0.0,0,0,0,0,5,0,0.0,0.0,0.0,0.0,0.0,Matches,0,28,7,25.0,1.38,0.34,0.0,0.0,0,0,Matches,,,,,,,,,,,,,,,0.0,,,,,,Matches,,13,,,,,,,,,,,18,,,,Matches,,,,,,,,,,,,,,,,,,,,,Matches,teun koopmeiners,1.7949654590338469,0.7337323613464832,1.7949654590338469,8.081720914691687,6.76489283144474,MF,0.0,0.08842194379477078,-0.08842194379477078,0.0,,0.0,0.03614445129785632,,,,,,,,,
1396,Odilon Kossounou,ci CIV,DF,Atalanta,it Serie A,24.0,2001.0,19,10,988.0,11.0,1.0,0.0,1,1,0,0,1,0,0.09,0.0,0.09,0.09,0.09,Matches,1,5,1,20.0,0.46,0.09,0.2,1.0,0,0,Matches,,,,,,,,,,,,,,,0.0,,,,,,Matches,,14,,,,,,,,,,,10,,,,Matches,,,,,,,,,,,,,,,,,,,,,Matches,odilon kossounou,0.2642052415758371,0.2571885026991367,0.2642052415758371,4.142970737069845,3.8508499525487423,DF,0.09090909090909091,0.0240186583250761,0.06689043258401481,0.2,,0.0,0.02338077297264879,,,,,,,,,
1397,Filip Kostić,rs SRB,MF,Juventus,it Serie A,32.0,1992.0,18,4,479.0,5.3,3.0,1.0,4,3,0,0,1,0,0.56,0.19,0.75,0.56,0.75,Matches,3,9,4,44.4,1.69,0.75,0.33,0.75,0,0,Matches,,,,,,,,,,,,,,,1.0,,,,,,Matches,,10,,,,,,,,,,,4,,,,Matches,,,,,,,,,,,,,,,,,,,,,Matches,filip kostic,0.6743299197405577,0.6833733469247818,0.6743299197405577,3.385763455182314,2.3905558809638023,MF,0.5660377358490566,0.12723206032840711,0.43880567552064953,0.33,,0.18867924528301888,0.12893836734429845,,,,,,,,,
1401,Koffi Kouao,ci CIV,"DF,MF",Metz,fr Ligue 1,27.0,1998.0,27,27,2265.0,25.2,2.0,1.0,3,2,0,0,10,0,0.08,0.04,0.12,0.08,0.12,Matches,2,23,10,43.5,0.91,0.4,0.09,0.2,0,0,Matches,,,,,,,,,,,,,,,1.0,,,,,,Matches,,46,,,,,,,,,,,28,,,,Matches,,,,,,,,,,,,,,,,,,,,,Matches,koffi kouao,1.6477266969159243,1.2461658138781786,1.6477266969159243,5.849459524266422,3.4310527173802257,DF,0.07936507936507936,0.0653859800363462,0.013979099328733162,0.09,,0.03968253968253968,0.049451024360245184,,,,,,,,,
1402,Arsène Kouassi,bf BFA,MF,Lorient,fr Ligue 1,20.0,2004.0,31,30,2605.0,28.9,2.0,6.0,8,2,0,0,4,0,0.07,0.21,0.28,0.07,0.28,Matches,2,9,5,55.6,0.31,0.17,0.22,0.4,0,0,Matches,,,,,,,,,,,,,,,6.0,,,,,,Matches,,18,,,,,,,,,,,24,,,,Matches,,,,,,,,,,,,,,,,,,,,,Matches,arsene kouassi,0.644349536858499,4.931435273960233,0.644349536858499,8.279572056606412,6.358415907248855,MF,0.06920415224913495,0.02229583172520758,0.04690832052392737,0.22,,0.20761245674740486,0.17063789875294924,,,,,,,,,
1404,Konstantinos Koulierakis,gr GRE,DF,Wolfsburg,de Bundesliga,21.0,2003.0,29,27,2482.0,27.6,4.0,1.0,5,4,0,0,5,0,0.15,0.04,0.18,0.15,0.18,Matches,4,26,12,46.2,0.94,0.44,0.15,0.33,0,0,Matches,,,,,,,,,,,,,,,1.0,,,,,,Matches,,25,,,,,,,,,,,35,,,,Matches,,,,,,,,,,,,,,,,,,,,,Matches,konstantinos koulierakis,3.5553980004042387,1.7689252914860845,3.5553980004042387,7.746201686561108,6.606250849552453,DF,0.14492753623188406,0.12881876813058835,0.0161087681012957,0.15,,0.036231884057971016,0.06409149606833639,,,,,,,,,
1406,Jules Koundé,fr FRA,DF,Barcelona,es La Liga,26.0,1998.0,30,24,2261.0,25.1,1.0,3.0,4,1,0,0,6,0,0.04,0.12,0.16,0.04,0.16,Matches,1,14,4,28.6,0.56,0.16,0.07,0.25,0,0,Matches,,,,,,,,,,,,,,,3.0,,,,,,Matches,,24,,,,,,,,,,,31,,,,Matches,,,,,,,,,,,,,,,,,,,,,Matches,jules kounde,2.200108475983143,4.6446145586669445,2.200108475983143,21.09683826193213,18.555321093648672,DF,0.0398406374501992,0.08765372414275469,-0.04781308669255549,0.07,,0.1195219123505976,0.1850444047277667,,,,,,,,,
1410,Goduine Koyalipou,cf CTA,FW,Angers,fr Ligue 1,25.0,2000.0,13,7,668.0,7.4,2.0,1.0,3,1,1,1,0,0,0.27,0.13,0.4,0.13,0.27,Matches,2,22,9,40.9,2.96,1.21,0.09,0.22,1,1,Matches,,,,,,,,,,,,,,,1.0,,,,,,Matches,,2,,,,,,,,,,,1,,,,Matches,,,,,,,,,,,,,,,,,,,,,Matches,goduine koyalipou,1.2652598228305578,0.358752429485321,1.2652598228305578,1.43799864128232,0.0,FW,0.27027027027027023,0.17098105713926456,0.0992892131310057,0.09,,0.13513513513513511,0.048480058038556886,,,,,,,,,
1413,Alex Král,cz CZE,MF,Union Berlin,de Bundesliga,27.0,1998.0,20,2,459.0,5.1,0.0,0.0,0,0,0,0,1,0,0.0,0.0,0.0,0.0,0.0,Matches,0,7,3,42.9,1.37,0.59,0.0,0.0,0,0,Matches,,,,,,,,,,,,,,,0.0,,,,,,Matches,,5,,,,,,,,,,,2,,,,Matches,,,,,,,,,,,,,,,,,,,,,Matches,alex kral,0.3584795072674751,0.272127328440547,0.3584795072674751,1.076263951137662,0.6060352418571711,MF,0.0,0.0702900994642108,-0.0702900994642108,0.0,,0.0,0.053358299694224905,,,,,,,,,
1414,Andrej Kramarić,hr CRO,"MF,FW",Hoffenheim,de Bundesliga,34.0,1991.0,34,26,2207.0,24.5,14.0,6.0,20,9,5,5,2,0,0.57,0.24,0.82,0.37,0.61,Matches,14,64,33,51.6,2.61,1.35,0.22,0.42,5,5,Matches,,,,,,,,,,,,,,,6.0,,,,,,Matches,,5,,,,,,,,,,,7,,,,Matches,,,,,,,,,,,,,,,,,,,,,Matches,andrej kramaric,13.078245226293802,4.530489624477923,9.289361868053676,18.172342345118523,7.810636706650257,MF,0.5714285714285714,0.379157627267497,0.037622643824742764,0.22,,0.24489795918367346,0.18491794385624175,,,,,,,,,
1416,Jean-Philippe Krasso,ci CIV,FW,Paris FC,fr Ligue 1,28.0,1997.0,25,12,1092.0,12.1,2.0,2.0,4,1,1,1,0,0,0.16,0.16,0.33,0.08,0.25,Matches,2,27,10,37.0,2.23,0.82,0.07,0.2,1,1,Matches,,,,,,,,,,,,,,,2.0,,,,,,Matches,,8,,,,,,,,,,,1,,,,Matches,,,,,,,,,,,,,,,,,,,,,Matches,jean philippe krasso,4.304056554101408,3.1578205032274127,3.5439614383503795,7.954925827682018,1.9078789902850983,FW,0.1652892561983471,0.2928893750702793,-0.19041789703317424,0.07,,0.1652892561983471,0.2609769010931746,,,,,,,,,
1417,Tom Krauß,de GER,"MF,DF",Köln,de Bundesliga,24.0,2001.0,26,19,1780.0,19.8,0.0,2.0,2,0,0,0,4,0,0.0,0.1,0.1,0.0,0.1,Matches,0,9,2,22.2,0.46,0.1,0.0,0.0,0,0,Matches,,,,,,,,,,,,,,,2.0,,,,,,Matches,,43,,,,,,,,,,,26,,,,Matches,,,,,,,,,,,,,,,,,,,,,Matches,tom krau,0.3886736305430531,1.2642290331423285,0.3886736305430531,7.146091844886541,6.019498575478792,MF,0.0,0.019629981340558236,-0.019629981340558236,0.0,,0.10101010101010101,0.06384995116880447,,,,,,,,,
1418,Ladislav Krejčí,cz CZE,"DF,MF",Wolves,eng Premier League,26.0,1999.0,28,27,2356.0,26.2,2.0,1.0,3,2,0,0,5,1,0.08,0.04,0.11,0.08,0.11,Matches,2,21,10,47.6,0.8,0.38,0.1,0.2,0,0,Matches,,,,,,,,,,,,,,,1.0,,,,,,Matches,,21,,,,,,,,,,,32,,,,Matches,,,,,,,,,,,,,,,,,,,,,Matches,ladislav krejci,1.724472633562982,1.4908780492842195,1.724472633562982,4.148910779505968,2.5917173959314823,DF,0.07633587786259542,0.06581956616652604,0.010516311696069387,0.1,,0.03816793893129771,0.05690374233909235,,,,,,,,,
1420,Rasmus Kristensen,dk DEN,"DF,MF",Frankfurt,de Bundesliga,28.0,1997.0,22,19,1538.0,17.1,2.0,0.0,2,2,0,0,6,1,0.12,0.0,0.12,0.12,0.12,Matches,2,15,6,40.0,0.88,0.35,0.13,0.33,0,0,Matches,,,,,,,,,,,,,,,0.0,,,,,,Matches,,33,,,,,,,,,,,19,,,,Matches,,,,,,,,,,,,,,,,,,,,,Matches,rasmus kristensen,1.1268442515283823,1.3801484052091837,1.1268442515283823,6.246252434328198,5.263705998659134,DF,0.11695906432748537,0.06589732465078259,0.051061739676702786,0.13,,0.0,0.08071043305316863,,,,,,,,,
1421,Thomas Kristensen,dk DEN,DF,Udinese,it Serie A,23.0,2002.0,28,28,2472.0,27.5,3.0,0.0,3,3,0,0,4,0,0.11,0.0,0.11,0.11,0.11,Matches,3,11,6,54.5,0.4,0.22,0.27,0.5,0,0,Matches,,,,,,,,,,,,,,,0.0,,,,,,Matches,,15,,,,,,,,,,,27,,,,Matches,,,,,,,,,,,,,,,,,,,,,Matches,thomas kristensen,1.878482876345516,0.2243683580309152,1.878482876345516,4.511372737586498,4.0950743574649096,DF,0.10909090909090909,0.06830846823074603,0.040782440860163055,0.27,,0.0,0.008158849382942372,,,,,,,,,
1422,Nikola Krstović,me MNE,FW,Atalanta,it Serie A,25.0,2000.0,33,18,1791.0,19.9,10.0,5.0,15,10,0,0,4,0,0.5,0.25,0.75,0.5,0.75,Matches,10,99,34,34.3,4.97,1.71,0.1,0.29,0,0,Matches,,,,,,,,,,,,,,,5.0,,,,,,Matches,,12,,,,,,,,,,,3,,,,Matches,,,,,,,,,,,,,,,,,,,,,Matches,nikola krstovic,15.67498453706503,3.230607645586133,15.67498453706503,19.62596950680017,3.146167431026697,FW,0.5025125628140704,0.7876876651791472,-0.28517510236507687,0.1,,0.2512562814070352,0.16234209274302178,,,,,,,,,
1423,Lukas Kübler,de GER,DF,Freiburg,de Bundesliga,32.0,1992.0,23,19,1587.0,17.6,2.0,2.0,4,2,0,0,3,0,0.11,0.11,0.23,0.11,0.23,Matches,2,19,5,26.3,1.08,0.28,0.11,0.4,0,0,Matches,,,,,,,,,,,,,,,2.0,,,,,,Matches,,25,,,,,,,,,,,31,,,,Matches,,,,,,,,,,,,,,,,,,,,,Matches,lukas kubler,2.6487669441849,1.39156642742455,2.6487669441849,4.891823662444949,3.227331643924117,DF,0.11363636363636363,0.1504981218286875,-0.036861758192323874,0.11,,0.11363636363636363,0.0790662742854858,,,,,,,,,
1424,Takefusa Kubo,jp JPN,MF,Real Sociedad,es La Liga,24.0,2001.0,24,17,1503.0,16.7,2.0,4.0,6,2,0,0,2,0,0.12,0.24,0.36,0.12,0.36,Matches,2,28,12,42.9,1.68,0.72,0.07,0.17,0,0,Matches,,,,,,,,,,,,,,,4.0,,,,,,Matches,,18,,,,,,,,,,,10,,,,Matches,,,,,,,,,,,,,,,,,,,,,Matches,takefusa kubo,2.659126302227378,4.556258842349052,2.659126302227378,7.780967563390732,3.3929872550070286,MF,0.11976047904191617,0.15922911989385496,-0.0394686408519388,0.07,,0.23952095808383234,0.27282987079934445,,,,,,,,,
1425,Mohammed Kudus,gh GHA,"MF,FW",Tottenham,eng Premier League,24.0,2000.0,19,19,1535.0,17.1,2.0,5.0,7,2,0,0,3,0,0.12,0.29,0.41,0.12,0.41,Matches,2,26,9,34.6,1.52,0.53,0.08,0.22,0,0,Matches,,,,,,,,,,,,,,,5.0,,,,,,Matches,,17,,,,,,,,,,,3,,,,Matches,,,,,,,,,,,,,,,,,,,,,Matches,mohammed kudus,2.362326920963824,2.574139247648418,2.362326920963824,4.9626108556985855,1.4065115749835968,MF,0.11695906432748537,0.13814777315577917,-0.02118870882829379,0.08,,0.29239766081871343,0.15053445892680806,,,,,,,,,
1426,Nicolas-Gerrit Kühn,de GER,MF,Como,it Serie A,25.0,2000.0,23,6,665.0,7.4,1.0,1.0,2,1,0,0,0,0,0.14,0.14,0.27,0.14,0.27,Matches,1,8,3,37.5,1.08,0.41,0.13,0.33,0,0,Matches,,,,,,,,,,,,,,,1.0,,,,,,Matches,,6,,,,,,,,,,,5,,,,Matches,,,,,,,,,,,,,,,,,,,,,Matches,nicolas gerrit kuhn,0.9032431282103062,1.4387495424598455,0.9032431282103062,4.039138616994023,1.8611475694924595,MF,0.13513513513513511,0.1220598821905819,0.01307525294455322,0.13,,0.13513513513513511,0.19442561384592508,,,,,,,,,
1428,Sael Kumbedi,fr FRA,"DF,MF",Wolfsburg,de Bundesliga,20.0,2005.0,24,20,1804.0,20.0,0.0,5.0,5,0,0,0,2,0,0.0,0.25,0.25,0.0,0.25,Matches,0,5,0,0.0,0.25,0.0,0.0,,0,0,Matches,,,,,,,,,,,,,,,5.0,,,,,,Matches,,33,,,,,,,,,,,14,,,,Matches,,,,,,,,,,,,,,,,,,,,,Matches,sael kumbedi,0.4646370662376284,3.120423424988985,0.4646370662376284,6.11135661881417,4.07589796371758,DF,0.0,0.02323185331188142,-0.02323185331188142,0.0,,0.25,0.15602117124944925,,,,,,,,,
1433,Khvicha Kvaratskhelia,ge GEO,FW,PSG,fr Ligue 1,24.0,2001.0,28,18,1479.0,16.4,8.0,4.0,12,7,1,1,1,0,0.49,0.24,0.73,0.43,0.67,Matches,8,65,29,44.6,3.96,1.76,0.12,0.28,1,1,Matches,,,,,,,,,,,,,,,4.0,,,,,,Matches,,13,,,,,,,,,,,10,,,,Matches,,,,,,,,,,,,,,,,,,,,,Matches,khvicha kvaratskhelia,7.978250507265329,5.74300504103303,7.218155387789011,17.08897763863206,8.842163369059563,FW,0.48780487804878053,0.44013142608469585,0.0013261885813823562,0.12,,0.24390243902439027,0.3501832342093311,,,,,,,,,
1434,Giorgi Kvilitaia,ge GEO,FW,Metz,fr Ligue 1,31.0,1993.0,10,5,495.0,5.5,2.0,0.0,2,2,0,0,1,0,0.36,0.0,0.36,0.36,0.36,Matches,2,12,7,58.3,2.18,1.27,0.17,0.29,0,0,Matches,,,,,,,,,,,,,,,0.0,,,,,,Matches,,6,,,,,,,,,,,0,,,,Matches,,,,,,,,,,,,,,,,,,,,,Matches,giorgi kvilitaia,1.3176763448864222,1.193804420530796,1.3176763448864222,1.1540779788047075,0.2850138414651155,FW,0.36363636363636365,0.23957751725207677,0.12405884638428688,0.17,,0.0,0.21705534918741745,,,,,,,,,
1436,Adrián de la Fuente,es ESP,DF,Levante,es La Liga,26.0,1999.0,33,30,2711.0,30.1,3.0,1.0,4,2,1,3,5,0,0.1,0.03,0.13,0.07,0.1,Matches,3,39,9,23.1,1.29,0.3,0.08,0.33,1,3,Matches,,,,,,,,,,,,,,,1.0,,,,,,Matches,,18,,,,,,,,,,,48,,,,Matches,,,,,,,,,,,,,,,,,,,,,Matches,adrian de la fuente,4.289415382780135,1.4081206684932113,2.0595825174823403,6.009899263270199,5.362125953659415,DF,0.09966777408637874,0.06842466835489502,-0.04283772035814401,0.08,,0.03322259136212624,0.04678141755791399,,,,,,,,,
1437,Rémy Labeau Lascary,gp GLP,"MF,FW",Brest,fr Ligue 1,22.0,2003.0,27,12,1200.0,13.3,5.0,1.0,6,5,0,0,2,0,0.37,0.07,0.45,0.37,0.45,Matches,5,34,16,47.1,2.55,1.2,0.15,0.31,0,0,Matches,,,,,,,,,,,,,,,1.0,,,,,,Matches,,11,,,,,,,,,,,4,,,,Matches,,,,,,,,,,,,,,,,,,,,,Matches,remy labeau lascary,5.339445449411869,2.657169260084629,5.339445449411869,8.572859641164541,1.6721731591969728,MF,0.37593984962406013,0.40146206386555405,-0.025522214241493913,0.15,,0.07518796992481203,0.19978716241237812,,,,,,,,,
1439,Maxence Lacroix,fr FRA,DF,Crystal Palace,eng Premier League,25.0,2000.0,35,35,3085.0,34.3,1.0,2.0,3,1,0,0,4,1,0.03,0.06,0.09,0.03,0.09,Matches,1,25,7,28.0,0.73,0.2,0.04,0.14,0,0,Matches,,,,,,,,,,,,,,,2.0,,,,,,Matches,,38,,,,,,,,,,,45,,,,Matches,,,,,,,,,,,,,,,,,,,,,Matches,maxence lacroix,3.006834846921265,1.2868863735347986,3.006834846921265,10.744279656559227,9.981197169981897,DF,0.02915451895043732,0.08766282352540132,-0.058508304574964004,0.04,,0.05830903790087464,0.03751855316427985,,,,,,,,,
1442,Yoel Lago,es ESP,DF,Celta Vigo,es La Liga,21.0,2004.0,12,11,938.0,10.4,0.0,0.0,0,0,0,0,4,0,0.0,0.0,0.0,0.0,0.0,Matches,0,1,0,0.0,0.1,0.0,0.0,,0,0,Matches,,,,,,,,,,,,,,,0.0,,,,,,Matches,,10,,,,,,,,,,,7,,,,Matches,,,,,,,,,,,,,,,,,,,,,Matches,yoel lago,0.0578714646399021,0.0766500122845172,0.0578714646399021,2.9164676181972027,2.892027758061886,DF,0.0,0.005564563907682894,-0.005564563907682894,0.0,,0.0,0.007370193488895884,,,,,,,,,
1444,Konrad Laimer,at AUT,DF,Bayern Munich,de Bundesliga,28.0,1997.0,29,22,1994.0,22.2,3.0,9.0,12,3,0,0,9,0,0.14,0.41,0.54,0.14,0.54,Matches,3,17,8,47.1,0.77,0.36,0.18,0.38,0,0,Matches,,,,,,,,,,,,,,,9.0,,,,,,Matches,,25,,,,,,,,,,,17,,,,Matches,,,,,,,,,,,,,,,,,,,,,Matches,konrad laimer,2.826949080452323,4.989689355716109,2.826949080452323,20.52084405720234,14.751735255122185,DF,0.13513513513513514,0.12734004866902357,0.007795086466111579,0.18,,0.40540540540540543,0.22476078178901393,,,,,,,,,
1445,Kenny Lala,mg MAD,DF,Brest,fr Ligue 1,33.0,1991.0,32,31,2791.0,31.0,0.0,3.0,3,0,0,0,4,0,0.0,0.1,0.1,0.0,0.1,Matches,0,8,1,12.5,0.26,0.03,0.0,0.0,0,0,Matches,,,,,,,,,,,,,,,3.0,,,,,,Matches,,26,,,,,,,,,,,26,,,,Matches,,,,,,,,,,,,,,,,,,,,,Matches,kenny lala,0.2368002831935882,3.7020830307155848,0.2368002831935882,10.935884578153493,8.608638597652316,DF,0.0,0.007638718812696394,-0.007638718812696394,0.0,,0.0967741935483871,0.11942203324888984,,,,,,,,,
1447,Senne Lammens,be BEL,GK,Manchester Utd,eng Premier League,23.0,2002.0,32,32,2880.0,32.0,0.0,0.0,0,0,0,0,0,0,0.0,0.0,0.0,0.0,0.0,Matches,0,0,0,,0.0,0.0,,,0,0,Matches,,,,,,,,,,,,,,,0.0,,,,,,Matches,,1,,,,,,,,,,,0,,,,Matches,,,,,,,,,,,,,,,,,,,,,Matches,senne lammens,0.0,0.0,0.0,5.00017312541604,5.00017312541604,GK,,,,,,,,,,,,,,,,
1449,Noa Lang,nl NED,"FW,MF",Napoli,it Serie A,26.0,1999.0,18,7,666.0,7.4,1.0,2.0,3,1,0,0,2,0,0.14,0.27,0.41,0.14,0.41,Matches,1,9,4,44.4,1.22,0.54,0.11,0.25,0,0,Matches,,,,,,,,,,,,,,,2.0,,,,,,Matches,,8,,,,,,,,,,,2,,,,Matches,,,,,,,,,,,,,,,,,,,,,Matches,noa lang,1.3651904631406069,1.9749588575214148,1.3651904631406069,4.173819866031408,2.764019284397364,FW,0.13513513513513511,0.18448519772170363,-0.049350062586568495,0.11,,0.27027027027027023,0.26688633209748847,,,,,,,,,
1450,Aymeric Laporte,es ESP,DF,Athletic Club,es La Liga,31.0,1994.0,25,24,2058.0,22.9,0.0,1.0,1,0,0,0,4,0,0.0,0.04,0.04,0.0,0.04,Matches,0,15,5,33.3,0.66,0.22,0.0,0.0,0,0,Matches,,,,,,,,,,,,,,,1.0,,,,,,Matches,,17,,,,,,,,,,,27,,,,Matches,,,,,,,,,,,,,,,,,,,,,Matches,aymeric laporte,1.8204883504658933,0.4414121750742197,1.8204883504658933,5.202450418844819,4.778625398874283,DF,0.0,0.0794973078806067,-0.0794973078806067,0.0,,0.04366812227074236,0.01927564083293536,,,,,,,,,
1451,Hugo Larsson,se SWE,MF,Frankfurt,de Bundesliga,21.0,2004.0,25,21,1812.0,20.1,2.0,2.0,4,2,0,0,0,0,0.1,0.1,0.2,0.1,0.2,Matches,2,13,6,46.2,0.65,0.3,0.15,0.33,0,0,Matches,,,,,,,,,,,,,,,2.0,,,,,,Matches,,9,,,,,,,,,,,27,,,,Matches,,,,,,,,,,,,,,,,,,,,,Matches,hugo larsson,1.4220624901354313,1.1869177855551245,1.4220624901354313,5.631294704973698,3.755781836807728,MF,0.09950248756218905,0.07074937761867817,0.02875310994351088,0.15,,0.09950248756218905,0.05905063609726987,,,,,,,,,
1453,Toni Lato,es ESP,"DF,MF",Mallorca,es La Liga,27.0,1997.0,12,7,583.0,6.5,0.0,1.0,1,0,0,0,3,0,0.0,0.15,0.15,0.0,0.15,Matches,0,0,0,,0.0,0.0,,,0,0,Matches,,,,,,,,,,,,,,,1.0,,,,,,Matches,,8,,,,,,,,,,,6,,,,Matches,,,,,,,,,,,,,,,,,,,,,Matches,toni lato,0.0,0.4910133834928274,0.0,1.7519583329558372,1.357103642076254,DF,0.0,0.0,0.0,,,0.15384615384615385,0.07554052053735806,,,,,,,,,
1454,Josh Laurent,eng ENG,"DF,MF",Burnley,eng Premier League,30.0,1995.0,33,18,1764.0,19.6,1.0,0.0,1,1,0,0,7,1,0.05,0.0,0.05,0.05,0.05,Matches,1,15,4,26.7,0.77,0.2,0.07,0.25,0,0,Matches,,,,,,,,,,,,,,,0.0,,,,,,Matches,,25,,,,,,,,,,,28,,,,Matches,,,,,,,,,,,,,,,,,,,,,Matches,josh laurent,1.0436750873923302,0.7355106780305505,1.0436750873923302,3.166121123358608,1.6837338991463184,DF,0.0510204081632653,0.05324872894858827,-0.002228320785322968,0.07,,0.0,0.03752605500155869,,,,,,,,,
1455,Armand Lauriente,fr FRA,FW,Sassuolo,it Serie A,26.0,1998.0,38,33,2592.0,28.8,7.0,9.0,16,7,0,0,4,0,0.24,0.31,0.56,0.24,0.56,Matches,7,71,26,36.6,2.47,0.9,0.1,0.27,0,0,Matches,,,,,,,,,,,,,,,9.0,,,,,,Matches,,15,,,,,,,,,,,7,,,,Matches,,,,,,,,,,,,,,,,,,,,,Matches,armand lauriente,4.392248864285648,8.514929416589439,4.392248864285648,14.82768054679036,7.808049842715263,FW,0.24305555555555555,0.15250864112102944,0.09054691443452612,0.1,,0.3125,0.2956572714093555,,,,,,,,,
1458,Valentino Lazaro,at AUT,MF,Torino,it Serie A,29.0,1996.0,31,26,2252.0,25.0,0.0,2.0,2,0,0,0,4,0,0.0,0.08,0.08,0.0,0.08,Matches,0,8,2,25.0,0.32,0.08,0.0,0.0,0,0,Matches,,,,,,,,,,,,,,,2.0,,,,,,Matches,,25,,,,,,,,,,,22,,,,Matches,,,,,,,,,,,,,,,,,,,,,Matches,valentino lazaro,0.4233721131458878,3.7035163436084986,0.4233721131458878,6.316612107679248,4.944833934307098,MF,0.0,0.01693488452583551,-0.01693488452583551,0.0,,0.08,0.14814065374433993,,,,,,,,,
1459,Manuel Lazzari,it ITA,DF,Lazio,it Serie A,31.0,1993.0,23,9,938.0,10.4,0.0,0.0,0,0,0,0,2,0,0.0,0.0,0.0,0.0,0.0,Matches,0,4,2,50.0,0.38,0.19,0.0,0.0,0,0,Matches,,,,,,,,,,,,,,,0.0,,,,,,Matches,,9,,,,,,,,,,,6,,,,Matches,,,,,,,,,,,,,,,,,,,,,Matches,manuel lazzari,0.1093258569017052,0.12791617680341,0.1093258569017052,1.957939920015633,1.7328816344961524,DF,0.0,0.01051210162516396,-0.01051210162516396,0.0,,0.0,0.012299632384943268,,,,,,,,,
1461,Théo Le Bris,fr FRA,MF,Lorient,fr Ligue 1,22.0,2002.0,28,22,1893.0,21.0,2.0,2.0,4,2,0,0,0,0,0.1,0.1,0.19,0.1,0.19,Matches,2,17,7,41.2,0.81,0.33,0.12,0.29,0,0,Matches,,,,,,,,,,,,,,,2.0,,,,,,Matches,,28,,,,,,,,,,,17,,,,Matches,,,,,,,,,,,,,,,,,,,,,Matches,theo le bris,1.935364414472133,1.3978275619447231,1.935364414472133,4.595136150252074,2.6511300066486,MF,0.09523809523809523,0.09216021021295871,0.0030778850251365277,0.12,,0.09523809523809523,0.066563217235463,,,,,,,,,
1463,Enzo Le Fée,fr FRA,"MF,FW",Sunderland,eng Premier League,25.0,2000.0,36,33,2930.0,32.6,5.0,6.0,11,2,3,4,5,0,0.15,0.18,0.34,0.06,0.25,Matches,5,36,12,33.3,1.11,0.37,0.14,0.42,3,4,Matches,,,,,,,,,,,,,,,6.0,,,,,,Matches,,56,,,,,,,,,,,28,,,,Matches,,,,,,,,,,,,,,,,,,,,,Matches,enzo le fee,5.268677884712815,7.54641820769757,2.224039314314723,13.179932279512286,7.138605147600174,MF,0.15337423312883436,0.06822206485627984,-0.008241652905301083,0.14,,0.18404907975460122,0.23148522109501748,,,,,,,,,
1465,Robin Le Normand,es ESP,DF,Atlético Madrid,es La Liga,28.0,1996.0,28,17,1789.0,19.9,1.0,1.0,2,1,0,0,5,0,0.05,0.05,0.1,0.05,0.1,Matches,1,6,1,16.7,0.3,0.05,0.17,1.0,0,0,Matches,,,,,,,,,,,,,,,1.0,,,,,,Matches,,20,,,,,,,,,,,20,,,,Matches,,,,,,,,,,,,,,,,,,,,,Matches,robin le normand,1.2779291793704033,0.3418054245412349,1.2779291793704033,10.35181195102632,9.952938174828889,DF,0.05025125628140704,0.06421754670203032,-0.013966290420623282,0.17,,0.05025125628140704,0.01717615198699673,,,,,,,,,
1466,Nicola Leali,it ITA,GK,Genoa,it Serie A,32.0,1993.0,22,21,1847.0,20.5,0.0,0.0,0,0,0,0,2,1,0.0,0.0,0.0,0.0,0.0,Matches,0,0,0,,0.0,0.0,,,0,0,Matches,,,,,,,,,,,,,,,0.0,,,,,,Matches,,0,,,,,,,,,,,1,,,,Matches,,,,,,,,,,,,,,,,,,,,,Matches,nicola leali,0.0,0.1997857615351677,0.0,1.4363188985735178,1.2365331295877695,GK,,,,,,,,,,,,,,,,
1467,Rafael Leão,pt POR,FW,Milan,it Serie A,26.0,1999.0,29,23,1851.0,20.6,9.0,3.0,12,7,2,2,5,0,0.44,0.15,0.58,0.34,0.49,Matches,9,63,24,38.1,3.06,1.17,0.14,0.38,2,2,Matches,,,,,,,,,,,,,,,3.0,,,,,,Matches,,3,,,,,,,,,,,5,,,,Matches,,,,,,,,,,,,,,,,,,,,,Matches,rafael leao,9.601861637085676,4.9774565836414695,8.079263962805271,15.73306704312563,4.835623417049646,FW,0.4368932038834951,0.39219727974782864,-0.029216584324547386,0.14,,0.14563106796116504,0.24162410600201306,,,,,,,,,
1468,Pierre Lees-Melou,fr FRA,MF,Paris FC,fr Ligue 1,32.0,1993.0,22,20,1782.0,19.8,1.0,3.0,4,1,0,0,7,1,0.05,0.15,0.2,0.05,0.2,Matches,1,27,6,22.2,1.36,0.3,0.04,0.17,0,0,Matches,,,,,,,,,,,,,,,3.0,,,,,,Matches,,35,,,,,,,,,,,20,,,,Matches,,,,,,,,,,,,,,,,,,,,,Matches,pierre lees melou,1.580171943642199,2.861335970461369,1.580171943642199,8.927949897944927,6.179184839129448,MF,0.050505050505050504,0.07980666382031308,-0.029301613315262577,0.04,,0.15151515151515152,0.14451191770006913,,,,,,,,,
1470,Jordan Lefort,mr MTN,DF,Angers,fr Ligue 1,31.0,1993.0,34,34,3060.0,34.0,0.0,2.0,2,0,0,0,2,0,0.0,0.06,0.06,0.0,0.06,Matches,0,11,2,18.2,0.32,0.06,0.0,0.0,0,0,Matches,,,,,,,,,,,,,,,2.0,,,,,,Matches,,33,,,,,,,,,,,47,,,,Matches,,,,,,,,,,,,,,,,,,,,,Matches,jordan lefort,0.6379672419279814,0.8968721181154251,0.6379672419279814,8.235661486163735,7.759192215278745,DF,0.0,0.01876374240964651,-0.01876374240964651,0.0,,0.058823529411764705,0.02637859170927721,,,,,,,,,
1472,Diogo Leite,pt POR,DF,Union Berlin,de Bundesliga,26.0,1999.0,23,23,1963.0,21.8,0.0,0.0,0,0,0,0,4,0,0.0,0.0,0.0,0.0,0.0,Matches,0,10,1,10.0,0.46,0.05,0.0,0.0,0,0,Matches,,,,,,,,,,,,,,,0.0,,,,,,Matches,,15,,,,,,,,,,,44,,,,Matches,,,,,,,,,,,,,,,,,,,,,Matches,diogo leite,0.7947779260575771,0.4625474046915769,0.7947779260575771,4.022552821785212,3.751455467194319,DF,0.0,0.03645770303016409,-0.03645770303016409,0.0,,0.0,0.021217770857411784,,,,,,,,,
1475,Florian Lejeune,fr FRA,DF,Rayo Vallecano,es La Liga,34.0,1991.0,36,36,3230.0,35.9,2.0,1.0,3,2,0,0,7,0,0.06,0.03,0.08,0.06,0.08,Matches,2,50,18,36.0,1.39,0.5,0.04,0.11,0,0,Matches,,,,,,,,,,,,,,,1.0,,,,,,Matches,,47,,,,,,,,,,,47,,,,Matches,,,,,,,,,,,,,,,,,,,,,Matches,florian lejeune,2.6121565653011203,1.1719966726377606,2.6121565653011203,10.796885312534869,9.678738729096947,DF,0.05571030640668524,0.07276202131757996,-0.017051714910894716,0.04,,0.02785515320334262,0.03264614687013261,,,,,,,,,
1476,Youssef Lekhedim,es ESP,"DF,MF",Alavés,es La Liga,19.0,2005.0,25,13,1335.0,14.8,0.0,1.0,1,0,0,0,7,0,0.0,0.07,0.07,0.0,0.07,Matches,0,11,3,27.3,0.74,0.2,0.0,0.0,0,0,Matches,,,,,,,,,,,,,,,1.0,,,,,,Matches,,10,,,,,,,,,,,12,,,,Matches,,,,,,,,,,,,,,,,,,,,,Matches,youssef lekhedim,0.7915327316150069,2.768648535013199,0.7915327316150069,5.751958949491382,3.135219857096672,DF,0.0,0.0534819413253383,-0.0534819413253383,0.0,,0.06756756756756756,0.18707084696035126,,,,,,,,,
1477,Iñigo Lekue,es ESP,DF,Athletic Club,es La Liga,32.0,1993.0,11,8,600.0,6.7,0.0,0.0,0,0,0,0,2,2,0.0,0.0,0.0,0.0,0.0,Matches,0,3,1,33.3,0.45,0.15,0.0,0.0,0,0,Matches,,,,,,,,,,,,,,,0.0,,,,,,Matches,,10,,,,,,,,,,,4,,,,Matches,,,,,,,,,,,,,,,,,,,,,Matches,inigo lekue,0.1312863305211067,0.0452195592224597,0.1312863305211067,2.2843863498419523,2.107880437746644,DF,0.0,0.01959497470464279,-0.01959497470464279,0.0,,0.0,0.006749187943650702,,,,,,,,,
1478,Thomas Lemar,fr FRA,MF,Girona,es La Liga,29.0,1995.0,27,14,1258.0,14.0,3.0,1.0,4,3,0,0,4,0,0.21,0.07,0.29,0.21,0.29,Matches,3,17,8,47.1,1.22,0.57,0.18,0.38,0,0,Matches,,,,,,,,,,,,,,,1.0,,,,,,Matches,,15,,,,,,,,,,,5,,,,Matches,,,,,,,,,,,,,,,,,,,,,Matches,thomas lemar,1.774252887815237,1.3809418808668852,1.774252887815237,6.247596652712673,3.81582584278658,MF,0.21428571428571427,0.12673234912965978,0.0875533651560545,0.18,,0.07142857142857142,0.09863870577620608,,,,,,,,,
1479,Félix Lemaréchal,fr FRA,"MF,FW",Strasbourg,fr Ligue 1,21.0,2003.0,11,7,555.0,6.2,0.0,2.0,2,0,0,0,1,0,0.0,0.32,0.32,0.0,0.32,Matches,0,10,2,20.0,1.62,0.32,0.0,0.0,0,0,Matches,,,,,,,,,,,,,,,2.0,,,,,,Matches,,6,,,,,,,,,,,3,,,,Matches,,,,,,,,,,,,,,,,,,,,,Matches,felix lemarechal,0.911349218338728,1.2359443046152592,0.911349218338728,3.2352783121168613,1.358577482402325,MF,0.0,0.14699180940947223,-0.14699180940947223,0.0,,0.3225806451612903,0.1993458555831063,,,,,,,,,
1481,Tim Lemperle,de GER,FW,Hoffenheim,de Bundesliga,23.0,2002.0,29,24,1944.0,21.6,8.0,2.0,10,7,1,1,3,1,0.37,0.09,0.46,0.32,0.42,Matches,8,53,21,39.6,2.45,0.97,0.15,0.38,1,1,Matches,,,,,,,,,,,,,,,2.0,,,,,,Matches,,16,,,,,,,,,,,6,,,,Matches,,,,,,,,,,,,,,,,,,,,,Matches,tim lemperle,9.412074415013194,2.5754604805260897,8.654297707602382,13.365150267258286,2.924194620922208,FW,0.37037037037037035,0.40066193090751767,-0.06537381550987009,0.15,,0.09259259259259259,0.11923428150583748,,,,,,,,,
1483,Clément Lenglet,fr FRA,DF,Atlético Madrid,es La Liga,30.0,1995.0,19,17,1391.0,15.5,0.0,1.0,1,0,0,0,6,1,0.0,0.06,0.06,0.0,0.06,Matches,0,5,0,0.0,0.32,0.0,0.0,,0,0,Matches,,,,,,,,,,,,,,,1.0,,,,,,Matches,,10,,,,,,,,,,,20,,,,Matches,,,,,,,,,,,,,,,,,,,,,Matches,clement lenglet,0.3035862017422914,0.3937023878097534,0.3035862017422914,6.491023430600762,6.36877671815455,DF,0.0,0.0195862065640188,-0.0195862065640188,0.0,,0.06451612903225806,0.025400154052242156,,,,,,,,,
1484,Bernd Leno,de GER,GK,Fulham,eng Premier League,33.0,1992.0,38,38,3420.0,38.0,0.0,0.0,0,0,0,0,3,0,0.0,0.0,0.0,0.0,0.0,Matches,0,0,0,,0.0,0.0,,,0,0,Matches,,,,,,,,,,,,,,,0.0,,,,,,Matches,,1,,,,,,,,,,,1,,,,Matches,,,,,,,,,,,,,,,,,,,,,Matches,bernd leno,0.0,0.0,0.0,4.902563899755478,4.902563899755478,GK,,,,,,,,,,,,,,,,
1485,Donovan Léon,gf GUF,GK,Auxerre,fr Ligue 1,32.0,1992.0,29,29,2460.0,27.3,0.0,0.0,0,0,0,0,1,2,0.0,0.0,0.0,0.0,0.0,Matches,0,0,0,,0.0,0.0,,,0,0,Matches,,,,,,,,,,,,,,,0.0,,,,,,Matches,,2,,,,,,,,,,,0,,,,Matches,,,,,,,,,,,,,,,,,,,,,Matches,donovan leon,0.0,0.0648864954710006,0.0,1.6310187000781298,1.5661322008818388,GK,,,,,,,,,,,,,,,,
1487,Esteban Lepaul,fr FRA,FW,Rennes,fr Ligue 1,25.0,2000.0,32,31,2511.0,27.9,20.0,5.0,25,17,3,4,3,0,0.72,0.18,0.9,0.61,0.79,Matches,20,84,37,44.0,3.01,1.33,0.24,0.54,3,4,Matches,,,,,,,,,,,,,,,5.0,,,,,,Matches,,5,,,,,,,,,,,3,,,,Matches,,,,,,,,,,,,,,,,,,,,,Matches,esteban lepaul,15.734724316745996,3.3852440919727087,12.694475065916777,17.0145684145391,4.0013463869690895,FW,0.7168458781362007,0.45499910630526086,0.15287726463276,0.24,,0.17921146953405018,0.12133491369077809,,,,,,,,,
1488,Johann Lepenant,fr FRA,MF,Nantes,fr Ligue 1,22.0,2002.0,27,23,2173.0,24.1,0.0,1.0,1,0,0,0,4,0,0.0,0.04,0.04,0.0,0.04,Matches,0,22,7,31.8,0.91,0.29,0.0,0.0,0,0,Matches,,,,,,,,,,,,,,,1.0,,,,,,Matches,,47,,,,,,,,,,,26,,,,Matches,,,,,,,,,,,,,,,,,,,,,Matches,johann lepenant,0.8502923585474491,2.2118827141821384,0.8502923585474491,5.685858994722366,4.117297636345029,MF,0.0,0.03528184060362859,-0.03528184060362859,0.0,,0.04149377593360996,0.09177936573369869,,,,,,,,,
1489,Mehdi Léris,dz ALG,MF,Pisa,it Serie A,27.0,1998.0,34,21,1900.0,21.1,2.0,3.0,5,2,0,0,2,0,0.09,0.14,0.24,0.09,0.24,Matches,2,25,7,28.0,1.18,0.33,0.08,0.29,0,0,Matches,,,,,,,,,,,,,,,3.0,,,,,,Matches,,37,,,,,,,,,,,23,,,,Matches,,,,,,,,,,,,,,,,,,,,,Matches,mehdi leris,1.973102173767984,2.4453976545482874,1.973102173767984,5.055834978818893,1.8889753613621,MF,0.0947867298578199,0.09351195136341155,0.0012747784944083453,0.08,,0.14218009478672985,0.11589562343830745,,,,,,,,,
1490,Jefferson Lerma,co COL,"MF,DF",Crystal Palace,eng Premier League,30.0,1994.0,31,18,1733.0,19.3,0.0,2.0,2,0,0,0,7,0,0.0,0.1,0.1,0.0,0.1,Matches,0,19,7,36.8,0.99,0.36,0.0,0.0,0,0,Matches,,,,,,,,,,,,,,,2.0,,,,,,Matches,,18,,,,,,,,,,,25,,,,Matches,,,,,,,,,,,,,,,,,,,,,Matches,jefferson lerma,2.208588045090437,1.7842966839671135,2.208588045090437,7.616084651090205,6.042748659849167,MF,0.0,0.11443461373525579,-0.11443461373525579,0.0,,0.10362694300518134,0.09245060538689708,,,,,,,,,
1491,Louis Leroux,fr FRA,"MF,DF",Nantes,fr Ligue 1,19.0,2006.0,23,16,1441.0,16.0,1.0,1.0,2,1,0,0,2,0,0.06,0.06,0.12,0.06,0.12,Matches,1,15,3,20.0,0.94,0.19,0.07,0.33,0,0,Matches,,,,,,,,,,,,,,,1.0,,,,,,Matches,,23,,,,,,,,,,,5,,,,Matches,,,,,,,,,,,,,,,,,,,,,Matches,louis leroux,1.6188924480229616,0.7465226091444492,1.6188924480229616,3.097193729132414,1.815334405750036,MF,0.0625,0.1011807780014351,-0.0386807780014351,0.07,,0.0625,0.04665766307152808,,,,,,,,,
1492,Robert Lewandowski,pl POL,FW,Barcelona,es La Liga,36.0,1988.0,31,17,1664.0,18.5,14.0,2.0,16,13,1,3,2,0,0.76,0.11,0.87,0.7,0.81,Matches,14,63,29,46.0,3.41,1.57,0.22,0.48,1,3,Matches,,,,,,,,,,,,,,,2.0,,,,,,Matches,,3,,,,,,,,,,,3,,,,Matches,,,,,,,,,,,,,,,,,,,,,Matches,robert lewandowski,16.066804450005293,2.279528703540564,13.836971666663883,19.4469972550869,6.116905840113759,FW,0.7567567567567568,0.747944414414264,-0.11171915945974556,0.22,,0.10810810810810811,0.12321776775894941,,,,,,,,,
1493,Jamie Leweling,de GER,MF,Stuttgart,de Bundesliga,24.0,2001.0,32,26,2367.0,26.3,7.0,9.0,16,7,0,0,4,0,0.27,0.34,0.61,0.27,0.61,Matches,7,49,18,36.7,1.86,0.68,0.14,0.39,0,0,Matches,,,,,,,,,,,,,,,9.0,,,,,,Matches,,12,,,,,,,,,,,13,,,,Matches,,,,,,,,,,,,,,,,,,,,,Matches,jamie leweling,4.102848822250962,6.05470309779048,4.102848822250962,17.34269355610013,9.02036947198212,MF,0.2661596958174905,0.15600185635935218,0.11015783945813831,0.14,,0.34220532319391633,0.23021684782473306,,,,,,,,,
1495,Keane Lewis-Potter,eng ENG,"DF,MF",Brentford,eng Premier League,24.0,2001.0,36,22,1972.0,21.9,3.0,3.0,6,3,0,0,1,0,0.14,0.14,0.27,0.14,0.27,Matches,3,31,9,29.0,1.41,0.41,0.1,0.33,0,0,Matches,,,,,,,,,,,,,,,3.0,,,,,,Matches,,14,,,,,,,,,,,10,,,,Matches,,,,,,,,,,,,,,,,,,,,,Matches,keane lewis potter,3.214926864951849,2.714283775538206,3.214926864951849,7.842858789488673,3.1916828025132418,DF,0.13698630136986303,0.14680031346812097,-0.009814012098257946,0.1,,0.13698630136986303,0.12393989842640211,,,,,,,,,
1496,Myles Lewis-Skelly,eng ENG,"MF,DF",Arsenal,eng Premier League,18.0,2006.0,20,5,709.0,7.9,0.0,0.0,0,0,0,0,3,0,0.0,0.0,0.0,0.0,0.0,Matches,0,2,0,0.0,0.25,0.0,0.0,,0,0,Matches,,,,,,,,,,,,,,,0.0,,,,,,Matches,,5,,,,,,,,,,,5,,,,Matches,,,,,,,,,,,,,,,,,,,,,Matches,myles lewis skelly,0.1256939582526683,0.1785307899117469,0.1256939582526683,2.1258894726634026,1.9670009650290008,MF,0.0,0.015910627626920037,-0.015910627626920037,0.0,,0.0,0.02259883416604391,,,,,,,,,
1498,Philipp Lienhart,at AUT,DF,Freiburg,de Bundesliga,29.0,1996.0,20,14,1302.0,14.5,1.0,0.0,1,1,0,0,4,1,0.07,0.0,0.07,0.07,0.07,Matches,1,8,2,25.0,0.55,0.14,0.13,0.5,0,0,Matches,,,,,,,,,,,,,,,0.0,,,,,,Matches,,13,,,,,,,,,,,13,,,,Matches,,,,,,,,,,,,,,,,,,,,,Matches,philipp lienhart,0.9484050497412682,0.1434269901365041,0.9484050497412682,5.8486660327762365,5.743671094998717,DF,0.06896551724137931,0.06540724480974264,0.0035582724316366786,0.13,,0.0,0.009891516561138214,,,,,,,,,
1499,Matthijs de Ligt,nl NED,DF,Manchester Utd,eng Premier League,25.0,1999.0,13,13,1170.0,13.0,1.0,0.0,1,1,0,0,0,0,0.08,0.0,0.08,0.08,0.08,Matches,1,11,3,27.3,0.85,0.23,0.09,0.33,0,0,Matches,,,,,,,,,,,,,,,0.0,,,,,,Matches,,13,,,,,,,,,,,11,,,,Matches,,,,,,,,,,,,,,,,,,,,,Matches,matthijs de ligt,1.3233719654381275,0.4281761646270752,1.3233719654381275,2.8319015204906464,2.3887862116098404,DF,0.07692307692307693,0.10179784349524058,-0.024874766572163656,0.09,,0.0,0.032936628048236556,,,,,,,,,
1501,Victor Lindelöf,se SWE,"DF,MF",Aston Villa,eng Premier League,31.0,1994.0,17,11,948.0,10.5,0.0,1.0,1,0,0,0,0,0,0.0,0.09,0.09,0.0,0.09,Matches,0,3,0,0.0,0.28,0.0,0.0,,0,0,Matches,,,,,,,,,,,,,,,1.0,,,,,,Matches,,3,,,,,,,,,,,8,,,,Matches,,,,,,,,,,,,,,,,,,,,,Matches,victor lindelof,0.1561275906860828,0.5980998799204826,0.1561275906860828,2.5445900056511164,2.527874367311597,DF,0.0,0.014869294351055506,-0.014869294351055506,0.0,,0.09523809523809523,0.05696189332576025,,,,,,,,,
1503,Luca Lipani,it ITA,MF,Sassuolo,it Serie A,20.0,2005.0,24,10,1034.0,11.5,0.0,1.0,1,0,0,0,3,0,0.0,0.09,0.09,0.0,0.09,Matches,0,12,3,25.0,1.04,0.26,0.0,0.0,0,0,Matches,,,,,,,,,,,,,,,1.0,,,,,,Matches,,17,,,,,,,,,,,15,,,,Matches,,,,,,,,,,,,,,,,,,,,,Matches,luca lipani,0.9187592826783656,1.1096705137751997,0.9187592826783656,4.823387278243899,3.3149657156318426,MF,0.0,0.07989211153724918,-0.07989211153724918,0.0,,0.08695652173913043,0.09649308815436519,,,,,,,,,
1506,Adrián Liso,es ESP,"FW,MF",Getafe,es La Liga,20.0,2005.0,28,21,1702.0,18.9,3.0,0.0,3,3,0,0,5,1,0.16,0.0,0.16,0.16,0.16,Matches,3,26,10,38.5,1.37,0.53,0.12,0.3,0,0,Matches,,,,,,,,,,,,,,,0.0,,,,,,Matches,,22,,,,,,,,,,,4,,,,Matches,,,,,,,,,,,,,,,,,,,,,Matches,adrian liso,2.757198302075267,0.1507773920893669,2.757198302075267,3.0900558568537235,0.3200403545051813,FW,0.15873015873015875,0.14588350804631042,0.012846650683848316,0.12,,0.0,0.007977639793088197,,,,,,,,,
1508,Tino Livramento,eng ENG,DF,Newcastle,eng Premier League,22.0,2002.0,17,14,1328.0,14.8,0.0,1.0,1,0,0,0,1,0,0.0,0.07,0.07,0.0,0.07,Matches,0,3,0,0.0,0.2,0.0,0.0,,0,0,Matches,,,,,,,,,,,,,,,1.0,,,,,,Matches,,14,,,,,,,,,,,2,,,,Matches,,,,,,,,,,,,,,,,,,,,,Matches,tino livramento,,,,,,DF,0.0,,,0.0,,0.06756756756756756,,,,,,,,,,
1511,Diego Llorente,es ESP,DF,Real Betis,es La Liga,31.0,1993.0,18,14,1229.0,13.7,1.0,0.0,1,1,0,0,5,0,0.07,0.0,0.07,0.07,0.07,Matches,1,4,3,75.0,0.29,0.22,0.25,0.33,0,0,Matches,,,,,,,,,,,,,,,0.0,,,,,,Matches,,15,,,,,,,,,,,27,,,,Matches,,,,,,,,,,,,,,,,,,,,,Matches,diego llorente,1.1309194639325142,0.0534076169133186,1.1309194639325142,3.991023997310549,3.7352525391615927,DF,0.07299270072992702,0.08254886598047549,-0.009556165250548481,0.25,,0.0,0.003898366198052453,,,,,,,,,
1512,Marcos Llorente,es ESP,"DF,MF",Atlético Madrid,es La Liga,30.0,1995.0,29,25,2181.0,24.2,0.0,4.0,4,0,0,0,7,1,0.0,0.17,0.17,0.0,0.17,Matches,0,18,6,33.3,0.74,0.25,0.0,0.0,0,0,Matches,,,,,,,,,,,,,,,4.0,,,,,,Matches,,41,,,,,,,,,,,13,,,,Matches,,,,,,,,,,,,,,,,,,,,,Matches,marcos llorente,2.2122418731451035,4.202356196939945,2.2122418731451035,17.013618292286992,12.5181664545089,DF,0.0,0.09141495343574808,-0.09141495343574808,0.0,,0.1652892561983471,0.17365108251817957,,,,,,,,,
1513,Gautier Lloris,fr FRA,DF,Le Havre,fr Ligue 1,30.0,1995.0,29,28,2398.0,26.6,1.0,1.0,2,1,0,0,2,1,0.04,0.04,0.08,0.04,0.08,Matches,1,12,4,33.3,0.45,0.15,0.08,0.25,0,0,Matches,,,,,,,,,,,,,,,1.0,,,,,,Matches,,24,,,,,,,,,,,43,,,,Matches,,,,,,,,,,,,,,,,,,,,,Matches,gautier lloris,1.2026095436885953,1.0743397623300552,1.2026095436885953,4.047221319749951,3.9577493350952864,DF,0.03759398496240601,0.04521088510107501,-0.007616900138668996,0.08,,0.03759398496240601,0.040388712869550945,,,,,,,,,
1514,Giovani Lo Celso,ar ARG,MF,Real Betis,es La Liga,29.0,1996.0,24,15,1393.0,15.5,2.0,3.0,5,2,0,0,4,0,0.13,0.19,0.32,0.13,0.32,Matches,2,30,11,36.7,1.94,0.71,0.07,0.18,0,0,Matches,,,,,,,,,,,,,,,3.0,,,,,,Matches,,13,,,,,,,,,,,6,,,,Matches,,,,,,,,,,,,,,,,,,,,,Matches,giovani lo celso,2.9037401657551527,2.8784077670425177,2.9037401657551527,10.672939863055944,6.766227323561907,MF,0.12903225806451613,0.18733807521000986,-0.058305817145493724,0.07,,0.1935483870967742,0.18570372690596887,,,,,,,,,
1515,Danny Loader,cm CMR,"MF,FW",Auxerre,fr Ligue 1,24.0,2000.0,30,29,2517.0,28.0,3.0,3.0,6,3,0,0,9,0,0.11,0.11,0.21,0.11,0.21,Matches,3,62,17,27.4,2.22,0.61,0.05,0.18,0,0,Matches,,,,,,,,,,,,,,,3.0,,,,,,Matches,,25,,,,,,,,,,,9,,,,Matches,,,,,,,,,,,,,,,,,,,,,Matches,danny loader,,,,,,MF,0.10714285714285714,,,0.05,,0.10714285714285714,,,,,,,,,,
1516,Stanislav Lobotka,sk SVK,MF,Napoli,it Serie A,30.0,1994.0,32,29,2431.0,27.0,1.0,1.0,2,1,0,0,3,0,0.04,0.04,0.07,0.04,0.07,Matches,1,8,4,50.0,0.3,0.15,0.13,0.25,0,0,Matches,,,,,,,,,,,,,,,1.0,,,,,,Matches,,16,,,,,,,,,,,16,,,,Matches,,,,,,,,,,,,,,,,,,,,,Matches,stanislav lobotka,0.4109657760709524,1.0618614703416824,0.4109657760709524,9.941714700311422,8.96990124695003,MF,0.037037037037037035,0.015220954669294533,0.021816082367742504,0.13,,0.037037037037037035,0.0393282026052475,,,,,,,,,
1517,Manuel Locatelli,it ITA,MF,Juventus,it Serie A,27.0,1998.0,36,36,2994.0,33.3,1.0,2.0,3,1,0,1,9,0,0.03,0.06,0.09,0.03,0.09,Matches,1,46,12,26.1,1.38,0.36,0.02,0.08,0,1,Matches,,,,,,,,,,,,,,,2.0,,,,,,Matches,,66,,,,,,,,,,,38,,,,Matches,,,,,,,,,,,,,,,,,,,,,Matches,manuel locatelli,2.4154798155650496,3.826732565648854,1.6541809802874925,21.80190648883581,18.526978565379977,MF,0.030030030030030033,0.04967510451313792,-0.04250690136831981,0.02,,0.060060060060060066,0.11491689386332896,,,,,,,,,
1518,Bradley Locko,fr FRA,DF,Brest,fr Ligue 1,23.0,2002.0,21,14,1286.0,14.3,0.0,2.0,2,0,0,0,0,0,0.0,0.14,0.14,0.0,0.14,Matches,0,2,1,50.0,0.14,0.07,0.0,0.0,0,0,Matches,,,,,,,,,,,,,,,2.0,,,,,,Matches,,28,,,,,,,,,,,10,,,,Matches,,,,,,,,,,,,,,,,,,,,,Matches,bradley locko,0.0710438583046197,1.333613121882081,0.0710438583046197,3.9428437734022737,3.614086621440947,DF,0.0,0.0049681019793440355,-0.0049681019793440355,0.0,,0.13986013986013984,0.0932596588728728,,,,,,,,,
1519,Ruben Loftus-Cheek,eng ENG,"MF,FW",Milan,it Serie A,29.0,1996.0,28,12,1133.0,12.6,3.0,1.0,4,3,0,0,2,0,0.24,0.08,0.32,0.24,0.32,Matches,3,29,6,20.7,2.3,0.48,0.1,0.5,0,0,Matches,,,,,,,,,,,,,,,1.0,,,,,,Matches,,8,,,,,,,,,,,5,,,,Matches,,,,,,,,,,,,,,,,,,,,,Matches,ruben loftus cheek,4.139354669488967,1.0412129200994968,4.139354669488967,7.335022354498506,4.437150865793228,MF,0.2380952380952381,0.32852021186420377,-0.09042497376896566,0.1,,0.07936507936507936,0.08263594603964261,,,,,,,,,
1520,Sean Longstaff,eng ENG,MF,Leeds United,eng Premier League,27.0,1997.0,23,10,1011.0,11.2,2.0,2.0,4,2,0,0,2,0,0.18,0.18,0.36,0.18,0.36,Matches,2,16,4,25.0,1.42,0.36,0.13,0.5,0,0,Matches,,,,,,,,,,,,,,,2.0,,,,,,Matches,,24,,,,,,,,,,,12,,,,Matches,,,,,,,,,,,,,,,,,,,,,Matches,sean longstaff,1.3776587545871737,2.7682253569364548,1.3776587545871737,3.445849686861038,1.8182370737195013,MF,0.17857142857142858,0.12300524594528338,0.05556618262614521,0.13,,0.17857142857142858,0.24716297829789777,,,,,,,,,
1521,Ademola Lookman,ng NGA,"FW,MF",Atalanta,it Serie A,27.0,1997.0,12,9,795.0,8.8,2.0,0.0,2,2,0,0,0,0,0.23,0.0,0.23,0.23,0.23,Matches,2,27,8,29.6,3.06,0.91,0.07,0.25,0,0,Matches,,,,,,,,,,,,,,,0.0,,,,,,Matches,,3,,,,,,,,,,,3,,,,Matches,,,,,,,,,,,,,,,,,,,,,Matches,ademola lookman,4.462655797600746,1.687983624637127,3.719378188252449,6.548684094101191,2.55514994263649,FW,0.22727272727272727,0.4226566123014146,-0.27984724972735747,0.07,,0.0,0.19181632098149168,,,,,,,,,
1522,Ademola Lookman,ng NGA,"FW,MF",Atlético Madrid,es La Liga,27.0,1997.0,12,9,617.0,6.9,4.0,0.0,4,3,1,1,1,0,0.58,0.0,0.58,0.44,0.44,Matches,4,21,5,23.8,3.06,0.73,0.19,0.8,1,1,Matches,,,,,,,,,,,,,,,0.0,,,,,,Matches,,3,,,,,,,,,,,1,,,,Matches,,,,,,,,,,,,,,,,,,,,,Matches,ademola lookman,4.462655797600746,1.687983624637127,3.719378188252449,6.548684094101191,2.55514994263649,FW,0.5797101449275363,0.539040317138036,-0.06705156486967336,0.19,,0.0,0.24463530791842417,,,,,,,,,
1523,Anthony Lopes,pt POR,GK,Nantes,fr Ligue 1,34.0,1990.0,31,31,2788.0,31.0,0.0,0.0,0,0,0,0,4,0,0.0,0.0,0.0,0.0,0.0,Matches,0,2,0,0.0,0.06,0.0,0.0,,0,0,Matches,,,,,,,,,,,,,,,0.0,,,,,,Matches,,1,,,,,,,,,,,1,,,,Matches,,,,,,,,,,,,,,,,,,,,,Matches,anthony lopes,0.1900636162608862,0.0,0.1900636162608862,1.477401552721858,1.373960392549634,GK,,,,,,,,,,,,,,,,
1525,David López,es ESP,DF,Mallorca,es La Liga,22.0,2003.0,14,9,837.0,9.3,0.0,0.0,0,0,0,0,2,0,0.0,0.0,0.0,0.0,0.0,Matches,0,4,0,0.0,0.43,0.0,0.0,,0,0,Matches,,,,,,,,,,,,,,,0.0,,,,,,Matches,,7,,,,,,,,,,,9,,,,Matches,,,,,,,,,,,,,,,,,,,,,Matches,david lopez,0.6544463038444519,0.0,0.6544463038444519,0.7772146426141262,0.7772146426141262,DF,0.0,0.07037057030585504,-0.07037057030585504,0.0,,0.0,0.0,,,,,,,,,
1526,Diego López,es ESP,"MF,FW",Valencia,es La Liga,23.0,2002.0,34,20,1762.0,19.6,4.0,1.0,5,4,0,0,2,0,0.2,0.05,0.26,0.2,0.26,Matches,4,28,8,28.6,1.43,0.41,0.14,0.5,0,0,Matches,,,,,,,,,,,,,,,1.0,,,,,,Matches,,16,,,,,,,,,,,14,,,,Matches,,,,,,,,,,,,,,,,,,,,,Matches,diego lopez,3.476579644717276,2.03228465653956,3.476579644717276,8.334774944931269,3.1896458361297846,MF,0.2040816326530612,0.1773765124855753,0.026705120167485913,0.14,,0.0510204081632653,0.10368799268058977,,,,,,,,,
1528,Fer López,es ESP,"MF,FW",Celta Vigo,es La Liga,21.0,2004.0,17,13,1170.0,13.0,1.0,1.0,2,1,0,0,3,0,0.08,0.08,0.15,0.08,0.15,Matches,1,13,5,38.5,1.0,0.38,0.08,0.2,0,0,Matches,,,,,,,,,,,,,,,1.0,,,,,,Matches,,11,,,,,,,,,,,6,,,,Matches,,,,,,,,,,,,,,,,,,,,,Matches,fer lopez,1.83419968560338,1.3501867074519396,1.83419968560338,6.000391744077206,3.702056234702468,MF,0.07692307692307693,0.1410922835079523,-0.06416920658487538,0.08,,0.07692307692307693,0.1038605159578415,,,,,,,,,
1529,Fermin López,es ESP,MF,Barcelona,es La Liga,22.0,2003.0,30,19,1797.0,20.0,6.0,9.0,15,6,0,0,3,0,0.3,0.45,0.75,0.3,0.75,Matches,6,68,25,36.8,3.41,1.25,0.09,0.24,0,0,Matches,,,,,,,,,,,,,,,9.0,,,,,,Matches,,22,,,,,,,,,,,7,,,,Matches,,,,,,,,,,,,,,,,,,,,,Matches,fermin lopez,7.523078422993421,7.6479049026966095,7.523078422993421,24.60513487458229,12.423649363219738,MF,0.3,0.37615392114967106,-0.07615392114967104,0.09,,0.45,0.3823952451348305,,,,,,,,,
1531,Javi López,es ESP,DF,Oviedo,es La Liga,23.0,2002.0,25,20,1711.0,19.0,0.0,1.0,1,0,0,0,3,1,0.0,0.05,0.05,0.0,0.05,Matches,0,7,1,14.3,0.37,0.05,0.0,0.0,0,0,Matches,,,,,,,,,,,,,,,1.0,,,,,,Matches,,23,,,,,,,,,,,20,,,,Matches,,,,,,,,,,,,,,,,,,,,,Matches,javi lopez,,,,,,DF,0.0,,,0.0,,0.05263157894736842,,,,,,,,,,
1533,Maxime Lopez,fr FRA,MF,Paris FC,fr Ligue 1,27.0,1997.0,26,22,1960.0,21.8,0.0,3.0,3,0,0,0,11,0,0.0,0.14,0.14,0.0,0.14,Matches,0,13,6,46.2,0.6,0.28,0.0,0.0,0,0,Matches,,,,,,,,,,,,,,,3.0,,,,,,Matches,,17,,,,,,,,,,,11,,,,Matches,,,,,,,,,,,,,,,,,,,,,Matches,maxime lopez,1.19584228284657,5.305629551410675,1.19584228284657,15.837323753163218,11.921094071120024,MF,0.0,0.054855150589292204,-0.054855150589292204,0.0,,0.13761467889908258,0.24337750235828784,,,,,,,,,
1534,Pau López,es ESP,GK,Real Betis,es La Liga,30.0,1994.0,9,9,810.0,9.0,0.0,0.0,0,0,0,0,1,0,0.0,0.0,0.0,0.0,0.0,Matches,0,0,0,,0.0,0.0,,,0,0,Matches,,,,,,,,,,,,,,,0.0,,,,,,Matches,,1,,,,,,,,,,,0,,,,Matches,,,,,,,,,,,,,,,,,,,,,Matches,pau lopez,0.0,0.0,0.0,0.5678549129515886,0.5678549129515886,GK,,,,,,,,,,,,,,,,
1535,Unai López,es ESP,MF,Rayo Vallecano,es La Liga,29.0,1995.0,28,19,1612.0,17.9,0.0,4.0,4,0,0,0,8,1,0.0,0.22,0.22,0.0,0.22,Matches,0,22,4,18.2,1.23,0.22,0.0,0.0,0,0,Matches,,,,,,,,,,,,,,,4.0,,,,,,Matches,,16,,,,,,,,,,,21,,,,Matches,,,,,,,,,,,,,,,,,,,,,Matches,unai lopez,1.0071794828400016,2.520821467973292,1.0071794828400016,7.014563919045031,5.052038587629795,MF,0.0,0.05626701021452523,-0.05626701021452523,0.0,,0.223463687150838,0.14082801497057498,,,,,,,,,
1538,Iker Losada,es ESP,MF,Levante,es La Liga,23.0,2001.0,23,10,902.0,10.0,3.0,1.0,4,3,0,0,1,0,0.3,0.1,0.4,0.3,0.4,Matches,3,14,4,28.6,1.4,0.4,0.21,0.75,0,0,Matches,,,,,,,,,,,,,,,1.0,,,,,,Matches,,12,,,,,,,,,,,10,,,,Matches,,,,,,,,,,,,,,,,,,,,,Matches,iker losada,2.140321670100093,0.5301704537123442,2.140321670100093,2.3661416564136744,0.4045812226831913,MF,0.3,0.2140321670100093,0.08596783298999071,0.21,,0.1,0.05301704537123442,,,,,,,,,
1540,Tom Louchet,fr FRA,MF,Nice,fr Ligue 1,22.0,2003.0,27,14,1367.0,15.2,3.0,2.0,5,3,0,0,1,1,0.2,0.13,0.33,0.2,0.33,Matches,3,21,6,28.6,1.38,0.4,0.14,0.5,0,0,Matches,,,,,,,,,,,,,,,2.0,,,,,,Matches,,17,,,,,,,,,,,9,,,,Matches,,,,,,,,,,,,,,,,,,,,,Matches,tom louchet,3.120163287036121,3.325116191059351,3.120163287036121,7.88985560555011,3.209448383189738,MF,0.19736842105263158,0.2052739004629027,-0.007905479410271112,0.14,,0.13157894736842105,0.21875764414864152,,,,,,,,,
1541,Marius Louer,fr FRA,DF,Angers,fr Ligue 1,18.0,2007.0,9,6,543.0,6.0,0.0,0.0,0,0,0,0,1,0,0.0,0.0,0.0,0.0,0.0,Matches,0,0,0,,0.0,0.0,,,0,0,Matches,,,,,,,,,,,,,,,0.0,,,,,,Matches,,16,,,,,,,,,,,2,,,,Matches,,,,,,,,,,,,,,,,,,,,,Matches,marius louer,,,,,,DF,0.0,,,,,0.0,,,,,,,,,,
1544,Felipe Loyola,cl CHI,MF,Pisa,it Serie A,24.0,2000.0,11,6,538.0,6.0,1.0,0.0,1,1,0,0,0,1,0.17,0.0,0.17,0.17,0.17,Matches,1,9,1,11.1,1.51,0.17,0.11,1.0,0,0,Matches,,,,,,,,,,,,,,,0.0,,,,,,Matches,,7,,,,,,,,,,,6,,,,Matches,,,,,,,,,,,,,,,,,,,,,Matches,felipe loyola,0.7549186209216714,0.543415728956461,0.7549186209216714,1.633445955812931,0.501453809440136,MF,0.16666666666666666,0.1258197701536119,0.040846896513054766,0.11,,0.0,0.09056928815941016,,,,,,,,,
1545,Pol Lozano,es ESP,MF,Espanyol,es La Liga,25.0,1999.0,33,28,2157.0,24.0,2.0,1.0,3,2,0,0,12,1,0.08,0.04,0.13,0.08,0.13,Matches,2,17,5,29.4,0.71,0.21,0.12,0.4,0,0,Matches,,,,,,,,,,,,,,,1.0,,,,,,Matches,,19,,,,,,,,,,,23,,,,Matches,,,,,,,,,,,,,,,,,,,,,Matches,pol lozano,0.7202332802116871,1.3134498577564957,0.7202332802116871,7.324701470322907,6.574305829592049,MF,0.08333333333333333,0.030009720008820295,0.05332361332451304,0.12,,0.041666666666666664,0.054727077406520656,,,,,,,,,
1547,Lucas,br BRA,"MF,DF",Burnley,eng Premier League,24.0,2001.0,20,15,1409.0,15.7,0.0,0.0,0,0,0,0,1,1,0.0,0.0,0.0,0.0,0.0,Matches,0,16,4,25.0,1.02,0.26,0.0,0.0,0,0,Matches,,,,,,,,,,,,,,,0.0,,,,,,Matches,,22,,,,,,,,,,,19,,,,Matches,,,,,,,,,,,,,,,,,,,,,Matches,lucas,0.9026442989706992,1.5199418039992452,0.9026442989706992,3.833500165492296,2.3545368826016784,MF,0.0,0.05749326745036301,-0.05749326745036301,0.0,,0.0,0.09681157987256339,,,,,,,,,
1551,Jhon Lucumí,co COL,DF,Bologna,it Serie A,27.0,1998.0,29,26,2287.0,25.4,1.0,0.0,1,1,0,0,5,0,0.04,0.0,0.04,0.04,0.04,Matches,1,8,2,25.0,0.31,0.08,0.13,0.5,0,0,Matches,,,,,,,,,,,,,,,0.0,,,,,,Matches,,22,,,,,,,,,,,30,,,,Matches,,,,,,,,,,,,,,,,,,,,,Matches,jhon lucumi,1.3786265589296818,0.7872928977012634,1.3786265589296818,7.493933078367263,6.784966338891536,DF,0.03937007874015748,0.054276636178333934,-0.014906557438176449,0.13,,0.0,0.03099578337406549,,,,,,,,,
1553,Florentino Luís,pt POR,MF,Burnley,eng Premier League,25.0,1999.0,31,25,2105.0,23.4,0.0,2.0,2,0,0,0,6,0,0.0,0.09,0.09,0.0,0.09,Matches,0,13,2,15.4,0.56,0.09,0.0,0.0,0,0,Matches,,,,,,,,,,,,,,,2.0,,,,,,Matches,,49,,,,,,,,,,,40,,,,Matches,,,,,,,,,,,,,,,,,,,,,Matches,florentino luis,1.0381876304745674,0.5375469047576189,1.0381876304745674,4.911807460710406,4.165495180524886,MF,0.0,0.044366992755323395,-0.044366992755323395,0.0,,0.08547008547008547,0.022972089946906794,,,,,,,,,
1554,José Luis Gayà,es ESP,DF,Valencia,es La Liga,30.0,1995.0,32,31,2448.0,27.2,1.0,2.0,3,1,0,0,6,1,0.04,0.07,0.11,0.04,0.11,Matches,1,13,3,23.1,0.48,0.11,0.08,0.33,0,0,Matches,,,,,,,,,,,,,,,2.0,,,,,,Matches,,44,,,,,,,,,,,23,,,,Matches,,,,,,,,,,,,,,,,,,,,,Matches,jose luis gaya,0.7618178110569715,2.337341061793268,0.7618178110569715,7.108978026546538,4.710423985496163,DF,0.03676470588235294,0.028008007759447485,0.008756698122905459,0.08,,0.07352941176470588,0.08593165668357604,,,,,,,,,
1556,Douglas Luiz,br BRA,MF,Aston Villa,eng Premier League,27.0,1998.0,13,7,604.0,6.7,1.0,0.0,1,1,0,0,1,0,0.15,0.0,0.15,0.15,0.15,Matches,1,6,4,66.7,0.89,0.6,0.17,0.25,0,0,Matches,,,,,,,,,,,,,,,0.0,,,,,,Matches,,11,,,,,,,,,,,7,,,,Matches,,,,,,,,,,,,,,,,,,,,,Matches,douglas luiz,0.70245710760355,1.822941738180816,0.70245710760355,4.070820711553097,2.810907289385796,MF,0.14925373134328357,0.10484434441844029,0.04440938692484329,0.17,,0.0,0.2720808564448979,,,,,,,,,
1559,Castello Lukeba,fr FRA,DF,RB Leipzig,de Bundesliga,22.0,2002.0,26,24,2176.0,24.2,1.0,0.0,1,1,0,0,3,0,0.04,0.0,0.04,0.04,0.04,Matches,1,8,2,25.0,0.33,0.08,0.13,0.5,0,0,Matches,,,,,,,,,,,,,,,0.0,,,,,,Matches,,14,,,,,,,,,,,31,,,,Matches,,,,,,,,,,,,,,,,,,,,,Matches,castello lukeba,0.8890010062605143,0.2401187624782323,0.8890010062605143,13.522159865126014,13.34397491067648,DF,0.04132231404958678,0.03673557877109563,0.004586735278491147,0.13,,0.0,0.009922262912323648,,,,,,,,,
1561,Saša Lukić,rs SRB,MF,Fulham,eng Premier League,28.0,1996.0,26,20,1734.0,19.3,1.0,2.0,3,1,0,0,9,0,0.05,0.1,0.16,0.05,0.16,Matches,1,18,6,33.3,0.93,0.31,0.06,0.17,0,0,Matches,,,,,,,,,,,,,,,2.0,,,,,,Matches,,28,,,,,,,,,,,16,,,,Matches,,,,,,,,,,,,,,,,,,,,,Matches,sasa lukic,2.339236881583929,2.163257449865341,2.339236881583929,6.226264594122768,3.358000723645091,MF,0.05181347150259067,0.12120398350175798,-0.0693905119991673,0.06,,0.10362694300518134,0.11208587823136483,,,,,,,,,
1562,Kristoffer Lund,us USA,"DF,MF",Köln,de Bundesliga,23.0,2002.0,33,26,2276.0,25.3,0.0,2.0,2,0,0,0,2,0,0.0,0.08,0.08,0.0,0.08,Matches,0,20,3,15.0,0.79,0.12,0.0,0.0,0,0,Matches,,,,,,,,,,,,,,,2.0,,,,,,Matches,,26,,,,,,,,,,,28,,,,Matches,,,,,,,,,,,,,,,,,,,,,Matches,kristoffer lund,0.631946531124413,1.743918489664793,0.631946531124413,8.249548189342022,6.765429270453751,DF,0.0,0.024978123759858223,-0.024978123759858223,0.0,,0.07905138339920949,0.06892958457173094,,,,,,,,,
1563,Andriy Lunin,ua UKR,GK,Real Madrid,es La Liga,26.0,1999.0,6,6,540.0,6.0,0.0,0.0,0,0,0,0,0,1,0.0,0.0,0.0,0.0,0.0,Matches,0,0,0,,0.0,0.0,,,0,0,Matches,,,,,,,,,,,,,,,0.0,,,,,,Matches,,0,,,,,,,,,,,0,,,,Matches,,,,,,,,,,,,,,,,,,,,,Matches,andriy lunin,0.0,0.0,0.0,0.967596147209406,0.967596147209406,GK,,,,,,,,,,,,,,,,
1564,Sebastiano Luperto,it ITA,DF,Cremonese,it Serie A,28.0,1996.0,15,15,1307.0,14.5,0.0,1.0,1,0,0,0,1,0,0.0,0.07,0.07,0.0,0.07,Matches,0,5,2,40.0,0.34,0.14,0.0,0.0,0,0,Matches,,,,,,,,,,,,,,,1.0,,,,,,Matches,,9,,,,,,,,,,,12,,,,Matches,,,,,,,,,,,,,,,,,,,,,Matches,sebastiano luperto,0.9484533411450684,1.270846989005804,0.9484533411450684,5.05174197955057,4.660151047632098,DF,0.0,0.06541057525138402,-0.06541057525138402,0.0,,0.06896551724137931,0.08764461993143477,,,,,,,,,
1565,Sebastiano Luperto,it ITA,DF,Cagliari,it Serie A,28.0,1996.0,19,19,1706.0,19.0,1.0,0.0,1,1,0,0,3,0,0.05,0.0,0.05,0.05,0.05,Matches,1,7,3,42.9,0.37,0.16,0.14,0.33,0,0,Matches,,,,,,,,,,,,,,,0.0,,,,,,Matches,,12,,,,,,,,,,,19,,,,Matches,,,,,,,,,,,,,,,,,,,,,Matches,sebastiano luperto,0.9484533411450684,1.270846989005804,0.9484533411450684,5.05174197955057,4.660151047632098,DF,0.05263157894736842,0.04991859690237202,0.0027129820449963995,0.14,,0.0,0.06688668363188442,,,,,,,,,
1568,Zito Luvumbo,ao ANG,"FW,MF",Mallorca,es La Liga,23.0,2002.0,10,6,508.0,5.6,0.0,2.0,2,0,0,0,2,0,0.0,0.35,0.35,0.0,0.35,Matches,0,9,7,77.8,1.59,1.24,0.0,0.0,0,0,Matches,,,,,,,,,,,,,,,2.0,,,,,,Matches,,0,,,,,,,,,,,0,,,,Matches,,,,,,,,,,,,,,,,,,,,,Matches,zito luvumbo,0.9731584936380386,0.9998054932802916,0.9731584936380386,2.6188953332602978,0.6459314078092575,FW,0.0,0.17377830243536405,-0.17377830243536405,0.0,,0.35714285714285715,0.1785366952286235,,,,,,,,,
1570,Babis Lykogiannis,gr GRE,DF,Bologna,it Serie A,31.0,1993.0,10,7,627.0,7.0,0.0,1.0,1,0,0,0,3,0,0.0,0.14,0.14,0.0,0.14,Matches,0,7,2,28.6,1.0,0.29,0.0,0.0,0,0,Matches,,,,,,,,,,,,,,,1.0,,,,,,Matches,,10,,,,,,,,,,,6,,,,Matches,,,,,,,,,,,,,,,,,,,,,Matches,babis lykogiannis,0.2231357134878635,1.4965692646801472,0.2231357134878635,1.564978839829564,0.9745610002428292,DF,0.0,0.03187653049826621,-0.03187653049826621,0.0,,0.14285714285714285,0.21379560924002103,,,,,,,,,
1571,Senne Lynen,be BEL,MF,Werder Bremen,de Bundesliga,26.0,1999.0,31,31,2752.0,30.6,0.0,0.0,0,0,0,0,4,0,0.0,0.0,0.0,0.0,0.0,Matches,0,25,4,16.0,0.82,0.13,0.0,0.0,0,0,Matches,,,,,,,,,,,,,,,0.0,,,,,,Matches,,33,,,,,,,,,,,77,,,,Matches,,,,,,,,,,,,,,,,,,,,,Matches,senne lynen,1.0010085487738252,1.2373423893004656,1.0010085487738252,9.094095415435731,7.418055593036115,MF,0.0,0.032712697672347225,-0.032712697672347225,0.0,,0.0,0.04043602579413286,,,,,,,,,
1572,Mathias Løvik,no NOR,MF,Parma,it Serie A,21.0,2003.0,9,5,471.0,5.2,0.0,0.0,0,0,0,0,0,0,0.0,0.0,0.0,0.0,0.0,Matches,0,3,0,0.0,0.57,0.0,0.0,,0,0,Matches,,,,,,,,,,,,,,,0.0,,,,,,Matches,,8,,,,,,,,,,,7,,,,Matches,,,,,,,,,,,,,,,,,,,,,Matches,mathias l vik,0.1799541944637894,0.1421054899692535,0.1799541944637894,0.5624273736029863,0.3316205590963363,MF,0.0,0.034606575858421036,-0.034606575858421036,0.0,,0.0,0.02732797884024106,,,,,,,,,
1573,Ian Maatsen,nl NED,DF,Aston Villa,eng Premier League,23.0,2002.0,30,17,1605.0,17.8,0.0,1.0,1,0,0,0,2,0,0.0,0.06,0.06,0.0,0.06,Matches,0,20,5,25.0,1.12,0.28,0.0,0.0,0,0,Matches,,,,,,,,,,,,,,,1.0,,,,,,Matches,,31,,,,,,,,,,,18,,,,Matches,,,,,,,,,,,,,,,,,,,,,Matches,ian maatsen,1.2995175179094076,2.966688236221671,1.2995175179094076,5.083011580631137,3.724703008309007,DF,0.0,0.073006602129742,-0.073006602129742,0.0,,0.056179775280898875,0.16666787843941971,,,,,,,,,
1574,Alexis Mac Allister,ar ARG,MF,Liverpool,eng Premier League,26.0,1998.0,37,31,2658.0,29.5,2.0,4.0,6,2,0,0,7,0,0.07,0.14,0.2,0.07,0.2,Matches,2,52,12,23.1,1.76,0.41,0.04,0.17,0,0,Matches,,,,,,,,,,,,,,,4.0,,,,,,Matches,,27,,,,,,,,,,,18,,,,Matches,,,,,,,,,,,,,,,,,,,,,Matches,alexis mac allister,4.071707676164806,2.849602391012013,4.071707676164806,13.185968162491918,8.344642542302608,MF,0.06779661016949153,0.1380239890225358,-0.07022737885304427,0.04,,0.13559322033898305,0.0965966912207462,,,,,,,,,
1576,Deiver Machado,co COL,"DF,MF",Nantes,fr Ligue 1,31.0,1993.0,14,12,907.0,10.1,0.0,1.0,1,0,0,0,2,0,0.0,0.1,0.1,0.0,0.1,Matches,0,7,1,14.3,0.69,0.1,0.0,0.0,0,0,Matches,,,,,,,,,,,,,,,1.0,,,,,,Matches,,16,,,,,,,,,,,8,,,,Matches,,,,,,,,,,,,,,,,,,,,,Matches,deiver machado,0.9087755605578424,1.3946983963251114,0.9087755605578424,4.014362066984177,1.735212780535221,DF,0.0,0.0899777782730537,-0.0899777782730537,0.0,,0.09900990099009901,0.13808895013119915,,,,,,,,,
1579,Lanroy Machine,fr FRA,FW,Angers,fr Ligue 1,19.0,2005.0,22,3,519.0,5.8,1.0,0.0,1,1,0,0,1,0,0.17,0.0,0.17,0.17,0.17,Matches,1,15,4,26.7,2.6,0.69,0.07,0.25,0,0,Matches,,,,,,,,,,,,,,,0.0,,,,,,Matches,,4,,,,,,,,,,,0,,,,Matches,,,,,,,,,,,,,,,,,,,,,Matches,lanroy machine,1.794658513739705,0.187988013960421,1.794658513739705,2.86862790863961,0.990886607207358,FW,0.1724137931034483,0.3094238816792595,-0.13701008857581123,0.07,,0.0,0.032411726544900175,,,,,,,,,
1580,Shuto Machino,jp JPN,"FW,MF",Gladbach,de Bundesliga,25.0,1999.0,32,9,1076.0,12.0,3.0,1.0,4,3,0,0,2,0,0.25,0.08,0.33,0.25,0.33,Matches,3,25,11,44.0,2.09,0.92,0.12,0.27,0,0,Matches,,,,,,,,,,,,,,,1.0,,,,,,Matches,,5,,,,,,,,,,,3,,,,Matches,,,,,,,,,,,,,,,,,,,,,Matches,shuto machino,3.816984537988901,1.0832749512046576,3.816984537988901,6.017082850448787,1.487306335940957,FW,0.25,0.31808204483240843,-0.06808204483240843,0.12,,0.08333333333333333,0.09027291260038812,,,,,,,,,
1584,Noni Madueke,eng ENG,"FW,MF",Arsenal,eng Premier League,23.0,2002.0,26,16,1211.0,13.5,3.0,1.0,4,3,0,0,0,0,0.22,0.07,0.3,0.22,0.3,Matches,3,25,9,36.0,1.86,0.67,0.12,0.33,0,0,Matches,,,,,,,,,,,,,,,1.0,,,,,,Matches,,10,,,,,,,,,,,5,,,,Matches,,,,,,,,,,,,,,,,,,,,,Matches,noni madueke,1.9964179322123528,4.010977517813444,1.9964179322123528,6.728137206286192,3.293942168354988,FW,0.2222222222222222,0.14788280979350762,0.07433941242871461,0.12,,0.07407407407407407,0.2971094457639588,,,,,,,,,
1585,Pablo Maffeo,es ESP,DF,Mallorca,es La Liga,28.0,1997.0,31,30,2662.0,29.6,1.0,2.0,3,1,0,0,11,0,0.03,0.07,0.1,0.03,0.1,Matches,1,7,1,14.3,0.24,0.03,0.14,1.0,0,0,Matches,,,,,,,,,,,,,,,2.0,,,,,,Matches,,34,,,,,,,,,,,33,,,,Matches,,,,,,,,,,,,,,,,,,,,,Matches,pablo maffeo,0.2975822696462273,1.7551907701417804,0.2975822696462273,8.127348667941988,6.862479947507381,DF,0.03378378378378378,0.010053455055615787,0.023730328728167993,0.14,,0.06756756756756756,0.05929698547776285,,,,,,,,,
1586,Gabriel Magalhães,br BRA,DF,Arsenal,eng Premier League,27.0,1997.0,32,30,2751.0,30.6,3.0,4.0,7,3,0,0,4,0,0.1,0.13,0.23,0.1,0.23,Matches,3,27,7,25.9,0.88,0.23,0.11,0.43,0,0,Matches,,,,,,,,,,,,,,,4.0,,,,,,Matches,,20,,,,,,,,,,,22,,,,Matches,,,,,,,,,,,,,,,,,,,,,Matches,gabriel magalhaes,4.649077512323856,2.7250300347805023,4.649077512323856,8.894044917076826,8.309922948479652,DF,0.09803921568627451,0.15193063765764236,-0.05389142197136785,0.11,,0.13071895424836602,0.08905326911047393,,,,,,,,,
1587,Soungoutou Magassa,fr FRA,MF,West Ham,eng Premier League,21.0,2003.0,22,11,981.0,10.9,1.0,0.0,1,1,0,0,4,0,0.09,0.0,0.09,0.09,0.09,Matches,1,7,2,28.6,0.64,0.18,0.14,0.5,0,0,Matches,,,,,,,,,,,,,,,0.0,,,,,,Matches,,23,,,,,,,,,,,17,,,,Matches,,,,,,,,,,,,,,,,,,,,,Matches,soungoutou magassa,0.6193040320649743,0.7463846588507295,0.6193040320649743,2.418648761697113,1.531560224480927,MF,0.09174311926605504,0.056816883675685714,0.03492623559036933,0.14,,0.0,0.06847565677529628,,,,,,,,,
1588,Hugo Magnetti,fr FRA,MF,Brest,fr Ligue 1,27.0,1998.0,33,31,2688.0,29.9,1.0,1.0,2,1,0,0,4,1,0.03,0.03,0.07,0.03,0.07,Matches,1,22,5,22.7,0.74,0.17,0.05,0.2,0,0,Matches,,,,,,,,,,,,,,,1.0,,,,,,Matches,,45,,,,,,,,,,,44,,,,Matches,,,,,,,,,,,,,,,,,,,,,Matches,hugo magnetti,0.59883688762784,1.2192494422197342,0.59883688762784,8.628967057913542,7.482888407073915,MF,0.033444816053511704,0.020027989552770572,0.013416826500741136,0.05,,0.033444816053511704,0.04077757331838576,,,,,,,,,
1589,Frank Magri,cm CMR,"FW,MF",Toulouse,fr Ligue 1,25.0,1999.0,17,16,1253.0,13.9,5.0,1.0,6,5,0,1,3,0,0.36,0.07,0.43,0.36,0.43,Matches,5,33,12,36.4,2.37,0.86,0.15,0.42,0,1,Matches,,,,,,,,,,,,,,,1.0,,,,,,Matches,,3,,,,,,,,,,,3,,,,Matches,,,,,,,,,,,,,,,,,,,,,Matches,frank magri,4.1963038221001625,0.8383028265088797,3.436208687722683,3.482685424387455,1.0790665484964848,FW,0.3597122302158273,0.24720925810954553,0.057819868913657375,0.15,,0.07194244604316546,0.06030955586394818,,,,,,,,,
1590,Harry Maguire,eng ENG,DF,Manchester Utd,eng Premier League,32.0,1993.0,23,19,1653.0,18.4,1.0,2.0,3,1,0,0,3,1,0.05,0.11,0.16,0.05,0.16,Matches,1,14,4,28.6,0.76,0.22,0.07,0.25,0,0,Matches,,,,,,,,,,,,,,,2.0,,,,,,Matches,,17,,,,,,,,,,,12,,,,Matches,,,,,,,,,,,,,,,,,,,,,Matches,harry maguire,1.1766096334904432,0.7251138463616371,1.1766096334904432,5.068902220577002,5.068902220577002,DF,0.05434782608695653,0.06394617573317626,-0.009598349646219742,0.07,,0.10869565217391305,0.039408361215306366,,,,,,,,,
1592,Mike Maignan,fr FRA,GK,Milan,it Serie A,30.0,1995.0,37,37,3295.0,36.6,0.0,0.0,0,0,0,0,4,0,0.0,0.0,0.0,0.0,0.0,Matches,0,0,0,,0.0,0.0,,,0,0,Matches,,,,,,,,,,,,,,,0.0,,,,,,Matches,,0,,,,,,,,,,,1,,,,Matches,,,,,,,,,,,,,,,,,,,,,Matches,mike maignan,0.0,0.0,0.0,5.275465501472354,5.275465501472354,GK,,,,,,,,,,,,,,,,
1593,Linton Maina,de GER,"MF,FW",Köln,de Bundesliga,26.0,1999.0,24,9,1023.0,11.4,2.0,0.0,2,2,0,0,0,0,0.18,0.0,0.18,0.18,0.18,Matches,2,20,8,40.0,1.76,0.7,0.1,0.25,0,0,Matches,,,,,,,,,,,,,,,0.0,,,,,,Matches,,6,,,,,,,,,,,4,,,,Matches,,,,,,,,,,,,,,,,,,,,,Matches,linton maina,1.2888539992272854,3.1843907181173563,1.2888539992272854,6.206527906470001,2.01717865280807,MF,0.17543859649122806,0.11305736835327064,0.06238122813795742,0.1,,0.0,0.2793325191331014,,,,,,,,,
1594,Patrick Mainka,de GER,DF,Heidenheim,de Bundesliga,30.0,1994.0,34,34,3060.0,34.0,2.0,2.0,4,2,0,0,1,0,0.06,0.06,0.12,0.06,0.12,Matches,2,37,9,24.3,1.09,0.26,0.05,0.22,0,0,Matches,,,,,,,,,,,,,,,2.0,,,,,,Matches,,30,,,,,,,,,,,36,,,,Matches,,,,,,,,,,,,,,,,,,,,,Matches,patrick mainka,3.0282052140682936,1.7703800983726978,3.0282052140682936,8.954858318902552,7.189261053688824,DF,0.058823529411764705,0.08906485923730276,-0.030241329825538045,0.05,,0.058823529411764705,0.05207000289331464,,,,,,,,,
1595,Kobbie Mainoo,eng ENG,MF,Manchester Utd,eng Premier League,20.0,2005.0,28,16,1662.0,18.5,1.0,2.0,3,1,0,0,2,0,0.05,0.11,0.16,0.05,0.16,Matches,1,13,3,23.1,0.7,0.16,0.08,0.33,0,0,Matches,,,,,,,,,,,,,,,2.0,,,,,,Matches,,20,,,,,,,,,,,19,,,,Matches,,,,,,,,,,,,,,,,,,,,,Matches,kobbie mainoo,0.5174760585650802,1.190059178508818,0.5174760585650802,10.352579969912767,9.777145149186254,MF,0.05405405405405406,0.027971678841355686,0.02608237521269837,0.08,,0.10810810810810811,0.0643275231626388,,,,,,,,,
1596,Ainsley Maitland-Niles,eng ENG,"DF,MF",Lyon,fr Ligue 1,27.0,1997.0,30,28,2483.0,27.6,1.0,4.0,5,1,0,1,7,1,0.04,0.14,0.18,0.04,0.18,Matches,1,14,7,50.0,0.51,0.25,0.07,0.14,0,1,Matches,,,,,,,,,,,,,,,4.0,,,,,,Matches,,36,,,,,,,,,,,33,,,,Matches,,,,,,,,,,,,,,,,,,,,,Matches,ainsley maitland niles,2.553889507427812,3.50098211504519,1.7937943432480097,11.776218626648188,7.495480893179774,DF,0.036231884057971016,0.06499254866840615,-0.056300344472022174,0.07,,0.14492753623188406,0.12684717808134746,,,,,,,,,
1597,Radosław Majecki,pl POL,GK,Brest,fr Ligue 1,25.0,1999.0,10,10,864.0,9.6,0.0,0.0,0,0,0,0,0,1,0.0,0.0,0.0,0.0,0.0,Matches,0,0,0,,0.0,0.0,,,0,0,Matches,,,,,,,,,,,,,,,0.0,,,,,,Matches,,0,,,,,,,,,,,0,,,,Matches,,,,,,,,,,,,,,,,,,,,,Matches,rados aw majecki,0.0,0.0,0.0,0.7219709865748882,0.7219709865748882,GK,,,,,,,,,,,,,,,,
1598,Lovro Majer,hr CRO,MF,Wolfsburg,de Bundesliga,27.0,1998.0,28,16,1371.0,15.2,2.0,3.0,5,2,0,0,5,0,0.13,0.2,0.33,0.13,0.33,Matches,2,27,6,22.2,1.77,0.39,0.07,0.33,0,0,Matches,,,,,,,,,,,,,,,3.0,,,,,,Matches,,18,,,,,,,,,,,8,,,,Matches,,,,,,,,,,,,,,,,,,,,,Matches,lovro majer,3.5951214293017983,2.931819343939424,3.5951214293017983,8.230100117623806,2.8397826477885246,MF,0.13157894736842105,0.236521146664592,-0.10494219929617095,0.07,,0.19736842105263158,0.19288285157496213,,,,,,,,,
1600,Jean-Victor Makengo,fr FRA,MF,Lorient,fr Ligue 1,27.0,1998.0,31,23,1800.0,20.0,4.0,2.0,6,4,0,0,2,0,0.2,0.1,0.3,0.2,0.3,Matches,4,39,14,35.9,1.95,0.7,0.1,0.29,0,0,Matches,,,,,,,,,,,,,,,2.0,,,,,,Matches,,16,,,,,,,,,,,14,,,,Matches,,,,,,,,,,,,,,,,,,,,,Matches,jean victor makengo,3.3909959215670824,1.9122456898912787,3.3909959215670824,6.606918966397643,3.9485616013407694,MF,0.2,0.16954979607835413,0.03045020392164588,0.1,,0.1,0.09561228449456394,,,,,,,,,
1601,Jordy Makengo,fr FRA,DF,Freiburg,de Bundesliga,23.0,2001.0,20,12,1178.0,13.1,0.0,1.0,1,0,0,0,1,0,0.0,0.08,0.08,0.0,0.08,Matches,0,0,0,,0.0,0.0,,,0,0,Matches,,,,,,,,,,,,,,,1.0,,,,,,Matches,,10,,,,,,,,,,,14,,,,Matches,,,,,,,,,,,,,,,,,,,,,Matches,jordy makengo,0.0,0.7270807102322578,0.0,3.012997498735785,2.975373087450862,DF,0.0,0.0,0.0,,,0.07633587786259542,0.055502344292538766,,,,,,,,,
1603,Said El Mala,de GER,"FW,MF",Köln,de Bundesliga,18.0,2006.0,34,20,1956.0,21.7,13.0,4.0,17,12,1,1,4,0,0.6,0.18,0.78,0.55,0.74,Matches,13,74,30,40.5,3.4,1.38,0.18,0.43,1,1,Matches,,,,,,,,,,,,,,,4.0,,,,,,Matches,,14,,,,,,,,,,,8,,,,Matches,,,,,,,,,,,,,,,,,,,,,Matches,said el mala,12.582745539024472,4.186228644102812,11.824968876317143,17.244747333228588,3.3356826342642307,FW,0.599078341013825,0.5449294413049375,0.019228316173987455,0.18,,0.18433179723502305,0.19291376240105124,,,,,,,,,
1605,Julián Malatini,ar ARG,DF,Werder Bremen,de Bundesliga,24.0,2001.0,11,5,516.0,5.7,0.0,0.0,0,0,0,0,3,0,0.0,0.0,0.0,0.0,0.0,Matches,0,2,0,0.0,0.35,0.0,0.0,,0,0,Matches,,,,,,,,,,,,,,,0.0,,,,,,Matches,,6,,,,,,,,,,,6,,,,Matches,,,,,,,,,,,,,,,,,,,,,Matches,julian malatini,0.0284452866762876,0.1550656594336033,0.0284452866762876,1.295384829863906,1.235657211393118,DF,0.0,0.004990401171278526,-0.004990401171278526,0.0,,0.0,0.02720450165501812,,,,,,,,,
1606,Daniel Maldini,it ITA,FW,Lazio,it Serie A,23.0,2001.0,12,9,687.0,7.6,2.0,1.0,3,2,0,0,0,0,0.26,0.13,0.39,0.26,0.39,Matches,2,15,5,33.3,1.97,0.66,0.13,0.4,0,0,Matches,,,,,,,,,,,,,,,1.0,,,,,,Matches,,9,,,,,,,,,,,4,,,,Matches,,,,,,,,,,,,,,,,,,,,,Matches,daniel maldini,2.8131038434803486,1.1871156906709075,2.8131038434803486,4.705114088952541,1.7460139524191618,FW,0.2631578947368421,0.3701452425632038,-0.10698734782636166,0.13,,0.13157894736842105,0.15619943298301414,,,,,,,,,
1608,Youssef Maleh,ma MAR,MF,Cremonese,it Serie A,26.0,1998.0,14,14,1100.0,12.2,1.0,0.0,1,1,0,0,2,1,0.08,0.0,0.08,0.08,0.08,Matches,1,15,3,20.0,1.23,0.25,0.07,0.33,0,0,Matches,,,,,,,,,,,,,,,0.0,,,,,,Matches,,11,,,,,,,,,,,9,,,,Matches,,,,,,,,,,,,,,,,,,,,,Matches,youssef maleh,1.2885206770151854,0.6452810652554035,1.2885206770151854,2.969324486330152,1.825092279352248,MF,0.0819672131147541,0.10561644893567093,-0.023649235820916832,0.07,,0.0,0.05289189059470521,,,,,,,,,
1609,Youssef Maleh,ma MAR,MF,Lecce,it Serie A,26.0,1998.0,9,5,460.0,5.1,0.0,0.0,0,0,0,0,2,0,0.0,0.0,0.0,0.0,0.0,Matches,0,7,1,14.3,1.37,0.2,0.0,0.0,0,0,Matches,,,,,,,,,,,,,,,0.0,,,,,,Matches,,4,,,,,,,,,,,7,,,,Matches,,,,,,,,,,,,,,,,,,,,,Matches,youssef maleh,1.2885206770151854,0.6452810652554035,1.2885206770151854,2.969324486330152,1.825092279352248,MF,0.0,0.2526511131402324,-0.2526511131402324,0.0,,0.0,0.12652569906968697,,,,,,,,,
1610,Donyell Malen,nl NED,"FW,MF",Aston Villa,eng Premier League,26.0,1999.0,21,5,656.0,7.3,4.0,1.0,5,4,0,0,0,0,0.55,0.14,0.69,0.55,0.69,Matches,4,27,9,33.3,3.7,1.23,0.15,0.44,0,0,Matches,,,,,,,,,,,,,,,1.0,,,,,,Matches,,2,,,,,,,,,,,0,,,,Matches,,,,,,,,,,,,,,,,,,,,,Matches,donyell malen,4.73893653601408,0.3693819381296634,4.73893653601408,6.387579720467329,1.917095586657524,FW,0.547945205479452,0.6491693884950794,-0.10122418301562741,0.15,,0.136986301369863,0.050600265497214164,,,,,,,,,
1611,Donyell Malen,nl NED,FW,Roma,it Serie A,26.0,1999.0,18,18,1467.0,16.3,14.0,2.0,16,11,3,4,1,0,0.86,0.12,0.98,0.67,0.8,Matches,14,70,31,44.3,4.29,1.9,0.2,0.45,3,4,Matches,,,,,,,,,,,,,,,2.0,,,,,,Matches,,3,,,,,,,,,,,3,,,,Matches,,,,,,,,,,,,,,,,,,,,,Matches,donyell malen,4.73893653601408,0.3693819381296634,4.73893653601408,6.387579720467329,1.917095586657524,FW,0.8588957055214723,0.2907323028229497,0.5681634026985227,0.2,,0.12269938650306748,0.022661468596911864,,,,,,,,,
1612,Ruslan Malinovskyi,ua UKR,MF,Genoa,it Serie A,32.0,1993.0,34,28,2235.0,24.8,6.0,3.0,9,3,3,3,10,0,0.24,0.12,0.36,0.12,0.24,Matches,6,55,15,27.3,2.21,0.6,0.11,0.4,3,3,Matches,,,,,,,,,,,,,,,3.0,,,,,,Matches,,19,,,,,,,,,,,16,,,,Matches,,,,,,,,,,,,,,,,,,,,,Matches,ruslan malinovskyi,,,,,,MF,0.24193548387096772,,,0.11,,0.12096774193548386,,,,,,,,,,
1613,Lennard Maloney,us USA,"DF,MF",Mainz 05,de Bundesliga,25.0,1999.0,21,4,485.0,5.4,0.0,0.0,0,0,0,0,1,0,0.0,0.0,0.0,0.0,0.0,Matches,0,5,1,20.0,0.93,0.19,0.0,0.0,0,0,Matches,,,,,,,,,,,,,,,0.0,,,,,,Matches,,8,,,,,,,,,,,8,,,,Matches,,,,,,,,,,,,,,,,,,,,,Matches,lennard maloney,0.5511733032763004,0.0430457219481468,0.5511733032763004,0.2704647099599242,0.2606308832764625,DF,0.0,0.10206913023635192,-0.10206913023635192,0.0,,0.0,0.007971429990397554,,,,,,,,,
1614,Pape Mamadou Sy,sn SEN,GK,Metz,fr Ligue 1,28.0,1997.0,8,8,706.0,7.8,0.0,0.0,0,0,0,0,0,0,0.0,0.0,0.0,0.0,0.0,Matches,0,0,0,,0.0,0.0,,,0,0,Matches,,,,,,,,,,,,,,,0.0,,,,,,Matches,,0,,,,,,,,,,,0,,,,Matches,,,,,,,,,,,,,,,,,,,,,Matches,pape mamadou sy,0.0,0.0,0.0,0.5357143543660641,0.5357143543660641,GK,,,,,,,,,,,,,,,,
1615,Giorgi Mamardashvili,ge GEO,GK,Liverpool,eng Premier League,24.0,2000.0,10,10,867.0,9.6,0.0,0.0,0,0,0,0,0,0,0.0,0.0,0.0,0.0,0.0,Matches,0,0,0,,0.0,0.0,,,0,0,Matches,,,,,,,,,,,,,,,0.0,,,,,,Matches,,1,,,,,,,,,,,1,,,,Matches,,,,,,,,,,,,,,,,,,,,,Matches,giorgi mamardashvili,0.0,0.0,0.0,2.2863197792321444,2.2863197792321444,GK,,,,,,,,,,,,,,,,
1616,Felix Mambimbi,ch SUI,"FW,MF",Le Havre,fr Ligue 1,24.0,2001.0,17,7,530.0,5.9,1.0,0.0,1,1,0,0,1,0,0.17,0.0,0.17,0.17,0.17,Matches,1,6,2,33.3,1.02,0.34,0.17,0.5,0,0,Matches,,,,,,,,,,,,,,,0.0,,,,,,Matches,,10,,,,,,,,,,,4,,,,Matches,,,,,,,,,,,,,,,,,,,,,Matches,felix mambimbi,0.5050474088639021,0.6854475047439337,0.5050474088639021,1.5925639206543565,0.5822047553956509,FW,0.1694915254237288,0.08560125573964442,0.08389026968408439,0.17,,0.0,0.1161775431769379,,,,,,,,,
1618,Gianluca Mancini,it ITA,DF,Roma,it Serie A,29.0,1996.0,36,36,3059.0,34.0,4.0,2.0,6,4,0,0,9,0,0.12,0.06,0.18,0.12,0.18,Matches,4,20,8,40.0,0.59,0.24,0.2,0.5,0,0,Matches,,,,,,,,,,,,,,,2.0,,,,,,Matches,,28,,,,,,,,,,,47,,,,Matches,,,,,,,,,,,,,,,,,,,,,Matches,gianluca mancini,2.39453985914588,2.720187921077013,2.39453985914588,12.404685972258449,11.154921559616923,DF,0.11764705882352941,0.0704276429160553,0.04721941590747411,0.2,,0.058823529411764705,0.08000552709050038,,,,,,,,,
1619,Reinildo Mandava,mz MOZ,DF,Sunderland,eng Premier League,31.0,1994.0,25,23,1966.0,21.8,0.0,1.0,1,0,0,0,7,1,0.0,0.05,0.05,0.0,0.05,Matches,0,4,0,0.0,0.18,0.0,0.0,,0,0,Matches,,,,,,,,,,,,,,,1.0,,,,,,Matches,,23,,,,,,,,,,,29,,,,Matches,,,,,,,,,,,,,,,,,,,,,Matches,reinildo mandava,0.1700047692283988,0.2958913259208202,0.1700047692283988,3.946844458580017,3.70530366525054,DF,0.0,0.007798383909559578,-0.007798383909559578,0.0,,0.04587155963302752,0.013572996601872485,,,,,,,,,
1620,Aïssa Mandi,dz ALG,DF,Lille,fr Ligue 1,33.0,1991.0,29,28,2424.0,26.9,1.0,0.0,1,1,0,0,8,0,0.04,0.0,0.04,0.04,0.04,Matches,1,14,4,28.6,0.52,0.15,0.07,0.25,0,0,Matches,,,,,,,,,,,,,,,0.0,,,,,,Matches,,21,,,,,,,,,,,44,,,,Matches,,,,,,,,,,,,,,,,,,,,,Matches,aissa mandi,0.8599839098751545,1.0037057306617498,0.8599839098751545,10.866545291617513,10.554649014025928,DF,0.03717472118959108,0.031969662077143295,0.005205059112447789,0.07,,0.0,0.03731248069374535,,,,,,,,,
1621,Rolando Mandragora,it ITA,MF,Fiorentina,it Serie A,28.0,1997.0,34,30,2421.0,26.9,7.0,3.0,10,6,1,1,7,0,0.26,0.11,0.37,0.22,0.33,Matches,7,64,18,28.1,2.38,0.67,0.11,0.39,1,1,Matches,,,,,,,,,,,,,,,3.0,,,,,,Matches,,24,,,,,,,,,,,15,,,,Matches,,,,,,,,,,,,,,,,,,,,,Matches,rolando mandragora,4.695387580431998,2.880523666739464,3.934088763780892,9.77954494766891,5.925872426480055,MF,0.26022304832713755,0.14624865292865769,0.08567332414750937,0.11,,0.11152416356877325,0.10708266419105814,,,,,,,,,
1623,Mateus Mane,pt POR,MF,Wolves,eng Premier League,17.0,2007.0,27,19,1795.0,19.9,3.0,1.0,4,3,0,0,0,0,0.15,0.05,0.2,0.15,0.2,Matches,3,41,17,41.5,2.06,0.85,0.07,0.18,0,0,Matches,,,,,,,,,,,,,,,1.0,,,,,,Matches,,13,,,,,,,,,,,5,,,,Matches,,,,,,,,,,,,,,,,,,,,,Matches,mateus mane,1.9724454693496227,3.281726311892271,1.9724454693496227,5.257462016772479,2.4831578764133155,MF,0.15075376884422112,0.09911786278138808,0.05163590606283303,0.07,,0.05025125628140704,0.16491086994433524,,,,,,,,,
1627,Johan Manzambi,ch SUI,MF,Freiburg,de Bundesliga,19.0,2005.0,27,26,2077.0,23.1,5.0,4.0,9,5,0,0,4,2,0.22,0.17,0.39,0.22,0.39,Matches,5,51,13,25.5,2.21,0.56,0.1,0.38,0,0,Matches,,,,,,,,,,,,,,,4.0,,,,,,Matches,,14,,,,,,,,,,,27,,,,Matches,,,,,,,,,,,,,,,,,,,,,Matches,johan manzambi,4.023786528035998,3.578555628657341,4.023786528035998,12.458620447665451,7.704472800716758,MF,0.21645021645021645,0.17418989298857135,0.04226032346164509,0.1,,0.17316017316017315,0.15491582808040436,,,,,,,,,
1628,Sekou Mara,fr FRA,FW,Auxerre,fr Ligue 1,23.0,2002.0,27,14,1226.0,13.6,3.0,2.0,5,3,0,0,0,0,0.22,0.15,0.37,0.22,0.37,Matches,3,33,12,36.4,2.42,0.88,0.09,0.25,0,0,Matches,,,,,,,,,,,,,,,2.0,,,,,,Matches,,7,,,,,,,,,,,3,,,,Matches,,,,,,,,,,,,,,,,,,,,,Matches,sekou mara,3.05426874384284,1.0970151722431185,3.05426874384284,5.127975841984153,1.3498488226905463,FW,0.22058823529411764,0.2245785841060912,-0.003990348811973543,0.09,,0.14705882352941177,0.080662880311994,,,,,,,,,
1629,Alessandro Marcandalli,it ITA,DF,Genoa,it Serie A,22.0,2002.0,32,29,2597.0,28.9,0.0,2.0,2,0,0,0,4,0,0.0,0.07,0.07,0.0,0.07,Matches,0,5,2,40.0,0.17,0.07,0.0,0.0,0,0,Matches,,,,,,,,,,,,,,,2.0,,,,,,Matches,,24,,,,,,,,,,,18,,,,Matches,,,,,,,,,,,,,,,,,,,,,Matches,alessandro marcandalli,0.2700923178344965,0.6531431395560503,0.2700923178344965,4.446402177214623,4.021648896858096,DF,0.0,0.00934575494237012,-0.00934575494237012,0.0,,0.06920415224913495,0.02260010863515745,,,,,,,,,
1630,Marcão,br BRA,DF,Sevilla,es La Liga,29.0,1996.0,13,11,938.0,10.4,1.0,0.0,1,1,0,0,5,1,0.1,0.0,0.1,0.1,0.1,Matches,1,10,2,20.0,0.96,0.19,0.1,0.5,0,0,Matches,,,,,,,,,,,,,,,0.0,,,,,,Matches,,4,,,,,,,,,,,4,,,,Matches,,,,,,,,,,,,,,,,,,,,,Matches,marcao,0.9158304017037152,0.0,0.9158304017037152,2.0380470361560583,2.0380470361560583,DF,0.09615384615384615,0.08806061554843415,0.008093230605411998,0.1,,0.0,0.0,,,,,,,,,
1632,Vincent Marchetti,fr FRA,MF,Paris FC,fr Ligue 1,28.0,1997.0,23,9,825.0,9.2,2.0,1.0,3,2,0,0,1,0,0.22,0.11,0.33,0.22,0.33,Matches,2,24,7,29.2,2.62,0.76,0.08,0.29,0,0,Matches,,,,,,,,,,,,,,,1.0,,,,,,Matches,,13,,,,,,,,,,,5,,,,Matches,,,,,,,,,,,,,,,,,,,,,Matches,vincent marchetti,2.1302939681336284,0.5922490283846855,2.1302939681336284,5.424442227929831,2.774930212646723,MF,0.2173913043478261,0.23155369218843788,-0.01416238784061178,0.08,,0.10869565217391305,0.06437489438963974,,,,,,,,,
1633,Pablo Marí,es ESP,DF,Fiorentina,it Serie A,31.0,1993.0,11,9,808.0,9.0,0.0,0.0,0,0,0,0,3,0,0.0,0.0,0.0,0.0,0.0,Matches,0,2,0,0.0,0.22,0.0,0.0,,0,0,Matches,,,,,,,,,,,,,,,0.0,,,,,,Matches,,8,,,,,,,,,,,19,,,,Matches,,,,,,,,,,,,,,,,,,,,,Matches,pablo mari,0.0482517899945378,0.1127859242260456,0.0482517899945378,1.7687735836952925,1.667766323313117,DF,0.0,0.005361309999393089,-0.005361309999393089,0.0,,0.0,0.012531769358449511,,,,,,,,,
1634,José María Giménez,uy URU,DF,Atlético Madrid,es La Liga,30.0,1995.0,16,13,1178.0,13.1,0.0,1.0,1,0,0,0,3,0,0.0,0.08,0.08,0.0,0.08,Matches,0,13,3,23.1,0.99,0.23,0.0,0.0,0,0,Matches,,,,,,,,,,,,,,,1.0,,,,,,Matches,,12,,,,,,,,,,,15,,,,Matches,,,,,,,,,,,,,,,,,,,,,Matches,jose maria gimenez,1.5400749556720257,0.5037803649902344,1.5400749556720257,3.938881799578666,3.3341927975416183,DF,0.0,0.1175629737154218,-0.1175629737154218,0.0,,0.07633587786259542,0.03845651641146827,,,,,,,,,
1636,Luca Marianucci,it ITA,DF,Torino,it Serie A,21.0,2004.0,10,6,575.0,6.4,0.0,0.0,0,0,0,0,2,0,0.0,0.0,0.0,0.0,0.0,Matches,0,1,0,0.0,0.16,0.0,0.0,,0,0,Matches,,,,,,,,,,,,,,,0.0,,,,,,Matches,,5,,,,,,,,,,,8,,,,Matches,,,,,,,,,,,,,,,,,,,,,Matches,luca marianucci,0.0295138517394661,0.9746939558535814,0.0295138517394661,4.4013040494173765,3.42620730958879,DF,0.0,0.0046115393342915775,-0.0046115393342915775,0.0,,0.0,0.1522959306021221,,,,,,,,,
1639,Marius Marin,ro ROU,MF,Pisa,it Serie A,26.0,1998.0,23,18,1281.0,14.2,0.0,0.0,0,0,0,0,7,0,0.0,0.0,0.0,0.0,0.0,Matches,0,3,0,0.0,0.21,0.0,0.0,,0,0,Matches,,,,,,,,,,,,,,,0.0,,,,,,Matches,,26,,,,,,,,,,,14,,,,Matches,,,,,,,,,,,,,,,,,,,,,Matches,marius marin,0.0855703866109252,0.0219777524471282,0.0855703866109252,3.226825973019004,3.1192778795957565,MF,0.0,0.0060260835641496625,-0.0060260835641496625,0.0,,0.0,0.0015477290455724083,,,,,,,,,
1640,Pablo Marín,es ESP,MF,Real Sociedad,es La Liga,22.0,2003.0,34,15,1502.0,16.7,0.0,1.0,1,0,0,0,2,0,0.0,0.06,0.06,0.0,0.06,Matches,0,13,4,30.8,0.78,0.24,0.0,0.0,0,0,Matches,,,,,,,,,,,,,,,1.0,,,,,,Matches,,18,,,,,,,,,,,9,,,,Matches,,,,,,,,,,,,,,,,,,,,,Matches,pablo marin,1.247849544510245,1.8537570256739853,1.247849544510245,7.044556712731719,4.112739890813828,MF,0.0,0.07472152961139193,-0.07472152961139193,0.0,,0.059880239520958084,0.11100341471101709,,,,,,,,,
1641,Rafa Marín,es ESP,DF,Villarreal,es La Liga,23.0,2002.0,23,21,1979.0,22.0,1.0,0.0,1,1,0,0,1,0,0.05,0.0,0.05,0.05,0.05,Matches,1,5,1,20.0,0.23,0.05,0.2,1.0,0,0,Matches,,,,,,,,,,,,,,,0.0,,,,,,Matches,,22,,,,,,,,,,,20,,,,Matches,,,,,,,,,,,,,,,,,,,,,Matches,rafa marin,0.2321406872943043,0.9869795441627502,0.2321406872943043,8.320692155510187,7.3985674269497395,DF,0.045454545454545456,0.010551849422468377,0.03490269603207708,0.2,,0.0,0.04486270655285229,,,,,,,,,
1643,João Mário Lopes,pt POR,"DF,MF",Bologna,it Serie A,25.0,2000.0,10,10,735.0,8.2,1.0,0.0,1,1,0,0,1,0,0.12,0.0,0.12,0.12,0.12,Matches,1,4,2,50.0,0.49,0.24,0.25,0.5,0,0,Matches,,,,,,,,,,,,,,,0.0,,,,,,Matches,,4,,,,,,,,,,,10,,,,Matches,,,,,,,,,,,,,,,,,,,,,Matches,joao mario lopes,,,,,,DF,0.12195121951219513,,,0.25,,0.0,,,,,,,,,,
1645,Guillermo Maripán,cl CHI,DF,Torino,it Serie A,31.0,1994.0,27,24,2145.0,23.8,2.0,0.0,2,2,0,0,4,0,0.08,0.0,0.08,0.08,0.08,Matches,2,18,8,44.4,0.76,0.34,0.11,0.25,0,0,Matches,,,,,,,,,,,,,,,0.0,,,,,,Matches,,28,,,,,,,,,,,27,,,,Matches,,,,,,,,,,,,,,,,,,,,,Matches,guillermo maripan,2.4348368234932423,0.3447793498635292,2.4348368234932423,5.110838394612074,4.668472915887833,DF,0.08403361344537814,0.10230406821400177,-0.018270454768623625,0.11,,0.0,0.014486527305190303,,,,,,,,,
1646,Omar Marmoush,eg EGY,"FW,MF",Manchester City,eng Premier League,26.0,1999.0,21,8,700.0,7.8,3.0,3.0,6,3,0,0,3,0,0.39,0.39,0.77,0.39,0.77,Matches,3,30,9,30.0,3.86,1.16,0.1,0.33,0,0,Matches,,,,,,,,,,,,,,,3.0,,,,,,Matches,,8,,,,,,,,,,,2,,,,Matches,,,,,,,,,,,,,,,,,,,,,Matches,omar marmoush,3.76536438241601,2.126938968896866,3.76536438241601,6.192776508629322,0.7863435056060553,FW,0.38461538461538464,0.48273902338666796,-0.09812363877128333,0.1,,0.38461538461538464,0.27268448319190586,,,,,,,,,
1648,Marquinhos,br BRA,DF,PSG,fr Ligue 1,31.0,1994.0,14,11,1052.0,11.7,0.0,0.0,0,0,0,0,0,0,0.0,0.0,0.0,0.0,0.0,Matches,0,3,0,0.0,0.26,0.0,0.0,,0,0,Matches,,,,,,,,,,,,,,,0.0,,,,,,Matches,,9,,,,,,,,,,,7,,,,Matches,,,,,,,,,,,,,,,,,,,,,Matches,marquinhos,0.0568516142666339,0.0329714883118867,0.0568516142666339,5.328810071572661,5.295838570222259,DF,0.0,0.00485911233048153,-0.00485911233048153,0.0,,0.0,0.00281807592409288,,,,,,,,,
1651,Eric Martel,de GER,"MF,DF",Köln,de Bundesliga,23.0,2002.0,31,30,2559.0,28.4,2.0,2.0,4,2,0,0,12,1,0.07,0.07,0.14,0.07,0.14,Matches,2,23,4,17.4,0.81,0.14,0.09,0.5,0,0,Matches,,,,,,,,,,,,,,,2.0,,,,,,Matches,,32,,,,,,,,,,,35,,,,Matches,,,,,,,,,,,,,,,,,,,,,Matches,eric martel,1.814234547317028,2.0577999372035265,1.814234547317028,9.843018800020218,7.845337048172951,MF,0.07042253521126761,0.06388149814496578,0.00654103706630183,0.09,,0.07042253521126761,0.07245774426772982,,,,,,,,,
1652,Aarón Martín,es ESP,"MF,DF",Genoa,it Serie A,28.0,1997.0,33,26,2156.0,24.0,1.0,5.0,6,1,0,1,2,0,0.04,0.21,0.25,0.04,0.25,Matches,1,11,4,36.4,0.46,0.17,0.09,0.25,0,1,Matches,,,,,,,,,,,,,,,5.0,,,,,,Matches,,28,,,,,,,,,,,10,,,,Matches,,,,,,,,,,,,,,,,,,,,,Matches,aaron martin,1.317988371476531,6.568098125047982,0.5566895511001348,6.554186085239053,3.749794667586684,MF,0.041666666666666664,0.02319539796250562,-0.013249515478188792,0.09,,0.20833333333333334,0.2736707552103326,,,,,,,,,
1653,Carlos Martín,es ESP,"MF,FW",Rayo Vallecano,es La Liga,23.0,2002.0,11,7,450.0,5.0,0.0,0.0,0,0,0,0,1,0,0.0,0.0,0.0,0.0,0.0,Matches,0,9,4,44.4,1.8,0.8,0.0,0.0,0,0,Matches,,,,,,,,,,,,,,,0.0,,,,,,Matches,,7,,,,,,,,,,,0,,,,Matches,,,,,,,,,,,,,,,,,,,,,Matches,carlos martin,1.149516565725207,0.5790477748960257,1.149516565725207,2.493734013289213,0.8341227322816849,MF,0.0,0.22990331314504142,-0.22990331314504142,0.0,,0.0,0.11580955497920513,,,,,,,,,
1654,Gerard Martín,es ESP,DF,Barcelona,es La Liga,23.0,2002.0,32,26,2119.0,23.5,0.0,0.0,0,0,0,0,6,0,0.0,0.0,0.0,0.0,0.0,Matches,0,7,4,57.1,0.3,0.17,0.0,0.0,0,0,Matches,,,,,,,,,,,,,,,0.0,,,,,,Matches,,29,,,,,,,,,,,31,,,,Matches,,,,,,,,,,,,,,,,,,,,,Matches,gerard martin,0.304868983104825,0.7627371614798903,0.304868983104825,14.44864018075168,13.939255250617862,DF,0.0,0.012973148217226596,-0.012973148217226596,0.0,,0.0,0.032456900488505976,,,,,,,,,
1655,Iván Martín,es ESP,MF,Girona,es La Liga,26.0,1999.0,35,29,2532.0,28.1,0.0,1.0,1,0,0,0,5,1,0.0,0.04,0.04,0.0,0.04,Matches,0,13,5,38.5,0.46,0.18,0.0,0.0,0,0,Matches,,,,,,,,,,,,,,,1.0,,,,,,Matches,,39,,,,,,,,,,,17,,,,Matches,,,,,,,,,,,,,,,,,,,,,Matches,ivan martin,1.1094311196357012,2.176630087196827,1.1094311196357012,10.834588035941124,8.479688461869955,MF,0.0,0.03948153450660858,-0.03948153450660858,0.0,,0.03558718861209964,0.07746014545184438,,,,,,,,,
1656,Jon Martin,es ESP,DF,Real Sociedad,es La Liga,19.0,2006.0,25,25,2250.0,25.0,2.0,0.0,2,2,0,0,6,0,0.08,0.0,0.08,0.08,0.08,Matches,2,15,5,33.3,0.6,0.2,0.13,0.4,0,0,Matches,,,,,,,,,,,,,,,0.0,,,,,,Matches,,16,,,,,,,,,,,35,,,,Matches,,,,,,,,,,,,,,,,,,,,,Matches,jon martin,2.422728887759149,0.1884760037064552,2.422728887759149,8.53424921259284,8.280994322150946,DF,0.08,0.09690915551036597,-0.016909155510365963,0.13,,0.0,0.007539040148258208,,,,,,,,,
1657,Mario Martín,es ESP,"MF,FW",Getafe,es La Liga,21.0,2004.0,35,26,2125.0,23.6,2.0,1.0,3,2,0,0,11,0,0.08,0.04,0.13,0.08,0.13,Matches,2,26,6,23.1,1.1,0.25,0.08,0.33,0,0,Matches,,,,,,,,,,,,,,,1.0,,,,,,Matches,,32,,,,,,,,,,,16,,,,Matches,,,,,,,,,,,,,,,,,,,,,Matches,mario martin,2.951042834669352,0.916083893738687,2.951042834669352,3.979537969455123,1.4174842182546854,MF,0.0847457627118644,0.1250441879097183,-0.0402984251978539,0.08,,0.0423728813559322,0.03881711414146979,,,,,,,,,
1658,Gabriel Martinelli,br BRA,"FW,MF",Arsenal,eng Premier League,24.0,2001.0,30,11,1081.0,12.0,1.0,4.0,5,1,0,0,3,0,0.08,0.33,0.42,0.08,0.42,Matches,1,29,13,44.8,2.41,1.08,0.03,0.08,0,0,Matches,,,,,,,,,,,,,,,4.0,,,,,,Matches,,8,,,,,,,,,,,1,,,,Matches,,,,,,,,,,,,,,,,,,,,,Matches,gabriel martinelli,5.357063241302967,2.569171307608485,5.357063241302967,10.0232590213418,3.6065212953835726,FW,0.08333333333333333,0.4464219367752473,-0.3630886034419139,0.03,,0.3333333333333333,0.21409760896737376,,,,,,,,,
1659,Arnau Martinez,es ESP,"DF,MF",Girona,es La Liga,22.0,2003.0,35,33,2666.0,29.6,2.0,3.0,5,2,0,0,6,0,0.07,0.1,0.17,0.07,0.17,Matches,2,19,4,21.1,0.64,0.14,0.11,0.5,0,0,Matches,,,,,,,,,,,,,,,3.0,,,,,,Matches,,39,,,,,,,,,,,37,,,,Matches,,,,,,,,,,,,,,,,,,,,,Matches,arnau martinez,2.124434665776789,2.70481881685555,2.124434665776789,10.917901353910564,8.976429961621761,DF,0.06756756756756756,0.071771441411378,-0.0042038738438104455,0.11,,0.10135135135135134,0.09137901408295776,,,,,,,,,
1661,Emiliano Martínez,ar ARG,GK,Aston Villa,eng Premier League,32.0,1992.0,32,32,2835.0,31.5,0.0,1.0,1,0,0,0,2,0,0.0,0.03,0.03,0.0,0.03,Matches,0,0,0,,0.0,0.0,,,0,0,Matches,,,,,,,,,,,,,,,1.0,,,,,,Matches,,0,,,,,,,,,,,0,,,,Matches,,,,,,,,,,,,,,,,,,,,,Matches,emiliano martinez,0.0,0.3538400158286094,0.0,4.597850669175386,4.244010683149099,GK,,,,,,,,,,,,,,,,
1662,Joaquín Martínez Gauna,es ESP,"MF,DF",Sevilla,es La Liga,22.0,2003.0,21,14,1408.0,15.6,2.0,3.0,5,2,0,0,1,0,0.13,0.19,0.32,0.13,0.32,Matches,2,17,8,47.1,1.09,0.51,0.12,0.25,0,0,Matches,,,,,,,,,,,,,,,3.0,,,,,,Matches,,20,,,,,,,,,,,8,,,,Matches,,,,,,,,,,,,,,,,,,,,,Matches,joaquin martinez gauna,,,,,,MF,0.12820512820512822,,,0.12,,0.19230769230769232,,,,,,,,,,
1663,Josep Martinez,es ESP,GK,Inter,it Serie A,27.0,1998.0,5,5,450.0,5.0,0.0,0.0,0,0,0,0,0,0,0.0,0.0,0.0,0.0,0.0,Matches,0,0,0,,0.0,0.0,,,0,0,Matches,,,,,,,,,,,,,,,0.0,,,,,,Matches,,0,,,,,,,,,,,0,,,,Matches,,,,,,,,,,,,,,,,,,,,,Matches,josep martinez,0.0,0.0,0.0,1.1353245675563812,1.1353245675563812,GK,,,,,,,,,,,,,,,,
1664,Lautaro Martínez,ar ARG,FW,Inter,it Serie A,27.0,1997.0,30,27,2159.0,24.0,17.0,6.0,23,17,0,0,4,0,0.71,0.25,0.96,0.71,0.96,Matches,17,92,39,42.4,3.84,1.63,0.18,0.44,0,0,Matches,,,,,,,,,,,,,,,6.0,,,,,,Matches,,13,,,,,,,,,,,6,,,,Matches,,,,,,,,,,,,,,,,,,,,,Matches,lautaro martinez,17.13883000984788,6.291475351899862,17.13883000984788,27.78616793453693,9.802525106817484,FW,0.7083333333333334,0.714117917076995,-0.005784583743661642,0.18,,0.25,0.26214480632916093,,,,,,,,,
1665,Lisandro Martínez,ar ARG,DF,Manchester Utd,eng Premier League,27.0,1998.0,18,13,1233.0,13.7,0.0,0.0,0,0,0,0,0,1,0.0,0.0,0.0,0.0,0.0,Matches,0,5,0,0.0,0.36,0.0,0.0,,0,0,Matches,,,,,,,,,,,,,,,0.0,,,,,,Matches,,11,,,,,,,,,,,12,,,,Matches,,,,,,,,,,,,,,,,,,,,,Matches,lisandro martinez,0.1134660253301262,0.4642033223062753,0.1134660253301262,6.68968091532588,6.568602550774813,DF,0.0,0.008282191629936219,-0.008282191629936219,0.0,,0.0,0.0338834541829398,,,,,,,,,
1666,Pablo Martínez,es ESP,MF,Levante,es La Liga,27.0,1998.0,27,21,1857.0,20.6,1.0,5.0,6,1,0,0,3,0,0.05,0.24,0.29,0.05,0.29,Matches,1,28,4,14.3,1.36,0.19,0.04,0.25,0,0,Matches,,,,,,,,,,,,,,,5.0,,,,,,Matches,,10,,,,,,,,,,,19,,,,Matches,,,,,,,,,,,,,,,,,,,,,Matches,pablo martinez,1.9152403939515352,5.476440030150116,1.9152403939515352,8.163186241872609,4.934909150004387,MF,0.04854368932038835,0.09297283465784151,-0.044429145337453166,0.04,,0.24271844660194172,0.26584660340534544,,,,,,,,,
1668,Toni Martínez,es ESP,FW,Alavés,es La Liga,28.0,1997.0,37,32,2714.0,30.2,14.0,3.0,17,13,1,1,2,0,0.46,0.1,0.56,0.43,0.53,Matches,14,93,36,38.7,3.08,1.19,0.15,0.39,1,1,Matches,,,,,,,,,,,,,,,3.0,,,,,,Matches,,15,,,,,,,,,,,4,,,,Matches,,,,,,,,,,,,,,,,,,,,,Matches,toni martinez,12.836471602320673,3.8200031016021967,12.09319394826889,15.361863365396855,3.4809861443936825,FW,0.4635761589403974,0.4004368857042679,0.03852743038673269,0.15,,0.09933774834437087,0.12649016892722506,,,,,,,,,
1669,Adam Marušić,me MNE,DF,Lazio,it Serie A,32.0,1992.0,33,32,2778.0,30.9,1.0,2.0,3,1,0,0,1,1,0.03,0.06,0.1,0.03,0.1,Matches,1,16,7,43.8,0.52,0.23,0.06,0.14,0,0,Matches,,,,,,,,,,,,,,,2.0,,,,,,Matches,,16,,,,,,,,,,,33,,,,Matches,,,,,,,,,,,,,,,,,,,,,Matches,adam marusic,1.743161248974502,1.5355632733553648,1.743161248974502,7.536833369173109,5.5209521651268005,DF,0.03236245954692557,0.056412985403705575,-0.024050525856780004,0.06,,0.06472491909385114,0.0496946043157076,,,,,,,,,
1670,Omar Mascarell,gq EQG,"MF,DF",Mallorca,es La Liga,32.0,1993.0,30,26,2239.0,24.9,2.0,2.0,4,2,0,0,5,0,0.08,0.08,0.16,0.08,0.16,Matches,2,7,3,42.9,0.28,0.12,0.29,0.67,0,0,Matches,,,,,,,,,,,,,,,2.0,,,,,,Matches,,28,,,,,,,,,,,35,,,,Matches,,,,,,,,,,,,,,,,,,,,,Matches,omar mascarell,0.3696496002376079,0.6136066876351833,0.3696496002376079,6.234465690329671,5.480494217947125,MF,0.08032128514056225,0.014845365471389876,0.06547591966917238,0.29,,0.08032128514056225,0.024642838860850738,,,,,,,,,
1672,Patrizio Masini,it ITA,MF,Genoa,it Serie A,24.0,2001.0,28,13,1413.0,15.7,0.0,1.0,1,0,0,0,5,0,0.0,0.06,0.06,0.0,0.06,Matches,0,18,5,27.8,1.15,0.32,0.0,0.0,0,0,Matches,,,,,,,,,,,,,,,1.0,,,,,,Matches,,39,,,,,,,,,,,26,,,,Matches,,,,,,,,,,,,,,,,,,,,,Matches,patrizio masini,2.03008303232491,1.2380426349118352,2.03008303232491,4.957104844972491,2.670099798589945,MF,0.0,0.12930465174044015,-0.12930465174044015,0.0,,0.06369426751592357,0.07885621878419333,,,,,,,,,
1673,Han-Noah Massengo,fr FRA,MF,Augsburg,de Bundesliga,24.0,2001.0,33,29,2427.0,27.0,2.0,1.0,3,2,0,0,5,0,0.07,0.04,0.11,0.07,0.11,Matches,2,20,6,30.0,0.74,0.22,0.1,0.33,0,0,Matches,,,,,,,,,,,,,,,1.0,,,,,,Matches,,18,,,,,,,,,,,36,,,,Matches,,,,,,,,,,,,,,,,,,,,,Matches,han noah massengo,1.7316314969211817,1.635585960932076,1.7316314969211817,8.934063652530313,5.818135930225253,MF,0.07407407407407407,0.0641344998859697,0.009939574188104382,0.1,,0.037037037037037035,0.06057725781229911,,,,,,,,,
1674,Franco Mastantuono,ar ARG,"MF,FW",Real Madrid,es La Liga,17.0,2007.0,23,11,1037.0,11.5,1.0,0.0,1,1,0,0,5,1,0.09,0.0,0.09,0.09,0.09,Matches,1,30,7,23.3,2.6,0.61,0.03,0.14,0,0,Matches,,,,,,,,,,,,,,,0.0,,,,,,Matches,,12,,,,,,,,,,,3,,,,Matches,,,,,,,,,,,,,,,,,,,,,Matches,franco mastantuono,2.6822766698896885,2.86138834618032,2.6822766698896885,7.648913703858852,4.390332970768213,MF,0.08695652173913043,0.2332414495556251,-0.14628492781649466,0.03,,0.0,0.24881637792872346,,,,,,,,,
1677,Clinton Mata,ao ANG,DF,Lyon,fr Ligue 1,32.0,1992.0,32,32,2833.0,31.5,0.0,0.0,0,0,0,0,5,0,0.0,0.0,0.0,0.0,0.0,Matches,0,5,0,0.0,0.16,0.0,0.0,,0,0,Matches,,,,,,,,,,,,,,,0.0,,,,,,Matches,,21,,,,,,,,,,,26,,,,Matches,,,,,,,,,,,,,,,,,,,,,Matches,clinton mata,0.1720375660806894,0.0863934475928545,0.1720375660806894,11.681384408846498,11.58082594908774,DF,0.0,0.0054615100343076,-0.0054615100343076,0.0,,0.0,0.002742649129931889,,,,,,,,,
1678,Igor Matanović,hr CRO,FW,Freiburg,de Bundesliga,22.0,2003.0,31,14,1571.0,17.5,11.0,2.0,13,10,1,2,0,0,0.63,0.11,0.74,0.57,0.69,Matches,11,51,19,37.3,2.92,1.09,0.22,0.58,1,2,Matches,,,,,,,,,,,,,,,2.0,,,,,,Matches,,11,,,,,,,,,,,9,,,,Matches,,,,,,,,,,,,,,,,,,,,,Matches,igor matanovic,9.582080019637942,2.236247749999165,8.066526612266898,9.787673662416635,1.3800859227776527,FW,0.6285714285714286,0.46094437784382275,0.08102399887783186,0.22,,0.11428571428571428,0.127785585714238,,,,,,,,,
1679,Pape Matar Sarr,sn SEN,MF,Tottenham,eng Premier League,22.0,2002.0,26,13,1398.0,15.5,2.0,4.0,6,2,0,0,3,0,0.13,0.26,0.39,0.13,0.39,Matches,2,17,6,35.3,1.09,0.39,0.12,0.33,0,0,Matches,,,,,,,,,,,,,,,4.0,,,,,,Matches,,21,,,,,,,,,,,14,,,,Matches,,,,,,,,,,,,,,,,,,,,,Matches,pape matar sarr,2.047363305464387,2.433566828258336,2.047363305464387,7.017087802290916,4.9591697268188,MF,0.12903225806451613,0.13208795519125077,-0.0030556971267346415,0.12,,0.25806451612903225,0.1570043115005378,,,,,,,,,
1680,Jean-Philippe Mateta,fr FRA,FW,Crystal Palace,eng Premier League,28.0,1997.0,32,25,2218.0,24.6,12.0,0.0,12,8,4,4,2,0,0.49,0.0,0.49,0.32,0.32,Matches,12,63,32,50.8,2.56,1.3,0.19,0.38,4,4,Matches,,,,,,,,,,,,,,,0.0,,,,,,Matches,,4,,,,,,,,,,,6,,,,Matches,,,,,,,,,,,,,,,,,,,,,Matches,jean philippe mateta,15.977427493780851,1.2496193014085293,12.93275199458003,15.170770466327667,2.393757389858365,FW,0.4878048780487805,0.5257216257959362,-0.16168404446263623,0.19,,0.0,0.05079753257758249,,,,,,,,,
1681,Nemanja Matić,rs SRB,MF,Sassuolo,it Serie A,36.0,1988.0,34,31,2660.0,29.6,1.0,1.0,2,1,0,0,7,1,0.03,0.03,0.07,0.03,0.07,Matches,1,11,4,36.4,0.37,0.14,0.09,0.25,0,0,Matches,,,,,,,,,,,,,,,1.0,,,,,,Matches,,28,,,,,,,,,,,27,,,,Matches,,,,,,,,,,,,,,,,,,,,,Matches,nemanja matic,0.329651664942503,0.9152271281927824,0.329651664942503,11.574611898511648,10.903733760118484,MF,0.03378378378378378,0.011136880572381857,0.022646903211401927,0.09,,0.03378378378378378,0.030919835411918322,,,,,,,,,
1682,Rudy Matondo,fr FRA,MF,Paris FC,fr Ligue 1,17.0,2008.0,11,8,743.0,8.3,2.0,0.0,2,2,0,0,1,1,0.24,0.0,0.24,0.24,0.24,Matches,2,9,5,55.6,1.09,0.61,0.22,0.4,0,0,Matches,,,,,,,,,,,,,,,0.0,,,,,,Matches,,14,,,,,,,,,,,5,,,,Matches,,,,,,,,,,,,,,,,,,,,,Matches,rudy matondo,1.8190970439463847,0.2419236395508051,1.8190970439463847,3.063255394808948,2.4010575069114566,MF,0.24096385542168672,0.21916831854775717,0.02179553687392955,0.22,,0.0,0.029147426451904226,,,,,,,,,
1683,Rudy Matondo,fr FRA,MF,Auxerre,fr Ligue 1,17.0,2008.0,16,6,614.0,6.8,0.0,0.0,0,0,0,0,3,0,0.0,0.0,0.0,0.0,0.0,Matches,0,4,0,0.0,0.59,0.0,0.0,,0,0,Matches,,,,,,,,,,,,,,,0.0,,,,,,Matches,,7,,,,,,,,,,,7,,,,Matches,,,,,,,,,,,,,,,,,,,,,Matches,rudy matondo,1.8190970439463847,0.2419236395508051,1.8190970439463847,3.063255394808948,2.4010575069114566,MF,0.0,0.267514271168586,-0.267514271168586,0.0,,0.0,0.03557700581629487,,,,,,,,,
1684,Chrislain Matsima,fr FRA,DF,Augsburg,de Bundesliga,23.0,2002.0,18,17,1489.0,16.5,1.0,1.0,2,1,0,0,5,0,0.06,0.06,0.12,0.06,0.12,Matches,1,7,1,14.3,0.42,0.06,0.14,1.0,0,0,Matches,,,,,,,,,,,,,,,1.0,,,,,,Matches,,11,,,,,,,,,,,30,,,,Matches,,,,,,,,,,,,,,,,,,,,,Matches,chrislain matsima,0.5652054697275162,0.5844853427261114,0.5652054697275162,2.247604363597929,2.1535102361813188,DF,0.06060606060606061,0.0342548769531828,0.026351183652877808,0.14,,0.06060606060606061,0.035423354104612816,,,,,,,,,
1685,Jean Mattéo Bahoya,fr FRA,"MF,FW",Frankfurt,de Bundesliga,20.0,2005.0,27,15,1331.0,14.8,3.0,4.0,7,3,0,0,2,0,0.2,0.27,0.47,0.2,0.47,Matches,3,29,9,31.0,1.96,0.61,0.1,0.33,0,0,Matches,,,,,,,,,,,,,,,4.0,,,,,,Matches,,14,,,,,,,,,,,12,,,,Matches,,,,,,,,,,,,,,,,,,,,,Matches,jean matteo bahoya,,,,,,MF,0.2027027027027027,,,0.1,,0.27027027027027023,,,,,,,,,,
1686,Alan Matturro,uy URU,DF,Levante,es La Liga,20.0,2004.0,19,10,947.0,10.5,1.0,1.0,2,1,0,0,0,1,0.1,0.1,0.19,0.1,0.19,Matches,1,8,1,12.5,0.76,0.1,0.13,1.0,0,0,Matches,,,,,,,,,,,,,,,1.0,,,,,,Matches,,13,,,,,,,,,,,6,,,,Matches,,,,,,,,,,,,,,,,,,,,,Matches,alan matturro,0.9369660560041666,1.1987895714119077,0.9369660560041666,3.3469478487968445,1.891314934939146,DF,0.09523809523809523,0.0892348624765873,0.0060032327615079425,0.13,,0.09523809523809523,0.11417043537256263,,,,,,,,,
1688,Neal Maupay,fr FRA,FW,Sevilla,es La Liga,28.0,1996.0,12,10,865.0,9.6,2.0,1.0,3,2,0,0,2,0,0.21,0.1,0.31,0.21,0.31,Matches,2,17,7,41.2,1.77,0.73,0.12,0.29,0,0,Matches,,,,,,,,,,,,,,,1.0,,,,,,Matches,,1,,,,,,,,,,,1,,,,Matches,,,,,,,,,,,,,,,,,,,,,Matches,neal maupay,2.1214609295129776,0.566957282833755,2.1214609295129776,3.811862051486969,1.2760496363043785,FW,0.20833333333333334,0.22098551349093518,-0.012652180157601833,0.12,,0.10416666666666667,0.059058050295182817,,,,,,,,,
1689,Konstantinos Mavropanos,gr GRE,DF,West Ham,eng Premier League,27.0,1997.0,31,27,2534.0,28.2,3.0,0.0,3,3,0,0,2,0,0.11,0.0,0.11,0.11,0.11,Matches,3,23,8,34.8,0.82,0.28,0.13,0.38,0,0,Matches,,,,,,,,,,,,,,,0.0,,,,,,Matches,,24,,,,,,,,,,,47,,,,Matches,,,,,,,,,,,,,,,,,,,,,Matches,konstantinos mavropanos,2.791105939541012,0.4895833916962147,2.791105939541012,4.458088889718056,4.093825729563832,DF,0.10638297872340426,0.09897538792698625,0.007407590796418013,0.13,,0.0,0.01736111318071683,,,,,,,,,
1690,Christian Mawissa,fr FRA,"DF,MF",Monaco,fr Ligue 1,20.0,2005.0,18,13,1191.0,13.2,0.0,0.0,0,0,0,0,4,0,0.0,0.0,0.0,0.0,0.0,Matches,0,2,1,50.0,0.15,0.08,0.0,0.0,0,0,Matches,,,,,,,,,,,,,,,0.0,,,,,,Matches,,25,,,,,,,,,,,15,,,,Matches,,,,,,,,,,,,,,,,,,,,,Matches,christian mawissa,0.3248561099171638,0.3562596291303634,0.3248561099171638,3.712346743792296,3.0805793963372707,DF,0.0,0.024610311357360894,-0.024610311357360894,0.0,,0.0,0.02698936584320935,,,,,,,,,
1691,Eliezer Mayenda,es ESP,"FW,MF",Sunderland,eng Premier League,20.0,2005.0,20,8,759.0,8.4,2.0,0.0,2,2,0,0,0,0,0.24,0.0,0.24,0.24,0.24,Matches,2,13,6,46.2,1.54,0.71,0.15,0.33,0,0,Matches,,,,,,,,,,,,,,,0.0,,,,,,Matches,,3,,,,,,,,,,,1,,,,Matches,,,,,,,,,,,,,,,,,,,,,Matches,eliezer mayenda,2.0108928252011538,0.7425303682684898,2.0108928252011538,2.4835963249206543,0.4882403369992971,FW,0.23809523809523808,0.23939200300013735,-0.0012967649048992566,0.15,,0.0,0.08839647241291546,,,,,,,,,
1693,Borja Mayoral,es ESP,FW,Getafe,es La Liga,28.0,1997.0,16,12,1058.0,11.8,4.0,1.0,5,4,0,1,0,0,0.34,0.09,0.43,0.34,0.43,Matches,4,15,7,46.7,1.28,0.6,0.27,0.57,0,1,Matches,,,,,,,,,,,,,,,1.0,,,,,,Matches,,5,,,,,,,,,,,4,,,,Matches,,,,,,,,,,,,,,,,,,,,,Matches,borja mayoral,3.4905536491423845,0.560979638248682,2.747275995090604,2.6726806866936386,0.4403858962468803,FW,0.3389830508474576,0.23281999958394947,0.0431734195642047,0.27,,0.0847457627118644,0.047540647309210336,,,,,,,,,
1694,Senny Mayulu,fr FRA,"MF,FW",PSG,fr Ligue 1,19.0,2006.0,26,21,1672.0,18.6,4.0,4.0,8,4,0,0,3,0,0.22,0.22,0.43,0.22,0.43,Matches,4,35,11,31.4,1.88,0.59,0.11,0.36,0,0,Matches,,,,,,,,,,,,,,,4.0,,,,,,Matches,,31,,,,,,,,,,,12,,,,Matches,,,,,,,,,,,,,,,,,,,,,Matches,senny mayulu,4.818055000156164,4.020334480330348,4.818055000156164,11.622840972617269,5.123189397156239,MF,0.2150537634408602,0.2590352150621593,-0.04398145162129915,0.11,,0.2150537634408602,0.21614701507152406,,,,,,,,,
1695,Ibrahim Maza,dz ALG,MF,Leverkusen,de Bundesliga,19.0,2005.0,28,20,1849.0,20.5,3.0,4.0,7,3,0,0,2,0,0.15,0.19,0.34,0.15,0.34,Matches,3,54,17,31.5,2.63,0.83,0.06,0.18,0,0,Matches,,,,,,,,,,,,,,,4.0,,,,,,Matches,,24,,,,,,,,,,,16,,,,Matches,,,,,,,,,,,,,,,,,,,,,Matches,ibrahim maza,6.0146804098039865,4.390553383156657,6.0146804098039865,17.926695466041565,9.699600376188757,MF,0.14634146341463414,0.29339904438068226,-0.14705758096604812,0.06,,0.1951219512195122,0.21417333576373937,,,,,,,,,
1696,Noussair Mazraoui,ma MAR,"DF,MF",Manchester Utd,eng Premier League,27.0,1997.0,20,11,985.0,10.9,0.0,0.0,0,0,0,0,3,0,0.0,0.0,0.0,0.0,0.0,Matches,0,5,0,0.0,0.46,0.0,0.0,,0,0,Matches,,,,,,,,,,,,,,,0.0,,,,,,Matches,,15,,,,,,,,,,,11,,,,Matches,,,,,,,,,,,,,,,,,,,,,Matches,noussair mazraoui,0.1968064438551664,0.2094872146844864,0.1968064438551664,5.648671459406614,5.40038712322712,DF,0.0,0.0180556370509327,-0.0180556370509327,0.0,,0.0,0.019219010521512512,,,,,,,,,
1697,Luca Mazzitelli,it ITA,MF,Cagliari,it Serie A,29.0,1995.0,18,9,767.0,8.5,2.0,2.0,4,2,0,0,3,0,0.23,0.23,0.47,0.23,0.47,Matches,2,15,5,33.3,1.76,0.59,0.13,0.4,0,0,Matches,,,,,,,,,,,,,,,2.0,,,,,,Matches,,11,,,,,,,,,,,10,,,,Matches,,,,,,,,,,,,,,,,,,,,,Matches,luca mazzitelli,0.7084781415760517,1.069239970296621,0.7084781415760517,3.09368846565485,2.3530206037685275,MF,0.23529411764705882,0.08335036959718256,0.15194374804987626,0.13,,0.23529411764705882,0.12579293768195543,,,,,,,,,
1700,Samuel Mbangula,be BEL,"MF,FW",Werder Bremen,de Bundesliga,21.0,2004.0,26,12,1171.0,13.0,3.0,2.0,5,3,0,0,0,0,0.23,0.15,0.38,0.23,0.38,Matches,3,17,8,47.1,1.31,0.61,0.18,0.38,0,0,Matches,,,,,,,,,,,,,,,2.0,,,,,,Matches,,10,,,,,,,,,,,3,,,,Matches,,,,,,,,,,,,,,,,,,,,,Matches,samuel mbangula,1.8366767894476648,1.0369327440857887,1.8366767894476648,4.303910743445158,1.90781073551625,MF,0.23076923076923078,0.14128282995751268,0.08948640081171809,0.18,,0.15384615384615385,0.07976405723736836,,,,,,,,,
1701,Ethan Mbappé,fr FRA,"MF,FW",Lille,fr Ligue 1,18.0,2006.0,18,4,567.0,6.3,3.0,1.0,4,3,0,0,1,0,0.48,0.16,0.63,0.48,0.63,Matches,3,14,7,50.0,2.22,1.11,0.21,0.43,0,0,Matches,,,,,,,,,,,,,,,1.0,,,,,,Matches,,7,,,,,,,,,,,2,,,,Matches,,,,,,,,,,,,,,,,,,,,,Matches,ethan mbappe,1.8669115900993347,1.4914258159697056,1.8669115900993347,3.409807451069355,1.0010536201298237,MF,0.4761904761904762,0.2963351730316404,0.17985530315883577,0.21,,0.15873015873015872,0.23673425650312788,,,,,,,,,
1702,Kylian Mbappé,fr FRA,FW,Real Madrid,es La Liga,26.0,1998.0,31,29,2599.0,28.9,25.0,5.0,30,17,8,9,4,0,0.87,0.17,1.04,0.59,0.76,Matches,25,146,63,43.2,5.06,2.18,0.17,0.4,8,9,Matches,,,,,,,,,,,,,,,5.0,,,,,,Matches,,1,,,,,,,,,,,3,,,,Matches,,,,,,,,,,,,,,,,,,,,,Matches,kylian mbappe,25.79652861133217,7.240631651133299,19.107029650360342,27.866944551467896,7.233587654307485,FW,0.8650519031141869,0.6611428944761364,-0.027561543644711802,0.17,,0.17301038062283738,0.2505408875824671,,,,,,,,,
1703,Ibrahim Mbaye,sn SEN,"FW,MF",PSG,fr Ligue 1,17.0,2008.0,24,10,1006.0,11.2,3.0,2.0,5,3,0,0,0,0,0.27,0.18,0.45,0.27,0.45,Matches,3,24,10,41.7,2.15,0.89,0.13,0.3,0,0,Matches,,,,,,,,,,,,,,,2.0,,,,,,Matches,,7,,,,,,,,,,,4,,,,Matches,,,,,,,,,,,,,,,,,,,,,Matches,ibrahim mbaye,3.4287336245179176,2.3628985602408648,3.4287336245179176,8.629046227782965,3.1470533721148968,FW,0.26785714285714285,0.3061369307605284,-0.03827978790338551,0.13,,0.17857142857142858,0.21097308573579152,,,,,,,,,
1705,Chancel Mbemba,cd COD,DF,Lille,fr Ligue 1,30.0,1994.0,13,9,954.0,10.6,0.0,0.0,0,0,0,0,3,0,0.0,0.0,0.0,0.0,0.0,Matches,0,7,3,42.9,0.66,0.28,0.0,0.0,0,0,Matches,,,,,,,,,,,,,,,0.0,,,,,,Matches,,8,,,,,,,,,,,13,,,,Matches,,,,,,,,,,,,,,,,,,,,,Matches,chancel mbemba,0.3366753682494163,0.5853789737448096,0.3366753682494163,4.433986961841583,4.335267826914787,DF,0.0,0.03176182719334116,-0.03176182719334116,0.0,,0.0,0.0552244314853594,,,,,,,,,
1706,Bryan Mbeumo,cm CMR,"MF,FW",Manchester Utd,eng Premier League,25.0,1999.0,33,31,2609.0,29.0,11.0,3.0,14,11,0,0,4,0,0.38,0.1,0.48,0.38,0.48,Matches,11,73,32,43.8,2.52,1.1,0.15,0.34,0,0,Matches,,,,,,,,,,,,,,,3.0,,,,,,Matches,,11,,,,,,,,,,,7,,,,Matches,,,,,,,,,,,,,,,,,,,,,Matches,bryan mbeumo,13.309208107180892,5.091009698808193,13.309208107180892,22.316140696406364,6.068183907307684,MF,0.3793103448275862,0.45893821059244455,-0.07962786576485834,0.15,,0.10344827586206896,0.17555205857959286,,,,,,,,,
1707,Michel Mboula,ga GAB,"DF,MF",Metz,fr Ligue 1,22.0,2003.0,14,10,746.0,8.3,0.0,0.0,0,0,0,0,2,0,0.0,0.0,0.0,0.0,0.0,Matches,0,2,1,50.0,0.24,0.12,0.0,0.0,0,0,Matches,,,,,,,,,,,,,,,0.0,,,,,,Matches,,10,,,,,,,,,,,15,,,,Matches,,,,,,,,,,,,,,,,,,,,,Matches,michel mboula,0.1100235544145107,0.0,0.1100235544145107,2.052970141172409,2.004369828850031,DF,0.0,0.01325584992945912,-0.01325584992945912,0.0,,0.0,0.0,,,,,,,,,
1708,Pathé Mboup,sn SEN,MF,Brest,fr Ligue 1,21.0,2003.0,28,9,1054.0,11.7,1.0,0.0,1,1,0,0,6,0,0.09,0.0,0.09,0.09,0.09,Matches,1,23,10,43.5,1.96,0.85,0.04,0.1,0,0,Matches,,,,,,,,,,,,,,,0.0,,,,,,Matches,,18,,,,,,,,,,,12,,,,Matches,,,,,,,,,,,,,,,,,,,,,Matches,pathe mboup,3.5491064712405205,1.455665335059166,3.5491064712405205,7.232004079967737,2.2468214193359017,MF,0.08547008547008547,0.30334243343936074,-0.21787234796927527,0.04,,0.0,0.12441584060334752,,,,,,,,,
1709,Moustapha Mbow,sn SEN,DF,Paris FC,fr Ligue 1,25.0,2000.0,31,30,2717.0,30.2,0.0,1.0,1,0,0,0,5,0,0.0,0.03,0.03,0.0,0.03,Matches,0,10,3,30.0,0.33,0.1,0.0,0.0,0,0,Matches,,,,,,,,,,,,,,,1.0,,,,,,Matches,,33,,,,,,,,,,,38,,,,Matches,,,,,,,,,,,,,,,,,,,,,Matches,moustapha mbow,0.5624838881194592,0.5212737750262022,0.5624838881194592,8.553314772434533,8.509468046016991,DF,0.0,0.01862529430859136,-0.01862529430859136,0.0,,0.033112582781456956,0.01726072102735769,,,,,,,,,
1711,John McGinn,sct SCO,MF,Aston Villa,eng Premier League,30.0,1994.0,30,28,2137.0,23.7,5.0,4.0,9,5,0,0,5,0,0.21,0.17,0.38,0.21,0.38,Matches,5,28,12,42.9,1.18,0.51,0.18,0.42,0,0,Matches,,,,,,,,,,,,,,,4.0,,,,,,Matches,,17,,,,,,,,,,,12,,,,Matches,,,,,,,,,,,,,,,,,,,,,Matches,john mcginn,2.999398436397314,4.862495846115053,2.999398436397314,10.930921144783497,5.892162735573947,MF,0.2109704641350211,0.1265568960505196,0.08441356808450153,0.18,,0.16877637130801687,0.20516860110190097,,,,,,,,,
1712,Weston McKennie,us USA,MF,Juventus,it Serie A,26.0,1998.0,36,32,2835.0,31.5,5.0,5.0,10,5,0,0,5,0,0.16,0.16,0.32,0.16,0.32,Matches,5,43,16,37.2,1.37,0.51,0.12,0.31,0,0,Matches,,,,,,,,,,,,,,,5.0,,,,,,Matches,,24,,,,,,,,,,,26,,,,Matches,,,,,,,,,,,,,,,,,,,,,Matches,weston mckennie,8.643968606367707,5.391984527930617,8.643968606367707,21.191430151462555,12.14923783019185,MF,0.15873015873015872,0.274411701789451,-0.11568154305929229,0.12,,0.15873015873015872,0.17117411199779736,,,,,,,,,
1713,Mark McKenzie,us USA,DF,Toulouse,fr Ligue 1,26.0,1999.0,29,27,2404.0,26.7,0.0,2.0,2,0,0,0,7,1,0.0,0.07,0.07,0.0,0.07,Matches,0,6,1,16.7,0.22,0.04,0.0,0.0,0,0,Matches,,,,,,,,,,,,,,,2.0,,,,,,Matches,,30,,,,,,,,,,,25,,,,Matches,,,,,,,,,,,,,,,,,,,,,Matches,mark mckenzie,0.2593727596104145,2.299533972516656,0.2593727596104145,7.279053285717964,5.792841300368309,DF,0.0,0.009714335565933128,-0.009714335565933128,0.0,,0.0749063670411985,0.08612486788451895,,,,,,,,,
1714,Dwight McNeil,eng ENG,MF,Everton,eng Premier League,25.0,1999.0,22,14,1168.0,13.0,0.0,1.0,1,0,0,0,1,0,0.0,0.08,0.08,0.0,0.08,Matches,0,24,5,20.8,1.85,0.39,0.0,0.0,0,0,Matches,,,,,,,,,,,,,,,1.0,,,,,,Matches,,16,,,,,,,,,,,10,,,,Matches,,,,,,,,,,,,,,,,,,,,,Matches,dwight mcneil,1.4632735215127468,1.7390878200531006,1.4632735215127468,4.620902612805367,2.5291305258870125,MF,0.0,0.11255950165482667,-0.11255950165482667,0.0,,0.07692307692307693,0.13377598615793082,,,,,,,,,
1715,Scott McTominay,sct SCO,MF,Napoli,it Serie A,28.0,1996.0,33,31,2791.0,31.0,10.0,3.0,13,10,0,1,1,0,0.32,0.1,0.42,0.32,0.42,Matches,10,101,34,33.7,3.26,1.1,0.1,0.29,0,1,Matches,,,,,,,,,,,,,,,3.0,,,,,,Matches,,13,,,,,,,,,,,23,,,,Matches,,,,,,,,,,,,,,,,,,,,,Matches,scott mctominay,12.429753053933382,2.005369659513235,11.66845427826047,15.440493501722813,8.038824290037155,MF,0.3225806451612903,0.37640175091162803,-0.07837913077204459,0.1,,0.0967741935483871,0.06468934385526565,,,,,,,,,
1716,Facundo Medina,ar ARG,DF,Marseille,fr Ligue 1,26.0,1999.0,17,16,1365.0,15.2,0.0,1.0,1,0,0,0,7,0,0.0,0.07,0.07,0.0,0.07,Matches,0,4,1,25.0,0.26,0.07,0.0,0.0,0,0,Matches,,,,,,,,,,,,,,,1.0,,,,,,Matches,,16,,,,,,,,,,,24,,,,Matches,,,,,,,,,,,,,,,,,,,,,Matches,facundo medina,0.4502068478614092,1.3081317506730556,0.4502068478614092,9.715698964893818,9.559939444065094,DF,0.0,0.029618871569829553,-0.029618871569829553,0.0,,0.06578947368421052,0.08606129938638525,,,,,,,,,
1718,Henrik Meister,dk DEN,FW,Pisa,it Serie A,21.0,2003.0,28,15,1515.0,16.8,2.0,0.0,2,2,0,0,2,0,0.12,0.0,0.12,0.12,0.12,Matches,2,20,8,40.0,1.19,0.48,0.1,0.25,0,0,Matches,,,,,,,,,,,,,,,0.0,,,,,,Matches,,3,,,,,,,,,,,1,,,,Matches,,,,,,,,,,,,,,,,,,,,,Matches,henrik meister,5.318537840619683,0.6497459821403027,5.318537840619683,7.32625531591475,1.3786405008286238,FW,0.11904761904761904,0.3165796333702192,-0.19753201432260017,0.1,,0.0,0.03867535607977992,,,,,,,,,
1719,Bamo Meïté,ci CIV,DF,Lorient,fr Ligue 1,23.0,2001.0,25,22,1979.0,22.0,0.0,3.0,3,0,0,0,5,0,0.0,0.14,0.14,0.0,0.14,Matches,0,8,1,12.5,0.36,0.05,0.0,0.0,0,0,Matches,,,,,,,,,,,,,,,3.0,,,,,,Matches,,15,,,,,,,,,,,13,,,,Matches,,,,,,,,,,,,,,,,,,,,,Matches,bamo meite,0.87373461201787,1.2407074691727755,0.87373461201787,3.8321797102689743,3.398215990513563,DF,0.0,0.039715209637175904,-0.039715209637175904,0.0,,0.13636363636363635,0.056395794053307975,,,,,,,,,
1720,Kader Meïté,fr FRA,FW,Rennes,fr Ligue 1,17.0,2007.0,17,6,535.0,5.9,3.0,2.0,5,3,0,0,0,0,0.5,0.34,0.84,0.5,0.84,Matches,3,22,7,31.8,3.7,1.18,0.14,0.43,0,0,Matches,,,,,,,,,,,,,,,2.0,,,,,,Matches,,2,,,,,,,,,,,1,,,,Matches,,,,,,,,,,,,,,,,,,,,,Matches,kader meite,4.262058779597282,1.3208915255963802,4.262058779597282,5.048720572143793,1.39393512904644,FW,0.5084745762711864,0.7223828439995393,-0.21390826772835295,0.14,,0.3389830508474576,0.2238799195926068,,,,,,,,,
1721,Hannibal Mejbri,tn TUN,MF,Burnley,eng Premier League,22.0,2003.0,27,15,1229.0,13.7,1.0,4.0,5,1,0,0,10,0,0.07,0.29,0.37,0.07,0.37,Matches,1,19,5,26.3,1.39,0.37,0.05,0.2,0,0,Matches,,,,,,,,,,,,,,,4.0,,,,,,Matches,,17,,,,,,,,,,,7,,,,Matches,,,,,,,,,,,,,,,,,,,,,Matches,hannibal mejbri,0.7498194272629917,2.838189367204905,0.7498194272629917,5.953092758543789,3.3755732849240303,MF,0.07299270072992702,0.054731345055692826,0.018261355674234186,0.05,,0.29197080291970806,0.20716710709524855,,,,,,,,,
1723,Nuno Mendes,pt POR,DF,PSG,fr Ligue 1,23.0,2002.0,20,13,1256.0,14.0,4.0,5.0,9,3,1,1,1,0,0.29,0.36,0.64,0.21,0.57,Matches,4,30,15,50.0,2.15,1.07,0.13,0.27,1,1,Matches,,,,,,,,,,,,,,,5.0,,,,,,Matches,,20,,,,,,,,,,,14,,,,Matches,,,,,,,,,,,,,,,,,,,,,Matches,nuno mendes,3.810142569243908,5.055273981764913,3.0500474497675896,11.64341450855136,9.271545879542828,DF,0.2857142857142857,0.2178605321262564,0.013561245054006577,0.13,,0.35714285714285715,0.3610909986974938,,,,,,,,,
1724,Brais Méndez,es ESP,"MF,FW",Real Sociedad,es La Liga,28.0,1997.0,29,21,1660.0,18.4,6.0,2.0,8,5,1,2,4,1,0.33,0.11,0.43,0.27,0.38,Matches,6,36,16,44.4,1.95,0.87,0.17,0.38,1,2,Matches,,,,,,,,,,,,,,,2.0,,,,,,Matches,,18,,,,,,,,,,,8,,,,Matches,,,,,,,,,,,,,,,,,,,,,Matches,brais mendez,6.033863070420921,3.3276691418141127,4.547307777218521,12.2444488145411,5.582106248475611,MF,0.32608695652173914,0.247136292240137,-0.001840384262006568,0.17,,0.10869565217391305,0.18085158379424526,,,,,,,,,
1725,Rodrigo Mendoza,es ESP,"MF,FW",Elche,es La Liga,20.0,2005.0,16,6,794.0,8.8,1.0,0.0,1,1,0,0,4,0,0.11,0.0,0.11,0.11,0.11,Matches,1,11,2,18.2,1.25,0.23,0.09,0.5,0,0,Matches,,,,,,,,,,,,,,,0.0,,,,,,Matches,,9,,,,,,,,,,,5,,,,Matches,,,,,,,,,,,,,,,,,,,,,Matches,rodrigo mendoza,1.1190941371023655,1.3093878580257297,1.1190941371023655,4.651535008102655,2.700410184450448,MF,0.11363636363636363,0.12716978830708697,-0.01353342467072335,0.09,,0.0,0.1487940747756511,,,,,,,,,
1727,Antoine Mendy,sn SEN,DF,Nice,fr Ligue 1,21.0,2004.0,25,24,2097.0,23.3,1.0,0.0,1,1,0,0,5,0,0.04,0.0,0.04,0.04,0.04,Matches,1,17,7,41.2,0.73,0.3,0.06,0.14,0,0,Matches,,,,,,,,,,,,,,,0.0,,,,,,Matches,,35,,,,,,,,,,,19,,,,Matches,,,,,,,,,,,,,,,,,,,,,Matches,antoine mendy,2.194048591889441,0.0372293330729007,2.194048591889441,6.499726684764028,5.918382707983255,DF,0.04291845493562232,0.09416517561757257,-0.051246720681950256,0.06,,0.0,0.0015978254537725623,,,,,,,,,
1728,Batista Mendy,fr FRA,MF,Sevilla,es La Liga,25.0,2000.0,27,19,1617.0,18.0,1.0,0.0,1,1,0,0,6,0,0.06,0.0,0.06,0.06,0.06,Matches,1,17,5,29.4,0.95,0.28,0.06,0.2,0,0,Matches,,,,,,,,,,,,,,,0.0,,,,,,Matches,,23,,,,,,,,,,,18,,,,Matches,,,,,,,,,,,,,,,,,,,,,Matches,batista mendy,0.8640541210770607,0.4901229040697217,0.8640541210770607,4.13434686139226,3.504842003807425,MF,0.05555555555555555,0.04800300672650337,0.007552548829052184,0.06,,0.0,0.02722905022609565,,,,,,,,,
1731,Nobel Mendy,sn SEN,DF,Rayo Vallecano,es La Liga,20.0,2004.0,24,22,1797.0,20.0,2.0,0.0,2,2,0,0,9,2,0.1,0.0,0.1,0.1,0.1,Matches,2,11,3,27.3,0.55,0.15,0.18,0.67,0,0,Matches,,,,,,,,,,,,,,,0.0,,,,,,Matches,,15,,,,,,,,,,,23,,,,Matches,,,,,,,,,,,,,,,,,,,,,Matches,nobel mendy,2.1846237517893314,0.3597838692367077,2.1846237517893314,3.957274748012424,3.546960476785898,DF,0.1,0.10923118758946657,-0.009231187589466571,0.18,,0.0,0.017989193461835383,,,,,,,,,
1733,Gideon Mensah,gh GHA,DF,Auxerre,fr Ligue 1,27.0,1998.0,30,26,2327.0,25.9,0.0,2.0,2,0,0,0,8,0,0.0,0.08,0.08,0.0,0.08,Matches,0,1,0,0.0,0.04,0.0,0.0,,0,0,Matches,,,,,,,,,,,,,,,2.0,,,,,,Matches,,37,,,,,,,,,,,23,,,,Matches,,,,,,,,,,,,,,,,,,,,,Matches,gideon mensah,0.0131184523925185,1.6474777832627296,0.0131184523925185,5.018066395074129,4.069401972927153,DF,0.0,0.0005065039533790926,-0.0005065039533790926,0.0,,0.07722007722007722,0.06360918082095482,,,,,,,,,
1734,Khalis Merah,fr FRA,"MF,FW",Lyon,fr Ligue 1,18.0,2007.0,22,15,1130.0,12.6,0.0,1.0,1,0,0,0,2,0,0.0,0.08,0.08,0.0,0.08,Matches,0,6,3,50.0,0.48,0.24,0.0,0.0,0,0,Matches,,,,,,,,,,,,,,,1.0,,,,,,Matches,,19,,,,,,,,,,,6,,,,Matches,,,,,,,,,,,,,,,,,,,,,Matches,khalis merah,1.3525805659592152,1.5075017232447865,1.3525805659592152,6.724210884422064,5.000600062310696,MF,0.0,0.10734766396501708,-0.10734766396501708,0.0,,0.07936507936507936,0.1196429939083164,,,,,,,,,
1735,Alex Meret,it ITA,GK,Napoli,it Serie A,28.0,1997.0,11,11,979.0,10.9,0.0,1.0,1,0,0,0,1,0,0.0,0.09,0.09,0.0,0.09,Matches,0,0,0,,0.0,0.0,,,0,0,Matches,,,,,,,,,,,,,,,1.0,,,,,,Matches,,0,,,,,,,,,,,1,,,,Matches,,,,,,,,,,,,,,,,,,,,,Matches,alex meret,0.0,0.2711901664733886,0.0,1.5828552544116974,1.5828552544116974,GK,,,,,,,,,,,,,,,,
1736,Mikel Merino,es ESP,"MF,FW",Arsenal,eng Premier League,29.0,1996.0,22,10,1036.0,11.5,4.0,3.0,7,4,0,0,1,0,0.35,0.26,0.61,0.35,0.61,Matches,4,22,8,36.4,1.91,0.69,0.18,0.5,0,0,Matches,,,,,,,,,,,,,,,3.0,,,,,,Matches,,13,,,,,,,,,,,9,,,,Matches,,,,,,,,,,,,,,,,,,,,,Matches,mikel merino,5.217843644320965,2.2901399955153465,5.217843644320965,8.36886066198349,3.812133368104696,MF,0.34782608695652173,0.45372553428877954,-0.10589944733225781,0.18,,0.2608695652173913,0.1991426083056823,,,,,,,,,
1737,Quentin Merlin,fr FRA,"DF,MF",Rennes,fr Ligue 1,23.0,2002.0,33,27,2533.0,28.1,1.0,5.0,6,1,0,0,2,0,0.04,0.18,0.21,0.04,0.21,Matches,1,26,7,26.9,0.92,0.25,0.04,0.14,0,0,Matches,,,,,,,,,,,,,,,5.0,,,,,,Matches,,38,,,,,,,,,,,29,,,,Matches,,,,,,,,,,,,,,,,,,,,,Matches,quentin merlin,1.84683189727366,4.493204697966576,1.84683189727366,12.003213994204998,8.729623379185796,DF,0.03558718861209964,0.06572355506311957,-0.030136366451019924,0.04,,0.1779359430604982,0.15990052305930874,,,,,,,,,
1738,Rafik Messali,fr FRA,MF,Toulouse,fr Ligue 1,22.0,2003.0,12,5,502.0,5.6,0.0,0.0,0,0,0,0,2,0,0.0,0.0,0.0,0.0,0.0,Matches,0,0,0,,0.0,0.0,,,0,0,Matches,,,,,,,,,,,,,,,0.0,,,,,,Matches,,6,,,,,,,,,,,12,,,,Matches,,,,,,,,,,,,,,,,,,,,,Matches,rafik messali,0.0,0.6397527754306793,0.0,1.0807295013219118,0.4409767556935549,MF,0.0,0.0,0.0,,,0.0,0.11424156704119275,,,,,,,,,
1739,Junior Messias,br BRA,MF,Genoa,it Serie A,34.0,1991.0,20,5,685.0,7.6,3.0,1.0,4,2,1,1,1,0,0.39,0.13,0.53,0.26,0.39,Matches,3,19,7,36.8,2.5,0.92,0.16,0.43,1,1,Matches,,,,,,,,,,,,,,,1.0,,,,,,Matches,,10,,,,,,,,,,,5,,,,Matches,,,,,,,,,,,,,,,,,,,,,Matches,junior messias,1.863460099324584,1.0571954362094402,1.102161256596446,3.028691776096821,1.5729247871786356,MF,0.39473684210526316,0.1450212179732166,0.14954472377308106,0.16,,0.13157894736842105,0.13910466265913687,,,,,,,,,
1741,Connor Metcalfe,au AUS,"MF,FW",St Pauli,de Bundesliga,25.0,1999.0,25,3,592.0,6.6,0.0,2.0,2,0,0,0,2,0,0.0,0.3,0.3,0.0,0.3,Matches,0,16,4,25.0,2.43,0.61,0.0,0.0,0,0,Matches,,,,,,,,,,,,,,,2.0,,,,,,Matches,,9,,,,,,,,,,,6,,,,Matches,,,,,,,,,,,,,,,,,,,,,Matches,connor metcalfe,0.7382826870307326,1.1607451755553484,0.7382826870307326,1.9794561108574271,0.7128131743520498,MF,0.0,0.11186101318647465,-0.11186101318647465,0.0,,0.30303030303030304,0.17587048114474976,,,,,,,,,
1742,Dayann Methalie,fr FRA,MF,Toulouse,fr Ligue 1,19.0,2006.0,27,22,1871.0,20.8,2.0,1.0,3,2,0,0,9,0,0.1,0.05,0.14,0.1,0.14,Matches,2,15,7,46.7,0.72,0.34,0.13,0.29,0,0,Matches,,,,,,,,,,,,,,,1.0,,,,,,Matches,,30,,,,,,,,,,,23,,,,Matches,,,,,,,,,,,,,,,,,,,,,Matches,dayann methalie,1.47647943533957,2.0381923392415047,1.47647943533957,6.005196031183004,3.231016034260392,MF,0.09615384615384615,0.07098458823747933,0.025169257916366823,0.13,,0.04807692307692307,0.09799001630968772,,,,,,,,,
1743,Karol Mets,ee EST,DF,St Pauli,de Bundesliga,32.0,1993.0,23,22,1932.0,21.5,1.0,0.0,1,1,0,0,3,0,0.05,0.0,0.05,0.05,0.05,Matches,1,7,1,14.3,0.33,0.05,0.14,1.0,0,0,Matches,,,,,,,,,,,,,,,0.0,,,,,,Matches,,22,,,,,,,,,,,22,,,,Matches,,,,,,,,,,,,,,,,,,,,,Matches,karol mets,0.7716115931980312,0.1689066644757986,0.7716115931980312,3.623257830739021,3.603599851019681,DF,0.046511627906976744,0.035888911311536334,0.01062271659544041,0.14,,0.0,0.007856123929106913,,,,,,,,,
1744,Thomas Meunier,be BEL,DF,Lille,fr Ligue 1,33.0,1991.0,25,21,1909.0,21.2,2.0,2.0,4,2,0,0,3,0,0.09,0.09,0.19,0.09,0.19,Matches,2,19,5,26.3,0.9,0.24,0.11,0.4,0,0,Matches,,,,,,,,,,,,,,,2.0,,,,,,Matches,,18,,,,,,,,,,,17,,,,Matches,,,,,,,,,,,,,,,,,,,,,Matches,thomas meunier,1.4096983447670937,2.757778810337186,1.4096983447670937,10.962973842397332,8.176924237981439,DF,0.09433962264150944,0.06649520494184405,0.027844417699665395,0.11,,0.09433962264150944,0.13008390614798046,,,,,,,,,
1748,Georges Mikautadze,ge GEO,FW,Villarreal,es La Liga,24.0,2000.0,32,23,2109.0,23.4,13.0,6.0,19,13,0,0,1,0,0.55,0.26,0.81,0.55,0.81,Matches,13,65,32,49.2,2.77,1.37,0.2,0.41,0,0,Matches,,,,,,,,,,,,,,,6.0,,,,,,Matches,,4,,,,,,,,,,,5,,,,Matches,,,,,,,,,,,,,,,,,,,,,Matches,georges mikautadze,15.062094315886496,4.149701787158847,15.062094315886496,19.971632717177272,2.1160078616812825,FW,0.5555555555555556,0.6436792442686537,-0.08812368871309811,0.2,,0.25641025641025644,0.17733768321191654,,,,,,,,,
1751,William Mikelbrencis,fr FRA,"MF,DF",Hamburger SV,de Bundesliga,21.0,2004.0,26,15,1372.0,15.2,0.0,4.0,4,0,0,0,3,0,0.0,0.26,0.26,0.0,0.26,Matches,0,12,6,50.0,0.79,0.39,0.0,0.0,0,0,Matches,,,,,,,,,,,,,,,4.0,,,,,,Matches,,22,,,,,,,,,,,6,,,,Matches,,,,,,,,,,,,,,,,,,,,,Matches,william mikelbrencis,1.4683683505281806,2.816693114116788,1.4683683505281806,4.9622572138905525,0.8413018770515919,MF,0.0,0.09660318095580137,-0.09660318095580137,0.0,,0.2631578947368421,0.1853087575076834,,,,,,,,,
1754,Nikola Milenković,rs SRB,DF,Nottingham,eng Premier League,27.0,1997.0,38,37,3375.0,37.5,0.0,0.0,0,0,0,0,6,0,0.0,0.0,0.0,0.0,0.0,Matches,0,16,1,6.3,0.43,0.03,0.0,0.0,0,0,Matches,,,,,,,,,,,,,,,0.0,,,,,,Matches,,19,,,,,,,,,,,29,,,,Matches,,,,,,,,,,,,,,,,,,,,,Matches,nikola milenkovic,0.5094143021851778,0.2675842642784118,0.5094143021851778,8.06967337243259,7.998386854305863,DF,0.0,0.013584381391604741,-0.013584381391604741,0.0,,0.0,0.007135580380757648,,,,,,,,,
1755,Lewis Miley,eng ENG,"MF,DF",Newcastle,eng Premier League,19.0,2006.0,23,15,1496.0,16.6,1.0,4.0,5,1,0,0,0,0,0.06,0.24,0.3,0.06,0.3,Matches,1,12,4,33.3,0.72,0.24,0.08,0.25,0,0,Matches,,,,,,,,,,,,,,,4.0,,,,,,Matches,,18,,,,,,,,,,,20,,,,Matches,,,,,,,,,,,,,,,,,,,,,Matches,lewis miley,1.3760087750852108,2.321293480694294,1.3760087750852108,7.045767506584525,5.918216675519943,MF,0.06024096385542168,0.08289209488465124,-0.022651131029229565,0.08,,0.24096385542168672,0.13983695666833096,,,,,,,,,
1757,Vanja Milinković-Savić,rs SRB,GK,Napoli,it Serie A,28.0,1997.0,27,27,2430.0,27.0,0.0,1.0,1,0,0,0,0,0,0.0,0.04,0.04,0.0,0.04,Matches,0,0,0,,0.0,0.0,,,0,0,Matches,,,,,,,,,,,,,,,1.0,,,,,,Matches,,0,,,,,,,,,,,0,,,,Matches,,,,,,,,,,,,,,,,,,,,,Matches,vanja milinkovic savic,0.0,0.3024167791008949,0.0,4.887410014867783,4.58499326556921,GK,,,,,,,,,,,,,,,,
1758,Éder Militão,br BRA,DF,Real Madrid,es La Liga,27.0,1998.0,16,14,1139.0,12.7,2.0,1.0,3,2,0,0,2,0,0.16,0.08,0.24,0.16,0.24,Matches,2,21,9,42.9,1.66,0.71,0.1,0.22,0,0,Matches,,,,,,,,,,,,,,,1.0,,,,,,Matches,,16,,,,,,,,,,,10,,,,Matches,,,,,,,,,,,,,,,,,,,,,Matches,eder militao,1.8924340261146424,1.1158691756427288,1.8924340261146424,6.2966620568186045,5.192408312112093,DF,0.15748031496062992,0.14901055323737342,0.008469761723256504,0.1,,0.07874015748031496,0.08786371461753771,,,,,,,,,
1759,Luis Milla,es ESP,MF,Getafe,es La Liga,30.0,1994.0,37,37,3271.0,36.3,1.0,10.0,11,1,0,0,5,1,0.03,0.28,0.3,0.03,0.3,Matches,1,27,4,14.8,0.74,0.11,0.04,0.25,0,0,Matches,,,,,,,,,,,,,,,10.0,,,,,,Matches,,33,,,,,,,,,,,42,,,,Matches,,,,,,,,,,,,,,,,,,,,,Matches,luis milla,1.4706194661557674,6.843989523127675,1.4706194661557674,7.731246910057962,4.78044979646802,MF,0.027548209366391185,0.04051293295194952,-0.012964723585558332,0.04,,0.27548209366391185,0.18853965628450897,,,,,,,,,
1760,Pere Milla,es ESP,"MF,FW",Espanyol,es La Liga,32.0,1992.0,33,24,1973.0,21.9,7.0,1.0,8,7,0,0,6,1,0.32,0.05,0.36,0.32,0.36,Matches,7,59,21,35.6,2.69,0.96,0.12,0.33,0,0,Matches,,,,,,,,,,,,,,,1.0,,,,,,Matches,,24,,,,,,,,,,,18,,,,Matches,,,,,,,,,,,,,,,,,,,,,Matches,pere milla,7.654542326927185,4.100008985027671,7.654542326927185,11.191884029656649,3.3394176652655005,MF,0.31963470319634707,0.34952248068160663,-0.029887777485259594,0.12,,0.04566210045662101,0.18721502214738225,,,,,,,,,
1761,Lennon Miller,sct SCO,MF,Udinese,it Serie A,18.0,2006.0,24,9,996.0,11.1,0.0,2.0,2,0,0,0,4,0,0.0,0.18,0.18,0.0,0.18,Matches,0,9,1,11.1,0.81,0.09,0.0,0.0,0,0,Matches,,,,,,,,,,,,,,,2.0,,,,,,Matches,,12,,,,,,,,,,,9,,,,Matches,,,,,,,,,,,,,,,,,,,,,Matches,lennon miller,0.3062051609158516,1.345477968454361,0.3062051609158516,2.4090506574139,1.2458066623657942,MF,0.0,0.027586050532959604,-0.027586050532959604,0.0,,0.1801801801801802,0.12121423139228478,,,,,,,,,
1762,James Milner,eng ENG,MF,Brighton,eng Premier League,39.0,1986.0,20,7,784.0,8.7,1.0,1.0,2,0,1,1,2,0,0.11,0.11,0.23,0.0,0.11,Matches,1,8,2,25.0,0.92,0.23,0.13,0.5,1,1,Matches,,,,,,,,,,,,,,,1.0,,,,,,Matches,,9,,,,,,,,,,,5,,,,Matches,,,,,,,,,,,,,,,,,,,,,Matches,james milner,0.9794258084148167,0.6549300253391266,0.2182569708675146,3.97909065335989,3.7933117747306815,MF,0.1149425287356322,0.025087008145691335,0.002364849607492328,0.13,,0.1149425287356322,0.07527931325737088,,,,,,,,,
1764,Jovan Milošević,rs SRB,FW,Werder Bremen,de Bundesliga,20.0,2005.0,13,5,488.0,5.4,3.0,1.0,4,3,0,0,2,0,0.55,0.18,0.74,0.55,0.74,Matches,3,12,4,33.3,2.21,0.74,0.25,0.75,0,0,Matches,,,,,,,,,,,,,,,1.0,,,,,,Matches,,2,,,,,,,,,,,0,,,,Matches,,,,,,,,,,,,,,,,,,,,,Matches,jovan milosevic,2.319580804556608,0.2436453625559806,2.319580804556608,2.8273107409477234,0.4218983128666878,FW,0.5555555555555555,0.4295520008438163,0.1260035547117392,0.25,,0.18518518518518517,0.04511951158444085,,,,,,,,,
1765,Kim Min-jae,kr KOR,DF,Bayern Munich,de Bundesliga,28.0,1996.0,25,19,1602.0,17.8,1.0,1.0,2,1,0,0,1,0,0.06,0.06,0.11,0.06,0.11,Matches,1,5,3,60.0,0.28,0.17,0.2,0.33,0,0,Matches,,,,,,,,,,,,,,,1.0,,,,,,Matches,,19,,,,,,,,,,,38,,,,Matches,,,,,,,,,,,,,,,,,,,,,Matches,kim min jae,0.7258729934692383,0.4743431285023689,0.7258729934692383,14.77258349210024,14.365923717617989,DF,0.056179775280898875,0.04077938165557518,0.015400393625323692,0.2,,0.056179775280898875,0.026648490365301623,,,,,,,,,
1766,Yerry Mina,co COL,DF,Cagliari,it Serie A,30.0,1994.0,26,26,2150.0,23.9,2.0,0.0,2,2,0,0,5,1,0.08,0.0,0.08,0.08,0.08,Matches,2,10,3,30.0,0.42,0.13,0.2,0.67,0,0,Matches,,,,,,,,,,,,,,,0.0,,,,,,Matches,,18,,,,,,,,,,,26,,,,Matches,,,,,,,,,,,,,,,,,,,,,Matches,yerry mina,1.761018111370504,0.4277909696102142,1.761018111370504,4.631761448457837,4.594839323312044,DF,0.08368200836820085,0.07368276616612987,0.009999242202070968,0.2,,0.0,0.017899203749381348,,,,,,,,,
1767,Takumi Minamino,jp JPN,MF,Monaco,fr Ligue 1,30.0,1995.0,15,11,944.0,10.5,3.0,2.0,5,3,0,0,4,0,0.29,0.19,0.48,0.29,0.48,Matches,3,21,7,33.3,2.0,0.67,0.14,0.43,0,0,Matches,,,,,,,,,,,,,,,2.0,,,,,,Matches,,3,,,,,,,,,,,3,,,,Matches,,,,,,,,,,,,,,,,,,,,,Matches,takumi minamino,3.37246372550726,2.100285714492202,3.37246372550726,6.809733860194683,1.606742171570659,MF,0.2857142857142857,0.3211870214768819,-0.03547273576259617,0.14,,0.19047619047619047,0.20002721090401923,,,,,,,,,
1768,Tyrone Mings,eng ENG,DF,Aston Villa,eng Premier League,32.0,1993.0,17,15,1324.0,14.7,0.0,0.0,0,0,0,0,1,0,0.0,0.0,0.0,0.0,0.0,Matches,0,9,1,11.1,0.61,0.07,0.0,0.0,0,0,Matches,,,,,,,,,,,,,,,0.0,,,,,,Matches,,2,,,,,,,,,,,11,,,,Matches,,,,,,,,,,,,,,,,,,,,,Matches,tyrone mings,1.492117453366518,0.7093149498105049,1.492117453366518,3.90316248126328,3.59125361405313,DF,0.0,0.10150458866438898,-0.10150458866438898,0.0,,0.0,0.04825271767418401,,,,,,,,,
1769,Óscar Mingueza,es ESP,MF,Celta Vigo,es La Liga,26.0,1999.0,34,21,1968.0,21.9,1.0,4.0,5,1,0,0,4,0,0.05,0.18,0.23,0.05,0.23,Matches,1,14,5,35.7,0.64,0.23,0.07,0.2,0,0,Matches,,,,,,,,,,,,,,,4.0,,,,,,Matches,,20,,,,,,,,,,,9,,,,Matches,,,,,,,,,,,,,,,,,,,,,Matches,oscar mingueza,0.4965645000338554,4.096559967845678,0.4965645000338554,13.00799715705216,10.55303399823606,MF,0.04566210045662101,0.02267417808373769,0.022987922372883315,0.07,,0.18264840182648404,0.1870575327783415,,,,,,,,,
1770,Yankuba Minteh,gm GAM,MF,Brighton,eng Premier League,21.0,2004.0,34,26,2391.0,26.6,3.0,4.0,7,3,0,0,3,0,0.11,0.15,0.26,0.11,0.26,Matches,3,41,11,26.8,1.54,0.41,0.07,0.27,0,0,Matches,,,,,,,,,,,,,,,4.0,,,,,,Matches,,37,,,,,,,,,,,15,,,,Matches,,,,,,,,,,,,,,,,,,,,,Matches,yankuba minteh,4.752463513985276,5.841520894318819,4.752463513985276,16.411175997927785,8.573732296004891,MF,0.11278195488721804,0.17866404187914572,-0.06588208699192767,0.07,,0.15037593984962405,0.2196060486586022,,,,,,,,,
1772,Rafa Mir,es ESP,"FW,MF",Elche,es La Liga,28.0,1997.0,27,21,1803.0,20.0,8.0,0.0,8,7,1,2,4,0,0.4,0.0,0.4,0.35,0.35,Matches,8,69,36,52.2,3.44,1.8,0.12,0.22,1,2,Matches,,,,,,,,,,,,,,,0.0,,,,,,Matches,,7,,,,,,,,,,,4,,,,Matches,,,,,,,,,,,,,,,,,,,,,Matches,rafa mir,8.264916526153684,1.7095182929188013,6.778489189222455,11.559987911954522,4.549745937809348,FW,0.4,0.33892445946112276,-0.013245826307684182,0.12,,0.0,0.08547591464594007,,,,,,,,,
1773,Juan Miranda,es ESP,DF,Bologna,it Serie A,25.0,2000.0,32,29,2573.0,28.6,1.0,3.0,4,1,0,0,6,0,0.03,0.1,0.14,0.03,0.14,Matches,1,13,5,38.5,0.45,0.17,0.08,0.2,0,0,Matches,,,,,,,,,,,,,,,3.0,,,,,,Matches,,31,,,,,,,,,,,33,,,,Matches,,,,,,,,,,,,,,,,,,,,,Matches,juan miranda,0.5171072538942099,4.504574298858643,0.5171072538942099,11.67654135497287,9.17404536018148,DF,0.03496503496503496,0.01808067321308426,0.016884361751950704,0.08,,0.1048951048951049,0.15750259786219029,,,,,,,,,
1774,Fabio Miretti,it ITA,MF,Juventus,it Serie A,21.0,2003.0,23,5,617.0,6.9,1.0,2.0,3,1,0,0,1,0,0.15,0.29,0.44,0.15,0.44,Matches,1,18,5,27.8,2.63,0.73,0.06,0.2,0,0,Matches,,,,,,,,,,,,,,,2.0,,,,,,Matches,,9,,,,,,,,,,,4,,,,Matches,,,,,,,,,,,,,,,,,,,,,Matches,fabio miretti,1.6279976330697536,1.2492126505821943,1.6279976330697536,5.114803681150079,2.6715952157974243,MF,0.14492753623188406,0.23594168595213819,-0.09101414972025415,0.06,,0.2898550724637681,0.18104531167857887,,,,,,,,,
1775,Tyrick Mitchell,eng ENG,MF,Crystal Palace,eng Premier League,25.0,1999.0,38,36,3251.0,36.1,1.0,2.0,3,1,0,0,6,0,0.03,0.06,0.08,0.03,0.08,Matches,1,19,7,36.8,0.53,0.19,0.05,0.14,0,0,Matches,,,,,,,,,,,,,,,2.0,,,,,,Matches,,65,,,,,,,,,,,33,,,,Matches,,,,,,,,,,,,,,,,,,,,,Matches,tyrick mitchell,1.984723504632712,3.036134548485279,1.984723504632712,13.15546108223498,9.87049151957035,MF,0.027700831024930747,0.054978490433039116,-0.027277659408108366,0.05,,0.055401662049861494,0.08410345009654513,,,,,,,,,
1776,Kaoru Mitoma,jp JPN,"MF,FW",Brighton,eng Premier League,28.0,1997.0,25,19,1721.0,19.1,3.0,1.0,4,3,0,0,5,0,0.16,0.05,0.21,0.16,0.21,Matches,3,32,13,40.6,1.67,0.68,0.09,0.23,0,0,Matches,,,,,,,,,,,,,,,1.0,,,,,,Matches,,12,,,,,,,,,,,8,,,,Matches,,,,,,,,,,,,,,,,,,,,,Matches,kaoru mitoma,4.789182621985674,3.54316034540534,4.789182621985674,11.286602273583412,4.618424783460796,MF,0.15706806282722513,0.2507425456537002,-0.09367448282647507,0.09,,0.05235602094240837,0.18550577724635287,,,,,,,,,
1777,Maximilian Mittelstädt,de GER,"DF,MF",Stuttgart,de Bundesliga,28.0,1997.0,32,24,2186.0,24.3,6.0,4.0,10,2,4,4,4,0,0.25,0.16,0.41,0.08,0.25,Matches,6,31,16,51.6,1.28,0.66,0.19,0.38,4,4,Matches,,,,,,,,,,,,,,,4.0,,,,,,Matches,,42,,,,,,,,,,,35,,,,Matches,,,,,,,,,,,,,,,,,,,,,Matches,maximilian mittelstadt,4.954262416809797,5.520105980336666,1.9231557194143527,16.285320289433002,12.091185672208669,DF,0.24691358024691357,0.07914221067548777,0.04303446844404126,0.19,,0.1646090534979424,0.22716485515788748,,,,,,,,,
1778,Henrikh Mkhitaryan,am ARM,MF,Inter,it Serie A,36.0,1989.0,30,16,1560.0,17.3,4.0,1.0,5,4,0,0,5,0,0.23,0.06,0.29,0.23,0.29,Matches,4,43,14,32.6,2.48,0.81,0.09,0.29,0,0,Matches,,,,,,,,,,,,,,,1.0,,,,,,Matches,,27,,,,,,,,,,,15,,,,Matches,,,,,,,,,,,,,,,,,,,,,Matches,henrikh mkhitaryan,6.040000427514315,3.310718573629856,6.040000427514315,18.362661907449365,12.080620812252164,MF,0.23121387283236994,0.3491329726886887,-0.11791909985631877,0.09,,0.057803468208092484,0.19137101581675467,,,,,,,,,
1782,Luka Modrić,hr CRO,MF,Milan,it Serie A,39.0,1985.0,34,32,2811.0,31.2,2.0,3.0,5,2,0,0,4,0,0.06,0.1,0.16,0.06,0.16,Matches,2,20,8,40.0,0.64,0.26,0.1,0.25,0,0,Matches,,,,,,,,,,,,,,,3.0,,,,,,Matches,,27,,,,,,,,,,,35,,,,Matches,,,,,,,,,,,,,,,,,,,,,Matches,luka modric,1.2469155695289371,4.025909835472703,1.2469155695289371,15.23719035461545,13.89836597442627,MF,0.06410256410256411,0.03996524261310696,0.024137321489457145,0.1,,0.09615384615384616,0.12903557164976612,,,,,,,,,
1784,Terem Moffi,ng NGA,FW,Nice,fr Ligue 1,26.0,1999.0,10,6,488.0,5.4,2.0,0.0,2,2,0,0,0,0,0.37,0.0,0.37,0.37,0.37,Matches,2,16,8,50.0,2.95,1.48,0.13,0.25,0,0,Matches,,,,,,,,,,,,,,,0.0,,,,,,Matches,,1,,,,,,,,,,,0,,,,Matches,,,,,,,,,,,,,,,,,,,,,Matches,terem moffi,2.451147548854351,0.6640479266643524,2.451147548854351,3.355274826288224,0.5393990576267242,FW,0.37037037037037035,0.45391621275080574,-0.08354584238043537,0.13,,0.0,0.12297183827117636,,,,,,,,,
1785,Mostafa Mohamed,eg EGY,FW,Nantes,fr Ligue 1,27.0,1997.0,24,13,1152.0,12.8,4.0,0.0,4,4,0,0,1,0,0.31,0.0,0.31,0.31,0.31,Matches,4,35,8,22.9,2.73,0.62,0.11,0.5,0,0,Matches,,,,,,,,,,,,,,,0.0,,,,,,Matches,,7,,,,,,,,,,,7,,,,Matches,,,,,,,,,,,,,,,,,,,,,Matches,mostafa mohamed,3.018826650455594,1.1388814579695463,3.018826650455594,2.9717396833002567,0.2210416812449693,FW,0.3125,0.2358458320668433,0.07665416793315671,0.11,,0.0,0.0889751139038708,,,,,,,,,
1786,Wael Mohya,de GER,"MF,FW",Gladbach,de Bundesliga,16.0,2008.0,15,6,552.0,6.1,2.0,1.0,3,2,0,0,1,0,0.33,0.16,0.49,0.33,0.49,Matches,2,11,5,45.5,1.79,0.82,0.18,0.4,0,0,Matches,,,,,,,,,,,,,,,1.0,,,,,,Matches,,7,,,,,,,,,,,2,,,,Matches,,,,,,,,,,,,,,,,,,,,,Matches,wael mohya,1.0975704565644264,0.1975120026618242,1.0975704565644264,1.5268700160086155,0.8649591617286205,MF,0.3278688524590164,0.1799295830433486,0.14793926941566782,0.18,,0.1639344262295082,0.03237901682980725,,,,,,,,,
1787,Johan Mojica,co COL,DF,Mallorca,es La Liga,32.0,1992.0,35,30,2724.0,30.3,0.0,4.0,4,0,0,0,6,1,0.0,0.13,0.13,0.0,0.13,Matches,0,17,2,11.8,0.56,0.07,0.0,0.0,0,0,Matches,,,,,,,,,,,,,,,4.0,,,,,,Matches,,30,,,,,,,,,,,24,,,,Matches,,,,,,,,,,,,,,,,,,,,,Matches,johan mojica,0.8061857065185905,3.927842003293336,0.8061857065185905,9.051305999979377,5.788199552334845,DF,0.0,0.026606788994012885,-0.026606788994012885,0.0,,0.132013201320132,0.12963174928360843,,,,,,,,,
1790,Alberto Moleiro,es ESP,MF,Villarreal,es La Liga,21.0,2003.0,37,30,2478.0,27.5,10.0,5.0,15,10,0,0,4,0,0.36,0.18,0.54,0.36,0.54,Matches,10,46,20,43.5,1.67,0.73,0.22,0.5,0,0,Matches,,,,,,,,,,,,,,,5.0,,,,,,Matches,,21,,,,,,,,,,,14,,,,Matches,,,,,,,,,,,,,,,,,,,,,Matches,alberto moleiro,5.6144147682935,5.77781119197607,5.6144147682935,15.232634784653785,5.500843932852149,MF,0.36363636363636365,0.20416053702885453,0.15947582660750909,0.22,,0.18181818181818182,0.2101022251627662,,,,,,,,,
1791,Nahuel Molina,ar ARG,"DF,MF",Atlético Madrid,es La Liga,27.0,1998.0,26,13,1331.0,14.8,2.0,2.0,4,2,0,0,4,0,0.14,0.14,0.27,0.14,0.27,Matches,2,14,4,28.6,0.95,0.27,0.14,0.5,0,0,Matches,,,,,,,,,,,,,,,2.0,,,,,,Matches,,24,,,,,,,,,,,14,,,,Matches,,,,,,,,,,,,,,,,,,,,,Matches,nahuel molina,0.4005685858428478,3.0108713675290346,0.4005685858428478,8.971317809075117,6.135595750063658,DF,0.13513513513513511,0.02706544498938161,0.10806969014575352,0.14,,0.13513513513513511,0.2034372545627726,,,,,,,,,
1792,Jon Moncayola,es ESP,MF,Osasuna,es La Liga,27.0,1998.0,36,35,3016.0,33.5,0.0,4.0,4,0,0,0,9,0,0.0,0.12,0.12,0.0,0.12,Matches,0,23,5,21.7,0.69,0.15,0.0,0.0,0,0,Matches,,,,,,,,,,,,,,,4.0,,,,,,Matches,,26,,,,,,,,,,,27,,,,Matches,,,,,,,,,,,,,,,,,,,,,Matches,jon moncayola,2.3341868557035923,4.85785942338407,2.3341868557035923,10.213275477290154,5.148858282715082,MF,0.0,0.06967721957324156,-0.06967721957324156,0.0,,0.11940298507462686,0.1450107290562409,,,,,,,,,
1795,Lorenzo Montipò,it ITA,GK,Hellas Verona,it Serie A,29.0,1996.0,35,35,3150.0,35.0,0.0,1.0,1,0,0,0,0,0,0.0,0.03,0.03,0.0,0.03,Matches,0,0,0,,0.0,0.0,,,0,0,Matches,,,,,,,,,,,,,,,1.0,,,,,,Matches,,0,,,,,,,,,,,0,,,,Matches,,,,,,,,,,,,,,,,,,,,,Matches,lorenzo montipo,0.0,0.218423243612051,0.0,2.1883213939145207,1.9698981354013083,GK,,,,,,,,,,,,,,,,
1796,Álvaro Morata,es ESP,FW,Como,it Serie A,32.0,1992.0,26,9,930.0,10.3,0.0,1.0,1,0,0,1,4,1,0.0,0.1,0.1,0.0,0.1,Matches,0,23,8,34.8,2.23,0.77,0.0,0.0,0,1,Matches,,,,,,,,,,,,,,,1.0,,,,,,Matches,,11,,,,,,,,,,,1,,,,Matches,,,,,,,,,,,,,,,,,,,,,Matches,alvaro morata,4.910666534677148,0.7771521378308535,4.149367729201913,3.673953918740153,0.6550146443769336,FW,0.0,0.4028512358448459,-0.476763741230791,0.0,,0.0970873786407767,0.07545166386707315,,,,,,,,,
1797,Morato,br BRA,DF,Nottingham,eng Premier League,24.0,2001.0,21,14,1345.0,14.9,1.0,0.0,1,1,0,0,5,0,0.07,0.0,0.07,0.07,0.07,Matches,1,5,2,40.0,0.33,0.13,0.2,0.5,0,0,Matches,,,,,,,,,,,,,,,0.0,,,,,,Matches,,18,,,,,,,,,,,11,,,,Matches,,,,,,,,,,,,,,,,,,,,,Matches,morato,1.8853958677500489,0.0936890179291367,1.8853958677500489,4.478383164852858,3.847307574003935,DF,0.06711409395973154,0.12653663541946636,-0.05942254145973482,0.2,,0.0,0.0062878535522910535,,,,,,,,,
1800,Afonso Moreira,pt POR,"MF,FW",Lyon,fr Ligue 1,20.0,2005.0,27,18,1722.0,19.1,4.0,7.0,11,4,0,0,3,0,0.21,0.37,0.57,0.21,0.57,Matches,4,40,14,35.0,2.09,0.73,0.1,0.29,0,0,Matches,,,,,,,,,,,,,,,7.0,,,,,,Matches,,22,,,,,,,,,,,12,,,,Matches,,,,,,,,,,,,,,,,,,,,,Matches,afonso moreira,3.1612205244600773,5.9273083889856935,3.1612205244600773,13.23570010252297,5.611478790640831,MF,0.20942408376963348,0.16550892798220299,0.04391515578743051,0.1,,0.36649214659685864,0.3103302821458478,,,,,,,,,
1801,Diego Moreira,be BEL,MF,Strasbourg,fr Ligue 1,20.0,2004.0,27,23,2034.0,22.6,4.0,6.0,10,4,0,0,4,0,0.18,0.27,0.44,0.18,0.44,Matches,4,29,11,37.9,1.28,0.49,0.14,0.36,0,0,Matches,,,,,,,,,,,,,,,6.0,,,,,,Matches,,25,,,,,,,,,,,20,,,,Matches,,,,,,,,,,,,,,,,,,,,,Matches,diego moreira,2.222741227596998,6.940216278657317,2.222741227596998,14.191159365698695,8.783062366768718,MF,0.17699115044247787,0.09835138175207957,0.0786397686903983,0.14,,0.2654867256637168,0.30708921586979276,,,,,,,,,
1802,Alberto Moreno,es ESP,DF,Como,it Serie A,33.0,1992.0,19,13,1233.0,13.7,2.0,1.0,3,2,0,0,4,0,0.15,0.07,0.22,0.15,0.22,Matches,2,11,4,36.4,0.8,0.29,0.18,0.5,0,0,Matches,,,,,,,,,,,,,,,1.0,,,,,,Matches,,12,,,,,,,,,,,7,,,,Matches,,,,,,,,,,,,,,,,,,,,,Matches,alberto moreno,1.5935251340270042,1.9240656215697527,1.5935251340270042,6.835680209100246,4.881311055272818,DF,0.14598540145985403,0.11631570321364995,0.029669698246204072,0.18,,0.07299270072992702,0.14044274609998195,,,,,,,,,
1803,Álex Moreno,es ESP,DF,Girona,es La Liga,32.0,1993.0,31,28,2559.0,28.4,0.0,3.0,3,0,0,0,5,0,0.0,0.11,0.11,0.0,0.11,Matches,0,17,5,29.4,0.6,0.18,0.0,0.0,0,0,Matches,,,,,,,,,,,,,,,3.0,,,,,,Matches,,28,,,,,,,,,,,29,,,,Matches,,,,,,,,,,,,,,,,,,,,,Matches,alex moreno,1.5723254941403866,2.917876537889242,1.5723254941403866,10.622359491884708,6.971142928581685,DF,0.0,0.05536357373733756,-0.05536357373733756,0.0,,0.10563380281690142,0.1027421316158184,,,,,,,,,
1805,Gerard Moreno,es ESP,FW,Villarreal,es La Liga,33.0,1992.0,22,16,1343.0,14.9,10.0,0.0,10,7,3,3,0,0,0.67,0.0,0.67,0.47,0.47,Matches,10,39,16,41.0,2.61,1.07,0.26,0.63,3,3,Matches,,,,,,,,,,,,,,,0.0,,,,,,Matches,,8,,,,,,,,,,,3,,,,Matches,,,,,,,,,,,,,,,,,,,,,Matches,gerard moreno,7.015236139297485,3.00478845089674,4.78540326654911,9.858238596469164,4.95141988992691,FW,0.6711409395973155,0.3211680044663832,0.20031972219479963,0.26,,0.0,0.20166365442259998,,,,,,,,,
1806,Matias Moreno,ar ARG,DF,Levante,es La Liga,21.0,2003.0,28,27,2252.0,25.0,0.0,0.0,0,0,0,0,8,0,0.0,0.0,0.0,0.0,0.0,Matches,0,10,0,0.0,0.4,0.0,0.0,,0,0,Matches,,,,,,,,,,,,,,,0.0,,,,,,Matches,,25,,,,,,,,,,,38,,,,Matches,,,,,,,,,,,,,,,,,,,,,Matches,matias moreno,1.2664381377398968,0.6804856397211552,1.2664381377398968,8.4254733286798,7.82221532985568,DF,0.0,0.050657525509595874,-0.050657525509595874,0.0,,0.0,0.027219425588846206,,,,,,,,,
1807,Tete Morente,es ESP,MF,Elche,es La Liga,28.0,1996.0,13,11,929.0,10.3,1.0,1.0,2,1,0,0,1,0,0.1,0.1,0.19,0.1,0.19,Matches,1,8,1,12.5,0.78,0.1,0.13,1.0,0,0,Matches,,,,,,,,,,,,,,,1.0,,,,,,Matches,,11,,,,,,,,,,,11,,,,Matches,,,,,,,,,,,,,,,,,,,,,Matches,tete morente,0.7541587688028812,1.312638394534588,0.7541587688028812,2.677897453308105,1.4394641816616058,MF,0.0970873786407767,0.0732192979420273,0.02386808069874939,0.13,,0.0970873786407767,0.12744062082860078,,,,,,,,,
1808,Tete Morente,es ESP,"FW,MF",Lecce,it Serie A,28.0,1996.0,16,9,859.0,9.5,0.0,0.0,0,0,0,0,2,0,0.0,0.0,0.0,0.0,0.0,Matches,0,14,2,14.3,1.47,0.21,0.0,0.0,0,0,Matches,,,,,,,,,,,,,,,0.0,,,,,,Matches,,9,,,,,,,,,,,3,,,,Matches,,,,,,,,,,,,,,,,,,,,,Matches,tete morente,0.7541587688028812,1.312638394534588,0.7541587688028812,2.677897453308105,1.4394641816616058,FW,0.0,0.07938513355819803,-0.07938513355819803,0.0,,0.0,0.13817246258258822,,,,,,,,,
1809,Stefano Moreo,it ITA,"FW,MF",Pisa,it Serie A,32.0,1993.0,37,29,2307.0,25.6,7.0,1.0,8,5,2,2,2,0,0.27,0.04,0.31,0.2,0.23,Matches,7,52,20,38.5,2.03,0.78,0.13,0.35,2,2,Matches,,,,,,,,,,,,,,,1.0,,,,,,Matches,,11,,,,,,,,,,,21,,,,Matches,,,,,,,,,,,,,,,,,,,,,Matches,stefano moreo,6.222204111516476,3.5465334709733725,4.699606470763683,9.92034813389182,3.6867972668260336,FW,0.2734375,0.18357837776420638,0.03038265189388767,0.13,,0.0390625,0.13853646370989736,,,,,,,,,
1810,Mateu Morey,es ESP,"DF,MF",Mallorca,es La Liga,25.0,2000.0,18,9,704.0,7.8,1.0,0.0,1,1,0,0,2,0,0.13,0.0,0.13,0.13,0.13,Matches,1,4,2,50.0,0.51,0.26,0.25,0.5,0,0,Matches,,,,,,,,,,,,,,,0.0,,,,,,Matches,,8,,,,,,,,,,,6,,,,Matches,,,,,,,,,,,,,,,,,,,,,Matches,mateu morey,0.1837131008505821,0.516222694888711,0.1837131008505821,2.113346297293901,1.4928959049284458,DF,0.12820512820512822,0.023552961647510525,0.10465216655761768,0.25,,0.0,0.06618239678060397,,,,,,,,,
1811,Ilaix Moriba,gn GUI,MF,Celta Vigo,es La Liga,22.0,2003.0,36,26,2495.0,27.7,2.0,3.0,5,2,0,0,8,0,0.07,0.11,0.18,0.07,0.18,Matches,2,18,5,27.8,0.65,0.18,0.11,0.4,0,0,Matches,,,,,,,,,,,,,,,3.0,,,,,,Matches,,42,,,,,,,,,,,24,,,,Matches,,,,,,,,,,,,,,,,,,,,,Matches,ilaix moriba,1.7799642700701952,2.5140312388539314,1.7799642700701952,11.089109930209816,7.12512020021677,MF,0.07220216606498195,0.06425863790867131,0.007943528156310643,0.11,,0.10830324909747292,0.09075925050014193,,,,,,,,,
1812,Manu Morlanes,es ESP,MF,Mallorca,es La Liga,26.0,1999.0,32,22,1765.0,19.6,3.0,0.0,3,3,0,0,5,1,0.15,0.0,0.15,0.15,0.15,Matches,3,13,4,30.8,0.66,0.2,0.23,0.75,0,0,Matches,,,,,,,,,,,,,,,0.0,,,,,,Matches,,30,,,,,,,,,,,19,,,,Matches,,,,,,,,,,,,,,,,,,,,,Matches,manu morlanes,1.6544483443722129,1.4072198066860435,1.6544483443722129,8.313975814729929,5.546532068401575,MF,0.1530612244897959,0.08441062981490881,0.06865059467488709,0.23,,0.0,0.07179692891255324,,,,,,,,,
1814,Nikola Moro,hr CRO,MF,Bologna,it Serie A,27.0,1998.0,30,19,1799.0,20.0,2.0,0.0,2,2,0,0,1,0,0.1,0.0,0.1,0.1,0.1,Matches,2,21,2,9.5,1.05,0.1,0.1,1.0,0,0,Matches,,,,,,,,,,,,,,,0.0,,,,,,Matches,,8,,,,,,,,,,,19,,,,Matches,,,,,,,,,,,,,,,,,,,,,Matches,nikola moro,0.9313860163092612,2.0523393927142024,0.9313860163092612,6.237979667261243,5.088687775656581,MF,0.1,0.04656930081546306,0.05343069918453693,0.1,,0.0,0.10261696963571013,,,,,,,,,
1815,Raúl Moro,es ESP,MF,Osasuna,es La Liga,22.0,2002.0,14,7,625.0,6.9,0.0,2.0,2,0,0,0,0,0,0.0,0.29,0.29,0.0,0.29,Matches,0,6,0,0.0,0.86,0.0,0.0,,0,0,Matches,,,,,,,,,,,,,,,2.0,,,,,,Matches,,0,,,,,,,,,,,1,,,,Matches,,,,,,,,,,,,,,,,,,,,,Matches,raul moro,0.2312967237085104,1.70481850579381,0.2312967237085104,3.413567554205656,1.6930943839251995,MF,0.0,0.033521264305581215,-0.033521264305581215,0.0,,0.2898550724637681,0.2470751457672188,,,,,,,,,
1816,Tyler Morton,eng ENG,MF,Lyon,fr Ligue 1,22.0,2002.0,29,29,2517.0,28.0,2.0,2.0,4,2,0,0,6,1,0.07,0.07,0.14,0.07,0.14,Matches,2,28,8,28.6,1.0,0.29,0.07,0.25,0,0,Matches,,,,,,,,,,,,,,,2.0,,,,,,Matches,,29,,,,,,,,,,,24,,,,Matches,,,,,,,,,,,,,,,,,,,,,Matches,tyler morton,2.0557506382465363,2.42852935846895,2.0557506382465363,12.164382623508573,10.008787211030722,MF,0.07142857142857142,0.07341966565166201,-0.0019910942230905804,0.07,,0.07142857142857142,0.08673319137389106,,,,,,,,,
1819,Cristhian Mosquera,es ESP,DF,Arsenal,eng Premier League,21.0,2004.0,20,9,994.0,11.0,0.0,0.0,0,0,0,0,4,0,0.0,0.0,0.0,0.0,0.0,Matches,0,1,0,0.0,0.09,0.0,0.0,,0,0,Matches,,,,,,,,,,,,,,,0.0,,,,,,Matches,,21,,,,,,,,,,,8,,,,Matches,,,,,,,,,,,,,,,,,,,,,Matches,cristhian mosquera,0.0858541056513786,0.2934531178325414,0.0858541056513786,5.388046391308308,5.184731021523476,DF,0.0,0.007804918695579873,-0.007804918695579873,0.0,,0.0,0.026677556166594674,,,,,,,,,
1820,Daniel Mosquera,co COL,FW,Hellas Verona,it Serie A,25.0,1999.0,22,5,597.0,6.6,0.0,2.0,2,0,0,0,1,0,0.0,0.3,0.3,0.0,0.3,Matches,0,16,5,31.3,2.41,0.75,0.0,0.0,0,0,Matches,,,,,,,,,,,,,,,2.0,,,,,,Matches,,2,,,,,,,,,,,2,,,,Matches,,,,,,,,,,,,,,,,,,,,,Matches,daniel mosquera,1.0957419574260712,0.9883034899830818,1.0957419574260712,1.611335415393114,0.4711602106690407,FW,0.0,0.1660215087009199,-0.1660215087009199,0.0,,0.30303030303030304,0.14974295302773968,,,,,,,,,
1821,Yerson Mosquera,co COL,DF,Wolves,eng Premier League,24.0,2001.0,27,24,2136.0,23.7,0.0,0.0,0,0,0,0,12,0,0.0,0.0,0.0,0.0,0.0,Matches,0,30,6,20.0,1.26,0.25,0.0,0.0,0,0,Matches,,,,,,,,,,,,,,,0.0,,,,,,Matches,,36,,,,,,,,,,,25,,,,Matches,,,,,,,,,,,,,,,,,,,,,Matches,yerson mosquera,2.9658489003777504,1.202757162041962,2.9658489003777504,5.853062177076936,3.759005693718791,DF,0.0,0.12514130381340718,-0.12514130381340718,0.0,,0.0,0.0507492473435427,,,,,,,,,
1822,Edoardo Motta,it ITA,GK,Lazio,it Serie A,20.0,2005.0,9,9,810.0,9.0,0.0,0.0,0,0,0,0,1,0,0.0,0.0,0.0,0.0,0.0,Matches,0,0,0,,0.0,0.0,,,0,0,Matches,,,,,,,,,,,,,,,0.0,,,,,,Matches,,0,,,,,,,,,,,0,,,,Matches,,,,,,,,,,,,,,,,,,,,,Matches,edoardo motta,0.0,0.0460502356290817,0.0,1.6419141478836536,1.6419141478836536,GK,,,,,,,,,,,,,,,,
1824,Mason Mount,eng ENG,MF,Manchester Utd,eng Premier League,26.0,1999.0,23,12,1017.0,11.3,3.0,0.0,3,3,0,0,2,0,0.27,0.0,0.27,0.27,0.27,Matches,3,19,5,26.3,1.68,0.44,0.16,0.6,0,0,Matches,,,,,,,,,,,,,,,0.0,,,,,,Matches,,13,,,,,,,,,,,9,,,,Matches,,,,,,,,,,,,,,,,,,,,,Matches,mason mount,1.7446828484535215,1.3764615170657637,1.7446828484535215,6.608267386443913,4.634791788645089,MF,0.2654867256637168,0.15439671225252402,0.11109001341119278,0.16,,0.0,0.12181075372263395,,,,,,,,,
1825,Samir El Mourabet,ma MAR,MF,Strasbourg,fr Ligue 1,19.0,2005.0,33,25,2128.0,23.6,1.0,2.0,3,1,0,0,4,0,0.04,0.08,0.13,0.04,0.13,Matches,1,12,1,8.3,0.51,0.04,0.08,1.0,0,0,Matches,,,,,,,,,,,,,,,2.0,,,,,,Matches,,37,,,,,,,,,,,27,,,,Matches,,,,,,,,,,,,,,,,,,,,,Matches,samir el mourabet,0.3717561801895499,2.710016814060509,0.3717561801895499,9.81571489572525,7.251820180565119,MF,0.0423728813559322,0.01575238051650635,0.02662050083942585,0.08,,0.0847457627118644,0.11483122093476733,,,,,,,,,
1826,Santiago Mouriño,uy URU,DF,Villarreal,es La Liga,23.0,2002.0,28,27,2377.0,26.4,1.0,2.0,3,1,0,0,11,1,0.04,0.08,0.11,0.04,0.11,Matches,1,15,3,20.0,0.57,0.11,0.07,0.33,0,0,Matches,,,,,,,,,,,,,,,2.0,,,,,,Matches,,64,,,,,,,,,,,29,,,,Matches,,,,,,,,,,,,,,,,,,,,,Matches,santiago mourino,1.2299248855561018,0.8433887027204037,1.2299248855561018,10.451558804139497,10.024434583261607,DF,0.03787878787878788,0.04658806384682204,-0.008709275968034159,0.07,,0.07575757575757576,0.03194654176971226,,,,,,,,,
1827,Louis Mouton,fr FRA,MF,Angers,fr Ligue 1,23.0,2002.0,32,24,1891.0,21.0,2.0,1.0,3,2,0,0,2,1,0.1,0.05,0.14,0.1,0.14,Matches,2,36,8,22.2,1.71,0.38,0.06,0.25,0,0,Matches,,,,,,,,,,,,,,,1.0,,,,,,Matches,,26,,,,,,,,,,,12,,,,Matches,,,,,,,,,,,,,,,,,,,,,Matches,louis mouton,3.078808242455125,2.3375241328030825,3.078808242455125,7.97324248123914,3.225932060740888,MF,0.09523809523809523,0.1466099163073869,-0.05137182106929166,0.06,,0.047619047619047616,0.11131067299062297,,,,,,,,,
1829,Tarik Muharemovic,ba BIH,DF,Sassuolo,it Serie A,22.0,2003.0,32,32,2835.0,31.5,2.0,2.0,4,2,0,0,7,0,0.06,0.06,0.13,0.06,0.13,Matches,2,20,7,35.0,0.63,0.22,0.1,0.29,0,0,Matches,,,,,,,,,,,,,,,2.0,,,,,,Matches,,24,,,,,,,,,,,45,,,,Matches,,,,,,,,,,,,,,,,,,,,,Matches,tarik muharemovic,2.834148694295436,0.9276836458593608,2.834148694295436,6.279778711032122,6.156958227977157,DF,0.06349206349206349,0.08997297442207734,-0.026480910930013847,0.1,,0.06349206349206349,0.02945027447172574,,,,,,,,,
1830,Miro Muheim,ch SUI,"MF,DF",Hamburger SV,de Bundesliga,27.0,1998.0,29,27,2435.0,27.1,0.0,4.0,4,0,0,0,7,1,0.0,0.15,0.15,0.0,0.15,Matches,0,24,7,29.2,0.89,0.26,0.0,0.0,0,0,Matches,,,,,,,,,,,,,,,4.0,,,,,,Matches,,35,,,,,,,,,,,27,,,,Matches,,,,,,,,,,,,,,,,,,,,,Matches,miro muheim,1.3705227468162775,3.492499830201268,1.3705227468162775,6.304988786578178,4.909944733604789,MF,0.0,0.050572795085471495,-0.050572795085471495,0.0,,0.14760147601476015,0.12887453247975159,,,,,,,,,
1832,Ngal'Ayel Mukau,cd COD,MF,Lille,fr Ligue 1,20.0,2004.0,30,19,1534.0,17.0,1.0,0.0,1,1,0,0,3,0,0.06,0.0,0.06,0.06,0.06,Matches,1,20,5,25.0,1.17,0.29,0.05,0.2,0,0,Matches,,,,,,,,,,,,,,,0.0,,,,,,Matches,,18,,,,,,,,,,,14,,,,Matches,,,,,,,,,,,,,,,,,,,,,Matches,ngal ayel mukau,2.5761082526296377,0.5113314716145396,2.5761082526296377,6.840969190001488,5.0014454033225775,MF,0.058823529411764705,0.15153577956644929,-0.09271225015468457,0.05,,0.0,0.030078321859678802,,,,,,,,,
1834,Nordi Mukiele,fr FRA,DF,Sunderland,eng Premier League,27.0,1997.0,32,32,2784.0,30.9,3.0,3.0,6,3,0,0,5,0,0.1,0.1,0.19,0.1,0.19,Matches,3,26,4,15.4,0.84,0.13,0.12,0.75,0,0,Matches,,,,,,,,,,,,,,,3.0,,,,,,Matches,,45,,,,,,,,,,,37,,,,Matches,,,,,,,,,,,,,,,,,,,,,Matches,nordi mukiele,2.778892433270812,2.752836622297764,2.778892433270812,9.07671518996358,6.988744452595711,DF,0.0970873786407767,0.08993179395698421,0.007155584683792491,0.12,,0.0970873786407767,0.0890885638284066,,,,,,,,,
1837,Marshall Munetsi,zw ZIM,MF,Paris FC,fr Ligue 1,29.0,1996.0,15,11,975.0,10.8,4.0,1.0,5,4,0,0,0,0,0.37,0.09,0.46,0.37,0.46,Matches,4,19,9,47.4,1.75,0.83,0.21,0.44,0,0,Matches,,,,,,,,,,,,,,,1.0,,,,,,Matches,,8,,,,,,,,,,,3,,,,Matches,,,,,,,,,,,,,,,,,,,,,Matches,marshall munetsi,1.8389983009546995,0.3808544501662254,1.8389983009546995,3.097170224413276,1.000556039623916,MF,0.37037037037037035,0.17027762045876846,0.2000927499116019,0.21,,0.09259259259259259,0.03526430094131716,,,,,,,,,
1838,Marshall Munetsi,zw ZIM,"MF,FW",Wolves,eng Premier League,29.0,1996.0,13,9,875.0,9.7,1.0,1.0,2,1,0,0,2,0,0.1,0.1,0.21,0.1,0.21,Matches,1,14,6,42.9,1.44,0.62,0.07,0.17,0,0,Matches,,,,,,,,,,,,,,,1.0,,,,,,Matches,,13,,,,,,,,,,,5,,,,Matches,,,,,,,,,,,,,,,,,,,,,Matches,marshall munetsi,1.8389983009546995,0.3808544501662254,1.8389983009546995,3.097170224413276,1.000556039623916,MF,0.10309278350515465,0.18958745370667007,-0.08649467020151543,0.07,,0.10309278350515465,0.03926334537796138,,,,,,,,,
1839,Rodrigo Muniz,br BRA,FW,Fulham,eng Premier League,24.0,2001.0,21,10,1000.0,11.1,1.0,1.0,2,1,0,0,2,0,0.09,0.09,0.18,0.09,0.18,Matches,1,32,5,15.6,2.88,0.45,0.03,0.2,0,0,Matches,,,,,,,,,,,,,,,1.0,,,,,,Matches,,3,,,,,,,,,,,2,,,,Matches,,,,,,,,,,,,,,,,,,,,,Matches,rodrigo muniz,4.545291785150766,0.9614864559844136,4.545291785150766,4.830986261367798,1.298047307878733,FW,0.0900900900900901,0.409485746409979,-0.31939565631988887,0.03,,0.0900900900900901,0.08662040144003727,,,,,,,,,
1841,Aihen Muñoz,es ESP,DF,Real Sociedad,es La Liga,27.0,1997.0,21,9,848.0,9.4,1.0,0.0,1,1,0,0,1,0,0.11,0.0,0.11,0.11,0.11,Matches,1,6,2,33.3,0.64,0.21,0.17,0.5,0,0,Matches,,,,,,,,,,,,,,,0.0,,,,,,Matches,,18,,,,,,,,,,,5,,,,Matches,,,,,,,,,,,,,,,,,,,,,Matches,aihen munoz,0.4659921936690807,0.4135719016194343,0.4659921936690807,3.544042121618986,2.887334957718849,DF,0.10638297872340426,0.04957363762437028,0.05680934109903396,0.17,,0.0,0.043997010810578115,,,,,,,,,
1842,Daniel Muñoz,co COL,MF,Crystal Palace,eng Premier League,29.0,1996.0,29,29,2399.0,26.7,4.0,3.0,7,4,0,0,7,0,0.15,0.11,0.26,0.15,0.26,Matches,4,26,12,46.2,0.98,0.45,0.15,0.33,0,0,Matches,,,,,,,,,,,,,,,3.0,,,,,,Matches,,48,,,,,,,,,,,24,,,,Matches,,,,,,,,,,,,,,,,,,,,,Matches,daniel munoz,3.147003997117281,5.066070262342691,3.147003997117281,10.425639127381146,4.4382075956091285,MF,0.149812734082397,0.11786531824409292,0.031947415838304086,0.15,,0.11235955056179775,0.18974045926377123,,,,,,,,,
1843,Iker Muñoz,es ESP,MF,Osasuna,es La Liga,22.0,2002.0,19,8,952.0,10.6,0.0,0.0,0,0,0,0,5,0,0.0,0.0,0.0,0.0,0.0,Matches,0,9,4,44.4,0.85,0.38,0.0,0.0,0,0,Matches,,,,,,,,,,,,,,,0.0,,,,,,Matches,,7,,,,,,,,,,,12,,,,Matches,,,,,,,,,,,,,,,,,,,,,Matches,iker munoz,0.3214873829856515,0.252276461571455,0.3214873829856515,1.885208336636424,1.586097290739417,MF,0.0,0.030328998394872783,-0.030328998394872783,0.0,,0.0,0.02379966618598632,,,,,,,,,
1844,Javier Muñoz,es ESP,"MF,FW",Getafe,es La Liga,30.0,1995.0,17,4,551.0,6.1,0.0,0.0,0,0,0,0,0,0,0.0,0.0,0.0,0.0,0.0,Matches,0,13,6,46.2,2.12,0.98,0.0,0.0,0,0,Matches,,,,,,,,,,,,,,,0.0,,,,,,Matches,,5,,,,,,,,,,,6,,,,Matches,,,,,,,,,,,,,,,,,,,,,Matches,javier munoz,0.3324222560040653,0.2619094252586365,0.3324222560040653,0.9011456496082246,0.4265056401491165,MF,0.0,0.05449545180394513,-0.05449545180394513,0.0,,0.0,0.042935971353874836,,,,,,,,,
1845,Víctor Muñoz,es ESP,"MF,FW",Osasuna,es La Liga,22.0,2003.0,34,31,2656.0,29.5,6.0,2.0,8,6,0,0,3,0,0.2,0.07,0.27,0.2,0.27,Matches,6,81,31,38.3,2.74,1.05,0.07,0.19,0,0,Matches,,,,,,,,,,,,,,,2.0,,,,,,Matches,,13,,,,,,,,,,,10,,,,Matches,,,,,,,,,,,,,,,,,,,,,Matches,victor munoz,7.114694999530912,2.412180700339377,7.114694999530912,11.554271526634691,3.834848198108375,MF,0.2033898305084746,0.241176101679014,-0.0377862711705394,0.07,,0.06779661016949153,0.0817688372996399,,,,,,,,,
1846,Arijanet Muric,xk KVX,GK,Sassuolo,it Serie A,26.0,1998.0,32,32,2880.0,32.0,0.0,0.0,0,0,0,0,4,0,0.0,0.0,0.0,0.0,0.0,Matches,0,0,0,,0.0,0.0,,,0,0,Matches,,,,,,,,,,,,,,,0.0,,,,,,Matches,,0,,,,,,,,,,,0,,,,Matches,,,,,,,,,,,,,,,,,,,,,Matches,arijanet muric,0.0,0.0334668159484863,0.0,3.8466744776815176,3.8466744776815176,GK,,,,,,,,,,,,,,,,
1847,Murillo,br BRA,DF,Nottingham,eng Premier League,23.0,2002.0,25,25,2130.0,23.7,1.0,0.0,1,1,0,0,5,0,0.04,0.0,0.04,0.04,0.04,Matches,1,11,4,36.4,0.46,0.17,0.09,0.25,0,0,Matches,,,,,,,,,,,,,,,0.0,,,,,,Matches,,23,,,,,,,,,,,29,,,,Matches,,,,,,,,,,,,,,,,,,,,,Matches,murillo,0.5957098556682467,0.299396033398807,0.5957098556682467,6.358569452539086,6.049851920455694,DF,0.04219409282700422,0.02513543694802729,0.017058655878976932,0.09,,0.0,0.012632744025266119,,,,,,,,,
1848,Vedat Muriqi,xk KVX,FW,Mallorca,es La Liga,31.0,1994.0,37,36,3128.0,34.8,23.0,1.0,24,18,5,7,4,1,0.66,0.03,0.69,0.52,0.55,Matches,23,114,50,43.9,3.28,1.44,0.2,0.46,5,7,Matches,,,,,,,,,,,,,,,1.0,,,,,,Matches,,3,,,,,,,,,,,3,,,,Matches,,,,,,,,,,,,,,,,,,,,,Matches,vedat muriqi,21.630785251036286,2.485310326330364,16.427841836586595,18.902257680892944,4.6435397625900805,FW,0.6609195402298851,0.47206442059156883,0.03934525140700327,0.2,,0.02873563218390805,0.07141696340029782,,,,,,,,,
1850,Jacob Murphy,eng ENG,"FW,MF",Newcastle,eng Premier League,30.0,1995.0,33,19,1617.0,18.0,3.0,2.0,5,3,0,0,2,0,0.17,0.11,0.28,0.17,0.28,Matches,3,42,13,31.0,2.34,0.72,0.07,0.23,0,0,Matches,,,,,,,,,,,,,,,2.0,,,,,,Matches,,12,,,,,,,,,,,6,,,,Matches,,,,,,,,,,,,,,,,,,,,,Matches,jacob murphy,3.1199456304311752,4.785552207380533,3.1199456304311752,8.429972594603896,2.7332380525767803,FW,0.16666666666666666,0.17333031280173194,-0.006663646135065291,0.07,,0.1111111111111111,0.26586401152114075,,,,,,,,,
1852,Yunus Musah,us USA,MF,Atalanta,it Serie A,22.0,2002.0,19,4,574.0,6.4,1.0,0.0,1,1,0,0,1,0,0.16,0.0,0.16,0.16,0.16,Matches,1,7,2,28.6,1.1,0.31,0.14,0.5,0,0,Matches,,,,,,,,,,,,,,,0.0,,,,,,Matches,,5,,,,,,,,,,,5,,,,Matches,,,,,,,,,,,,,,,,,,,,,Matches,yunus musah,0.7452922910451889,0.7338241711258888,0.7452922910451889,4.711621839553118,3.270248807966709,MF,0.15625,0.11645192047581077,0.039798079524189234,0.14,,0.0,0.11466002673842013,,,,,,,,,
1854,Jamal Musiala,de GER,"MF,FW",Bayern Munich,de Bundesliga,22.0,2003.0,15,7,683.0,7.6,3.0,4.0,7,2,1,1,1,0,0.4,0.53,0.92,0.26,0.79,Matches,3,30,9,30.0,3.95,1.19,0.1,0.33,1,1,Matches,,,,,,,,,,,,,,,4.0,,,,,,Matches,,5,,,,,,,,,,,3,,,,Matches,,,,,,,,,,,,,,,,,,,,,Matches,jamal musiala,5.00371415540576,2.740937683731317,4.245937447994947,9.54637109860778,3.10221653431654,MF,0.39473684210526316,0.5586759799993352,-0.26364659939549473,0.1,,0.5263157894736842,0.3606496952278049,,,,,,,,,
1855,Juan Musso,ar ARG,GK,Atlético Madrid,es La Liga,31.0,1994.0,8,8,720.0,8.0,0.0,0.0,0,0,0,0,2,0,0.0,0.0,0.0,0.0,0.0,Matches,0,0,0,,0.0,0.0,,,0,0,Matches,,,,,,,,,,,,,,,0.0,,,,,,Matches,,0,,,,,,,,,,,0,,,,Matches,,,,,,,,,,,,,,,,,,,,,Matches,juan musso,0.0,0.0,0.0,2.460761435329914,2.460761435329914,GK,,,,,,,,,,,,,,,,
1857,Yvon Mvogo,ch SUI,GK,Lorient,fr Ligue 1,31.0,1994.0,31,31,2790.0,31.0,0.0,0.0,0,0,0,0,0,0,0.0,0.0,0.0,0.0,0.0,Matches,0,0,0,,0.0,0.0,,,0,0,Matches,,,,,,,,,,,,,,,0.0,,,,,,Matches,,1,,,,,,,,,,,1,,,,Matches,,,,,,,,,,,,,,,,,,,,,Matches,yvon mvogo,0.0,0.0835237056016922,0.0,3.308992366306484,3.308992366306484,GK,,,,,,,,,,,,,,,,
1858,Joel Mvuka,no NOR,"MF,DF",Lorient,fr Ligue 1,22.0,2002.0,15,5,560.0,6.2,0.0,0.0,0,0,0,0,0,0,0.0,0.0,0.0,0.0,0.0,Matches,0,8,1,12.5,1.29,0.16,0.0,0.0,0,0,Matches,,,,,,,,,,,,,,,0.0,,,,,,Matches,,13,,,,,,,,,,,6,,,,Matches,,,,,,,,,,,,,,,,,,,,,Matches,joel mvuka,0.6974976677447557,1.0097364392131567,0.6974976677447557,1.845053747296333,0.3056419380009174,MF,0.0,0.1124996238297993,-0.1124996238297993,0.0,,0.0,0.16286071600212204,,,,,,,,,
1860,Junior Mwanga,fr FRA,MF,Nantes,fr Ligue 1,22.0,2003.0,15,15,1260.0,14.0,1.0,1.0,2,1,0,0,2,1,0.07,0.07,0.14,0.07,0.14,Matches,1,9,3,33.3,0.64,0.21,0.11,0.33,0,0,Matches,,,,,,,,,,,,,,,1.0,,,,,,Matches,,14,,,,,,,,,,,8,,,,Matches,,,,,,,,,,,,,,,,,,,,,Matches,junior mwanga,1.1464128233492374,1.0721323154866695,1.1464128233492374,5.190453128889203,3.505918676033616,MF,0.07142857142857142,0.08188663023923125,-0.010458058810659818,0.11,,0.07142857142857142,0.07658087967761926,,,,,,,,,
1861,Phillipp Mwene,at AUT,MF,Mainz 05,de Bundesliga,31.0,1994.0,29,24,2069.0,23.0,1.0,2.0,3,1,0,0,4,0,0.04,0.09,0.13,0.04,0.13,Matches,1,10,2,20.0,0.43,0.09,0.1,0.5,0,0,Matches,,,,,,,,,,,,,,,2.0,,,,,,Matches,,20,,,,,,,,,,,14,,,,Matches,,,,,,,,,,,,,,,,,,,,,Matches,phillipp mwene,2.0332534685730934,2.139080299064517,2.0332534685730934,8.51742416061461,6.025996465235949,MF,0.043478260869565216,0.08840232472056928,-0.04492406385100406,0.1,,0.08695652173913043,0.09300349126367466,,,,,,,,,
1862,Vitaliy Mykolenko,ua UKR,DF,Everton,eng Premier League,26.0,1999.0,33,33,2958.0,32.9,0.0,1.0,1,0,0,0,6,0,0.0,0.03,0.03,0.0,0.03,Matches,0,9,2,22.2,0.27,0.06,0.0,0.0,0,0,Matches,,,,,,,,,,,,,,,1.0,,,,,,Matches,,25,,,,,,,,,,,27,,,,Matches,,,,,,,,,,,,,,,,,,,,,Matches,vitaliy mykolenko,0.2774586006999016,1.1418284978717566,0.2774586006999016,8.09473404660821,7.0455850679427385,DF,0.0,0.008433392118538042,-0.008433392118538042,0.0,,0.030395136778115502,0.034706033369962204,,,,,,,,,
1863,Joakim Mæhle,dk DEN,"MF,DF",Wolfsburg,de Bundesliga,28.0,1997.0,16,14,1222.0,13.6,1.0,2.0,3,1,0,0,1,0,0.07,0.15,0.22,0.07,0.22,Matches,1,14,3,21.4,1.03,0.22,0.07,0.33,0,0,Matches,,,,,,,,,,,,,,,2.0,,,,,,Matches,,22,,,,,,,,,,,20,,,,Matches,,,,,,,,,,,,,,,,,,,,,Matches,joakim m hle,,,,,,MF,0.07352941176470588,,,0.07,,0.14705882352941177,,,,,,,,,,
1864,David Møller Wolfe,no NOR,"MF,DF",Wolves,eng Premier League,23.0,2002.0,22,11,1049.0,11.7,0.0,2.0,2,0,0,0,1,0,0.0,0.17,0.17,0.0,0.17,Matches,0,3,0,0.0,0.26,0.0,0.0,,0,0,Matches,,,,,,,,,,,,,,,2.0,,,,,,Matches,,5,,,,,,,,,,,7,,,,Matches,,,,,,,,,,,,,,,,,,,,,Matches,david m ller wolfe,0.0825581811368465,1.304669253528118,0.0825581811368465,1.790265455842018,1.2973200660198927,MF,0.0,0.007056254798021069,-0.007056254798021069,0.0,,0.17094017094017094,0.11151019260924086,,,,,,,,,
1865,Obite N'Dicka,ci CIV,DF,Roma,it Serie A,25.0,1999.0,31,31,2680.0,29.8,3.0,0.0,3,3,0,0,5,0,0.1,0.0,0.1,0.1,0.1,Matches,3,23,6,26.1,0.77,0.2,0.13,0.5,0,0,Matches,,,,,,,,,,,,,,,0.0,,,,,,Matches,,16,,,,,,,,,,,45,,,,Matches,,,,,,,,,,,,,,,,,,,,,Matches,obite n dicka,,,,,,DF,0.10067114093959731,,,0.13,,0.0,,,,,,,,,,
1866,Konan N'dri,ne NIG,MF,Lecce,it Serie A,24.0,2000.0,27,1,544.0,6.0,2.0,0.0,2,2,0,0,3,0,0.33,0.0,0.33,0.33,0.33,Matches,2,19,5,26.3,3.14,0.83,0.11,0.4,0,0,Matches,,,,,,,,,,,,,,,0.0,,,,,,Matches,,4,,,,,,,,,,,2,,,,Matches,,,,,,,,,,,,,,,,,,,,,Matches,konan n dri,0.7120508886873722,0.7715370021760464,0.7120508886873722,1.8670018333941696,0.8635849468410015,MF,0.3333333333333333,0.11867514811456203,0.2146581852187713,0.11,,0.0,0.12858950036267439,,,,,,,,,
1867,Stanley N'Soki,fr FRA,"DF,MF",Union Berlin,de Bundesliga,26.0,1999.0,13,10,816.0,9.1,1.0,2.0,3,1,0,0,2,0,0.11,0.22,0.33,0.11,0.33,Matches,1,3,1,33.3,0.33,0.11,0.33,1.0,0,0,Matches,,,,,,,,,,,,,,,2.0,,,,,,Matches,,9,,,,,,,,,,,18,,,,Matches,,,,,,,,,,,,,,,,,,,,,Matches,stanley n soki,0.1332546882331371,0.2016350086778402,0.1332546882331371,1.0962544791400433,0.9779290817677976,DF,0.10989010989010989,0.01464337233331177,0.09524673755679812,0.33,,0.21978021978021978,0.022157693261301122,,,,,,,,,
1868,Bilal Nadir,ma MAR,MF,Marseille,fr Ligue 1,21.0,2003.0,20,5,598.0,6.6,0.0,4.0,4,0,0,0,6,1,0.0,0.6,0.6,0.0,0.6,Matches,0,7,1,14.3,1.05,0.15,0.0,0.0,0,0,Matches,,,,,,,,,,,,,,,4.0,,,,,,Matches,,9,,,,,,,,,,,6,,,,Matches,,,,,,,,,,,,,,,,,,,,,Matches,bilal nadir,0.3718383200466633,1.9472699239850044,0.3718383200466633,7.013857154175639,4.764937616884708,MF,0.0,0.05633913940100959,-0.05633913940100959,0.0,,0.6060606060606061,0.29504089757348556,,,,,,,,,
1869,Mahamadou Nagida,cm CMR,DF,Rennes,fr Ligue 1,20.0,2005.0,19,7,805.0,8.9,0.0,0.0,0,0,0,0,2,0,0.0,0.0,0.0,0.0,0.0,Matches,0,13,3,23.1,1.45,0.34,0.0,0.0,0,0,Matches,,,,,,,,,,,,,,,0.0,,,,,,Matches,,12,,,,,,,,,,,20,,,,Matches,,,,,,,,,,,,,,,,,,,,,Matches,mahamadou nagida,0.5822554156184196,0.1402588495984673,0.5822554156184196,3.799535229802132,3.1996151953935623,DF,0.0,0.06542195681105839,-0.06542195681105839,0.0,,0.0,0.015759421303198573,,,,,,,,,
1871,Sebastian Nanasi,se SWE,MF,Strasbourg,fr Ligue 1,23.0,2002.0,19,11,1050.0,11.7,7.0,2.0,9,7,0,0,0,0,0.6,0.17,0.77,0.6,0.77,Matches,7,19,11,57.9,1.63,0.94,0.37,0.64,0,0,Matches,,,,,,,,,,,,,,,2.0,,,,,,Matches,,4,,,,,,,,,,,5,,,,Matches,,,,,,,,,,,,,,,,,,,,,Matches,sebastian nanasi,4.77130252122879,2.442550702020526,4.77130252122879,8.60329944267869,2.163847930729389,MF,0.5982905982905983,0.40780363429305905,0.1904869639975393,0.37,,0.17094017094017094,0.20876501726671162,,,,,,,,,
1873,Nikolas Nartey,dk DEN,MF,Stuttgart,de Bundesliga,25.0,2000.0,28,14,1256.0,14.0,4.0,3.0,7,4,0,0,2,0,0.29,0.21,0.5,0.29,0.5,Matches,4,22,12,54.5,1.58,0.86,0.18,0.33,0,0,Matches,,,,,,,,,,,,,,,3.0,,,,,,Matches,,12,,,,,,,,,,,10,,,,Matches,,,,,,,,,,,,,,,,,,,,,Matches,nikolas nartey,4.401471285149455,3.354308173060417,4.401471285149455,12.59413393214345,5.368743376806378,MF,0.2857142857142857,0.31439080608210396,-0.02867652036781822,0.18,,0.21428571428571427,0.23959344093288695,,,,,,,,,
1874,Noah Nartey,dk DEN,"MF,FW",Lyon,fr Ligue 1,19.0,2005.0,11,5,545.0,6.1,2.0,0.0,2,2,0,0,0,0,0.33,0.0,0.33,0.33,0.33,Matches,2,5,2,40.0,0.83,0.33,0.4,1.0,0,0,Matches,,,,,,,,,,,,,,,0.0,,,,,,Matches,,6,,,,,,,,,,,2,,,,Matches,,,,,,,,,,,,,,,,,,,,,Matches,noah nartey,1.0777640342712402,0.0831712540239095,1.0777640342712402,2.997236616909504,1.9676812607795,MF,0.3278688524590164,0.17668262856905578,0.1511862238899606,0.4,,0.0,0.01363463180719828,,,,,,,,,
1875,Natan,br BRA,DF,Real Betis,es La Liga,24.0,2001.0,33,32,2807.0,31.2,0.0,0.0,0,0,0,0,8,0,0.0,0.0,0.0,0.0,0.0,Matches,0,10,1,10.0,0.32,0.03,0.0,0.0,0,0,Matches,,,,,,,,,,,,,,,0.0,,,,,,Matches,,17,,,,,,,,,,,37,,,,Matches,,,,,,,,,,,,,,,,,,,,,Matches,natan,0.5199076561257243,0.3320370214059949,0.5199076561257243,7.9655610248446465,7.7015365883708,DF,0.0,0.016663706927106548,-0.016663706927106548,0.0,,0.0,0.010642212224551119,,,,,,,,,
1876,Pau Navarro,es ESP,DF,Villarreal,es La Liga,20.0,2005.0,23,23,1921.0,21.3,0.0,0.0,0,0,0,0,4,0,0.0,0.0,0.0,0.0,0.0,Matches,0,2,2,100.0,0.09,0.09,0.0,0.0,0,0,Matches,,,,,,,,,,,,,,,0.0,,,,,,Matches,,35,,,,,,,,,,,18,,,,Matches,,,,,,,,,,,,,,,,,,,,,Matches,pau navarro,0.0560820512473583,0.4357209205627441,0.0560820512473583,6.9807911813259125,6.582743391394615,DF,0.0,0.002632960152458136,-0.002632960152458136,0.0,,0.0,0.020456381247077188,,,,,,,,,
1877,Roberto Navarro,es ESP,MF,Athletic Club,es La Liga,23.0,2002.0,32,10,1307.0,14.5,6.0,1.0,7,6,0,0,1,0,0.41,0.07,0.48,0.41,0.48,Matches,6,21,10,47.6,1.45,0.69,0.29,0.6,0,0,Matches,,,,,,,,,,,,,,,1.0,,,,,,Matches,,10,,,,,,,,,,,7,,,,Matches,,,,,,,,,,,,,,,,,,,,,Matches,roberto navarro,3.3031710321083665,2.0628209859132767,3.3031710321083665,8.301526971161366,4.595135105773807,MF,0.41379310344827586,0.22780489876609425,0.18598820468218163,0.29,,0.06896551724137931,0.14226351626988115,,,,,,,,,
1878,Corrie Ndaba,ie IRL,DF,Lecce,it Serie A,25.0,1999.0,14,6,543.0,6.0,0.0,0.0,0,0,0,0,0,0,0.0,0.0,0.0,0.0,0.0,Matches,0,2,0,0.0,0.33,0.0,0.0,,0,0,Matches,,,,,,,,,,,,,,,0.0,,,,,,Matches,,4,,,,,,,,,,,3,,,,Matches,,,,,,,,,,,,,,,,,,,,,Matches,corrie ndaba,0.1293806582689285,0.0512220580130815,0.1293806582689285,0.6001188587397337,0.5618049502372742,DF,0.0,0.021563443044821416,-0.021563443044821416,0.0,,0.0,0.008537009668846917,,,,,,,,,
1879,Michel Ndary Adopo,fr FRA,MF,Cagliari,it Serie A,25.0,2000.0,38,33,3050.0,33.9,1.0,2.0,3,1,0,0,4,0,0.03,0.06,0.09,0.03,0.09,Matches,1,28,11,39.3,0.83,0.32,0.04,0.09,0,0,Matches,,,,,,,,,,,,,,,2.0,,,,,,Matches,,32,,,,,,,,,,,31,,,,Matches,,,,,,,,,,,,,,,,,,,,,Matches,michel ndary adopo,2.5289438869804144,2.4404895724728703,2.5289438869804144,8.808407304808497,5.819650985300541,MF,0.029498525073746312,0.07460011466018922,-0.045101589586442906,0.04,,0.058997050147492625,0.07199084284580738,,,,,,,,,
1881,Abdoulaye Ndiaye,sn SEN,DF,Parma,it Serie A,23.0,2002.0,11,9,780.0,8.7,0.0,0.0,0,0,0,0,5,1,0.0,0.0,0.0,0.0,0.0,Matches,0,6,0,0.0,0.69,0.0,0.0,,0,0,Matches,,,,,,,,,,,,,,,0.0,,,,,,Matches,,10,,,,,,,,,,,11,,,,Matches,,,,,,,,,,,,,,,,,,,,,Matches,abdoulaye ndiaye,,,,,,DF,0.0,,,0.0,,0.0,,,,,,,,,,
1882,Iliman Ndiaye,sn SEN,MF,Everton,eng Premier League,25.0,2000.0,32,32,2778.0,30.9,6.0,3.0,9,4,2,2,2,0,0.19,0.1,0.29,0.13,0.23,Matches,6,43,22,51.2,1.39,0.71,0.14,0.27,2,2,Matches,,,,,,,,,,,,,,,3.0,,,,,,Matches,,40,,,,,,,,,,,17,,,,Matches,,,,,,,,,,,,,,,,,,,,,Matches,iliman ndiaye,6.143797228112817,4.457025814801455,4.621459530666471,15.463790696114302,6.865662005729973,MF,0.1941747572815534,0.1495617971089473,-0.004653631977761062,0.14,,0.0970873786407767,0.14424031763111506,,,,,,,,,
1883,Rassoul Ndiaye,sn SEN,MF,Le Havre,fr Ligue 1,23.0,2001.0,33,30,2566.0,28.5,4.0,4.0,8,4,0,0,2,0,0.14,0.14,0.28,0.14,0.28,Matches,4,34,9,26.5,1.19,0.32,0.12,0.44,0,0,Matches,,,,,,,,,,,,,,,4.0,,,,,,Matches,,32,,,,,,,,,,,17,,,,Matches,,,,,,,,,,,,,,,,,,,,,Matches,rassoul ndiaye,3.080671327188611,2.7814114429056644,3.080671327188611,9.35743105225265,4.941063133999705,MF,0.14035087719298245,0.10809373077854775,0.0322571464144347,0.12,,0.14035087719298245,0.09759338396160226,,,,,,,,,
1886,Cher Ndour,it ITA,MF,Fiorentina,it Serie A,21.0,2004.0,33,20,1876.0,20.8,3.0,0.0,3,3,0,0,2,0,0.14,0.0,0.14,0.14,0.14,Matches,3,24,8,33.3,1.15,0.38,0.13,0.38,0,0,Matches,,,,,,,,,,,,,,,0.0,,,,,,Matches,,17,,,,,,,,,,,15,,,,Matches,,,,,,,,,,,,,,,,,,,,,Matches,cher ndour,2.6130376681685448,0.347787800244987,2.6130376681685448,6.287419259548187,4.333774639293552,MF,0.14423076923076922,0.12562681096964157,0.018603958261127655,0.13,,0.0,0.01672056731947053,,,,,,,,,
1887,Dan Ndoye,ch SUI,MF,Nottingham,eng Premier League,24.0,2000.0,24,14,1173.0,13.0,1.0,1.0,2,1,0,0,1,0,0.08,0.08,0.15,0.08,0.15,Matches,1,15,4,26.7,1.15,0.31,0.07,0.25,0,0,Matches,,,,,,,,,,,,,,,1.0,,,,,,Matches,,11,,,,,,,,,,,10,,,,Matches,,,,,,,,,,,,,,,,,,,,,Matches,dan ndoye,1.1724078450351954,1.552884567528963,1.1724078450351954,4.023802410811186,1.8127466365695,MF,0.07692307692307693,0.09018521884886119,-0.013262141925784258,0.07,,0.07692307692307693,0.11945265904068947,,,,,,,,,
1890,Paul Nebel,de GER,MF,Mainz 05,de Bundesliga,22.0,2002.0,30,24,2073.0,23.0,5.0,2.0,7,5,0,0,2,2,0.22,0.09,0.3,0.22,0.3,Matches,5,32,8,25.0,1.39,0.35,0.16,0.63,0,0,Matches,,,,,,,,,,,,,,,2.0,,,,,,Matches,,30,,,,,,,,,,,12,,,,Matches,,,,,,,,,,,,,,,,,,,,,Matches,paul nebel,5.769457034766674,5.342756656929851,5.769457034766674,14.08178748562932,4.246757362037897,MF,0.21739130434782608,0.25084595803333365,-0.03345465368550757,0.16,,0.08695652173913043,0.2322937676926022,,,,,,,,,
1892,Loïc Nego,hu HUN,"DF,MF",Le Havre,fr Ligue 1,34.0,1991.0,30,26,2339.0,26.0,0.0,0.0,0,0,0,0,3,0,0.0,0.0,0.0,0.0,0.0,Matches,0,16,3,18.8,0.62,0.12,0.0,0.0,0,0,Matches,,,,,,,,,,,,,,,0.0,,,,,,Matches,,36,,,,,,,,,,,32,,,,Matches,,,,,,,,,,,,,,,,,,,,,Matches,loic nego,0.5308519587852061,1.5366831179708242,0.5308519587852061,4.094172183424234,3.173476282507181,DF,0.0,0.020417383030200235,-0.020417383030200235,0.0,,0.0,0.0591031968450317,,,,,,,,,
1895,Victor Nelsson,dk DEN,DF,Hellas Verona,it Serie A,26.0,1998.0,38,37,3315.0,36.8,0.0,0.0,0,0,0,0,4,0,0.0,0.0,0.0,0.0,0.0,Matches,0,8,1,12.5,0.22,0.03,0.0,0.0,0,0,Matches,,,,,,,,,,,,,,,0.0,,,,,,Matches,,45,,,,,,,,,,,75,,,,Matches,,,,,,,,,,,,,,,,,,,,,Matches,victor nelsson,0.4676975440233946,0.054815262556076,0.4676975440233946,4.07451512478292,3.9116749772802,DF,0.0,0.012709172391940072,-0.012709172391940072,0.0,,0.0,0.0014895451781542393,,,,,,,,,
1896,David Neres,br BRA,"FW,MF",Napoli,it Serie A,28.0,1997.0,16,10,922.0,10.2,3.0,3.0,6,3,0,0,3,0,0.29,0.29,0.59,0.29,0.59,Matches,3,17,4,23.5,1.66,0.39,0.18,0.75,0,0,Matches,,,,,,,,,,,,,,,3.0,,,,,,Matches,,5,,,,,,,,,,,1,,,,Matches,,,,,,,,,,,,,,,,,,,,,Matches,david neres,1.484556145966053,3.786104552447796,1.484556145966053,7.352409522980452,3.5680493600666523,FW,0.29411764705882354,0.1455447201927503,0.14857292686607323,0.18,,0.29411764705882354,0.3711867208282153,,,,,,,,,
1897,Martim Neto,pt POR,MF,Elche,es La Liga,22.0,2003.0,25,15,1347.0,15.0,2.0,5.0,7,2,0,0,3,0,0.13,0.33,0.47,0.13,0.47,Matches,2,12,4,33.3,0.8,0.27,0.17,0.5,0,0,Matches,,,,,,,,,,,,,,,5.0,,,,,,Matches,,12,,,,,,,,,,,2,,,,Matches,,,,,,,,,,,,,,,,,,,,,Matches,martim neto,1.0407912489026785,2.8169090934097767,1.0407912489026785,6.866276768967509,4.922171989455819,MF,0.13333333333333333,0.06938608326017856,0.06394725007315477,0.17,,0.3333333333333333,0.18779393956065177,,,,,,,,,
1898,Pedro Neto,pt POR,"MF,FW",Chelsea,eng Premier League,25.0,2000.0,34,30,2631.0,29.2,5.0,6.0,11,5,0,0,4,1,0.17,0.21,0.38,0.17,0.38,Matches,5,46,13,28.3,1.57,0.44,0.11,0.38,0,0,Matches,,,,,,,,,,,,,,,6.0,,,,,,Matches,,11,,,,,,,,,,,6,,,,Matches,,,,,,,,,,,,,,,,,,,,,Matches,pedro neto,5.149658527225256,7.933838244527578,5.149658527225256,19.2750738747418,9.826909113675356,MF,0.17123287671232876,0.17635816874059096,-0.00512529202826219,0.11,,0.20547945205479454,0.27170678919614993,,,,,,,,,
1899,Luca Netz,de GER,"MF,DF",Gladbach,de Bundesliga,22.0,2003.0,15,10,940.0,10.4,0.0,2.0,2,0,0,0,1,0,0.0,0.19,0.19,0.0,0.19,Matches,0,2,0,0.0,0.19,0.0,0.0,,0,0,Matches,,,,,,,,,,,,,,,2.0,,,,,,Matches,,10,,,,,,,,,,,7,,,,Matches,,,,,,,,,,,,,,,,,,,,,Matches,luca netz,0.0,0.0980577766895294,0.0,3.1005989462137222,3.084221720695496,MF,0.0,0.0,0.0,0.0,,0.1923076923076923,0.009428632373993212,,,,,,,,,
1901,Manuel Neuer,de GER,GK,Bayern Munich,de Bundesliga,39.0,1986.0,22,22,1859.0,20.7,0.0,0.0,0,0,0,0,0,0,0.0,0.0,0.0,0.0,0.0,Matches,0,0,0,,0.0,0.0,,,0,0,Matches,,,,,,,,,,,,,,,0.0,,,,,,Matches,,0,,,,,,,,,,,0,,,,Matches,,,,,,,,,,,,,,,,,,,,,Matches,manuel neuer,0.0,0.0,0.0,7.137187179178,7.137187179178,GK,,,,,,,,,,,,,,,,
1902,Florian Neuhaus,de GER,"MF,FW",Gladbach,de Bundesliga,28.0,1997.0,17,11,930.0,10.3,0.0,1.0,1,0,0,0,0,0,0.0,0.1,0.1,0.0,0.1,Matches,0,22,6,27.3,2.13,0.58,0.0,0.0,0,0,Matches,,,,,,,,,,,,,,,1.0,,,,,,Matches,,7,,,,,,,,,,,9,,,,Matches,,,,,,,,,,,,,,,,,,,,,Matches,florian neuhaus,1.392402342054993,1.0026175901293757,1.392402342054993,4.8506131283938885,3.389763910323381,MF,0.0,0.13518469340339737,-0.13518469340339737,0.0,,0.0970873786407767,0.09734151360479375,,,,,,,,,
1904,João Neves,pt POR,MF,PSG,fr Ligue 1,20.0,2004.0,21,13,1287.0,14.3,5.0,1.0,6,5,0,0,0,0,0.35,0.07,0.42,0.35,0.42,Matches,5,27,6,22.2,1.89,0.42,0.19,0.83,0,0,Matches,,,,,,,,,,,,,,,1.0,,,,,,Matches,,14,,,,,,,,,,,6,,,,Matches,,,,,,,,,,,,,,,,,,,,,Matches,joao neves,3.160619251430034,2.475291315466165,3.160619251430034,9.292038716375828,7.089921586215496,MF,0.34965034965034963,0.22102232527482754,0.12862802437552207,0.19,,0.06993006993006992,0.1730972947878437,,,,,,,,,
1907,Oumar Ngom,mr MTN,MF,Lecce,it Serie A,21.0,2004.0,15,10,842.0,9.4,0.0,0.0,0,0,0,0,1,0,0.0,0.0,0.0,0.0,0.0,Matches,0,5,2,40.0,0.53,0.21,0.0,0.0,0,0,Matches,,,,,,,,,,,,,,,0.0,,,,,,Matches,,15,,,,,,,,,,,12,,,,Matches,,,,,,,,,,,,,,,,,,,,,Matches,oumar ngom,0.2407711967825889,0.1907979715615511,0.2407711967825889,1.060145461931825,0.8156507313251495,MF,0.0,0.025613957104530734,-0.025613957104530734,0.0,,0.0,0.02029765654910118,,,,,,,,,
1908,Cyril Ngonge,be BEL,FW,Torino,it Serie A,25.0,2000.0,20,11,994.0,11.0,1.0,1.0,2,1,0,0,2,0,0.09,0.09,0.18,0.09,0.18,Matches,1,24,12,50.0,2.17,1.09,0.04,0.08,0,0,Matches,,,,,,,,,,,,,,,1.0,,,,,,Matches,,4,,,,,,,,,,,2,,,,Matches,,,,,,,,,,,,,,,,,,,,,Matches,cyril ngonge,0.4527680687606334,1.3367659226059914,0.4527680687606334,1.2892310991883278,0.1015374576672911,FW,0.09090909090909091,0.04116073352369395,0.04974835738539696,0.04,,0.09090909090909091,0.12152417478236285,,,,,,,,,
1912,Nathan Ngoy,be BEL,DF,Lille,fr Ligue 1,22.0,2003.0,29,27,2405.0,26.7,1.0,2.0,3,1,0,0,10,1,0.04,0.07,0.11,0.04,0.11,Matches,1,22,6,27.3,0.82,0.22,0.05,0.17,0,0,Matches,,,,,,,,,,,,,,,2.0,,,,,,Matches,,21,,,,,,,,,,,38,,,,Matches,,,,,,,,,,,,,,,,,,,,,Matches,nathan ngoy,1.562451058998704,1.2294035255908966,1.562451058998704,10.76134012453258,10.554853018373253,DF,0.03745318352059925,0.058518766254633106,-0.021065582734033857,0.05,,0.0749063670411985,0.04604507586482759,,,,,,,,,
1914,Rio Ngumoha,eng ENG,MF,Liverpool,eng Premier League,16.0,2008.0,19,5,560.0,6.2,2.0,1.0,3,2,0,0,0,0,0.32,0.16,0.48,0.32,0.48,Matches,2,16,6,37.5,2.57,0.96,0.13,0.33,0,0,Matches,,,,,,,,,,,,,,,1.0,,,,,,Matches,,2,,,,,,,,,,,3,,,,Matches,,,,,,,,,,,,,,,,,,,,,Matches,rio ngumoha,1.2214453928172588,2.126121360808611,1.2214453928172588,4.779051471501589,1.6543097691610456,MF,0.3225806451612903,0.1970073214221385,0.1255733237391518,0.13,,0.16129032258064516,0.3429228001304211,,,,,,,,,
1915,Moussa Niakhaté,sn SEN,DF,Lyon,fr Ligue 1,29.0,1996.0,32,30,2759.0,30.7,0.0,2.0,2,0,0,0,3,0,0.0,0.07,0.07,0.0,0.07,Matches,0,4,0,0.0,0.13,0.0,0.0,,0,0,Matches,,,,,,,,,,,,,,,2.0,,,,,,Matches,,22,,,,,,,,,,,32,,,,Matches,,,,,,,,,,,,,,,,,,,,,Matches,moussa niakhate,0.1709757754579186,0.8175685852766037,0.1709757754579186,13.671839209273458,13.137365105561912,DF,0.0,0.005569243500257935,-0.005569243500257935,0.0,,0.06514657980456026,0.026630898543211847,,,,,,,,,
1917,Tanguy Nianzou,fr FRA,DF,Sevilla,es La Liga,23.0,2002.0,12,8,655.0,7.3,0.0,0.0,0,0,0,0,5,1,0.0,0.0,0.0,0.0,0.0,Matches,0,9,0,0.0,1.24,0.0,0.0,,0,0,Matches,,,,,,,,,,,,,,,0.0,,,,,,Matches,,10,,,,,,,,,,,4,,,,Matches,,,,,,,,,,,,,,,,,,,,,Matches,tanguy nianzou,,,,,,DF,0.0,,,0.0,,0.0,,,,,,,,,,
1918,Cheikh Niasse,sn SEN,MF,Hellas Verona,it Serie A,25.0,2000.0,19,11,970.0,10.8,0.0,1.0,1,0,0,0,1,0,0.0,0.09,0.09,0.0,0.09,Matches,0,6,1,16.7,0.56,0.09,0.0,0.0,0,0,Matches,,,,,,,,,,,,,,,1.0,,,,,,Matches,,14,,,,,,,,,,,15,,,,Matches,,,,,,,,,,,,,,,,,,,,,Matches,cheikh niasse,0.1757795037701726,0.5936807617545128,0.1757795037701726,2.713234404101968,2.0721419416368008,MF,0.0,0.016275879978719685,-0.016275879978719685,0.0,,0.09259259259259259,0.054970440903195625,,,,,,,,,
1920,Rasmus Nicolaisen,dk DEN,DF,Toulouse,fr Ligue 1,28.0,1997.0,32,30,2564.0,28.5,1.0,0.0,1,1,0,0,4,0,0.04,0.0,0.04,0.04,0.04,Matches,1,15,5,33.3,0.53,0.18,0.07,0.2,0,0,Matches,,,,,,,,,,,,,,,0.0,,,,,,Matches,,16,,,,,,,,,,,40,,,,Matches,,,,,,,,,,,,,,,,,,,,,Matches,rasmus nicolaisen,0.8822177099063993,0.097613513469696,0.8822177099063993,4.627384912222624,4.41113942489028,DF,0.03508771929824561,0.030955007365136816,0.004132711933108798,0.07,,0.0,0.0034250355603402107,,,,,,,,,
1921,Moritz Nicolas,de GER,GK,Gladbach,de Bundesliga,27.0,1997.0,34,34,3060.0,34.0,0.0,0.0,0,0,0,0,1,0,0.0,0.0,0.0,0.0,0.0,Matches,0,0,0,,0.0,0.0,,,0,0,Matches,,,,,,,,,,,,,,,0.0,,,,,,Matches,,1,,,,,,,,,,,0,,,,Matches,,,,,,,,,,,,,,,,,,,,,Matches,moritz nicolas,0.0,0.3480205573141575,0.0,4.788933951407671,4.440913397818804,GK,,,,,,,,,,,,,,,,
1922,Hans Nicolussi Caviglia,it ITA,MF,Fiorentina,it Serie A,25.0,2000.0,11,7,585.0,6.5,0.0,1.0,1,0,0,0,4,0,0.0,0.15,0.15,0.0,0.15,Matches,0,4,1,25.0,0.62,0.15,0.0,0.0,0,0,Matches,,,,,,,,,,,,,,,1.0,,,,,,Matches,,7,,,,,,,,,,,3,,,,Matches,,,,,,,,,,,,,,,,,,,,,Matches,hans nicolussi caviglia,0.8566823797300458,1.7445766404271126,0.8566823797300458,4.350880516692996,3.1315471809357405,MF,0.0,0.1317972891892378,-0.1317972891892378,0.0,,0.15384615384615385,0.2683964062195558,,,,,,,,,
1923,Hans Nicolussi Caviglia,it ITA,MF,Parma,it Serie A,25.0,2000.0,15,10,869.0,9.7,0.0,3.0,3,0,0,0,0,0,0.0,0.31,0.31,0.0,0.31,Matches,0,16,2,12.5,1.66,0.21,0.0,0.0,0,0,Matches,,,,,,,,,,,,,,,3.0,,,,,,Matches,,8,,,,,,,,,,,3,,,,Matches,,,,,,,,,,,,,,,,,,,,,Matches,hans nicolussi caviglia,0.8566823797300458,1.7445766404271126,0.8566823797300458,4.350880516692996,3.1315471809357405,MF,0.0,0.0883177711061903,-0.0883177711061903,0.0,,0.30927835051546393,0.17985326189970235,,,,,,,,,
1924,Julian Niehues,de GER,MF,Heidenheim,de Bundesliga,24.0,2001.0,24,17,1383.0,15.4,3.0,0.0,3,3,0,0,1,0,0.2,0.0,0.2,0.2,0.2,Matches,3,18,5,27.8,1.17,0.33,0.17,0.6,0,0,Matches,,,,,,,,,,,,,,,0.0,,,,,,Matches,,10,,,,,,,,,,,23,,,,Matches,,,,,,,,,,,,,,,,,,,,,Matches,julian niehues,2.098195953294635,0.7285752408206463,2.098195953294635,4.336162481456995,2.817117601633072,MF,0.19480519480519481,0.1362464904736776,0.05855870433151722,0.17,,0.0,0.04731008057276924,,,,,,,,,
1925,Oliver Nielsen,dk DEN,DF,Lazio,it Serie A,22.0,2003.0,26,13,1536.0,17.1,0.0,0.0,0,0,0,0,3,0,0.0,0.0,0.0,0.0,0.0,Matches,0,6,2,33.3,0.35,0.12,0.0,0.0,0,0,Matches,,,,,,,,,,,,,,,0.0,,,,,,Matches,,6,,,,,,,,,,,16,,,,Matches,,,,,,,,,,,,,,,,,,,,,Matches,oliver nielsen,,,,,,DF,0.0,,,0.0,,0.0,,,,,,,,,,
1927,Justin Njinmah,de GER,"FW,MF",Werder Bremen,de Bundesliga,24.0,2000.0,33,22,1947.0,21.6,5.0,0.0,5,5,0,0,2,0,0.23,0.0,0.23,0.23,0.23,Matches,5,62,23,37.1,2.87,1.06,0.08,0.22,0,0,Matches,,,,,,,,,,,,,,,0.0,,,,,,Matches,,14,,,,,,,,,,,6,,,,Matches,,,,,,,,,,,,,,,,,,,,,Matches,justin njinmah,6.778727872297168,1.2397968284785748,6.778727872297168,11.163103096187116,3.214089992456138,FW,0.23148148148148145,0.3138299940878318,-0.08234851260635036,0.08,,0.0,0.05739800131845253,,,,,,,,,
1928,Obed Nkambadio,fr FRA,GK,Paris FC,fr Ligue 1,22.0,2003.0,12,12,1080.0,12.0,0.0,0.0,0,0,0,0,0,0,0.0,0.0,0.0,0.0,0.0,Matches,0,0,0,,0.0,0.0,,,0,0,Matches,,,,,,,,,,,,,,,0.0,,,,,,Matches,,0,,,,,,,,,,,0,,,,Matches,,,,,,,,,,,,,,,,,,,,,Matches,obed nkambadio,0.0,0.0066623808816075,0.0,3.50345600116998,3.496793620288372,GK,,,,,,,,,,,,,,,,
1931,Christopher Nkunku,fr FRA,FW,Milan,it Serie A,27.0,1997.0,32,15,1356.0,15.1,7.0,3.0,10,2,5,5,0,0,0.46,0.2,0.66,0.13,0.33,Matches,7,29,16,55.2,1.92,1.06,0.24,0.44,5,5,Matches,,,,,,,,,,,,,,,3.0,,,,,,Matches,,2,,,,,,,,,,,2,,,,Matches,,,,,,,,,,,,,,,,,,,,,Matches,christopher nkunku,9.940500289201736,1.6137207765132189,6.134006172418594,8.721460867673159,2.4926984682679176,FW,0.4635761589403974,0.40622557433235723,-0.1947351184901812,0.24,,0.19867549668874174,0.10686892559690192,,,,,,,,,
1932,Felix Nmecha,de GER,MF,Dortmund,de Bundesliga,24.0,2000.0,29,25,2176.0,24.2,2.0,3.0,5,2,0,1,0,0,0.08,0.12,0.21,0.08,0.21,Matches,2,33,7,21.2,1.36,0.29,0.06,0.29,0,1,Matches,,,,,,,,,,,,,,,3.0,,,,,,Matches,,23,,,,,,,,,,,25,,,,Matches,,,,,,,,,,,,,,,,,,,,,Matches,felix nmecha,3.364070465788245,1.8235643226653333,2.6062937285751104,12.040448106825352,9.09173360094428,MF,0.08264462809917356,0.1076980879576492,-0.056366548173067986,0.06,,0.12396694214876033,0.0753538976307989,,,,,,,,,
1933,Lukas Nmecha,de GER,FW,Leeds United,eng Premier League,26.0,1998.0,31,10,1083.0,12.0,6.0,1.0,7,4,2,3,0,0,0.5,0.08,0.58,0.33,0.42,Matches,6,30,16,53.3,2.49,1.33,0.2,0.38,2,3,Matches,,,,,,,,,,,,,,,1.0,,,,,,Matches,,7,,,,,,,,,,,3,,,,Matches,,,,,,,,,,,,,,,,,,,,,Matches,lukas nmecha,8.14029767177999,1.684540869668126,5.856791136786342,6.9614828154444695,1.4674436636269093,FW,0.5,0.48806592806552845,-0.1783581393149992,0.2,,0.08333333333333333,0.14037840580567718,,,,,,,,,
1936,Arnaud Nordin,fr FRA,"MF,FW",Mainz 05,de Bundesliga,27.0,1998.0,13,5,469.0,5.2,0.0,0.0,0,0,0,0,0,0,0.0,0.0,0.0,0.0,0.0,Matches,0,13,2,15.4,2.49,0.38,0.0,0.0,0,0,Matches,,,,,,,,,,,,,,,0.0,,,,,,Matches,,6,,,,,,,,,,,3,,,,Matches,,,,,,,,,,,,,,,,,,,,,Matches,arnaud nordin,0.7219278290867805,0.140843529254198,0.7219278290867805,1.0664126202464104,0.3882246594876051,MF,0.0,0.13883227482438087,-0.13883227482438087,0.0,,0.0,0.027085294087345765,,,,,,,,,
1937,Arnaud Nordin,fr FRA,"FW,MF",Rennes,fr Ligue 1,27.0,1998.0,10,7,570.0,6.3,1.0,2.0,3,1,0,0,1,0,0.16,0.32,0.47,0.16,0.47,Matches,1,20,5,25.0,3.16,0.79,0.05,0.2,0,0,Matches,,,,,,,,,,,,,,,2.0,,,,,,Matches,,6,,,,,,,,,,,0,,,,Matches,,,,,,,,,,,,,,,,,,,,,Matches,arnaud nordin,0.7219278290867805,0.140843529254198,0.7219278290867805,1.0664126202464104,0.3882246594876051,FW,0.15873015873015872,0.11459171890266358,0.04413843982749515,0.05,,0.31746031746031744,0.0223561157546346,,,,,,,,,
1938,Brooke Norton-Cuffy,eng ENG,"MF,DF",Genoa,it Serie A,21.0,2004.0,27,25,2212.0,24.6,2.0,1.0,3,2,0,0,5,1,0.08,0.04,0.12,0.08,0.12,Matches,2,15,6,40.0,0.61,0.24,0.13,0.33,0,0,Matches,,,,,,,,,,,,,,,1.0,,,,,,Matches,,31,,,,,,,,,,,11,,,,Matches,,,,,,,,,,,,,,,,,,,,,Matches,brooke norton cuffy,2.006999369710684,1.8840869069099424,2.006999369710684,7.148176729679108,3.5529703898355365,MF,0.08130081300813008,0.08158534023214162,-0.0002845272240115375,0.13,,0.04065040650406504,0.0765888986548757,,,,,,,,,
1939,Tijjani Noslin,nl NED,FW,Lazio,it Serie A,26.0,1999.0,29,9,1148.0,12.8,4.0,2.0,6,4,0,0,6,1,0.31,0.16,0.47,0.31,0.47,Matches,4,35,13,37.1,2.74,1.02,0.11,0.31,0,0,Matches,,,,,,,,,,,,,,,2.0,,,,,,Matches,,6,,,,,,,,,,,3,,,,Matches,,,,,,,,,,,,,,,,,,,,,Matches,tijjani noslin,4.319302462972701,2.387575278058648,4.319302462972701,8.645486512221396,3.176832916215062,FW,0.3125,0.33744550491974223,-0.024945504919742234,0.11,,0.15625,0.18652931859833188,,,,,,,,,
1944,Alexander Nübel,de GER,GK,Stuttgart,de Bundesliga,28.0,1996.0,34,34,3060.0,34.0,0.0,1.0,1,0,0,0,0,0,0.0,0.03,0.03,0.0,0.03,Matches,0,0,0,,0.0,0.0,,,0,0,Matches,,,,,,,,,,,,,,,1.0,,,,,,Matches,,0,,,,,,,,,,,1,,,,Matches,,,,,,,,,,,,,,,,,,,,,Matches,alexander nubel,0.0,0.3682400248944759,0.0,7.689679289236665,7.51086644269526,GK,,,,,,,,,,,,,,,,
1945,Matheus Nunes,pt POR,DF,Manchester City,eng Premier League,26.0,1998.0,34,32,2862.0,31.8,1.0,5.0,6,1,0,0,5,0,0.03,0.16,0.19,0.03,0.19,Matches,1,7,2,28.6,0.22,0.06,0.14,0.5,0,0,Matches,,,,,,,,,,,,,,,5.0,,,,,,Matches,,41,,,,,,,,,,,29,,,,Matches,,,,,,,,,,,,,,,,,,,,,Matches,matheus nunes,0.6754733501002192,3.0990526378154755,0.6754733501002192,22.104165941476825,20.289072543382645,DF,0.031446540880503145,0.021241300317616958,0.010205240562886186,0.14,,0.15723270440251572,0.09745448546589545,,,,,,,,,
1946,Álvaro Núñez,es ESP,"DF,MF",Elche,es La Liga,25.0,2000.0,19,19,1647.0,18.3,0.0,2.0,2,0,0,0,2,0,0.0,0.11,0.11,0.0,0.11,Matches,0,4,0,0.0,0.22,0.0,0.0,,0,0,Matches,,,,,,,,,,,,,,,2.0,,,,,,Matches,,15,,,,,,,,,,,15,,,,Matches,,,,,,,,,,,,,,,,,,,,,Matches,alvaro nunez,0.2243863698095083,2.5366643499583006,0.2243863698095083,9.689458632841706,8.704271027818322,DF,0.0,0.01226155026281466,-0.01226155026281466,0.0,,0.1092896174863388,0.13861553824908746,,,,,,,,,
1948,Unai Núñez,es ESP,DF,Hellas Verona,it Serie A,28.0,1997.0,17,15,1265.0,14.1,0.0,0.0,0,0,0,0,6,0,0.0,0.0,0.0,0.0,0.0,Matches,0,7,1,14.3,0.5,0.07,0.0,0.0,0,0,Matches,,,,,,,,,,,,,,,0.0,,,,,,Matches,,18,,,,,,,,,,,23,,,,Matches,,,,,,,,,,,,,,,,,,,,,Matches,unai nunez,0.3963765976950526,0.3761296048760414,0.3963765976950526,2.810891135595739,2.466373040340841,DF,0.0,0.028111815439365435,-0.028111815439365435,0.0,,0.0,0.026675858501846908,,,,,,,,,
1949,Unai Núñez,es ESP,DF,Valencia,es La Liga,28.0,1997.0,13,10,911.0,10.1,0.0,0.0,0,0,0,0,3,0,0.0,0.0,0.0,0.0,0.0,Matches,0,9,1,11.1,0.89,0.1,0.0,0.0,0,0,Matches,,,,,,,,,,,,,,,0.0,,,,,,Matches,,11,,,,,,,,,,,11,,,,Matches,,,,,,,,,,,,,,,,,,,,,Matches,unai nunez,0.3963765976950526,0.3761296048760414,0.3963765976950526,2.810891135595739,2.466373040340841,DF,0.0,0.03924520769257947,-0.03924520769257947,0.0,,0.0,0.037240554938221926,,,,,,,,,
1951,Antonio Nusa,no NOR,"FW,MF",RB Leipzig,de Bundesliga,20.0,2005.0,31,24,2027.0,22.5,4.0,3.0,7,4,0,0,0,0,0.18,0.13,0.31,0.18,0.31,Matches,4,61,20,32.8,2.71,0.89,0.07,0.2,0,0,Matches,,,,,,,,,,,,,,,3.0,,,,,,Matches,,14,,,,,,,,,,,7,,,,Matches,,,,,,,,,,,,,,,,,,,,,Matches,antonio nusa,5.204239755868912,4.748528776690364,5.204239755868912,16.717872930690646,8.048371147364378,FW,0.17777777777777778,0.23129954470528497,-0.05352176692750719,0.07,,0.13333333333333333,0.21104572340846062,,,,,,,,,
1954,Ørjan Nyland,no NOR,GK,Sevilla,es La Liga,34.0,1990.0,5,5,450.0,5.0,0.0,0.0,0,0,0,0,1,0,0.0,0.0,0.0,0.0,0.0,Matches,0,0,0,,0.0,0.0,,,0,0,Matches,,,,,,,,,,,,,,,0.0,,,,,,Matches,,0,,,,,,,,,,,0,,,,Matches,,,,,,,,,,,,,,,,,,,,,Matches,rjan nyland,0.0,0.0,0.0,0.8262858241796494,0.8262858241796494,GK,,,,,,,,,,,,,,,,
1955,Allan Nyom,cm CMR,DF,Getafe,es La Liga,37.0,1988.0,15,7,523.0,5.8,0.0,1.0,1,0,0,0,6,1,0.0,0.17,0.17,0.0,0.17,Matches,0,3,1,33.3,0.52,0.17,0.0,0.0,0,0,Matches,,,,,,,,,,,,,,,1.0,,,,,,Matches,,6,,,,,,,,,,,1,,,,Matches,,,,,,,,,,,,,,,,,,,,,Matches,allan nyom,0.1312073022127151,1.1202348694205284,0.1312073022127151,1.2234054617583752,0.0132335685193538,DF,0.0,0.022621948657364672,-0.022621948657364672,0.0,,0.1724137931034483,0.19314394300353938,,,,,,,,,
1958,M'Bala Nzola,ao ANG,FW,Pisa,it Serie A,28.0,1996.0,16,11,1052.0,11.7,3.0,0.0,3,1,2,3,1,1,0.26,0.0,0.26,0.09,0.09,Matches,3,28,7,25.0,2.4,0.6,0.11,0.43,2,3,Matches,,,,,,,,,,,,,,,0.0,,,,,,Matches,,2,,,,,,,,,,,1,,,,Matches,,,,,,,,,,,,,,,,,,,,,Matches,m bala nzola,,,,,,FW,0.25641025641025644,,,0.11,,0.0,,,,,,,,,,
1959,M'Bala Nzola,ao ANG,FW,Sassuolo,it Serie A,28.0,1996.0,14,4,473.0,5.3,1.0,1.0,2,1,0,0,1,0,0.19,0.19,0.38,0.19,0.38,Matches,1,11,4,36.4,2.09,0.76,0.09,0.25,0,0,Matches,,,,,,,,,,,,,,,1.0,,,,,,Matches,,2,,,,,,,,,,,1,,,,Matches,,,,,,,,,,,,,,,,,,,,,Matches,m bala nzola,,,,,,FW,0.18867924528301888,,,0.09,,0.18867924528301888,,,,,,,,,,
1961,Jake O'Brien,ie IRL,DF,Everton,eng Premier League,24.0,2001.0,37,35,3120.0,34.7,1.0,1.0,2,1,0,0,6,1,0.03,0.03,0.06,0.03,0.06,Matches,1,13,6,46.2,0.37,0.17,0.08,0.17,0,0,Matches,,,,,,,,,,,,,,,1.0,,,,,,Matches,,32,,,,,,,,,,,13,,,,Matches,,,,,,,,,,,,,,,,,,,,,Matches,jake o brien,1.3068652302026749,0.7244354635477066,1.3068652302026749,6.48744806367904,5.052895814180374,DF,0.02881844380403458,0.0376618221960425,-0.00884337839200792,0.08,,0.02881844380403458,0.020877102695899322,,,,,,,,,
1962,Luke O'Nien,eng ENG,DF,Sunderland,eng Premier League,30.0,1994.0,12,5,569.0,6.3,0.0,1.0,1,0,0,0,1,1,0.0,0.16,0.16,0.0,0.16,Matches,0,4,1,25.0,0.63,0.16,0.0,0.0,0,0,Matches,,,,,,,,,,,,,,,1.0,,,,,,Matches,,6,,,,,,,,,,,6,,,,Matches,,,,,,,,,,,,,,,,,,,,,Matches,luke o nien,0.2098914235830307,0.1062447875738143,0.2098914235830307,2.222415253520012,1.9999188929796217,DF,0.0,0.033316098981433444,-0.033316098981433444,0.0,,0.15873015873015872,0.01686425199584354,,,,,,,,,
1963,Nico O'Reilly,eng ENG,"DF,MF",Manchester City,eng Premier League,20.0,2005.0,34,29,2646.0,29.4,5.0,3.0,8,5,0,0,5,0,0.17,0.1,0.27,0.17,0.27,Matches,5,41,15,36.6,1.39,0.51,0.12,0.33,0,0,Matches,,,,,,,,,,,,,,,3.0,,,,,,Matches,,36,,,,,,,,,,,20,,,,Matches,,,,,,,,,,,,,,,,,,,,,Matches,nico o reilly,6.727011270821095,3.847439743578434,6.727011270821095,21.241205548867583,14.797816466540098,DF,0.17006802721088435,0.22880990717078556,-0.058741879959901204,0.12,,0.10204081632653061,0.13086529740062702,,,,,,,,,
1964,Matt O'Riley,dk DEN,MF,Marseille,fr Ligue 1,24.0,2000.0,15,6,741.0,8.2,1.0,2.0,3,1,0,0,2,0,0.12,0.24,0.36,0.12,0.36,Matches,1,7,3,42.9,0.85,0.36,0.14,0.33,0,0,Matches,,,,,,,,,,,,,,,2.0,,,,,,Matches,,8,,,,,,,,,,,6,,,,Matches,,,,,,,,,,,,,,,,,,,,,Matches,matt o riley,0.8605696111917496,3.089729510247708,0.8605696111917496,6.183519525453448,4.171106377616525,MF,0.12195121951219513,0.10494751355996947,0.017003705952225664,0.14,,0.24390243902439027,0.3767962817375254,,,,,,,,,
1966,Adam Obert,sk SVK,"DF,MF",Cagliari,it Serie A,22.0,2002.0,35,33,2771.0,30.8,0.0,3.0,3,0,0,0,10,1,0.0,0.1,0.1,0.0,0.1,Matches,0,10,3,30.0,0.32,0.1,0.0,0.0,0,0,Matches,,,,,,,,,,,,,,,3.0,,,,,,Matches,,32,,,,,,,,,,,44,,,,Matches,,,,,,,,,,,,,,,,,,,,,Matches,adam obert,1.3562092930078506,3.709252428263426,1.3562092930078506,9.10701741091907,7.374641459435224,DF,0.0,0.04403276925350164,-0.04403276925350164,0.0,,0.09740259740259741,0.12043027364491642,,,,,,,,,
1967,Jan Oblak,si SVN,GK,Atlético Madrid,es La Liga,32.0,1993.0,30,30,2700.0,30.0,0.0,0.0,0,0,0,0,0,0,0.0,0.0,0.0,0.0,0.0,Matches,0,0,0,,0.0,0.0,,,0,0,Matches,,,,,,,,,,,,,,,0.0,,,,,,Matches,,0,,,,,,,,,,,0,,,,Matches,,,,,,,,,,,,,,,,,,,,,Matches,jan oblak,0.0,0.0,0.0,5.149367045611143,5.149367045611143,GK,,,,,,,,,,,,,,,,
1969,Rafel Obrador,es ESP,MF,Torino,it Serie A,21.0,2004.0,16,14,1116.0,12.4,1.0,3.0,4,1,0,0,1,0,0.08,0.24,0.32,0.08,0.32,Matches,1,7,2,28.6,0.56,0.16,0.14,0.5,0,0,Matches,,,,,,,,,,,,,,,3.0,,,,,,Matches,,8,,,,,,,,,,,12,,,,Matches,,,,,,,,,,,,,,,,,,,,,Matches,rafel obrador,0.1724091228097677,1.056434327736497,0.1724091228097677,2.803703337907791,2.079035528004169,MF,0.08064516129032258,0.013903961516916748,0.06674119977340583,0.14,,0.24193548387096772,0.0851963167529433,,,,,,,,,
1972,Jens Odgaard,dk DEN,MF,Bologna,it Serie A,26.0,1999.0,26,16,1378.0,15.3,5.0,1.0,6,5,0,0,1,0,0.33,0.07,0.39,0.33,0.39,Matches,5,35,13,37.1,2.29,0.85,0.14,0.38,0,0,Matches,,,,,,,,,,,,,,,1.0,,,,,,Matches,,12,,,,,,,,,,,4,,,,Matches,,,,,,,,,,,,,,,,,,,,,Matches,jens odgaard,2.728798510506749,0.936283141374588,2.728798510506749,5.993094911798835,3.132464464753866,MF,0.32679738562091504,0.1783528438239705,0.1484445417969445,0.14,,0.06535947712418301,0.06119497656043059,,,,,,,,,
1973,Wilson Odobert,fr FRA,"MF,FW",Tottenham,eng Premier League,20.0,2004.0,24,10,985.0,10.9,0.0,2.0,2,0,0,0,0,0,0.0,0.18,0.18,0.0,0.18,Matches,0,21,8,38.1,1.92,0.73,0.0,0.0,0,0,Matches,,,,,,,,,,,,,,,2.0,,,,,,Matches,,8,,,,,,,,,,,0,,,,Matches,,,,,,,,,,,,,,,,,,,,,Matches,wilson odobert,2.460178238339722,1.9524234533309937,2.460178238339722,5.9682222586125135,2.8834201879799366,MF,0.0,0.22570442553575432,-0.22570442553575432,0.0,,0.18348623853211007,0.1791214177367884,,,,,,,,,
1978,Ifechukwu Ogbus,ch SUI,DF,Freiburg,de Bundesliga,19.0,2005.0,18,14,1177.0,13.1,0.0,0.0,0,0,0,0,1,0,0.0,0.0,0.0,0.0,0.0,Matches,0,5,2,40.0,0.38,0.15,0.0,0.0,0,0,Matches,,,,,,,,,,,,,,,0.0,,,,,,Matches,,16,,,,,,,,,,,13,,,,Matches,,,,,,,,,,,,,,,,,,,,,Matches,ifechukwu ogbus,0.7863243324682117,0.0279476325958967,0.7863243324682117,3.66468408331275,3.310525771230459,DF,0.0,0.06002475820368028,-0.06002475820368028,0.0,,0.0,0.0021334070683890613,,,,,,,,,
1980,Noah Okafor,ch SUI,"FW,MF",Leeds United,eng Premier League,25.0,2000.0,28,19,1561.0,17.3,8.0,1.0,9,8,0,0,3,0,0.46,0.06,0.52,0.46,0.52,Matches,8,35,15,42.9,2.02,0.86,0.23,0.53,0,0,Matches,,,,,,,,,,,,,,,1.0,,,,,,Matches,,15,,,,,,,,,,,12,,,,Matches,,,,,,,,,,,,,,,,,,,,,Matches,noah okafor,6.296696716919541,2.259315438568592,6.296696716919541,10.915966423228385,3.821857213973999,FW,0.4624277456647399,0.363970908492459,0.09845683717228085,0.23,,0.057803468208092484,0.13059626812535213,,,,,,,,,
1982,Bryan Okoh,ch SUI,DF,Auxerre,fr Ligue 1,22.0,2003.0,13,12,1005.0,11.2,3.0,0.0,3,3,0,0,2,0,0.27,0.0,0.27,0.27,0.27,Matches,3,8,3,37.5,0.72,0.27,0.38,1.0,0,0,Matches,,,,,,,,,,,,,,,0.0,,,,,,Matches,,9,,,,,,,,,,,26,,,,Matches,,,,,,,,,,,,,,,,,,,,,Matches,bryan okoh,0.9676289018243552,0.2563950940966606,0.9676289018243552,1.8299480453133583,1.6139809861779213,DF,0.26785714285714285,0.08639543766288886,0.18146170519425403,0.38,,0.0,0.02289241911577327,,,,,,,,,
1983,Maduka Okoye,ng NGA,GK,Udinese,it Serie A,25.0,1999.0,30,30,2616.0,29.1,0.0,0.0,0,0,0,0,1,1,0.0,0.0,0.0,0.0,0.0,Matches,0,0,0,,0.0,0.0,,,0,0,Matches,,,,,,,,,,,,,,,0.0,,,,,,Matches,,0,,,,,,,,,,,0,,,,Matches,,,,,,,,,,,,,,,,,,,,,Matches,maduka okoye,0.0,0.0713610853999853,0.0,1.990268925204873,1.973937455564737,GK,,,,,,,,,,,,,,,,
1985,Olasagasti,es ESP,MF,Levante,es La Liga,24.0,2000.0,33,18,1734.0,19.3,1.0,5.0,6,1,0,0,2,1,0.05,0.26,0.31,0.05,0.31,Matches,1,28,9,32.1,1.45,0.47,0.04,0.11,0,0,Matches,,,,,,,,,,,,,,,5.0,,,,,,Matches,,15,,,,,,,,,,,14,,,,Matches,,,,,,,,,,,,,,,,,,,,,Matches,olasagasti,2.1322602536529303,4.480237754993141,2.1322602536529303,7.844179574400186,4.710497124120593,MF,0.05181347150259067,0.11047980588875286,-0.058666334386162186,0.04,,0.25906735751295334,0.2321366712431679,,,,,,,,,
1986,Michael Olise,fr FRA,MF,Bayern Munich,de Bundesliga,23.0,2001.0,32,23,2316.0,25.7,15.0,19.0,34,15,0,0,8,0,0.58,0.74,1.32,0.58,1.32,Matches,15,102,50,49.0,3.96,1.94,0.15,0.3,0,0,Matches,,,,,,,,,,,,,,,19.0,,,,,,Matches,,11,,,,,,,,,,,14,,,,Matches,,,,,,,,,,,,,,,,,,,,,Matches,michael olise,11.545709690079091,17.044203309342265,11.545709690079091,39.00864061713219,16.973004333674908,MF,0.5836575875486382,0.4492494042832331,0.13440818326540502,0.15,,0.7392996108949417,0.6631985723479481,,,,,,,,,
1987,Mathías Olivera,uy URU,"DF,MF",Napoli,it Serie A,27.0,1997.0,25,15,1370.0,15.2,0.0,0.0,0,0,0,0,3,0,0.0,0.0,0.0,0.0,0.0,Matches,0,8,3,37.5,0.53,0.2,0.0,0.0,0,0,Matches,,,,,,,,,,,,,,,0.0,,,,,,Matches,,22,,,,,,,,,,,16,,,,Matches,,,,,,,,,,,,,,,,,,,,,Matches,mathias olivera,1.7913433331996202,0.5973206851631403,1.7913433331996202,7.217204011976719,5.740894721820951,DF,0.0,0.11785153507892239,-0.11785153507892239,0.0,,0.0,0.03929741349757502,,,,,,,,,
1989,Dani Olmo,es ESP,MF,Barcelona,es La Liga,27.0,1998.0,33,24,2067.0,23.0,7.0,8.0,15,7,0,0,1,0,0.3,0.35,0.65,0.3,0.65,Matches,7,70,21,30.0,3.05,0.91,0.1,0.33,0,0,Matches,,,,,,,,,,,,,,,8.0,,,,,,Matches,,23,,,,,,,,,,,14,,,,Matches,,,,,,,,,,,,,,,,,,,,,Matches,dani olmo,8.75443153269589,6.657491793856025,8.75443153269589,22.55907628685236,10.709148935973644,MF,0.30434782608695654,0.38062745794329955,-0.07627963185634302,0.1,,0.34782608695652173,0.28945616495026194,,,,,,,,,
1991,Tani Oluwaseyi,ca CAN,FW,Villarreal,es La Liga,25.0,2000.0,27,9,901.0,10.0,2.0,2.0,4,2,0,0,1,0,0.2,0.2,0.4,0.2,0.4,Matches,2,16,7,43.8,1.6,0.7,0.13,0.29,0,0,Matches,,,,,,,,,,,,,,,2.0,,,,,,Matches,,5,,,,,,,,,,,1,,,,Matches,,,,,,,,,,,,,,,,,,,,,Matches,tani oluwaseyi,3.61861627176404,2.047514596953988,3.61861627176404,5.991559530608356,0.396169975399971,FW,0.2,0.361861627176404,-0.161861627176404,0.13,,0.2,0.20475145969539882,,,,,,,,,
1992,Warmed Omari,km COM,DF,Hamburger SV,de Bundesliga,25.0,2000.0,20,17,1605.0,17.8,0.0,1.0,1,0,0,0,0,0,0.0,0.06,0.06,0.0,0.06,Matches,0,3,1,33.3,0.17,0.06,0.0,0.0,0,0,Matches,,,,,,,,,,,,,,,1.0,,,,,,Matches,,19,,,,,,,,,,,28,,,,Matches,,,,,,,,,,,,,,,,,,,,,Matches,warmed omari,0.0689202584326267,0.4060542713850736,0.0689202584326267,2.701174132525921,2.4303623382002115,DF,0.0,0.0038719246310464435,-0.0038719246310464435,0.0,,0.056179775280898875,0.02281203771826256,,,,,,,,,
1993,Andrew Omobamidele,ie IRL,DF,Strasbourg,fr Ligue 1,23.0,2002.0,25,13,1357.0,15.1,1.0,0.0,1,1,0,0,4,0,0.07,0.0,0.07,0.07,0.07,Matches,1,4,3,75.0,0.27,0.2,0.25,0.33,0,0,Matches,,,,,,,,,,,,,,,0.0,,,,,,Matches,,4,,,,,,,,,,,16,,,,Matches,,,,,,,,,,,,,,,,,,,,,Matches,andrew omobamidele,0.9338973155245184,0.0,0.9338973155245184,6.619090389460325,6.619090389460325,DF,0.06622516556291391,0.06184750433937208,0.00437766122354183,0.25,,0.0,0.0,,,,,,,,,
1994,Amadou Onana,be BEL,MF,Aston Villa,eng Premier League,23.0,2001.0,25,21,1758.0,19.5,2.0,0.0,2,2,0,0,3,0,0.1,0.0,0.1,0.1,0.1,Matches,2,19,7,36.8,0.97,0.36,0.11,0.29,0,0,Matches,,,,,,,,,,,,,,,0.0,,,,,,Matches,,30,,,,,,,,,,,19,,,,Matches,,,,,,,,,,,,,,,,,,,,,Matches,amadou onana,2.772524105384946,0.5039298757910728,2.772524105384946,6.815283706411719,5.313166355714202,MF,0.10256410256410256,0.14218072335307413,-0.03961662078897158,0.11,,0.0,0.02584255773287553,,,,,,,,,
1996,Jacob Ondrejka,se SWE,"FW,MF",Parma,it Serie A,22.0,2002.0,16,9,773.0,8.6,0.0,0.0,0,0,0,0,2,0,0.0,0.0,0.0,0.0,0.0,Matches,0,21,7,33.3,2.45,0.82,0.0,0.0,0,0,Matches,,,,,,,,,,,,,,,0.0,,,,,,Matches,,2,,,,,,,,,,,2,,,,Matches,,,,,,,,,,,,,,,,,,,,,Matches,jacob ondrejka,1.423084044829011,0.4258564375340938,1.423084044829011,2.751455696299672,1.0622229920700192,FW,0.0,0.16547488893360593,-0.16547488893360593,0.0,,0.0,0.04951819041094114,,,,,,,,,
1999,Loïs Openda,be BEL,"FW,MF",Juventus,it Serie A,25.0,2000.0,24,6,666.0,7.4,1.0,0.0,1,1,0,0,0,0,0.14,0.0,0.14,0.14,0.14,Matches,1,26,6,23.1,3.51,0.81,0.04,0.17,0,0,Matches,,,,,,,,,,,,,,,0.0,,,,,,Matches,,4,,,,,,,,,,,1,,,,Matches,,,,,,,,,,,,,,,,,,,,,Matches,lois openda,0.1550452373921871,0.0519096367061138,0.1550452373921871,0.5808013305068016,0.5808013305068016,FW,0.13513513513513511,0.02095205910705231,0.11418307602808282,0.04,,0.0,0.007014815771096459,,,,,,,,,
2000,Fredrik Oppegard,no NOR,"MF,DF",Auxerre,fr Ligue 1,22.0,2002.0,23,15,1246.0,13.8,0.0,0.0,0,0,0,0,1,1,0.0,0.0,0.0,0.0,0.0,Matches,0,10,2,20.0,0.72,0.14,0.0,0.0,0,0,Matches,,,,,,,,,,,,,,,0.0,,,,,,Matches,,20,,,,,,,,,,,14,,,,Matches,,,,,,,,,,,,,,,,,,,,,Matches,fredrik oppegard,0.5601710639894009,0.6256506145000458,0.5601710639894009,2.55569008924067,1.6407343791797755,MF,0.0,0.04059210608618847,-0.04059210608618847,0.0,,0.0,0.04533700105072795,,,,,,,,,
2001,Louis Oppie,de GER,MF,St Pauli,de Bundesliga,23.0,2002.0,23,17,1620.0,18.0,1.0,0.0,1,1,0,0,0,0,0.06,0.0,0.06,0.06,0.06,Matches,1,15,4,26.7,0.83,0.22,0.07,0.25,0,0,Matches,,,,,,,,,,,,,,,0.0,,,,,,Matches,,19,,,,,,,,,,,11,,,,Matches,,,,,,,,,,,,,,,,,,,,,Matches,louis oppie,1.1548993904143572,1.1255840882658958,1.1548993904143572,4.7634373884648085,2.7592283356934786,MF,0.05555555555555555,0.06416107724524206,-0.00860552168968651,0.07,,0.0,0.06253244934810533,,,,,,,,,
2002,Gift Orban,ng NGA,FW,Hellas Verona,it Serie A,23.0,2002.0,28,23,2027.0,22.5,7.0,2.0,9,5,2,2,4,1,0.31,0.09,0.4,0.22,0.31,Matches,7,85,28,32.9,3.77,1.24,0.08,0.25,2,2,Matches,,,,,,,,,,,,,,,2.0,,,,,,Matches,,3,,,,,,,,,,,3,,,,Matches,,,,,,,,,,,,,,,,,,,,,Matches,gift orban,12.242711776867507,2.530362664721906,10.720114121213555,15.178966717794538,2.56054631061852,FW,0.3111111111111111,0.47644951649838024,-0.23300941230522254,0.08,,0.08888888888888889,0.11246056287652917,,,,,,,,,
2003,Willi Orban,hu HUN,DF,RB Leipzig,de Bundesliga,32.0,1992.0,33,33,2949.0,32.8,2.0,0.0,2,2,0,0,4,0,0.06,0.0,0.06,0.06,0.06,Matches,2,20,9,45.0,0.61,0.27,0.1,0.22,0,0,Matches,,,,,,,,,,,,,,,0.0,,,,,,Matches,,33,,,,,,,,,,,45,,,,Matches,,,,,,,,,,,,,,,,,,,,,Matches,willi orban,3.142488135956228,0.7130345124751329,3.142488135956228,16.448472633957863,15.863021917641165,DF,0.06097560975609757,0.09580756512061671,-0.03483195536451914,0.1,,0.0,0.021738857087656493,,,,,,,,,
2004,Christian Ordoñez,ar ARG,MF,Parma,it Serie A,21.0,2004.0,28,12,1091.0,12.1,1.0,0.0,1,1,0,0,5,1,0.08,0.0,0.08,0.08,0.08,Matches,1,10,2,20.0,0.82,0.16,0.1,0.5,0,0,Matches,,,,,,,,,,,,,,,0.0,,,,,,Matches,,13,,,,,,,,,,,9,,,,Matches,,,,,,,,,,,,,,,,,,,,,Matches,christian ordonez,0.449460974894464,0.2704525701701641,0.449460974894464,1.865325063467025,1.4926570681855085,MF,0.08264462809917356,0.03714553511524496,0.045499092983928596,0.1,,0.0,0.022351452080178854,,,,,,,,,
2007,Gaetano Oristanio,it ITA,"FW,MF",Parma,it Serie A,22.0,2002.0,20,8,859.0,9.5,1.0,0.0,1,1,0,0,1,0,0.1,0.0,0.1,0.1,0.1,Matches,1,24,4,16.7,2.51,0.42,0.04,0.25,0,0,Matches,,,,,,,,,,,,,,,0.0,,,,,,Matches,,6,,,,,,,,,,,2,,,,Matches,,,,,,,,,,,,,,,,,,,,,Matches,gaetano oristanio,2.3994482420384884,0.6013111472129822,2.3994482420384884,3.5321153216063976,0.7341090142726898,FW,0.10526315789473684,0.25257349916194616,-0.1473103412672093,0.04,,0.0,0.0632959102329455,,,,,,,,,
2008,Aimar Oroz,es ESP,"MF,FW",Osasuna,es La Liga,23.0,2001.0,31,26,2139.0,23.8,0.0,2.0,2,0,0,0,6,0,0.0,0.08,0.08,0.0,0.08,Matches,0,29,4,13.8,1.22,0.17,0.0,0.0,0,0,Matches,,,,,,,,,,,,,,,2.0,,,,,,Matches,,18,,,,,,,,,,,8,,,,Matches,,,,,,,,,,,,,,,,,,,,,Matches,aimar oroz,1.6443974245339632,3.740993956103921,1.6443974245339632,7.147825986146927,4.407638059929013,MF,0.0,0.06909232876193122,-0.06909232876193122,0.0,,0.08403361344537814,0.15718462000436642,,,,,,,,,
2009,Riccardo Orsolini,it ITA,"MF,FW",Bologna,it Serie A,28.0,1997.0,35,26,2111.0,23.5,10.0,1.0,11,6,4,6,2,0,0.43,0.04,0.47,0.26,0.3,Matches,10,82,31,37.8,3.5,1.32,0.12,0.32,4,6,Matches,,,,,,,,,,,,,,,1.0,,,,,,Matches,,15,,,,,,,,,,,7,,,,Matches,,,,,,,,,,,,,,,,,,,,,Matches,riccardo orsolini,10.890181131660938,1.7088488563895226,6.322388224303722,12.810560373589396,6.704501977190375,MF,0.425531914893617,0.2690377967788818,-0.03788004815578461,0.12,,0.0425531914893617,0.0727169726123201,,,,,,,,,
2011,Ángel Ortíz,es ESP,DF,Real Betis,es La Liga,21.0,2004.0,13,7,584.0,6.5,0.0,0.0,0,0,0,0,1,0,0.0,0.0,0.0,0.0,0.0,Matches,0,1,0,0.0,0.15,0.0,0.0,,0,0,Matches,,,,,,,,,,,,,,,0.0,,,,,,Matches,,19,,,,,,,,,,,1,,,,Matches,,,,,,,,,,,,,,,,,,,,,Matches,angel ortiz,0.0273902136832475,0.8803559150546789,0.0273902136832475,1.54257298912853,0.8120450833812356,DF,0.0,0.004213879028191923,-0.004213879028191923,0.0,,0.0,0.1354393715468737,,,,,,,,,
2014,Ibrahim Osman,gh GHA,"MF,FW",Auxerre,fr Ligue 1,20.0,2004.0,14,7,625.0,6.9,0.0,2.0,2,0,0,0,0,0,0.0,0.29,0.29,0.0,0.29,Matches,0,18,6,33.3,2.59,0.86,0.0,0.0,0,0,Matches,,,,,,,,,,,,,,,2.0,,,,,,Matches,,7,,,,,,,,,,,6,,,,Matches,,,,,,,,,,,,,,,,,,,,,Matches,ibrahim osman,1.9371187165379524,1.1821768693625927,1.9371187165379524,3.7771418634802094,1.6237635500729084,MF,0.0,0.28074184297651483,-0.28074184297651483,0.0,,0.2898550724637681,0.17132998106704242,,,,,,,,,
2016,Patrick Osterhage,de GER,MF,Freiburg,de Bundesliga,25.0,2000.0,20,13,1189.0,13.2,1.0,0.0,1,1,0,0,4,0,0.08,0.0,0.08,0.08,0.08,Matches,1,7,2,28.6,0.53,0.15,0.14,0.5,0,0,Matches,,,,,,,,,,,,,,,0.0,,,,,,Matches,,7,,,,,,,,,,,15,,,,Matches,,,,,,,,,,,,,,,,,,,,,Matches,patrick osterhage,1.2812672033905983,0.3329730369150638,1.2812672033905983,3.087803818285465,1.5657243579626083,MF,0.07575757575757576,0.09706569722656049,-0.021308121468984722,0.14,,0.0,0.025225230069323017,,,,,,,,,
2017,William Osula,dk DEN,FW,Newcastle,eng Premier League,21.0,2003.0,24,8,819.0,9.1,7.0,0.0,7,7,0,0,0,0,0.77,0.0,0.77,0.77,0.77,Matches,7,23,12,52.2,2.53,1.32,0.3,0.58,0,0,Matches,,,,,,,,,,,,,,,0.0,,,,,,Matches,,5,,,,,,,,,,,1,,,,Matches,,,,,,,,,,,,,,,,,,,,,Matches,william osula,4.915395822376013,0.4466546475887298,4.915395822376013,5.110440414398909,0.374596425332129,FW,0.7692307692307693,0.5401533870742872,0.22907738215648213,0.3,,0.0,0.049082928306453825,,,,,,,,,
2018,Philip Otele,ng NGA,"MF,FW",Hamburger SV,de Bundesliga,26.0,1999.0,9,7,471.0,5.2,1.0,1.0,2,1,0,0,3,1,0.19,0.19,0.38,0.19,0.38,Matches,1,7,3,42.9,1.34,0.57,0.14,0.33,0,0,Matches,,,,,,,,,,,,,,,1.0,,,,,,Matches,,2,,,,,,,,,,,3,,,,Matches,,,,,,,,,,,,,,,,,,,,,Matches,philip otele,1.006495863199234,0.961767042055726,1.006495863199234,2.0749266296625137,0.3153763115406036,MF,0.1923076923076923,0.19355689676908347,-0.0012492044613911554,0.14,,0.1923076923076923,0.18495520039533192,,,,,,,,,
2019,Sebastian Otoa,dk DEN,DF,Genoa,it Serie A,21.0,2004.0,13,9,829.0,9.2,0.0,0.0,0,0,0,0,1,0,0.0,0.0,0.0,0.0,0.0,Matches,0,3,2,66.7,0.33,0.22,0.0,0.0,0,0,Matches,,,,,,,,,,,,,,,0.0,,,,,,Matches,,10,,,,,,,,,,,9,,,,Matches,,,,,,,,,,,,,,,,,,,,,Matches,sebastian otoa,0.0836077127605676,0.0,0.0836077127605676,0.6104554273188114,0.6104554273188114,DF,0.0,0.009087794865279088,-0.009087794865279088,0.0,,0.0,0.0,,,,,,,,,
2020,Abdoul Ouattara,fr FRA,"MF,DF",Strasbourg,fr Ligue 1,19.0,2005.0,28,19,1768.0,19.6,2.0,0.0,2,2,0,0,2,0,0.1,0.0,0.1,0.1,0.1,Matches,2,27,11,40.7,1.37,0.56,0.07,0.18,0,0,Matches,,,,,,,,,,,,,,,0.0,,,,,,Matches,,13,,,,,,,,,,,20,,,,Matches,,,,,,,,,,,,,,,,,,,,,Matches,abdoul ouattara,2.817349845543504,1.7850391454994678,2.817349845543504,8.862127166241407,6.286148220300674,MF,0.1020408163265306,0.14374233905834205,-0.041701522731811436,0.07,,0.0,0.09107342579078917,,,,,,,,,
2021,Dango Ouattara,bf BFA,MF,Brentford,eng Premier League,23.0,2002.0,32,25,2276.0,25.3,7.0,3.0,10,7,0,0,5,0,0.28,0.12,0.4,0.28,0.4,Matches,7,56,20,35.7,2.21,0.79,0.13,0.35,0,0,Matches,,,,,,,,,,,,,,,3.0,,,,,,Matches,,14,,,,,,,,,,,24,,,,Matches,,,,,,,,,,,,,,,,,,,,,Matches,dango ouattara,8.694322310388088,5.863189795985818,8.694322310388088,13.248472003266215,2.525791243650019,MF,0.2766798418972332,0.3436491031773948,-0.06696926128016159,0.13,,0.11857707509881422,0.23174663225240386,,,,,,,,,
2022,Kassoum Ouattara,fr FRA,"MF,DF",Monaco,fr Ligue 1,20.0,2004.0,15,12,967.0,10.7,0.0,3.0,3,0,0,0,3,0,0.0,0.28,0.28,0.0,0.28,Matches,0,12,0,0.0,1.12,0.0,0.0,,0,0,Matches,,,,,,,,,,,,,,,3.0,,,,,,Matches,,19,,,,,,,,,,,19,,,,Matches,,,,,,,,,,,,,,,,,,,,,Matches,kassoum ouattara,1.185075655579567,2.7024725899100304,1.185075655579567,7.205395624041557,4.093011476099491,MF,0.0,0.11075473416631468,-0.11075473416631468,0.0,,0.28037383177570097,0.2525675317672926,,,,,,,,,
2023,Assan Ouédraogo,de GER,MF,RB Leipzig,de Bundesliga,19.0,2006.0,19,13,948.0,10.5,4.0,3.0,7,4,0,0,0,0,0.38,0.28,0.66,0.38,0.66,Matches,4,27,13,48.1,2.56,1.23,0.15,0.31,0,0,Matches,,,,,,,,,,,,,,,3.0,,,,,,Matches,,6,,,,,,,,,,,3,,,,Matches,,,,,,,,,,,,,,,,,,,,,Matches,assan ouedraogo,2.8071718588471413,3.0103504192084074,2.8071718588471413,8.333011165261269,5.714822366833687,MF,0.38095238095238093,0.26734970084258486,0.11360268010979607,0.15,,0.2857142857142857,0.28670003992461024,,,,,,,,,
2025,Azzedine Ounahi,ma MAR,MF,Girona,es La Liga,25.0,2000.0,24,20,1760.0,19.6,5.0,2.0,7,4,1,1,6,0,0.26,0.1,0.36,0.2,0.31,Matches,5,51,19,37.3,2.61,0.97,0.1,0.26,1,1,Matches,,,,,,,,,,,,,,,2.0,,,,,,Matches,,15,,,,,,,,,,,16,,,,Matches,,,,,,,,,,,,,,,,,,,,,Matches,azzedine ounahi,3.850151646882296,5.440476134419441,3.106873992830515,13.077412985265257,8.065416779369116,MF,0.25510204081632654,0.15851397922604668,0.058665732301923665,0.1,,0.1020408163265306,0.2775753129805837,,,,,,,,,
2026,Elisha Owusu,gh GHA,MF,Auxerre,fr Ligue 1,27.0,1997.0,29,27,2344.0,26.0,0.0,0.0,0,0,0,0,7,0,0.0,0.0,0.0,0.0,0.0,Matches,0,7,0,0.0,0.27,0.0,0.0,,0,0,Matches,,,,,,,,,,,,,,,0.0,,,,,,Matches,,51,,,,,,,,,,,21,,,,Matches,,,,,,,,,,,,,,,,,,,,,Matches,elisha owusu,0.1431004349142313,1.0085062738507986,0.1431004349142313,5.528114141896367,4.889742797240615,MF,0.0,0.005503862881316588,-0.005503862881316588,0.0,,0.0,0.03878870284041533,,,,,,,,,
2027,Mikel Oyarzabal,es ESP,FW,Real Sociedad,es La Liga,28.0,1997.0,34,30,2710.0,30.1,15.0,4.0,19,8,7,7,3,0,0.5,0.13,0.63,0.27,0.4,Matches,15,79,36,45.6,2.62,1.2,0.19,0.42,7,7,Matches,,,,,,,,,,,,,,,4.0,,,,,,Matches,,20,,,,,,,,,,,5,,,,Matches,,,,,,,,,,,,,,,,,,,,,Matches,mikel oyarzabal,16.028234442695975,5.957455115392804,10.825419073924422,20.298587683588263,6.757064882665873,FW,0.4983388704318937,0.3596484742167582,-0.034160612714152,0.19,,0.13289036544850497,0.1979220968569038,,,,,,,,,
2029,Daniel Oyegoke,eng ENG,"MF,DF",Hellas Verona,it Serie A,22.0,2003.0,15,8,594.0,6.6,0.0,0.0,0,0,0,0,2,0,0.0,0.0,0.0,0.0,0.0,Matches,0,3,1,33.3,0.45,0.15,0.0,0.0,0,0,Matches,,,,,,,,,,,,,,,0.0,,,,,,Matches,,9,,,,,,,,,,,7,,,,Matches,,,,,,,,,,,,,,,,,,,,,Matches,daniel oyegoke,0.0767354145646095,0.1063853856176137,0.0767354145646095,0.7224132418632507,0.5699822846800089,MF,0.0,0.011626577964334773,-0.011626577964334773,0.0,,0.0,0.01611899782085056,,,,,,,,,
2031,Berke Özer,tr TUR,GK,Lille,fr Ligue 1,25.0,2000.0,32,32,2834.0,31.5,0.0,1.0,1,0,0,0,5,0,0.0,0.03,0.03,0.0,0.03,Matches,0,0,0,,0.0,0.0,,,0,0,Matches,,,,,,,,,,,,,,,1.0,,,,,,Matches,,2,,,,,,,,,,,0,,,,Matches,,,,,,,,,,,,,,,,,,,,,Matches,berke ozer,0.0,0.082175962626934,0.0,6.718440880998969,6.654093122109771,GK,,,,,,,,,,,,,,,,
2032,Cenk Özkacar,tr TUR,DF,Köln,de Bundesliga,24.0,2000.0,25,20,1791.0,19.9,0.0,0.0,0,0,0,0,2,0,0.0,0.0,0.0,0.0,0.0,Matches,0,11,4,36.4,0.55,0.2,0.0,0.0,0,0,Matches,,,,,,,,,,,,,,,0.0,,,,,,Matches,,26,,,,,,,,,,,24,,,,Matches,,,,,,,,,,,,,,,,,,,,,Matches,cenk ozkacar,1.0993556138128042,0.2053632773458957,1.0993556138128042,4.010641107335687,3.955500142648816,DF,0.0,0.05524400069411077,-0.05524400069411077,0.0,,0.0,0.010319762680698277,,,,,,,,,
2033,Pablo,br BRA,"MF,FW",West Ham,eng Premier League,21.0,2004.0,14,10,823.0,9.1,0.0,1.0,1,0,0,0,0,0,0.0,0.11,0.11,0.0,0.11,Matches,0,12,3,25.0,1.31,0.33,0.0,0.0,0,0,Matches,,,,,,,,,,,,,,,1.0,,,,,,Matches,,14,,,,,,,,,,,5,,,,Matches,,,,,,,,,,,,,,,,,,,,,Matches,pablo,1.4234614558517933,1.2927714316174388,1.4234614558517933,3.4716053334996104,0.811785725876689,MF,0.0,0.1564243358078894,-0.1564243358078894,0.0,,0.10989010989010989,0.14206279468323504,,,,,,,,,
2034,Jon Pacheco,es ESP,DF,Alavés,es La Liga,24.0,2001.0,22,20,1735.0,19.3,0.0,0.0,0,0,0,0,5,1,0.0,0.0,0.0,0.0,0.0,Matches,0,4,1,25.0,0.21,0.05,0.0,0.0,0,0,Matches,,,,,,,,,,,,,,,0.0,,,,,,Matches,,16,,,,,,,,,,,11,,,,Matches,,,,,,,,,,,,,,,,,,,,,Matches,jon pacheco,0.2430377919226884,0.7593822702765465,0.2430377919226884,1.9814191441982985,1.834160102531314,DF,0.0,0.012592631705838776,-0.012592631705838776,0.0,,0.0,0.03934623162054645,,,,,,,,,
2035,Willian Pacho,ec ECU,DF,PSG,fr Ligue 1,23.0,2001.0,23,21,1914.0,21.3,0.0,0.0,0,0,0,0,0,0,0.0,0.0,0.0,0.0,0.0,Matches,0,8,1,12.5,0.38,0.05,0.0,0.0,0,0,Matches,,,,,,,,,,,,,,,0.0,,,,,,Matches,,26,,,,,,,,,,,26,,,,Matches,,,,,,,,,,,,,,,,,,,,,Matches,willian pacho,,,,,,DF,0.0,,,0.0,,0.0,,,,,,,,,,
2039,Pablo Pagis,fr FRA,"MF,FW",Lorient,fr Ligue 1,22.0,2002.0,28,22,1756.0,19.5,10.0,5.0,15,8,2,2,1,0,0.51,0.26,0.77,0.41,0.67,Matches,10,59,19,32.2,3.02,0.97,0.17,0.53,2,2,Matches,,,,,,,,,,,,,,,5.0,,,,,,Matches,,17,,,,,,,,,,,18,,,,Matches,,,,,,,,,,,,,,,,,,,,,Matches,pablo pagis,7.786515640094876,4.751152578741312,6.266325371339917,10.172008087858558,2.895855251699686,MF,0.5128205128205128,0.3213500190430727,0.11351201845667301,0.17,,0.2564102564102564,0.24364885019186217,,,,,,,,,
2040,Igor Paixão,br BRA,MF,Marseille,fr Ligue 1,25.0,2000.0,30,22,1975.0,21.9,6.0,5.0,11,6,0,0,3,0,0.27,0.23,0.5,0.27,0.5,Matches,6,57,23,40.4,2.6,1.05,0.11,0.26,0,0,Matches,,,,,,,,,,,,,,,5.0,,,,,,Matches,,12,,,,,,,,,,,17,,,,Matches,,,,,,,,,,,,,,,,,,,,,Matches,igor paixao,5.585691841319203,2.523950425907969,5.585691841319203,13.25075446255505,7.190278485417366,MF,0.27397260273972607,0.25505442197804584,0.01891818076168021,0.11,,0.22831050228310504,0.11524887789534106,,,,,,,,,
2042,Exequiel Palacios,ar ARG,MF,Leverkusen,de Bundesliga,26.0,1998.0,18,12,1099.0,12.2,0.0,1.0,1,0,0,0,3,0,0.0,0.08,0.08,0.0,0.08,Matches,0,10,2,20.0,0.82,0.16,0.0,0.0,0,0,Matches,,,,,,,,,,,,,,,1.0,,,,,,Matches,,9,,,,,,,,,,,10,,,,Matches,,,,,,,,,,,,,,,,,,,,,Matches,exequiel palacios,0.439077272079885,1.3159740213304758,0.439077272079885,7.690991470590234,7.098266148939729,MF,0.0,0.035989940334416805,-0.035989940334416805,0.0,,0.0819672131147541,0.10786672305987507,,,,,,,,,
2043,Isaac Palazón Camacho,es ESP,"MF,FW",Rayo Vallecano,es La Liga,30.0,1994.0,31,27,2248.0,25.0,3.0,3.0,6,1,2,3,10,1,0.12,0.12,0.24,0.04,0.16,Matches,3,52,15,28.8,2.08,0.6,0.06,0.2,2,3,Matches,,,,,,,,,,,,,,,3.0,,,,,,Matches,,12,,,,,,,,,,,3,,,,Matches,,,,,,,,,,,,,,,,,,,,,Matches,isaac palazon camacho,,,,,,MF,0.12,,,0.06,,0.12,,,,,,,,,,
2044,Alberto Paleari,it ITA,GK,Torino,it Serie A,32.0,1992.0,29,29,2610.0,29.0,0.0,0.0,0,0,0,0,1,0,0.0,0.0,0.0,0.0,0.0,Matches,0,0,0,,0.0,0.0,,,0,0,Matches,,,,,,,,,,,,,,,0.0,,,,,,Matches,,0,,,,,,,,,,,1,,,,Matches,,,,,,,,,,,,,,,,,,,,,Matches,alberto paleari,0.0,0.0,0.0,1.6753552202135324,1.6753552202135324,GK,,,,,,,,,,,,,,,,
2045,Marco Palestra,it ITA,"MF,DF",Cagliari,it Serie A,20.0,2005.0,37,34,3081.0,34.2,1.0,4.0,5,1,0,0,3,0,0.03,0.12,0.15,0.03,0.15,Matches,1,29,7,24.1,0.85,0.2,0.03,0.14,0,0,Matches,,,,,,,,,,,,,,,4.0,,,,,,Matches,,35,,,,,,,,,,,19,,,,Matches,,,,,,,,,,,,,,,,,,,,,Matches,marco palestra,1.6532281721010804,4.397553648799658,1.6532281721010804,8.444047356024384,3.87338453065604,MF,0.029239766081871343,0.04834000503219533,-0.019100238950323988,0.03,,0.11695906432748537,0.1285834400233818,,,,,,,,,
2046,João Palhinha,pt POR,MF,Tottenham,eng Premier League,30.0,1995.0,33,23,2198.0,24.4,5.0,2.0,7,5,0,0,8,0,0.2,0.08,0.29,0.2,0.29,Matches,5,33,9,27.3,1.35,0.37,0.15,0.56,0,0,Matches,,,,,,,,,,,,,,,2.0,,,,,,Matches,,61,,,,,,,,,,,28,,,,Matches,,,,,,,,,,,,,,,,,,,,,Matches,joao palhinha,3.407368754968047,0.7690385403111577,3.407368754968047,4.779836506582797,3.304838733747601,MF,0.20491803278688525,0.13964626044951015,0.06527177233737512,0.15,,0.0819672131147541,0.03151797296357204,,,,,,,,,
2048,Cole Palmer,eng ENG,MF,Chelsea,eng Premier League,23.0,2002.0,26,24,1955.0,21.7,10.0,1.0,11,5,5,6,5,0,0.46,0.05,0.51,0.23,0.28,Matches,10,64,25,39.1,2.95,1.15,0.16,0.4,5,6,Matches,,,,,,,,,,,,,,,1.0,,,,,,Matches,,12,,,,,,,,,,,13,,,,Matches,,,,,,,,,,,,,,,,,,,,,Matches,cole palmer,10.257518742233517,2.123134629800916,5.69050582125783,16.862019807100296,10.53817812167108,MF,0.4608294930875576,0.26223529130220413,-0.011867223144401685,0.16,,0.04608294930875576,0.09784030552077955,,,,,,,,,
2049,Emerson Palmieri,it ITA,"DF,MF",Marseille,fr Ligue 1,30.0,1994.0,28,23,2114.0,23.5,0.0,3.0,3,0,0,0,3,0,0.0,0.13,0.13,0.0,0.13,Matches,0,15,2,13.3,0.64,0.09,0.0,0.0,0,0,Matches,,,,,,,,,,,,,,,3.0,,,,,,Matches,,32,,,,,,,,,,,33,,,,Matches,,,,,,,,,,,,,,,,,,,,,Matches,emerson palmieri,0.5063266586512327,5.679353667423129,0.5063266586512327,14.778152668848634,12.660715032368898,DF,0.0,0.021545815261754583,-0.021545815261754583,0.0,,0.1276595744680851,0.24167462414566507,,,,,,,,,
2050,Diego Pampín,es ESP,DF,Levante,es La Liga,25.0,2000.0,8,6,534.0,5.9,0.0,0.0,0,0,0,0,3,0,0.0,0.0,0.0,0.0,0.0,Matches,0,3,0,0.0,0.51,0.0,0.0,,0,0,Matches,,,,,,,,,,,,,,,0.0,,,,,,Matches,,5,,,,,,,,,,,5,,,,Matches,,,,,,,,,,,,,,,,,,,,,Matches,diego pampin,0.1348268613219261,0.1039556264877319,0.1348268613219261,1.497636705636978,1.25885421782732,DF,0.0,0.022852010393546795,-0.022852010393546795,0.0,,0.0,0.017619597709785068,,,,,,,,,
2052,Joaquín Panichelli,ar ARG,FW,Strasbourg,fr Ligue 1,22.0,2002.0,27,24,2193.0,24.4,16.0,1.0,17,11,5,6,3,0,0.66,0.04,0.7,0.45,0.49,Matches,16,58,31,53.4,2.38,1.27,0.28,0.52,5,6,Matches,,,,,,,,,,,,,,,1.0,,,,,,Matches,,10,,,,,,,,,,,13,,,,Matches,,,,,,,,,,,,,,,,,,,,,Matches,joaquin panichelli,14.715991329401731,2.9524750281125307,10.155420538038015,14.645621437579392,3.873768337070942,FW,0.6557377049180328,0.4162057597556564,0.05262330617206019,0.28,,0.04098360655737705,0.12100307492264471,,,,,,,,,
2054,Lucas Paquetá,br BRA,"MF,FW",West Ham,eng Premier League,27.0,1997.0,18,18,1511.0,16.8,4.0,1.0,5,2,2,2,7,1,0.24,0.06,0.3,0.12,0.18,Matches,4,23,11,47.8,1.37,0.66,0.17,0.36,2,2,Matches,,,,,,,,,,,,,,,1.0,,,,,,Matches,,22,,,,,,,,,,,7,,,,Matches,,,,,,,,,,,,,,,,,,,,,Matches,lucas paqueta,2.440835335291922,3.011969303712249,0.9184976601973176,4.265645559877157,1.5286574847996235,MF,0.23809523809523808,0.054672479773649856,0.09280742051833797,0.17,,0.05952380952380952,0.1792838871257291,,,,,,,,,
2055,Victor Parada,es ESP,DF,Alavés,es La Liga,23.0,2002.0,30,25,2146.0,23.8,0.0,3.0,3,0,0,0,9,1,0.0,0.13,0.13,0.0,0.13,Matches,0,12,3,25.0,0.5,0.13,0.0,0.0,0,0,Matches,,,,,,,,,,,,,,,3.0,,,,,,Matches,,14,,,,,,,,,,,9,,,,Matches,,,,,,,,,,,,,,,,,,,,,Matches,victor parada,1.8650571862235663,2.3767000967636704,1.8650571862235663,8.099021699279547,6.922715965658426,DF,0.0,0.07836374732031791,-0.07836374732031791,0.0,,0.12605042016806722,0.09986134860351556,,,,,,,,,
2056,Aitor Paredes,es ESP,DF,Athletic Club,es La Liga,25.0,2000.0,19,18,1630.0,18.1,2.0,0.0,2,2,0,0,4,0,0.11,0.0,0.11,0.11,0.11,Matches,2,13,4,30.8,0.72,0.22,0.15,0.5,0,0,Matches,,,,,,,,,,,,,,,0.0,,,,,,Matches,,12,,,,,,,,,,,26,,,,Matches,,,,,,,,,,,,,,,,,,,,,Matches,aitor paredes,1.4780013747513294,0.7596744522452354,1.4780013747513294,4.101825453341007,3.928419820964336,DF,0.11049723756906077,0.08165753451664803,0.028839703052412735,0.15,,0.0,0.041970964212443944,,,,,,,,,
2058,Daniel Parejo,es ESP,MF,Villarreal,es La Liga,36.0,1989.0,32,16,1392.0,15.5,1.0,0.0,1,0,1,1,3,0,0.06,0.0,0.06,0.0,0.0,Matches,1,3,1,33.3,0.19,0.06,0.33,1.0,1,1,Matches,,,,,,,,,,,,,,,0.0,,,,,,Matches,,29,,,,,,,,,,,14,,,,Matches,,,,,,,,,,,,,,,,,,,,,Matches,daniel parejo,0.8934992030262947,1.7723483508452773,0.1502215936779976,7.067310675978661,6.175191489979625,MF,0.06451612903225806,0.009691715721161134,0.00687101915959389,0.33,,0.0,0.1143450548932437,,,,,,,,,
2059,Fabiano Parisi,it ITA,"MF,FW",Fiorentina,it Serie A,24.0,2000.0,23,18,1520.0,16.9,1.0,1.0,2,1,0,0,6,0,0.06,0.06,0.12,0.06,0.12,Matches,1,24,7,29.2,1.42,0.41,0.04,0.14,0,0,Matches,,,,,,,,,,,,,,,1.0,,,,,,Matches,,14,,,,,,,,,,,17,,,,Matches,,,,,,,,,,,,,,,,,,,,,Matches,fabiano parisi,1.3022431200370193,1.918891154229641,1.3022431200370193,6.788167456164956,4.464465705677867,MF,0.0591715976331361,0.07705580591935025,-0.01788420828621416,0.04,,0.0591715976331361,0.11354385527986043,,,,,,,,,
2060,Thomas Partey,gh GHA,MF,Villarreal,es La Liga,32.0,1993.0,25,8,934.0,10.4,0.0,0.0,0,0,0,0,1,0,0.0,0.0,0.0,0.0,0.0,Matches,0,11,2,18.2,1.06,0.19,0.0,0.0,0,0,Matches,,,,,,,,,,,,,,,0.0,,,,,,Matches,,6,,,,,,,,,,,13,,,,Matches,,,,,,,,,,,,,,,,,,,,,Matches,thomas partey,0.5110291205346584,0.3267965614795685,0.5110291205346584,3.928447524085641,3.3953940495848656,MF,0.0,0.049137415436024845,-0.049137415436024845,0.0,,0.0,0.03142274629611235,,,,,,,,,
2061,Mario Pašalić,hr CRO,MF,Atalanta,it Serie A,30.0,1995.0,33,21,1936.0,21.5,3.0,4.0,7,3,0,0,3,0,0.14,0.19,0.33,0.14,0.33,Matches,3,24,6,25.0,1.12,0.28,0.13,0.5,0,0,Matches,,,,,,,,,,,,,,,4.0,,,,,,Matches,,18,,,,,,,,,,,13,,,,Matches,,,,,,,,,,,,,,,,,,,,,Matches,mario pasalic,3.4538544081151485,6.249310817569494,3.4538544081151485,16.428963288664818,10.395109225064516,MF,0.13953488372093023,0.16064439107512318,-0.021109507354192956,0.13,,0.18604651162790697,0.29066561942183694,,,,,,,,,
2062,Patric,es ESP,"MF,DF",Lazio,it Serie A,32.0,1993.0,14,6,667.0,7.4,0.0,0.0,0,0,0,0,2,0,0.0,0.0,0.0,0.0,0.0,Matches,0,5,0,0.0,0.67,0.0,0.0,,0,0,Matches,,,,,,,,,,,,,,,0.0,,,,,,Matches,,0,,,,,,,,,,,3,,,,Matches,,,,,,,,,,,,,,,,,,,,,Matches,patric,0.2267721910029649,0.3094649985432625,0.2267721910029649,2.157246741466224,2.0457299454137683,MF,0.0,0.030644890676076335,-0.030644890676076335,0.0,,0.0,0.04181959439773817,,,,,,,,,
2064,Benjamin Pavard,fr FRA,DF,Marseille,fr Ligue 1,29.0,1996.0,27,22,1928.0,21.4,1.0,2.0,3,1,0,0,6,0,0.05,0.09,0.14,0.05,0.14,Matches,1,11,3,27.3,0.51,0.14,0.09,0.33,0,0,Matches,,,,,,,,,,,,,,,2.0,,,,,,Matches,,12,,,,,,,,,,,24,,,,Matches,,,,,,,,,,,,,,,,,,,,,Matches,benjamin pavard,0.046149093657732,0.0267517808824777,0.046149093657732,0.6803727149963379,0.6803727149963379,DF,0.04672897196261683,0.0021564997036323365,0.04457247225898449,0.09,,0.09345794392523366,0.0012500832188073693,,,,,,,,,
2066,Aleksandar Pavlovic,de GER,MF,Bayern Munich,de Bundesliga,21.0,2004.0,24,16,1462.0,16.2,3.0,1.0,4,3,0,0,2,0,0.18,0.06,0.25,0.18,0.25,Matches,3,10,5,50.0,0.62,0.31,0.3,0.6,0,0,Matches,,,,,,,,,,,,,,,1.0,,,,,,Matches,,15,,,,,,,,,,,13,,,,Matches,,,,,,,,,,,,,,,,,,,,,Matches,aleksandar pavlovic,1.549274168908596,1.9520273748785253,1.549274168908596,14.45808819681406,12.501133061945438,MF,0.1851851851851852,0.09563420795732075,0.08955097722786444,0.3,,0.0617283950617284,0.1204955169678102,,,,,,,,,
2067,Strahinja Pavlović,rs SRB,DF,Milan,it Serie A,24.0,2001.0,34,33,2869.0,31.9,5.0,1.0,6,5,0,0,4,0,0.16,0.03,0.19,0.16,0.19,Matches,5,26,6,23.1,0.82,0.19,0.19,0.83,0,0,Matches,,,,,,,,,,,,,,,1.0,,,,,,Matches,,26,,,,,,,,,,,20,,,,Matches,,,,,,,,,,,,,,,,,,,,,Matches,strahinja pavlovic,3.910906858742237,0.7155323065817356,3.910906858742237,12.916616784408689,10.892403895035386,DF,0.15673981191222572,0.12259896108909835,0.034140850823127365,0.19,,0.031347962382445145,0.022430479830148453,,,,,,,,,
2069,Martín Payero,ar ARG,MF,Cremonese,it Serie A,26.0,1998.0,25,16,1457.0,16.2,1.0,0.0,1,1,0,0,8,0,0.06,0.0,0.06,0.06,0.06,Matches,1,23,8,34.8,1.42,0.49,0.04,0.13,0,0,Matches,,,,,,,,,,,,,,,0.0,,,,,,Matches,,9,,,,,,,,,,,10,,,,Matches,,,,,,,,,,,,,,,,,,,,,Matches,martin payero,1.4321895614266396,0.5584035962820053,1.4321895614266396,3.3215508349239826,2.247837715782225,MF,0.0617283950617284,0.08840676305102714,-0.026678367989298738,0.04,,0.0,0.034469357795185514,,,,,,,,,
2070,Nicolás Paz,ar ARG,MF,Como,it Serie A,20.0,2004.0,35,33,2878.0,32.0,12.0,6.0,18,12,0,2,5,0,0.38,0.19,0.56,0.38,0.56,Matches,12,121,48,39.7,3.78,1.5,0.1,0.25,0,2,Matches,,,,,,,,,,,,,,,6.0,,,,,,Matches,,56,,,,,,,,,,,27,,,,Matches,,,,,,,,,,,,,,,,,,,,,Matches,nicolas paz,8.902074420824647,7.032759159803391,7.379476809874177,19.75359764881432,8.872835339978337,MF,0.375,0.23060865030856803,0.09681017434922978,0.1,,0.1875,0.21977372374385598,,,,,,,,,
2073,Marcus Pedersen,no NOR,"MF,DF",Torino,it Serie A,25.0,2000.0,29,23,2134.0,23.7,1.0,2.0,3,1,0,0,3,0,0.04,0.08,0.13,0.04,0.13,Matches,1,15,3,20.0,0.63,0.13,0.07,0.33,0,0,Matches,,,,,,,,,,,,,,,2.0,,,,,,Matches,,14,,,,,,,,,,,10,,,,Matches,,,,,,,,,,,,,,,,,,,,,Matches,marcus pedersen,1.6248117666691542,2.887870935723185,1.6248117666691542,8.29255704022944,4.022757038474083,MF,0.04219409282700422,0.06855745850924701,-0.026363365682242793,0.07,,0.08438818565400844,0.12185109433431161,,,,,,,,,
2074,Alfonso Pedraza,es ESP,DF,Villarreal,es La Liga,29.0,1996.0,27,19,1689.0,18.8,1.0,3.0,4,1,0,0,8,0,0.05,0.16,0.21,0.05,0.21,Matches,1,11,3,27.3,0.59,0.16,0.09,0.33,0,0,Matches,,,,,,,,,,,,,,,3.0,,,,,,Matches,,31,,,,,,,,,,,29,,,,Matches,,,,,,,,,,,,,,,,,,,,,Matches,alfonso pedraza,1.2216445626690984,4.221796698868275,1.2216445626690984,7.652054479345679,4.4062813855707645,DF,0.05319148936170213,0.06498109375899459,-0.011789604397292467,0.09,,0.15957446808510636,0.22456365419512098,,,,,,,,,
2075,Pedri,es ESP,MF,Barcelona,es La Liga,22.0,2002.0,29,23,2104.0,23.4,2.0,9.0,11,2,0,0,2,1,0.09,0.38,0.47,0.09,0.47,Matches,2,21,10,47.6,0.9,0.43,0.1,0.2,0,0,Matches,,,,,,,,,,,,,,,9.0,,,,,,Matches,,33,,,,,,,,,,,24,,,,Matches,,,,,,,,,,,,,,,,,,,,,Matches,pedri,2.386106515303254,5.947577686980367,2.386106515303254,25.240147041156888,19.385015258565545,MF,0.08547008547008547,0.10197036390184848,-0.016500278431762997,0.1,,0.38461538461538464,0.2541699866230926,,,,,,,,,
2076,Pedro,es ESP,"FW,MF",Lazio,it Serie A,38.0,1987.0,29,9,982.0,10.9,5.0,2.0,7,3,2,2,4,0,0.46,0.18,0.64,0.27,0.46,Matches,5,22,11,50.0,2.02,1.01,0.23,0.45,2,2,Matches,,,,,,,,,,,,,,,2.0,,,,,,Matches,,6,,,,,,,,,,,4,,,,Matches,,,,,,,,,,,,,,,,,,,,,Matches,pedro,2.253662777133286,2.8057295260950923,0.7310651587322354,3.6938994862139225,1.6364152282476423,FW,0.4587155963302752,0.06707019804882894,0.25195754338226733,0.23,,0.18348623853211007,0.25740637854083415,,,,,,,,,
2077,Zé Pedro Figueiredo,pt POR,DF,Cagliari,it Serie A,28.0,1997.0,23,20,1699.0,18.9,0.0,1.0,1,0,0,0,6,0,0.0,0.05,0.05,0.0,0.05,Matches,0,7,0,0.0,0.37,0.0,0.0,,0,0,Matches,,,,,,,,,,,,,,,1.0,,,,,,Matches,,18,,,,,,,,,,,20,,,,Matches,,,,,,,,,,,,,,,,,,,,,Matches,ze pedro figueiredo,0.7449751049280167,0.4578208215534687,0.7449751049280167,3.503966052085161,3.028582524508238,DF,0.0,0.039416672218413586,-0.039416672218413586,0.0,,0.052910052910052914,0.024223323891717923,,,,,,,,,
2078,Adrià Pedrosa,es ESP,"DF,MF",Elche,es La Liga,27.0,1998.0,26,8,1090.0,12.1,1.0,1.0,2,1,0,0,4,0,0.08,0.08,0.17,0.08,0.17,Matches,1,12,3,25.0,0.99,0.25,0.08,0.33,0,0,Matches,,,,,,,,,,,,,,,1.0,,,,,,Matches,,19,,,,,,,,,,,16,,,,Matches,,,,,,,,,,,,,,,,,,,,,Matches,adria pedrosa,0.9618624746799468,1.571348423603922,0.9618624746799468,4.787631997838616,2.7506841495633125,DF,0.08264462809917356,0.07949276650247494,0.0031518615966986126,0.08,,0.08264462809917356,0.12986350608296876,,,,,,,,,
2080,Dženan Pejčinović,de GER,FW,Wolfsburg,de Bundesliga,20.0,2005.0,30,16,1460.0,16.2,8.0,0.0,8,8,0,0,1,0,0.49,0.0,0.49,0.49,0.49,Matches,8,51,23,45.1,3.14,1.42,0.16,0.35,0,0,Matches,,,,,,,,,,,,,,,0.0,,,,,,Matches,,9,,,,,,,,,,,5,,,,Matches,,,,,,,,,,,,,,,,,,,,,Matches,dzenan pejcinovic,8.291429496370256,1.645487703382969,8.291429496370256,9.861923123709856,1.750562708824873,FW,0.4938271604938272,0.5118166355784108,-0.017989475084583702,0.16,,0.0,0.10157331502364006,,,,,,,,,
2081,Lorenzo Pellegrini,it ITA,MF,Roma,it Serie A,29.0,1996.0,24,20,1463.0,16.3,4.0,2.0,6,2,2,2,2,0,0.25,0.12,0.37,0.12,0.25,Matches,4,32,12,37.5,1.97,0.74,0.13,0.33,2,2,Matches,,,,,,,,,,,,,,,2.0,,,,,,Matches,,5,,,,,,,,,,,15,,,,Matches,,,,,,,,,,,,,,,,,,,,,Matches,lorenzo pellegrini,4.77526899240911,2.9984955824911594,3.2526713106781244,7.576448664069176,4.90537278726697,MF,0.24539877300613497,0.19955038715816714,-0.04756251487172454,0.13,,0.12269938650306748,0.1839567842019116,,,,,,,,,
2082,Luca Pellegrini,it ITA,DF,Lazio,it Serie A,26.0,1999.0,24,17,1469.0,16.3,1.0,0.0,1,1,0,0,8,0,0.06,0.0,0.06,0.06,0.06,Matches,1,7,5,71.4,0.43,0.31,0.14,0.2,0,0,Matches,,,,,,,,,,,,,,,0.0,,,,,,Matches,,15,,,,,,,,,,,17,,,,Matches,,,,,,,,,,,,,,,,,,,,,Matches,luca pellegrini,0.6440801462158561,0.8312388863414526,0.6440801462158561,4.429873023182154,3.751665808260441,DF,0.06134969325153374,0.03951411939974577,0.02183557385178797,0.14,,0.0,0.05099625069579464,,,,,,,,,
2083,Mateo Pellegrino,ar ARG,FW,Parma,it Serie A,24.0,2001.0,37,34,2984.0,33.2,9.0,1.0,10,8,1,1,5,0,0.27,0.03,0.3,0.24,0.27,Matches,9,73,22,30.1,2.2,0.66,0.12,0.41,1,1,Matches,,,,,,,,,,,,,,,1.0,,,,,,Matches,,10,,,,,,,,,,,4,,,,Matches,,,,,,,,,,,,,,,,,,,,,Matches,mateo pellegrino,9.909808543510737,2.1411109482869506,9.148509708233178,11.22907519992441,2.2242126809433103,FW,0.2710843373493976,0.2755575213323246,-0.027403871792492072,0.12,,0.03012048192771084,0.06449129362310091,,,,,,,,,
2086,Iñaki Peña,es ESP,GK,Elche,es La Liga,26.0,1999.0,16,16,1440.0,16.0,0.0,0.0,0,0,0,0,0,0,0.0,0.0,0.0,0.0,0.0,Matches,0,0,0,,0.0,0.0,,,0,0,Matches,,,,,,,,,,,,,,,0.0,,,,,,Matches,,0,,,,,,,,,,,0,,,,Matches,,,,,,,,,,,,,,,,,,,,,Matches,inaki pena,0.0,0.4040794968605041,0.0,3.897747155278921,3.5779708586633205,GK,,,,,,,,,,,,,,,,
2087,Mike Penders,be BEL,GK,Strasbourg,fr Ligue 1,20.0,2005.0,33,33,2970.0,33.0,0.0,0.0,0,0,0,0,3,0,0.0,0.0,0.0,0.0,0.0,Matches,0,0,0,,0.0,0.0,,,0,0,Matches,,,,,,,,,,,,,,,0.0,,,,,,Matches,,0,,,,,,,,,,,0,,,,Matches,,,,,,,,,,,,,,,,,,,,,Matches,mike penders,0.0,0.0,0.0,6.352632600814104,6.352632600814104,GK,,,,,,,,,,,,,,,,
2088,Nicolas Pépé,ci CIV,"MF,FW",Villarreal,es La Liga,30.0,1995.0,36,26,2393.0,26.6,8.0,8.0,16,7,1,1,4,0,0.3,0.3,0.6,0.26,0.56,Matches,8,63,25,39.7,2.37,0.94,0.13,0.32,1,1,Matches,,,,,,,,,,,,,,,8.0,,,,,,Matches,,21,,,,,,,,,,,15,,,,Matches,,,,,,,,,,,,,,,,,,,,,Matches,nicolas pepe,9.80356877669692,8.080096108838916,8.317013502120972,21.613017408177257,7.798260133713484,MF,0.3007518796992481,0.3126696805308636,-0.06780333746980903,0.13,,0.3007518796992481,0.3037630116104855,,,,,,,,,
2089,Kojo Peprah Oppong,gh GHA,DF,Nice,fr Ligue 1,21.0,2004.0,29,28,2425.0,26.9,1.0,0.0,1,1,0,0,4,0,0.04,0.0,0.04,0.04,0.04,Matches,1,10,3,30.0,0.37,0.11,0.1,0.33,0,0,Matches,,,,,,,,,,,,,,,0.0,,,,,,Matches,,28,,,,,,,,,,,30,,,,Matches,,,,,,,,,,,,,,,,,,,,,Matches,kojo peprah oppong,1.3100588582456112,0.5910270726308227,1.3100588582456112,6.248266958631575,5.50323548540473,DF,0.03717472118959108,0.04870107279723462,-0.011526351607643539,0.1,,0.0,0.02197126664055103,,,,,,,,,
2090,Peque,es ESP,"MF,FW",Sevilla,es La Liga,22.0,2002.0,26,12,982.0,10.9,2.0,1.0,3,2,0,0,7,0,0.18,0.09,0.27,0.18,0.27,Matches,2,15,6,40.0,1.37,0.55,0.13,0.33,0,0,Matches,,,,,,,,,,,,,,,1.0,,,,,,Matches,,8,,,,,,,,,,,1,,,,Matches,,,,,,,,,,,,,,,,,,,,,Matches,peque,0.7655831780284643,0.6110825892537832,0.7655831780284643,3.0857485216110945,2.012060156092048,MF,0.18348623853211007,0.07023698880995086,0.11324924972215923,0.13,,0.09174311926605504,0.05606262286731956,,,,,,,,,
2092,Mathias Pereira Lage,pt POR,"MF,FW",St Pauli,de Bundesliga,28.0,1996.0,28,25,2018.0,22.4,2.0,2.0,4,2,0,0,3,0,0.09,0.09,0.18,0.09,0.18,Matches,2,43,15,34.9,1.92,0.67,0.05,0.13,0,0,Matches,,,,,,,,,,,,,,,2.0,,,,,,Matches,,23,,,,,,,,,,,16,,,,Matches,,,,,,,,,,,,,,,,,,,,,Matches,mathias pereira lage,4.428796678781509,2.062663111835718,4.428796678781509,6.917279999703169,2.1819291338324547,MF,0.08928571428571429,0.19771413744560312,-0.10842842315988882,0.05,,0.08928571428571429,0.09208317463552314,,,,,,,,,
2093,Ángel Pérez,es ESP,"MF,DF",Alavés,es La Liga,22.0,2002.0,16,14,1288.0,14.3,1.0,3.0,4,1,0,0,4,0,0.07,0.21,0.28,0.07,0.28,Matches,1,14,4,28.6,0.98,0.28,0.07,0.25,0,0,Matches,,,,,,,,,,,,,,,3.0,,,,,,Matches,,13,,,,,,,,,,,9,,,,Matches,,,,,,,,,,,,,,,,,,,,,Matches,angel perez,1.208032038062811,2.0683266557753086,1.208032038062811,5.207904314622283,2.590566510334611,MF,0.06993006993006992,0.08447776489949727,-0.014547694969427335,0.07,,0.2097902097902098,0.144638227676595,,,,,,,,,
2094,Ayoze Pérez,es ESP,FW,Villarreal,es La Liga,32.0,1993.0,25,12,1124.0,12.5,5.0,4.0,9,4,1,1,4,0,0.4,0.32,0.72,0.32,0.64,Matches,5,24,11,45.8,1.92,0.88,0.21,0.45,1,1,Matches,,,,,,,,,,,,,,,4.0,,,,,,Matches,,11,,,,,,,,,,,3,,,,Matches,,,,,,,,,,,,,,,,,,,,,Matches,ayoze perez,5.862349048256874,2.57591051235795,5.119071401655674,8.997008547186852,1.811542371287942,FW,0.4,0.4095257121324539,-0.06898792386054993,0.21,,0.32,0.206072840988636,,,,,,,,,
2095,Francisco Perez,es ESP,"MF,FW",Rayo Vallecano,es La Liga,22.0,2002.0,29,12,1237.0,13.7,2.0,1.0,3,2,0,0,4,0,0.15,0.07,0.22,0.15,0.22,Matches,2,17,8,47.1,1.24,0.58,0.12,0.25,0,0,Matches,,,,,,,,,,,,,,,1.0,,,,,,Matches,,10,,,,,,,,,,,2,,,,Matches,,,,,,,,,,,,,,,,,,,,,Matches,francisco perez,2.508813252672553,1.6743681291118264,2.508813252672553,6.37276441603899,2.6528973691165447,MF,0.14598540145985403,0.18312505493960243,-0.0371396534797484,0.12,,0.07299270072992702,0.12221665175998733,,,,,,,,,
2100,Mattia Perin,it ITA,GK,Juventus,it Serie A,32.0,1992.0,9,9,765.0,8.5,0.0,0.0,0,0,0,0,0,0,0.0,0.0,0.0,0.0,0.0,Matches,0,0,0,,0.0,0.0,,,0,0,Matches,,,,,,,,,,,,,,,0.0,,,,,,Matches,,0,,,,,,,,,,,0,,,,Matches,,,,,,,,,,,,,,,,,,,,,Matches,mattia perin,0.0,0.0817599296569824,0.0,3.301780229434371,3.220020299777389,GK,,,,,,,,,,,,,,,,
2101,Romain Perraud,fr FRA,DF,Lille,fr Ligue 1,27.0,1997.0,30,27,2241.0,24.9,3.0,4.0,7,3,0,0,4,1,0.12,0.16,0.28,0.12,0.28,Matches,3,33,12,36.4,1.33,0.48,0.09,0.25,0,0,Matches,,,,,,,,,,,,,,,4.0,,,,,,Matches,,31,,,,,,,,,,,23,,,,Matches,,,,,,,,,,,,,,,,,,,,,Matches,romain perraud,1.604667505249381,4.023106466047466,1.604667505249381,11.817956924438477,8.654695246368647,DF,0.12048192771084339,0.06444447812246511,0.05603744958837827,0.09,,0.1606425702811245,0.16157054080511912,,,,,,,,,
2102,Lucas Perri,br BRA,GK,Leeds United,eng Premier League,27.0,1997.0,16,16,1440.0,16.0,0.0,0.0,0,0,0,0,2,0,0.0,0.0,0.0,0.0,0.0,Matches,0,0,0,,0.0,0.0,,,0,0,Matches,,,,,,,,,,,,,,,0.0,,,,,,Matches,,0,,,,,,,,,,,0,,,,Matches,,,,,,,,,,,,,,,,,,,,,Matches,lucas perri,0.0,0.0,0.0,2.474491350352764,2.474491350352764,GK,,,,,,,,,,,,,,,,
2104,Máximo Perrone,ar ARG,MF,Como,it Serie A,22.0,2003.0,36,33,2742.0,30.5,3.0,4.0,7,3,0,0,8,0,0.1,0.13,0.23,0.1,0.23,Matches,3,18,9,50.0,0.59,0.3,0.17,0.33,0,0,Matches,,,,,,,,,,,,,,,4.0,,,,,,Matches,,38,,,,,,,,,,,21,,,,Matches,,,,,,,,,,,,,,,,,,,,,Matches,maximo perrone,2.4864027742296457,2.535719258710742,2.4864027742296457,16.492772169411182,12.241286350414155,MF,0.09836065573770492,0.08152140243375888,0.01683925330394604,0.17,,0.13114754098360656,0.08313833635117186,,,,,,,,,
2106,Prosper Peter,ng NGA,FW,Angers,fr Ligue 1,17.0,2007.0,29,14,1273.0,14.1,5.0,0.0,5,5,0,0,0,0,0.35,0.0,0.35,0.35,0.35,Matches,5,23,14,60.9,1.63,0.99,0.22,0.36,0,0,Matches,,,,,,,,,,,,,,,0.0,,,,,,Matches,,3,,,,,,,,,,,4,,,,Matches,,,,,,,,,,,,,,,,,,,,,Matches,prosper peter,6.074337815865874,0.8983762171119452,6.074337815865874,7.393127646297216,0.566795882768929,FW,0.3546099290780142,0.43080410041601946,-0.07619417133800527,0.22,,0.0,0.06371462532708831,,,,,,,,,
2107,Léo Pétrot,fr FRA,DF,Elche,es La Liga,28.0,1997.0,32,18,1572.0,17.5,0.0,0.0,0,0,0,0,2,1,0.0,0.0,0.0,0.0,0.0,Matches,0,8,0,0.0,0.46,0.0,0.0,,0,0,Matches,,,,,,,,,,,,,,,0.0,,,,,,Matches,,22,,,,,,,,,,,17,,,,Matches,,,,,,,,,,,,,,,,,,,,,Matches,leo petrot,0.4956944026052952,0.025175416842103,0.4956944026052952,4.4949280973523855,4.273093161173165,DF,0.0,0.028325394434588296,-0.028325394434588296,0.0,,0.0,0.0014385952481201715,,,,,,,,,
2108,Đorđe Petrović,rs SRB,GK,Bournemouth,eng Premier League,25.0,1999.0,38,38,3420.0,38.0,0.0,0.0,0,0,0,0,3,0,0.0,0.0,0.0,0.0,0.0,Matches,0,0,0,,0.0,0.0,,,0,0,Matches,,,,,,,,,,,,,,,0.0,,,,,,Matches,,0,,,,,,,,,,,0,,,,Matches,,,,,,,,,,,,,,,,,,,,,Matches,or e petrovic,0.0,0.0,0.0,3.017996920272708,3.017996920272708,GK,,,,,,,,,,,,,,,,
2109,Giuseppe Pezzella,it ITA,"MF,DF",Cremonese,it Serie A,27.0,1997.0,31,30,2585.0,28.7,0.0,1.0,1,0,0,0,8,1,0.0,0.03,0.03,0.0,0.03,Matches,0,6,0,0.0,0.21,0.0,0.0,,0,0,Matches,,,,,,,,,,,,,,,1.0,,,,,,Matches,,32,,,,,,,,,,,11,,,,Matches,,,,,,,,,,,,,,,,,,,,,Matches,giuseppe pezzella,0.1174378851428628,1.6624937923625112,0.1174378851428628,5.00905183237046,3.720164413563907,MF,0.0,0.004091912374315777,-0.004091912374315777,0.0,,0.03484320557491289,0.05792661297430353,,,,,,,,,
2112,Rayan Philippe,fr FRA,"FW,MF",Hamburger SV,de Bundesliga,24.0,2000.0,28,13,1285.0,14.3,5.0,0.0,5,5,0,1,2,0,0.35,0.0,0.35,0.35,0.35,Matches,5,39,16,41.0,2.73,1.12,0.13,0.31,0,1,Matches,,,,,,,,,,,,,,,0.0,,,,,,Matches,,13,,,,,,,,,,,3,,,,Matches,,,,,,,,,,,,,,,,,,,,,Matches,rayan philippe,5.646055448800325,1.3564898148179054,4.888278741389513,6.413698500022292,1.2521088868379593,FW,0.34965034965034963,0.34183767422304284,-0.04517870271330947,0.13,,0.0,0.09485942760964373,,,,,,,,,
2113,Gabriele Piccinini,it ITA,MF,Pisa,it Serie A,24.0,2001.0,25,5,875.0,9.7,0.0,0.0,0,0,0,0,3,0,0.0,0.0,0.0,0.0,0.0,Matches,0,19,7,36.8,1.95,0.72,0.0,0.0,0,0,Matches,,,,,,,,,,,,,,,0.0,,,,,,Matches,,16,,,,,,,,,,,2,,,,Matches,,,,,,,,,,,,,,,,,,,,,Matches,gabriele piccinini,2.891694039106369,1.4389822836965322,2.891694039106369,4.406972590833902,0.7542659714818001,MF,0.0,0.2981127875367391,-0.2981127875367391,0.0,,0.0,0.1483486890408796,,,,,,,,,
2114,Roberto Piccoli,it ITA,FW,Fiorentina,it Serie A,24.0,2001.0,32,16,1672.0,18.6,4.0,1.0,5,4,0,0,1,0,0.22,0.05,0.27,0.22,0.27,Matches,4,47,15,31.9,2.53,0.81,0.09,0.27,0,0,Matches,,,,,,,,,,,,,,,1.0,,,,,,Matches,,1,,,,,,,,,,,4,,,,Matches,,,,,,,,,,,,,,,,,,,,,Matches,roberto piccoli,6.827427292242646,1.5870586233213544,6.827427292242646,8.30208997335285,1.4810839276760817,FW,0.2150537634408602,0.3670659834539057,-0.15201222001304548,0.09,,0.05376344086021505,0.08532573243663195,,,,,,,,,
2115,Charles Pickel,cd COD,MF,Espanyol,es La Liga,28.0,1997.0,24,4,707.0,7.9,1.0,0.0,1,1,0,0,4,2,0.13,0.0,0.13,0.13,0.13,Matches,1,10,4,40.0,1.27,0.51,0.1,0.25,0,0,Matches,,,,,,,,,,,,,,,0.0,,,,,,Matches,,6,,,,,,,,,,,6,,,,Matches,,,,,,,,,,,,,,,,,,,,,Matches,charles pickel,0.7815196216106415,0.0352792246267199,0.7815196216106415,2.819475682452321,2.26914856210351,MF,0.12658227848101264,0.09892653438109385,0.0276557440999188,0.1,,0.0,0.004465724636293658,,,,,,,,,
2116,Jordan Pickford,eng ENG,GK,Everton,eng Premier League,31.0,1994.0,38,38,3420.0,38.0,0.0,0.0,0,0,0,0,4,0,0.0,0.0,0.0,0.0,0.0,Matches,0,0,0,,0.0,0.0,,,0,0,Matches,,,,,,,,,,,,,,,0.0,,,,,,Matches,,1,,,,,,,,,,,0,,,,Matches,,,,,,,,,,,,,,,,,,,,,Matches,jordan pickford,0.0,0.2333715260028839,0.0,3.0988036673516035,3.016686646267772,GK,,,,,,,,,,,,,,,,
2117,Amos Pieper,de GER,DF,Werder Bremen,de Bundesliga,27.0,1998.0,19,19,1502.0,16.7,0.0,0.0,0,0,0,0,4,0,0.0,0.0,0.0,0.0,0.0,Matches,0,8,2,25.0,0.48,0.12,0.0,0.0,0,0,Matches,,,,,,,,,,,,,,,0.0,,,,,,Matches,,24,,,,,,,,,,,26,,,,Matches,,,,,,,,,,,,,,,,,,,,,Matches,amos pieper,0.3870185147970915,0.0697134993970394,0.3870185147970915,2.2050731107592583,2.1713340766727924,DF,0.0,0.0231747613650953,-0.0231747613650953,0.0,,0.0,0.004174461041738887,,,,,,,,,
2118,Marvin Pieringer,de GER,"FW,MF",Heidenheim,de Bundesliga,25.0,1999.0,27,20,1650.0,18.3,4.0,1.0,5,3,1,1,2,0,0.22,0.05,0.27,0.16,0.22,Matches,4,32,8,25.0,1.75,0.44,0.13,0.5,1,1,Matches,,,,,,,,,,,,,,,1.0,,,,,,Matches,,14,,,,,,,,,,,11,,,,Matches,,,,,,,,,,,,,,,,,,,,,Matches,marvin pieringer,5.809882741421461,2.210926704108715,5.0521060936152935,7.950898176059127,3.375379236415029,FW,0.2185792349726776,0.2760713712358084,-0.09890069625253886,0.13,,0.0546448087431694,0.12081566689118661,,,,,,,,,
2120,Santiago Pierotti,ar ARG,"MF,FW",Lecce,it Serie A,24.0,2001.0,37,31,2597.0,28.9,1.0,2.0,3,1,0,0,4,0,0.03,0.07,0.1,0.03,0.1,Matches,1,33,8,24.2,1.14,0.28,0.03,0.13,0,0,Matches,,,,,,,,,,,,,,,2.0,,,,,,Matches,,51,,,,,,,,,,,21,,,,Matches,,,,,,,,,,,,,,,,,,,,,Matches,santiago pierotti,3.769198192283511,2.6033652145415545,3.769198192283511,7.335631237365305,2.38239432964474,MF,0.03460207612456748,0.13042208277797618,-0.0958200066534087,0.03,,0.06920415224913495,0.09008184133361781,,,,,,,,,
2122,Andrea Pinamonti,it ITA,FW,Sassuolo,it Serie A,26.0,1999.0,36,32,2552.0,28.4,9.0,3.0,12,9,0,1,2,1,0.32,0.11,0.42,0.32,0.42,Matches,9,73,30,41.1,2.57,1.06,0.12,0.3,0,1,Matches,,,,,,,,,,,,,,,3.0,,,,,,Matches,,5,,,,,,,,,,,2,,,,Matches,,,,,,,,,,,,,,,,,,,,,Matches,andrea pinamonti,11.534677205607297,1.7828310579061508,10.773378429934382,12.005125224590302,2.1364129073917866,FW,0.31690140845070425,0.3793443109131825,-0.08924919738053863,0.12,,0.10563380281690142,0.06277574147556869,,,,,,,,,
2123,Thiago Pinar,es ESP,MF,Real Madrid,es La Liga,17.0,2007.0,10,8,592.0,6.6,0.0,2.0,2,0,0,0,2,0,0.0,0.3,0.3,0.0,0.3,Matches,0,6,2,33.3,0.91,0.3,0.0,0.0,0,0,Matches,,,,,,,,,,,,,,,2.0,,,,,,Matches,,4,,,,,,,,,,,7,,,,Matches,,,,,,,,,,,,,,,,,,,,,Matches,thiago pinar,,,,,,MF,0.0,,,0.0,,0.30303030303030304,,,,,,,,,,
2127,Yéremy Pino,es ESP,"MF,FW",Crystal Palace,eng Premier League,22.0,2002.0,34,26,2080.0,23.1,2.0,2.0,4,2,0,0,4,0,0.09,0.09,0.17,0.09,0.17,Matches,2,45,11,24.4,1.95,0.48,0.04,0.18,0,0,Matches,,,,,,,,,,,,,,,2.0,,,,,,Matches,,20,,,,,,,,,,,8,,,,Matches,,,,,,,,,,,,,,,,,,,,,Matches,yeremy pino,4.372978935018182,8.502093791030347,4.372978935018182,13.46667707618326,4.587377788498998,MF,0.08658008658008658,0.18930644740338448,-0.1027263608232979,0.04,,0.08658008658008658,0.36805600826971197,,,,,,,,,
2128,Jakub Piotrowski,pl POL,MF,Udinese,it Serie A,27.0,1997.0,33,20,1696.0,18.8,1.0,1.0,2,1,0,0,2,0,0.05,0.05,0.11,0.05,0.11,Matches,1,36,9,25.0,1.91,0.48,0.03,0.11,0,0,Matches,,,,,,,,,,,,,,,1.0,,,,,,Matches,,25,,,,,,,,,,,15,,,,Matches,,,,,,,,,,,,,,,,,,,,,Matches,jakub piotrowski,3.2054076455533504,0.7784238774329424,3.2054076455533504,6.512797696515918,3.212956831790507,MF,0.05319148936170213,0.1705004066783697,-0.11730891731666757,0.03,,0.05319148936170213,0.04140552539536928,,,,,,,,,
2130,Niccolò Pisilli,it ITA,MF,Roma,it Serie A,20.0,2004.0,25,13,1295.0,14.4,2.0,4.0,6,2,0,0,3,0,0.14,0.28,0.42,0.14,0.42,Matches,2,19,5,26.3,1.32,0.35,0.11,0.4,0,0,Matches,,,,,,,,,,,,,,,4.0,,,,,,Matches,,13,,,,,,,,,,,24,,,,Matches,,,,,,,,,,,,,,,,,,,,,Matches,niccolo pisilli,2.2729037441313267,2.218172688037157,2.2729037441313267,6.556324878707528,4.026354419067502,MF,0.1388888888888889,0.1578405377868977,-0.018951648898008797,0.11,,0.2777777777777778,0.15403977000258035,,,,,,,,,
2132,Tommaso Pobega,it ITA,MF,Bologna,it Serie A,26.0,1999.0,26,17,1434.0,15.9,3.0,1.0,4,3,0,0,2,1,0.19,0.06,0.25,0.19,0.25,Matches,3,25,10,40.0,1.57,0.63,0.12,0.3,0,0,Matches,,,,,,,,,,,,,,,1.0,,,,,,Matches,,19,,,,,,,,,,,19,,,,Matches,,,,,,,,,,,,,,,,,,,,,Matches,tommaso pobega,1.8404578557237985,0.5510165924206376,1.8404578557237985,5.318103016354144,3.350840594619513,MF,0.18867924528301885,0.11575206639772317,0.0729271788852957,0.12,,0.06289308176100629,0.03465513159878224,,,,,,,,,
2134,Ernest Poku,nl NED,MF,Leverkusen,de Bundesliga,21.0,2004.0,29,16,1482.0,16.5,5.0,5.0,10,5,0,0,0,0,0.3,0.3,0.61,0.3,0.61,Matches,5,27,9,33.3,1.64,0.55,0.19,0.56,0,0,Matches,,,,,,,,,,,,,,,5.0,,,,,,Matches,,9,,,,,,,,,,,8,,,,Matches,,,,,,,,,,,,,,,,,,,,,Matches,ernest poku,3.727354511618614,3.15851978585124,3.727354511618614,10.750237088650463,4.377705059945583,MF,0.30303030303030304,0.22590027343143115,0.07713002959887187,0.19,,0.30303030303030304,0.19142544156674182,,,,,,,,,
2135,Matteo Politano,it ITA,"MF,FW",Napoli,it Serie A,31.0,1993.0,34,26,2200.0,24.4,2.0,5.0,7,2,0,0,4,0,0.08,0.2,0.29,0.08,0.29,Matches,2,49,13,26.5,2.0,0.53,0.04,0.15,0,0,Matches,,,,,,,,,,,,,,,5.0,,,,,,Matches,,10,,,,,,,,,,,5,,,,Matches,,,,,,,,,,,,,,,,,,,,,Matches,matteo politano,3.133822990581393,5.604220122098923,3.133822990581393,12.97732456959784,8.206937471404672,MF,0.0819672131147541,0.12843536846645054,-0.046468155351696426,0.04,,0.20491803278688525,0.22968115254503782,,,,,,,,,
2137,Marin Pongračić,hr CRO,DF,Fiorentina,it Serie A,27.0,1997.0,35,33,2918.0,32.4,0.0,0.0,0,0,0,0,12,0,0.0,0.0,0.0,0.0,0.0,Matches,0,8,1,12.5,0.25,0.03,0.0,0.0,0,0,Matches,,,,,,,,,,,,,,,0.0,,,,,,Matches,,17,,,,,,,,,,,36,,,,Matches,,,,,,,,,,,,,,,,,,,,,Matches,marin pongracic,0.592979246750474,0.688893262296915,0.592979246750474,6.798887319862843,6.397510515525937,DF,0.0,0.018301828603409693,-0.018301828603409693,0.0,,0.0,0.021262137725213428,,,,,,,,,
2138,Nick Pope,eng ENG,GK,Newcastle,eng Premier League,33.0,1992.0,27,27,2416.0,26.8,0.0,0.0,0,0,0,0,2,0,0.0,0.0,0.0,0.0,0.0,Matches,0,1,1,100.0,0.04,0.04,0.0,0.0,0,0,Matches,,,,,,,,,,,,,,,0.0,,,,,,Matches,,1,,,,,,,,,,,0,,,,Matches,,,,,,,,,,,,,,,,,,,,,Matches,nick pope,0.1314873248338699,0.0,0.1314873248338699,2.810626602731645,2.810626602731645,GK,,,,,,,,,,,,,,,,
2139,Pedro Porro,es ESP,DF,Tottenham,eng Premier League,25.0,1999.0,34,32,2796.0,31.1,1.0,2.0,3,1,0,0,10,0,0.03,0.06,0.1,0.03,0.1,Matches,1,32,8,25.0,1.03,0.26,0.03,0.13,0,0,Matches,,,,,,,,,,,,,,,2.0,,,,,,Matches,,50,,,,,,,,,,,31,,,,Matches,,,,,,,,,,,,,,,,,,,,,Matches,pedro porro,1.4028917597606778,4.247651634737849,1.4028917597606778,10.6049581207335,8.791748657822609,DF,0.03215434083601286,0.04510905979937871,-0.012954718963365846,0.03,,0.06430868167202572,0.136580438416008,,,,,,,,,
2140,Portu,es ESP,"FW,MF",Girona,es La Liga,33.0,1992.0,10,4,474.0,5.3,0.0,0.0,0,0,0,0,2,0,0.0,0.0,0.0,0.0,0.0,Matches,0,9,5,55.6,1.71,0.95,0.0,0.0,0,0,Matches,,,,,,,,,,,,,,,0.0,,,,,,Matches,,1,,,,,,,,,,,2,,,,Matches,,,,,,,,,,,,,,,,,,,,,Matches,portu,1.6742162741720676,0.189590573310852,1.6742162741720676,2.053294636309147,0.457047451287508,FW,0.0,0.31588986305133354,-0.31588986305133354,0.0,,0.0,0.03577180628506642,,,,,,,,,
2142,Stefan Posch,at AUT,DF,Mainz 05,de Bundesliga,28.0,1997.0,16,16,1395.0,15.5,0.0,0.0,0,0,0,0,4,0,0.0,0.0,0.0,0.0,0.0,Matches,0,11,3,27.3,0.71,0.19,0.0,0.0,0,0,Matches,,,,,,,,,,,,,,,0.0,,,,,,Matches,,22,,,,,,,,,,,21,,,,Matches,,,,,,,,,,,,,,,,,,,,,Matches,stefan posch,0.4011011412367224,0.4894324410706758,0.4011011412367224,4.902905914932489,4.450077299028635,DF,0.0,0.02587749298301435,-0.02587749298301435,0.0,,0.0,0.03157628652068876,,,,,,,,,
2143,Freddie Potts,eng ENG,MF,West Ham,eng Premier League,21.0,2003.0,22,12,1171.0,13.0,0.0,1.0,1,0,0,0,1,0,0.0,0.08,0.08,0.0,0.08,Matches,0,3,1,33.3,0.23,0.08,0.0,0.0,0,0,Matches,,,,,,,,,,,,,,,1.0,,,,,,Matches,,18,,,,,,,,,,,16,,,,Matches,,,,,,,,,,,,,,,,,,,,,Matches,freddie potts,0.2126328870654106,1.2075103465467691,0.2126328870654106,3.1646942142397165,2.264735572040081,MF,0.0,0.016356375928108506,-0.016356375928108506,0.0,,0.07692307692307693,0.0928854112728284,,,,,,,,,
2144,Kacper Potulski,pl POL,DF,Mainz 05,de Bundesliga,17.0,2007.0,15,9,1065.0,11.8,1.0,0.0,1,1,0,0,3,0,0.08,0.0,0.08,0.08,0.08,Matches,1,14,5,35.7,1.18,0.42,0.07,0.2,0,0,Matches,,,,,,,,,,,,,,,0.0,,,,,,Matches,,15,,,,,,,,,,,19,,,,Matches,,,,,,,,,,,,,,,,,,,,,Matches,kacper potulski,2.6196836456656456,0.6171241998672485,2.6196836456656456,1.225274246186018,0.9039126615971328,DF,0.0847457627118644,0.22200708861573268,-0.13726132590386828,0.07,,0.0,0.05229866100569903,,,,,,,,,
2147,Alexander Prass,at AUT,MF,Hoffenheim,de Bundesliga,24.0,2001.0,32,12,1308.0,14.5,3.0,2.0,5,3,0,0,4,0,0.21,0.14,0.34,0.21,0.34,Matches,3,18,11,61.1,1.24,0.76,0.17,0.27,0,0,Matches,,,,,,,,,,,,,,,2.0,,,,,,Matches,,22,,,,,,,,,,,6,,,,Matches,,,,,,,,,,,,,,,,,,,,,Matches,alexander prass,1.6435396876186132,2.1666669230908155,1.6435396876186132,6.382722614333034,3.386800726875663,MF,0.20689655172413793,0.11334756466335263,0.0935489870607853,0.17,,0.13793103448275862,0.1494253050407459,,,,,,,,,
2148,Matteo Prati,it ITA,MF,Torino,it Serie A,21.0,2003.0,13,7,614.0,6.8,0.0,1.0,1,0,0,0,2,0,0.0,0.15,0.15,0.0,0.15,Matches,0,12,0,0.0,1.76,0.0,0.0,,0,0,Matches,,,,,,,,,,,,,,,1.0,,,,,,Matches,,3,,,,,,,,,,,5,,,,Matches,,,,,,,,,,,,,,,,,,,,,Matches,matteo prati,1.6766500296071172,1.699283911846578,1.6766500296071172,6.055320294573903,4.262527488172054,MF,0.0,0.24656618082457607,-0.24656618082457607,0.0,,0.14705882352941177,0.2498946929186144,,,,,,,,,
2149,Matteo Prati,it ITA,MF,Cagliari,it Serie A,21.0,2003.0,20,15,1268.0,14.1,1.0,0.0,1,1,0,0,4,0,0.07,0.0,0.07,0.07,0.07,Matches,1,19,1,5.3,1.35,0.07,0.05,1.0,0,0,Matches,,,,,,,,,,,,,,,0.0,,,,,,Matches,,12,,,,,,,,,,,15,,,,Matches,,,,,,,,,,,,,,,,,,,,,Matches,matteo prati,1.6766500296071172,1.699283911846578,1.6766500296071172,6.055320294573903,4.262527488172054,MF,0.07092198581560284,0.11891134961752604,-0.04798936380192321,0.05,,0.0,0.1205165894926651,,,,,,,,,
2151,Grischa Prömel,de GER,MF,Hoffenheim,de Bundesliga,30.0,1995.0,33,16,1758.0,19.5,7.0,2.0,9,7,0,0,5,0,0.36,0.1,0.46,0.36,0.46,Matches,7,43,14,32.6,2.2,0.72,0.16,0.5,0,0,Matches,,,,,,,,,,,,,,,2.0,,,,,,Matches,,16,,,,,,,,,,,15,,,,Matches,,,,,,,,,,,,,,,,,,,,,Matches,grischa promel,5.130105700343847,2.619504975154996,5.130105700343847,10.6988823749125,3.4885037057101727,MF,0.358974358974359,0.26308234360737676,0.09589201536698219,0.16,,0.10256410256410256,0.13433358846948698,,,,,,,,,
2152,Ivan Provedel,it ITA,GK,Lazio,it Serie A,31.0,1994.0,27,27,2430.0,27.0,0.0,0.0,0,0,0,0,1,0,0.0,0.0,0.0,0.0,0.0,Matches,0,0,0,,0.0,0.0,,,0,0,Matches,,,,,,,,,,,,,,,0.0,,,,,,Matches,,0,,,,,,,,,,,0,,,,Matches,,,,,,,,,,,,,,,,,,,,,Matches,ivan provedel,0.0,0.2273319959640503,0.0,2.789876733906567,2.562544737942517,GK,,,,,,,,,,,,,,,,
2154,Javi Puado,es ESP,"MF,FW",Espanyol,es La Liga,27.0,1998.0,10,8,674.0,7.5,2.0,0.0,2,1,1,2,2,0,0.27,0.0,0.27,0.13,0.13,Matches,2,15,9,60.0,2.0,1.2,0.13,0.22,1,2,Matches,,,,,,,,,,,,,,,0.0,,,,,,Matches,,2,,,,,,,,,,,3,,,,Matches,,,,,,,,,,,,,,,,,,,,,Matches,javi puado,4.838970278389752,0.9579164311289788,3.3524150969460607,3.2629179880023003,1.2333675622940063,MF,0.26666666666666666,0.4469886795928081,-0.37852937045196694,0.13,,0.0,0.12772219081719718,,,,,,,,,
2155,Marc Pubill,es ESP,DF,Atlético Madrid,es La Liga,22.0,2003.0,19,15,1381.0,15.3,1.0,1.0,2,1,0,0,2,0,0.07,0.07,0.13,0.07,0.13,Matches,1,11,4,36.4,0.72,0.26,0.09,0.25,0,0,Matches,,,,,,,,,,,,,,,1.0,,,,,,Matches,,15,,,,,,,,,,,18,,,,Matches,,,,,,,,,,,,,,,,,,,,,Matches,marc pubill,1.324379259720445,0.6268223077058792,1.324379259720445,6.8829026222229,5.75148531794548,DF,0.06535947712418301,0.08656073592944084,-0.021201258805257837,0.09,,0.06535947712418301,0.04096877828143001,,,,,,,,,
2156,Cameron Puertas,ch SUI,MF,Werder Bremen,de Bundesliga,26.0,1998.0,28,22,1846.0,20.5,1.0,2.0,3,1,0,0,6,0,0.05,0.1,0.15,0.05,0.15,Matches,1,37,8,21.6,1.8,0.39,0.03,0.13,0,0,Matches,,,,,,,,,,,,,,,2.0,,,,,,Matches,,37,,,,,,,,,,,19,,,,Matches,,,,,,,,,,,,,,,,,,,,,Matches,cameron puertas,2.220278110355139,2.42338989302516,2.220278110355139,7.052124924957752,4.755718288943172,MF,0.04878048780487805,0.10830624928561652,-0.05952576148073848,0.03,,0.0975609756097561,0.11821414112317853,,,,,,,,,
2157,Christian Pulisic,us USA,FW,Milan,it Serie A,26.0,1998.0,30,18,1609.0,17.9,8.0,4.0,12,8,0,1,0,0,0.45,0.22,0.67,0.45,0.67,Matches,8,54,25,46.3,3.02,1.4,0.15,0.32,0,1,Matches,,,,,,,,,,,,,,,4.0,,,,,,Matches,,8,,,,,,,,,,,3,,,,Matches,,,,,,,,,,,,,,,,,,,,,Matches,christian pulisic,9.544671326875688,5.038487618789077,8.78337250649929,16.272753523662686,6.288353566080332,FW,0.446927374301676,0.49069120148040735,-0.08629448753495467,0.15,,0.223463687150838,0.28147975523961327,,,,,,,,,
2159,Arkadiusz Pyrka,pl POL,MF,St Pauli,de Bundesliga,22.0,2002.0,31,30,2576.0,28.6,0.0,1.0,1,0,0,0,3,0,0.0,0.03,0.03,0.0,0.03,Matches,0,19,3,15.8,0.66,0.1,0.0,0.0,0,0,Matches,,,,,,,,,,,,,,,1.0,,,,,,Matches,,24,,,,,,,,,,,23,,,,Matches,,,,,,,,,,,,,,,,,,,,,Matches,arkadiusz pyrka,1.008908435702324,2.223026978783309,1.008908435702324,8.325334949418902,6.6152997855097055,MF,0.0,0.035276518730850484,-0.035276518730850484,0.0,,0.03496503496503496,0.07772821604137443,,,,,,,,,
2160,Jarell Quansah,eng ENG,DF,Leverkusen,de Bundesliga,22.0,2003.0,28,25,2299.0,25.5,4.0,0.0,4,4,0,0,9,0,0.16,0.0,0.16,0.16,0.16,Matches,4,18,8,44.4,0.7,0.31,0.22,0.5,0,0,Matches,,,,,,,,,,,,,,,0.0,,,,,,Matches,,22,,,,,,,,,,,26,,,,Matches,,,,,,,,,,,,,,,,,,,,,Matches,jarell quansah,3.567939020693302,0.9014928825199604,3.567939020693302,12.289946498349307,9.830473124980928,DF,0.1568627450980392,0.13991917728209027,0.016943567815948937,0.22,,0.0,0.03535266205960629,,,,,,,,,
2161,Leopold Querfeld,at AUT,DF,Union Berlin,de Bundesliga,21.0,2003.0,31,30,2705.0,30.1,3.0,0.0,3,1,2,3,7,0,0.1,0.0,0.1,0.03,0.03,Matches,3,29,10,34.5,0.96,0.33,0.1,0.3,2,3,Matches,,,,,,,,,,,,,,,0.0,,,,,,Matches,,27,,,,,,,,,,,35,,,,Matches,,,,,,,,,,,,,,,,,,,,,Matches,leopold querfeld,3.893261847086251,2.300974193960428,1.6199317695572972,4.945359595119953,3.97544520162046,DF,0.09966777408637874,0.05381833121452814,-0.02967647332512461,0.1,,0.0,0.07644432538074511,,,,,,,,,
2166,Adrien Rabiot,fr FRA,MF,Milan,it Serie A,30.0,1995.0,29,28,2550.0,28.3,6.0,4.0,10,6,0,0,6,1,0.21,0.14,0.35,0.21,0.35,Matches,6,46,12,26.1,1.62,0.42,0.13,0.5,0,0,Matches,,,,,,,,,,,,,,,4.0,,,,,,Matches,,31,,,,,,,,,,,20,,,,Matches,,,,,,,,,,,,,,,,,,,,,Matches,adrien rabiot,4.362811662256718,3.9378524888306856,4.362811662256718,15.66315065138042,10.026626612991096,MF,0.21201413427561838,0.15416295626348825,0.05785117801213011,0.13,,0.1413427561837456,0.13914673105408784,,,,,,,,,
2168,Ionuț Radu,ro ROU,GK,Celta Vigo,es La Liga,28.0,1997.0,38,38,3420.0,38.0,0.0,0.0,0,0,0,0,2,0,0.0,0.0,0.0,0.0,0.0,Matches,0,0,0,,0.0,0.0,,,0,0,Matches,,,,,,,,,,,,,,,0.0,,,,,,Matches,,0,,,,,,,,,,,1,,,,Matches,,,,,,,,,,,,,,,,,,,,,Matches,ionut radu,0.0,0.1440417915582656,0.0,8.14351802226156,7.999476215802133,GK,,,,,,,,,,,,,,,,
2169,Ugo Raghouber,fr FRA,MF,Levante,es La Liga,22.0,2003.0,16,8,706.0,7.8,0.0,0.0,0,0,0,0,1,0,0.0,0.0,0.0,0.0,0.0,Matches,0,3,0,0.0,0.38,0.0,0.0,,0,0,Matches,,,,,,,,,,,,,,,0.0,,,,,,Matches,,10,,,,,,,,,,,15,,,,Matches,,,,,,,,,,,,,,,,,,,,,Matches,ugo raghouber,0.0831064730882644,0.1725852377712726,0.0831064730882644,1.1282448451966047,1.0098904836922884,MF,0.0,0.010654676036956974,-0.010654676036956974,0.0,,0.0,0.02212631253477854,,,,,,,,,
2171,Antonio Raillo,es ESP,DF,Mallorca,es La Liga,33.0,1991.0,24,23,2070.0,23.0,0.0,1.0,1,0,0,0,4,0,0.0,0.04,0.04,0.0,0.04,Matches,0,12,1,8.3,0.52,0.04,0.0,0.0,0,0,Matches,,,,,,,,,,,,,,,1.0,,,,,,Matches,,13,,,,,,,,,,,12,,,,Matches,,,,,,,,,,,,,,,,,,,,,Matches,antonio raillo,0.6311804680153728,0.3643940649926662,0.6311804680153728,4.512468161061406,4.202221794053912,DF,0.0,0.02744262904414664,-0.02744262904414664,0.0,,0.043478260869565216,0.01584322021707244,,,,,,,,,
2172,Ylber Ramadani,al ALB,MF,Lecce,it Serie A,29.0,1996.0,37,37,3203.0,35.6,1.0,0.0,1,1,0,0,10,0,0.03,0.0,0.03,0.03,0.03,Matches,1,34,5,14.7,0.96,0.14,0.03,0.2,0,0,Matches,,,,,,,,,,,,,,,0.0,,,,,,Matches,,50,,,,,,,,,,,44,,,,Matches,,,,,,,,,,,,,,,,,,,,,Matches,ylber ramadani,1.2185862502083182,1.3888573935255408,1.2185862502083182,7.193579321727157,5.043079229071736,MF,0.028089887640449437,0.03422995084854826,-0.006140063208098827,0.03,,0.0,0.03901284813273991,,,,,,,,,
2173,Diant Ramaj,de GER,GK,Heidenheim,de Bundesliga,23.0,2001.0,31,31,2790.0,31.0,0.0,1.0,1,0,0,0,2,0,0.0,0.03,0.03,0.0,0.03,Matches,0,0,0,,0.0,0.0,,,0,0,Matches,,,,,,,,,,,,,,,1.0,,,,,,Matches,,0,,,,,,,,,,,0,,,,Matches,,,,,,,,,,,,,,,,,,,,,Matches,diant ramaj,0.0,0.3030021786689758,0.0,4.836176889017224,4.533174702897668,GK,,,,,,,,,,,,,,,,
2174,Largie Ramazani,be BEL,"MF,FW",Valencia,es La Liga,24.0,2001.0,27,11,1234.0,13.7,6.0,1.0,7,3,3,3,4,0,0.44,0.07,0.51,0.22,0.29,Matches,6,51,19,37.3,3.72,1.39,0.12,0.32,3,3,Matches,,,,,,,,,,,,,,,1.0,,,,,,Matches,,12,,,,,,,,,,,14,,,,Matches,,,,,,,,,,,,,,,,,,,,,Matches,largie ramazani,6.468218728899956,2.4562970297411084,4.23838584497571,9.884040178731084,3.9631658289581537,MF,0.43795620437956206,0.3093712295602708,-0.034176549554741295,0.12,,0.07299270072992702,0.17929175399570135,,,,,,,,,
2175,Jacobo Ramón,es ESP,DF,Como,it Serie A,20.0,2005.0,32,30,2742.0,30.5,2.0,0.0,2,2,0,0,11,1,0.07,0.0,0.07,0.07,0.07,Matches,2,39,9,23.1,1.28,0.3,0.05,0.22,0,0,Matches,,,,,,,,,,,,,,,0.0,,,,,,Matches,,32,,,,,,,,,,,38,,,,Matches,,,,,,,,,,,,,,,,,,,,,Matches,jacobo ramon,5.472400579601526,1.0274589136242869,5.472400579601526,11.14709885045886,10.425094533711672,DF,0.06557377049180328,0.17942296982300085,-0.11384919933119758,0.05,,0.0,0.03368717749587826,,,,,,,,,
2176,Gonçalo Ramos,pt POR,FW,PSG,fr Ligue 1,24.0,2001.0,30,13,1318.0,14.6,6.0,1.0,7,5,1,2,4,1,0.41,0.07,0.48,0.34,0.41,Matches,6,58,25,43.1,3.96,1.71,0.1,0.24,1,2,Matches,,,,,,,,,,,,,,,1.0,,,,,,Matches,,14,,,,,,,,,,,5,,,,Matches,,,,,,,,,,,,,,,,,,,,,Matches,goncalo ramos,9.366714945062997,1.5339764999225736,7.846524586901069,7.911083575338125,3.1021426245570183,FW,0.4109589041095891,0.5374331908836348,-0.23059691404541074,0.1,,0.0684931506849315,0.10506688355634065,,,,,,,,,
2178,Aaron Ramsdale,eng ENG,GK,Newcastle,eng Premier League,27.0,1998.0,12,11,1004.0,11.2,0.0,0.0,0,0,0,0,2,0,0.0,0.0,0.0,0.0,0.0,Matches,0,0,0,,0.0,0.0,,,0,0,Matches,,,,,,,,,,,,,,,0.0,,,,,,Matches,,0,,,,,,,,,,,0,,,,Matches,,,,,,,,,,,,,,,,,,,,,Matches,aaron ramsdale,0.0,0.0710007473826408,0.0,2.482472578063607,2.411471823230386,GK,,,,,,,,,,,,,,,,
2179,Jacob Ramsey,eng ENG,MF,Newcastle,eng Premier League,24.0,2001.0,28,15,1450.0,16.1,2.0,3.0,5,2,0,0,5,1,0.12,0.19,0.31,0.12,0.31,Matches,2,16,4,25.0,0.99,0.25,0.13,0.5,0,0,Matches,,,,,,,,,,,,,,,3.0,,,,,,Matches,,21,,,,,,,,,,,9,,,,Matches,,,,,,,,,,,,,,,,,,,,,Matches,jacob ramsey,1.2112666741013527,1.5663878619670868,1.2112666741013527,5.487635789439082,4.252015369012952,MF,0.12422360248447203,0.0752339549131275,0.04898964757134455,0.13,,0.18633540372670807,0.09729117155075072,,,,,,,,,
2180,Luca Ranieri,it ITA,DF,Fiorentina,it Serie A,26.0,1999.0,34,29,2458.0,27.3,1.0,0.0,1,1,0,0,8,1,0.04,0.0,0.04,0.04,0.04,Matches,1,18,3,16.7,0.66,0.11,0.06,0.33,0,0,Matches,,,,,,,,,,,,,,,0.0,,,,,,Matches,,24,,,,,,,,,,,24,,,,Matches,,,,,,,,,,,,,,,,,,,,,Matches,luca ranieri,2.0760744465515018,1.0300525836646557,2.0760744465515018,6.201835326850414,5.025631407275796,DF,0.03663003663003663,0.07604668302386453,-0.0394166463938279,0.06,,0.0,0.03773086387050021,,,,,,,,,
2182,Lilian Raolisoa,fr FRA,"MF,DF",Angers,fr Ligue 1,25.0,2000.0,32,21,1966.0,21.8,2.0,4.0,6,2,0,0,3,0,0.09,0.18,0.27,0.09,0.27,Matches,2,16,5,31.3,0.73,0.23,0.13,0.4,0,0,Matches,,,,,,,,,,,,,,,4.0,,,,,,Matches,,31,,,,,,,,,,,14,,,,Matches,,,,,,,,,,,,,,,,,,,,,Matches,lilian raolisoa,1.03963359631598,3.5283372923731804,1.03963359631598,8.350225617177784,4.537761720828712,MF,0.09174311926605504,0.04768961450990734,0.04405350475614771,0.13,,0.18348623853211007,0.1618503345125312,,,,,,,,,
2183,Raphinha,br BRA,"MF,FW",Barcelona,es La Liga,28.0,1996.0,22,18,1380.0,15.3,13.0,3.0,16,10,3,3,5,0,0.85,0.2,1.04,0.65,0.85,Matches,13,65,24,36.9,4.24,1.57,0.2,0.54,3,3,Matches,,,,,,,,,,,,,,,3.0,,,,,,Matches,,6,,,,,,,,,,,6,,,,Matches,,,,,,,,,,,,,,,,,,,,,Matches,raphinha,11.12714341841638,5.906838221475482,8.897310553118587,18.973049715161324,7.869677424430847,MF,0.8496732026143791,0.5815235655633063,0.12240892690089013,0.2,,0.19607843137254902,0.38606785761277657,,,,,,,,,
2184,Marcus Rashford,eng ENG,"MF,FW",Barcelona,es La Liga,27.0,1997.0,32,18,1763.0,19.6,8.0,7.0,15,8,0,0,3,0,0.41,0.36,0.77,0.41,0.77,Matches,8,76,29,38.2,3.88,1.48,0.11,0.28,0,0,Matches,,,,,,,,,,,,,,,7.0,,,,,,Matches,,8,,,,,,,,,,,2,,,,Matches,,,,,,,,,,,,,,,,,,,,,Matches,marcus rashford,8.697766778059304,4.963629940524697,8.697766778059304,17.325936785899103,7.726865269243717,MF,0.4081632653061224,0.44376361112547463,-0.03560034581935223,0.11,,0.3571428571428571,0.25324642553697435,,,,,,,,,
2185,Mathias Rasmussen,no NOR,MF,St Pauli,de Bundesliga,27.0,1997.0,13,8,694.0,7.7,0.0,0.0,0,0,0,0,0,0,0.0,0.0,0.0,0.0,0.0,Matches,0,6,2,33.3,0.78,0.26,0.0,0.0,0,0,Matches,,,,,,,,,,,,,,,0.0,,,,,,Matches,,6,,,,,,,,,,,8,,,,Matches,,,,,,,,,,,,,,,,,,,,,Matches,mathias rasmussen,0.7939996533095837,0.26394072920084,0.7939996533095837,2.191186435520649,1.7720584273338318,MF,0.0,0.10311683809215372,-0.10311683809215372,0.0,,0.0,0.034278016779329866,,,,,,,,,
2186,Giacomo Raspadori,it ITA,"MF,FW",Atalanta,it Serie A,25.0,2000.0,13,7,796.0,8.8,3.0,1.0,4,3,0,0,0,0,0.34,0.11,0.45,0.34,0.45,Matches,3,28,11,39.3,3.17,1.24,0.11,0.27,0,0,Matches,,,,,,,,,,,,,,,1.0,,,,,,Matches,,3,,,,,,,,,,,1,,,,Matches,,,,,,,,,,,,,,,,,,,,,Matches,giacomo raspadori,0.8766965568065643,0.9504356123507024,0.8766965568065643,1.947984542697668,0.268772192299366,MF,0.3409090909090909,0.09962460872801866,0.2412844821810722,0.11,,0.11363636363636363,0.10800404685803436,,,,,,,,,
2189,Andrei Ratiu,ro ROU,DF,Rayo Vallecano,es La Liga,27.0,1998.0,35,31,2807.0,31.2,0.0,4.0,4,0,0,0,9,0,0.0,0.13,0.13,0.0,0.13,Matches,0,31,9,29.0,0.99,0.29,0.0,0.0,0,0,Matches,,,,,,,,,,,,,,,4.0,,,,,,Matches,,44,,,,,,,,,,,39,,,,Matches,,,,,,,,,,,,,,,,,,,,,Matches,andrei ratiu,2.3735468704253435,6.194820357486606,2.3735468704253435,16.08938203752041,11.390583541244268,DF,0.0,0.0760752202059405,-0.0760752202059405,0.0,,0.12820512820512822,0.1985519345348271,,,,,,,,,
2191,Raúl,es ESP,FW,Osasuna,es La Liga,24.0,2000.0,36,6,1041.0,11.6,7.0,1.0,8,7,0,0,2,1,0.61,0.09,0.69,0.61,0.69,Matches,7,39,23,59.0,3.37,1.99,0.18,0.3,0,0,Matches,,,,,,,,,,,,,,,1.0,,,,,,Matches,,13,,,,,,,,,,,7,,,,Matches,,,,,,,,,,,,,,,,,,,,,Matches,raul,1.511999098584056,0.4637518934905529,1.511999098584056,7.886597044765949,7.307897858321667,FW,0.603448275862069,0.13034474987793584,0.47310352598413313,0.18,,0.08620689655172414,0.03997861150780629,,,,,,,,,
2192,David Raum,de GER,DF,RB Leipzig,de Bundesliga,27.0,1998.0,30,29,2553.0,28.4,3.0,7.0,10,2,1,1,6,0,0.11,0.25,0.35,0.07,0.32,Matches,3,24,8,33.3,0.85,0.28,0.13,0.38,1,1,Matches,,,,,,,,,,,,,,,7.0,,,,,,Matches,,35,,,,,,,,,,,33,,,,Matches,,,,,,,,,,,,,,,,,,,,,Matches,david raum,2.401866391301155,11.038921784609556,1.644089713692665,20.633256940171123,16.384972443804145,DF,0.10563380281690142,0.057890482876502294,0.021061042559818485,0.13,,0.24647887323943662,0.3886944290355478,,,,,,,,,
2193,Federico Ravaglia,it ITA,GK,Bologna,it Serie A,25.0,1999.0,17,16,1470.0,16.3,0.0,0.0,0,0,0,0,4,0,0.0,0.0,0.0,0.0,0.0,Matches,0,0,0,,0.0,0.0,,,0,0,Matches,,,,,,,,,,,,,,,0.0,,,,,,Matches,,1,,,,,,,,,,,0,,,,Matches,,,,,,,,,,,,,,,,,,,,,Matches,federico ravaglia,0.0,0.0,0.0,1.1016265656799078,1.1016265656799078,GK,,,,,,,,,,,,,,,,
2194,David Raya,es ESP,GK,Arsenal,eng Premier League,29.0,1995.0,37,37,3330.0,37.0,0.0,0.0,0,0,0,0,1,0,0.0,0.0,0.0,0.0,0.0,Matches,0,0,0,,0.0,0.0,,,0,0,Matches,,,,,,,,,,,,,,,0.0,,,,,,Matches,,1,,,,,,,,,,,1,,,,Matches,,,,,,,,,,,,,,,,,,,,,Matches,david raya,0.0,0.1493939720094204,0.0,6.412498269230127,6.321507047861815,GK,,,,,,,,,,,,,,,,
2195,Rayan,br BRA,MF,Bournemouth,eng Premier League,18.0,2006.0,15,13,1111.0,12.3,5.0,2.0,7,5,0,0,1,0,0.41,0.16,0.57,0.41,0.57,Matches,5,28,8,28.6,2.27,0.65,0.18,0.63,0,0,Matches,,,,,,,,,,,,,,,2.0,,,,,,Matches,,6,,,,,,,,,,,8,,,,Matches,,,,,,,,,,,,,,,,,,,,,Matches,rayan,2.6684105955064297,2.7789037879556417,2.6684105955064297,6.337880494073033,2.8229257110506296,MF,0.4065040650406504,0.21694395085418125,0.18956011418646912,0.18,,0.16260162601626016,0.22592713723216598,,,,,,,,,
2196,Abde Rebbach,dz ALG,"MF,DF",Alavés,es La Liga,26.0,1998.0,30,15,1496.0,16.6,1.0,4.0,5,1,0,0,8,0,0.06,0.24,0.3,0.06,0.3,Matches,1,34,12,35.3,2.05,0.72,0.03,0.08,0,0,Matches,,,,,,,,,,,,,,,4.0,,,,,,Matches,,21,,,,,,,,,,,16,,,,Matches,,,,,,,,,,,,,,,,,,,,,Matches,abde rebbach,2.956959212198853,4.949423234909773,2.956959212198853,6.177632927894592,2.1951087564229965,MF,0.06024096385542168,0.17813007302402728,-0.1178891091686056,0.03,,0.24096385542168672,0.29815802619938386,,,,,,,,,
2199,Luca Reggiani,it ITA,DF,Dortmund,de Bundesliga,17.0,2008.0,8,6,511.0,5.7,1.0,0.0,1,1,0,0,2,0,0.18,0.0,0.18,0.18,0.18,Matches,1,3,1,33.3,0.53,0.18,0.33,1.0,0,0,Matches,,,,,,,,,,,,,,,0.0,,,,,,Matches,,10,,,,,,,,,,,2,,,,Matches,,,,,,,,,,,,,,,,,,,,,Matches,luca reggiani,0.460574084892869,0.0403863340616226,0.460574084892869,2.269562177360058,2.2139969542622566,DF,0.17543859649122806,0.08080247103383667,0.0946361254573914,0.33,,0.0,0.007085321765196947,,,,,,,,,
2200,Alejandro Rego,es ESP,MF,Athletic Club,es La Liga,22.0,2003.0,29,11,1279.0,14.2,1.0,1.0,2,1,0,0,6,0,0.07,0.07,0.14,0.07,0.14,Matches,1,12,3,25.0,0.84,0.21,0.08,0.33,0,0,Matches,,,,,,,,,,,,,,,1.0,,,,,,Matches,,20,,,,,,,,,,,21,,,,Matches,,,,,,,,,,,,,,,,,,,,,Matches,alejandro rego,0.5311379982158542,0.799548452720046,0.5311379982158542,3.169775044545532,2.2423849515616894,MF,0.07042253521126761,0.03740408438139818,0.03301845082986943,0.08,,0.07042253521126761,0.05630622906479198,,,,,,,,,
2201,Tijjani Reijnders,nl NED,MF,Manchester City,eng Premier League,27.0,1998.0,28,19,1631.0,18.1,5.0,2.0,7,5,0,0,2,0,0.28,0.11,0.39,0.28,0.39,Matches,5,49,16,32.7,2.7,0.88,0.1,0.31,0,0,Matches,,,,,,,,,,,,,,,2.0,,,,,,Matches,,4,,,,,,,,,,,11,,,,Matches,,,,,,,,,,,,,,,,,,,,,Matches,tijjani reijnders,4.861917998641729,3.073294181376696,4.861917998641729,13.1919761672616,7.1736231576651335,MF,0.2762430939226519,0.2686142540686038,0.0076288398540481014,0.1,,0.11049723756906077,0.16979525863959646,,,,,,,,,
2202,Alberto Reina,es ESP,MF,Oviedo,es La Liga,27.0,1997.0,37,31,2462.0,27.4,4.0,1.0,5,4,0,0,6,1,0.15,0.04,0.18,0.15,0.18,Matches,4,24,11,45.8,0.88,0.4,0.17,0.36,0,0,Matches,,,,,,,,,,,,,,,1.0,,,,,,Matches,,18,,,,,,,,,,,19,,,,Matches,,,,,,,,,,,,,,,,,,,,,Matches,alberto reina,3.899130245670676,4.210082144476473,3.899130245670676,8.353435187600553,3.1385123571380973,MF,0.14598540145985403,0.1423040235646232,0.003681377895230811,0.17,,0.03649635036496351,0.15365263301009027,,,,,,,,,
2203,Vitor Reis,br BRA,DF,Girona,es La Liga,19.0,2006.0,36,35,3138.0,34.9,1.0,1.0,2,1,0,0,9,1,0.03,0.03,0.06,0.03,0.06,Matches,1,19,4,21.1,0.54,0.11,0.05,0.25,0,0,Matches,,,,,,,,,,,,,,,1.0,,,,,,Matches,,32,,,,,,,,,,,35,,,,Matches,,,,,,,,,,,,,,,,,,,,,Matches,vitor reis,1.9711542688310144,0.8653075750917196,1.9711542688310144,9.510100200772284,8.20014369674027,DF,0.02865329512893983,0.05648006500948466,-0.027826769880544826,0.05,,0.02865329512893983,0.024793913326410306,,,,,,,,,
2204,Rocco Reitz,de GER,MF,Gladbach,de Bundesliga,23.0,2002.0,31,31,2627.0,29.2,0.0,4.0,4,0,0,0,8,1,0.0,0.14,0.14,0.0,0.14,Matches,0,47,14,29.8,1.61,0.48,0.0,0.0,0,0,Matches,,,,,,,,,,,,,,,4.0,,,,,,Matches,,42,,,,,,,,,,,49,,,,Matches,,,,,,,,,,,,,,,,,,,,,Matches,rocco reitz,2.6513977786526084,3.992779002524912,2.6513977786526084,13.191347749903798,8.105832872912288,MF,0.0,0.0908012937894729,-0.0908012937894729,0.0,,0.136986301369863,0.13673900693578467,,,,,,,,,
2205,Nicolai Remberg,de GER,MF,Hamburger SV,de Bundesliga,25.0,2000.0,32,32,2880.0,32.0,0.0,2.0,2,0,0,0,11,0,0.0,0.06,0.06,0.0,0.06,Matches,0,17,8,47.1,0.53,0.25,0.0,0.0,0,0,Matches,,,,,,,,,,,,,,,2.0,,,,,,Matches,,27,,,,,,,,,,,43,,,,Matches,,,,,,,,,,,,,,,,,,,,,Matches,nicolai remberg,1.0534912925213575,2.1542654521763325,1.0534912925213575,9.058403618633749,7.185781825333834,MF,0.0,0.03292160289129242,-0.03292160289129242,0.0,,0.0625,0.06732079538051039,,,,,,,,,
2206,Álex Remiro,es ESP,GK,Real Sociedad,es La Liga,30.0,1995.0,37,37,3330.0,37.0,0.0,0.0,0,0,0,0,1,0,0.0,0.0,0.0,0.0,0.0,Matches,0,0,0,,0.0,0.0,,,0,0,Matches,,,,,,,,,,,,,,,0.0,,,,,,Matches,,1,,,,,,,,,,,1,,,,Matches,,,,,,,,,,,,,,,,,,,,,Matches,alex remiro,0.0,0.3873771876096725,0.0,6.81348979100585,6.426112595945597,GK,,,,,,,,,,,,,,,,
2207,Devyne Rensch,nl NED,MF,Roma,it Serie A,22.0,2003.0,24,12,1184.0,13.2,1.0,4.0,5,1,0,0,1,0,0.08,0.3,0.38,0.08,0.38,Matches,1,6,2,33.3,0.46,0.15,0.17,0.5,0,0,Matches,,,,,,,,,,,,,,,4.0,,,,,,Matches,,15,,,,,,,,,,,16,,,,Matches,,,,,,,,,,,,,,,,,,,,,Matches,devyne rensch,0.569548043422401,2.7164466995745897,0.569548043422401,4.86653365381062,3.604976048693061,MF,0.07575757575757576,0.04314757904715159,0.03260999671042417,0.17,,0.30303030303030304,0.20579141663443862,,,,,,,,,
2208,Guillaume Restes,fr FRA,GK,Toulouse,fr Ligue 1,20.0,2005.0,33,33,2939.0,32.7,0.0,0.0,0,0,0,0,3,0,0.0,0.0,0.0,0.0,0.0,Matches,0,0,0,,0.0,0.0,,,0,0,Matches,,,,,,,,,,,,,,,0.0,,,,,,Matches,,0,,,,,,,,,,,1,,,,Matches,,,,,,,,,,,,,,,,,,,,,Matches,guillaume restes,0.0,0.0612147636711597,0.0,2.951088210567832,2.951088210567832,GK,,,,,,,,,,,,,,,,
2209,Elvis Rexhbeçaj,xk KVX,MF,Augsburg,de Bundesliga,27.0,1997.0,26,10,1118.0,12.4,2.0,0.0,2,2,0,0,4,0,0.16,0.0,0.16,0.16,0.16,Matches,2,11,5,45.5,0.89,0.4,0.18,0.4,0,0,Matches,,,,,,,,,,,,,,,0.0,,,,,,Matches,,8,,,,,,,,,,,4,,,,Matches,,,,,,,,,,,,,,,,,,,,,Matches,elvis rexhbecaj,0.5392126142978668,0.7069284673780203,0.5392126142978668,2.577535273507237,1.4284834694117308,MF,0.16129032258064516,0.04348488824982797,0.1178054343308172,0.18,,0.0,0.05701036027242099,,,,,,,,,
2210,Oriol Rey,es ESP,MF,Levante,es La Liga,27.0,1998.0,20,14,1319.0,14.7,0.0,1.0,1,0,0,0,4,0,0.0,0.07,0.07,0.0,0.07,Matches,0,8,1,12.5,0.55,0.07,0.0,0.0,0,0,Matches,,,,,,,,,,,,,,,1.0,,,,,,Matches,,12,,,,,,,,,,,12,,,,Matches,,,,,,,,,,,,,,,,,,,,,Matches,oriol rey,0.3515440141782164,0.257574962452054,0.3515440141782164,6.560898684896529,6.077804811298847,MF,0.0,0.02391455878763377,-0.02391455878763377,0.0,,0.06802721088435375,0.017522106289255376,,,,,,,,,
2211,Gio Reyna,us USA,MF,Gladbach,de Bundesliga,22.0,2002.0,19,4,520.0,5.8,1.0,0.0,1,1,0,0,1,0,0.17,0.0,0.17,0.17,0.17,Matches,1,7,2,28.6,1.21,0.35,0.14,0.5,0,0,Matches,,,,,,,,,,,,,,,0.0,,,,,,Matches,,6,,,,,,,,,,,4,,,,Matches,,,,,,,,,,,,,,,,,,,,,Matches,gio reyna,,,,,,MF,0.1724137931034483,,,0.14,,0.0,,,,,,,,,,
2212,Chadi Riad,ma MAR,DF,Crystal Palace,eng Premier League,22.0,2003.0,9,6,552.0,6.1,0.0,1.0,1,0,0,0,2,0,0.0,0.16,0.16,0.0,0.16,Matches,0,4,2,50.0,0.65,0.33,0.0,0.0,0,0,Matches,,,,,,,,,,,,,,,1.0,,,,,,Matches,,5,,,,,,,,,,,4,,,,Matches,,,,,,,,,,,,,,,,,,,,,Matches,chadi riad,0.2799455123022198,0.427691638469696,0.2799455123022198,1.6205672025680542,1.5276411771774292,DF,0.0,0.04589270693479013,-0.04589270693479013,0.0,,0.1639344262295082,0.07011338335568787,,,,,,,,,
2213,Alexsandro Ribeiro,br BRA,DF,Lille,fr Ligue 1,25.0,1999.0,9,7,509.0,5.7,0.0,0.0,0,0,0,0,0,1,0.0,0.0,0.0,0.0,0.0,Matches,0,7,2,28.6,1.24,0.35,0.0,0.0,0,0,Matches,,,,,,,,,,,,,,,0.0,,,,,,Matches,,9,,,,,,,,,,,11,,,,Matches,,,,,,,,,,,,,,,,,,,,,Matches,alexsandro ribeiro,0.2516534775495529,0.0,0.2516534775495529,3.515724942088127,3.515724942088127,DF,0.0,0.044149732903430335,-0.044149732903430335,0.0,,0.0,0.0,,,,,,,,,
2214,Rodrigo Ribeiro,pt POR,FW,Augsburg,de Bundesliga,20.0,2005.0,14,6,636.0,7.1,2.0,0.0,2,2,0,0,1,0,0.28,0.0,0.28,0.28,0.28,Matches,2,26,7,26.9,3.68,0.99,0.08,0.29,0,0,Matches,,,,,,,,,,,,,,,0.0,,,,,,Matches,,3,,,,,,,,,,,4,,,,Matches,,,,,,,,,,,,,,,,,,,,,Matches,rodrigo ribeiro,4.629444479942322,0.0266821533441543,4.629444479942322,5.407829083502293,1.2390874158591032,FW,0.28169014084507044,0.6520344337946933,-0.3703442929496228,0.08,,0.0,0.003758049766782296,,,,,,,,,
2215,Samuele Ricci,it ITA,MF,Milan,it Serie A,23.0,2001.0,31,11,1312.0,14.6,1.0,4.0,5,1,0,0,3,0,0.07,0.27,0.34,0.07,0.34,Matches,1,18,6,33.3,1.23,0.41,0.06,0.17,0,0,Matches,,,,,,,,,,,,,,,4.0,,,,,,Matches,,9,,,,,,,,,,,9,,,,Matches,,,,,,,,,,,,,,,,,,,,,Matches,samuele ricci,2.1061665676534176,2.7816384192556143,2.1061665676534176,8.74880488216877,5.324380742385984,MF,0.0684931506849315,0.14425798408585053,-0.07576483340091901,0.06,,0.273972602739726,0.19052317940106947,,,,,,,,,
2216,Declan Rice,eng ENG,MF,Arsenal,eng Premier League,26.0,1999.0,36,35,3094.0,34.4,4.0,5.0,9,4,0,0,3,0,0.12,0.15,0.26,0.12,0.26,Matches,4,40,13,32.5,1.16,0.38,0.1,0.31,0,0,Matches,,,,,,,,,,,,,,,5.0,,,,,,Matches,,33,,,,,,,,,,,33,,,,Matches,,,,,,,,,,,,,,,,,,,,,Matches,declan rice,3.720960887148976,8.159449681639671,3.720960887148976,18.490907587111,12.956868270412087,MF,0.11627906976744186,0.10816746764967954,0.00811160211776233,0.1,,0.14534883720930233,0.23719330469882766,,,,,,,,,
2217,Chris Richards,us USA,DF,Crystal Palace,eng Premier League,25.0,2000.0,33,31,2827.0,31.4,1.0,0.0,1,1,0,0,4,0,0.03,0.0,0.03,0.03,0.03,Matches,1,15,2,13.3,0.48,0.06,0.07,0.5,0,0,Matches,,,,,,,,,,,,,,,0.0,,,,,,Matches,,35,,,,,,,,,,,43,,,,Matches,,,,,,,,,,,,,,,,,,,,,Matches,chris richards,1.7814537715166807,0.4875335106626153,1.7814537715166807,7.80950731690973,7.502825566567481,DF,0.03184713375796178,0.05673419654511722,-0.02488706278715544,0.07,,0.0,0.015526544925560997,,,,,,,,,
2219,Richarlison,br BRA,"FW,MF",Tottenham,eng Premier League,28.0,1997.0,32,20,1964.0,21.8,11.0,4.0,15,11,0,0,5,0,0.5,0.18,0.69,0.5,0.69,Matches,11,61,26,42.6,2.8,1.19,0.18,0.42,0,0,Matches,,,,,,,,,,,,,,,4.0,,,,,,Matches,,16,,,,,,,,,,,7,,,,Matches,,,,,,,,,,,,,,,,,,,,,Matches,richarlison,9.866276641376317,3.4081881837919354,9.866276641376317,11.187864126637578,2.256451802328229,FW,0.5045871559633027,0.4525814973108402,0.05200565865246254,0.18,,0.18348623853211007,0.15633890751339152,,,,,,,,,
2220,Diego Rico,es ESP,DF,Getafe,es La Liga,32.0,1993.0,28,18,1758.0,19.5,0.0,0.0,0,0,0,0,4,0,0.0,0.0,0.0,0.0,0.0,Matches,0,11,1,9.1,0.56,0.05,0.0,0.0,0,0,Matches,,,,,,,,,,,,,,,0.0,,,,,,Matches,,29,,,,,,,,,,,33,,,,Matches,,,,,,,,,,,,,,,,,,,,,Matches,diego rico,0.2927396623417735,0.8772552907466888,0.2927396623417735,1.4686552183702588,0.5435091145336628,DF,0.0,0.015012290376501206,-0.015012290376501206,0.0,,0.0,0.044987450807522505,,,,,,,,,
2221,Clemens Riedel,de GER,DF,Espanyol,es La Liga,22.0,2003.0,20,16,1396.0,15.5,0.0,1.0,1,0,0,0,5,0,0.0,0.06,0.06,0.0,0.06,Matches,0,3,1,33.3,0.19,0.06,0.0,0.0,0,0,Matches,,,,,,,,,,,,,,,1.0,,,,,,Matches,,14,,,,,,,,,,,11,,,,Matches,,,,,,,,,,,,,,,,,,,,,Matches,clemens riedel,0.1087655127048492,0.1781810065731406,0.1087655127048492,2.985293955542147,2.905074262060225,DF,0.0,0.007017129851925755,-0.007017129851925755,0.0,,0.06451612903225806,0.011495548811170361,,,,,,,,,
2222,Fabian Rieder,ch SUI,MF,Augsburg,de Bundesliga,23.0,2002.0,32,28,2343.0,26.0,6.0,3.0,9,4,2,2,4,0,0.23,0.12,0.35,0.15,0.27,Matches,6,38,13,34.2,1.46,0.5,0.16,0.46,2,2,Matches,,,,,,,,,,,,,,,3.0,,,,,,Matches,,20,,,,,,,,,,,13,,,,Matches,,,,,,,,,,,,,,,,,,,,,Matches,fabian rieder,4.166463605128229,5.375069449655712,2.650910287164152,11.631565358489752,6.491243749856949,MF,0.23076923076923078,0.10195808796785201,0.0705206305719912,0.16,,0.11538461538461539,0.20673344037137353,,,,,,,,,
2225,Chris Rigg,eng ENG,MF,Sunderland,eng Premier League,18.0,2007.0,18,11,761.0,8.5,1.0,1.0,2,1,0,0,1,0,0.12,0.12,0.24,0.12,0.24,Matches,1,12,3,25.0,1.42,0.35,0.08,0.33,0,0,Matches,,,,,,,,,,,,,,,1.0,,,,,,Matches,,8,,,,,,,,,,,4,,,,Matches,,,,,,,,,,,,,,,,,,,,,Matches,chris rigg,0.8001006729900837,1.1892294473946097,0.8001006729900837,1.9688882902264595,0.7253808416426182,MF,0.11764705882352941,0.09412949094000984,0.023517567883519566,0.08,,0.11764705882352941,0.139909346752307,,,,,,,,,
2227,Hugo Rincón,es ESP,DF,Girona,es La Liga,22.0,2003.0,33,16,1750.0,19.4,1.0,1.0,2,1,0,0,4,0,0.05,0.05,0.1,0.05,0.1,Matches,1,7,2,28.6,0.36,0.1,0.14,0.5,0,0,Matches,,,,,,,,,,,,,,,1.0,,,,,,Matches,,33,,,,,,,,,,,5,,,,Matches,,,,,,,,,,,,,,,,,,,,,Matches,hugo rincon,0.6909217592328787,1.3317618854343891,0.6909217592328787,5.528506241738796,4.207219677045941,DF,0.051546391752577324,0.035614523671797876,0.01593186808077945,0.14,,0.051546391752577324,0.06864751986775203,,,,,,,,,
2228,Luis Rioja,es ESP,MF,Valencia,es La Liga,31.0,1993.0,37,31,2624.0,29.2,3.0,6.0,9,3,0,0,1,0,0.1,0.21,0.31,0.1,0.31,Matches,3,44,5,11.4,1.51,0.17,0.07,0.6,0,0,Matches,,,,,,,,,,,,,,,6.0,,,,,,Matches,,25,,,,,,,,,,,17,,,,Matches,,,,,,,,,,,,,,,,,,,,,Matches,luis rioja,2.6316598393023014,4.349898550659418,2.6316598393023014,11.246069345623257,5.814940087497234,MF,0.10273972602739727,0.09012533696240758,0.012614389064989679,0.07,,0.20547945205479454,0.14896912844724036,,,,,,,,,
2229,Rodrigo Riquelme,es ESP,MF,Real Betis,es La Liga,25.0,2000.0,25,7,821.0,9.1,1.0,1.0,2,1,0,0,2,0,0.11,0.11,0.22,0.11,0.22,Matches,1,24,7,29.2,2.63,0.77,0.04,0.14,0,0,Matches,,,,,,,,,,,,,,,1.0,,,,,,Matches,,11,,,,,,,,,,,5,,,,Matches,,,,,,,,,,,,,,,,,,,,,Matches,rodrigo riquelme,2.6496557127684355,1.466417740099132,2.6496557127684355,6.590603470802307,2.7007025675848126,MF,0.10989010989010989,0.2911709574470808,-0.18128084755697094,0.04,,0.10989010989010989,0.16114480660430022,,,,,,,,,
2230,Robin Risser,fr FRA,GK,Lens,fr Ligue 1,20.0,2004.0,33,33,2970.0,33.0,0.0,1.0,1,0,0,0,2,0,0.0,0.03,0.03,0.0,0.03,Matches,0,0,0,,0.0,0.0,,,0,0,Matches,,,,,,,,,,,,,,,1.0,,,,,,Matches,,0,,,,,,,,,,,0,,,,Matches,,,,,,,,,,,,,,,,,,,,,Matches,robin risser,0.0,0.0707157272845506,0.0,5.969834169372916,5.8991184420883656,GK,,,,,,,,,,,,,,,,
2232,Lars Ritzka,de GER,"MF,DF",St Pauli,de Bundesliga,27.0,1998.0,21,12,966.0,10.7,0.0,0.0,0,0,0,0,1,0,0.0,0.0,0.0,0.0,0.0,Matches,0,4,1,25.0,0.37,0.09,0.0,0.0,0,0,Matches,,,,,,,,,,,,,,,0.0,,,,,,Matches,,26,,,,,,,,,,,13,,,,Matches,,,,,,,,,,,,,,,,,,,,,Matches,lars ritzka,0.225738238543272,0.8755739834159613,0.225738238543272,1.4658792736008763,0.7808276889845729,MF,0.0,0.02109703163955813,-0.02109703163955813,0.0,,0.0,0.08182934424448236,,,,,,,,,
2233,Sergi Roberto,es ESP,MF,Como,it Serie A,33.0,1992.0,20,5,544.0,6.0,0.0,0.0,0,0,0,0,3,0,0.0,0.0,0.0,0.0,0.0,Matches,0,7,2,28.6,1.16,0.33,0.0,0.0,0,0,Matches,,,,,,,,,,,,,,,0.0,,,,,,Matches,,7,,,,,,,,,,,5,,,,Matches,,,,,,,,,,,,,,,,,,,,,Matches,sergi roberto,1.0820457711815834,0.3467925526201725,1.0820457711815834,4.112761254422367,3.482846712693572,MF,0.0,0.18034096186359724,-0.18034096186359724,0.0,,0.0,0.05779875877002875,,,,,,,,,
2235,Andy Robertson,sct SCO,DF,Liverpool,eng Premier League,31.0,1994.0,24,11,1176.0,13.1,1.0,0.0,1,1,0,0,0,0,0.08,0.0,0.08,0.08,0.08,Matches,1,10,3,30.0,0.77,0.23,0.1,0.33,0,0,Matches,,,,,,,,,,,,,,,0.0,,,,,,Matches,,10,,,,,,,,,,,7,,,,Matches,,,,,,,,,,,,,,,,,,,,,Matches,andy robertson,1.047316076233983,1.5095006115734575,1.047316076233983,5.851028840988874,4.472272000275552,DF,0.07633587786259542,0.07994779207893,-0.0036119142163345834,0.1,,0.0,0.11522905431858455,,,,,,,,,
2236,Antonee Robinson,us USA,"DF,MF",Fulham,eng Premier League,27.0,1997.0,22,17,1492.0,16.6,1.0,0.0,1,0,1,1,5,0,0.06,0.0,0.06,0.0,0.0,Matches,1,6,1,16.7,0.36,0.06,0.17,1.0,1,1,Matches,,,,,,,,,,,,,,,0.0,,,,,,Matches,,31,,,,,,,,,,,28,,,,Matches,,,,,,,,,,,,,,,,,,,,,Matches,antonee robinson,0.977246874012053,1.090028055012226,0.2160780364647507,4.561269454658032,3.8488879278302193,DF,0.06024096385542168,0.013016749184623536,0.0013706702402377703,0.17,,0.0,0.06566434066338711,,,,,,,,,
2237,Joel Roca,es ESP,"MF,FW",Girona,es La Liga,20.0,2005.0,32,16,1473.0,16.4,3.0,1.0,4,3,0,0,4,1,0.18,0.06,0.24,0.18,0.24,Matches,3,48,16,33.3,2.93,0.98,0.06,0.19,0,0,Matches,,,,,,,,,,,,,,,1.0,,,,,,Matches,,11,,,,,,,,,,,2,,,,Matches,,,,,,,,,,,,,,,,,,,,,Matches,joel roca,4.518066472373903,1.951041013002396,4.518066472373903,8.29686073306948,1.9931063894182444,MF,0.1829268292682927,0.27549185807157944,-0.09256502880328676,0.06,,0.06097560975609757,0.11896591542697538,,,,,,,,,
2238,Marc Roca,es ESP,MF,Real Betis,es La Liga,28.0,1996.0,29,23,2026.0,22.5,1.0,1.0,2,1,0,0,1,0,0.04,0.04,0.09,0.04,0.09,Matches,1,17,7,41.2,0.76,0.31,0.06,0.14,0,0,Matches,,,,,,,,,,,,,,,1.0,,,,,,Matches,,29,,,,,,,,,,,23,,,,Matches,,,,,,,,,,,,,,,,,,,,,Matches,marc roca,0.9589633732102812,2.0623733028769493,0.9589633732102812,8.206119364127517,7.05390945635736,MF,0.044444444444444446,0.04262059436490139,0.0018238500795430559,0.06,,0.044444444444444446,0.09166103568341998,,,,,,,,,
2241,Joe Rodon,wls WAL,DF,Leeds United,eng Premier League,27.0,1997.0,35,33,2951.0,32.8,2.0,0.0,2,2,0,0,3,0,0.06,0.0,0.06,0.06,0.06,Matches,2,18,7,38.9,0.55,0.21,0.11,0.29,0,0,Matches,,,,,,,,,,,,,,,0.0,,,,,,Matches,,19,,,,,,,,,,,30,,,,Matches,,,,,,,,,,,,,,,,,,,,,Matches,joe rodon,1.8460459671914573,0.4614792335778475,1.8460459671914573,6.242629060521722,5.799875162541866,DF,0.06097560975609757,0.056281889243642,0.00469372051245557,0.11,,0.0,0.014069488828592913,,,,,,,,,
2242,Rodri,es ESP,MF,Manchester City,eng Premier League,29.0,1996.0,21,17,1511.0,16.8,1.0,0.0,1,1,0,0,3,0,0.06,0.0,0.06,0.06,0.06,Matches,1,16,3,18.8,0.95,0.18,0.06,0.33,0,0,Matches,,,,,,,,,,,,,,,0.0,,,,,,Matches,,25,,,,,,,,,,,12,,,,Matches,,,,,,,,,,,,,,,,,,,,,Matches,rodri,1.1884781727567315,2.2761295437812805,1.1884781727567315,12.13792721182108,10.705944895744324,MF,0.05952380952380952,0.07074274837837687,-0.011218938854567352,0.06,,0.0,0.13548390141555242,,,,,,,,,
2243,Álvaro Rodríguez,uy URU,FW,Elche,es La Liga,21.0,2004.0,34,24,2201.0,24.5,7.0,5.0,12,7,0,0,2,0,0.29,0.2,0.49,0.29,0.49,Matches,7,75,24,32.0,3.07,0.98,0.09,0.29,0,0,Matches,,,,,,,,,,,,,,,5.0,,,,,,Matches,,14,,,,,,,,,,,4,,,,Matches,,,,,,,,,,,,,,,,,,,,,Matches,alvaro rodriguez,12.178225251846015,3.8613251298666,12.178225251846015,15.05247726943344,2.806102915666997,FW,0.2857142857142857,0.4970704184426945,-0.2113561327284088,0.09,,0.20408163265306123,0.15760510734149388,,,,,,,,,
2247,Guido Rodríguez,ar ARG,MF,Valencia,es La Liga,31.0,1994.0,16,14,1309.0,14.5,4.0,0.0,4,4,0,0,4,0,0.28,0.0,0.28,0.28,0.28,Matches,4,15,5,33.3,1.03,0.34,0.27,0.8,0,0,Matches,,,,,,,,,,,,,,,0.0,,,,,,Matches,,27,,,,,,,,,,,10,,,,Matches,,,,,,,,,,,,,,,,,,,,,Matches,guido rodriguez,0.0242491047829389,0.0,0.0242491047829389,0.3224498257040977,0.2982007190585136,MF,0.27586206896551724,0.0016723520539957864,0.27418971691152144,0.27,,0.0,0.0,,,,,,,,,
2248,Javi Rodríguez,es ESP,DF,Celta Vigo,es La Liga,22.0,2003.0,33,28,2558.0,28.4,0.0,1.0,1,0,0,0,5,0,0.0,0.04,0.04,0.0,0.04,Matches,0,12,1,8.3,0.42,0.04,0.0,0.0,0,0,Matches,,,,,,,,,,,,,,,1.0,,,,,,Matches,,23,,,,,,,,,,,28,,,,Matches,,,,,,,,,,,,,,,,,,,,,Matches,javi rodriguez,,,,,,DF,0.0,,,0.0,,0.035211267605633804,,,,,,,,,,
2249,Jesus Rodríguez,es ESP,MF,Como,it Serie A,19.0,2005.0,31,18,1731.0,19.2,2.0,9.0,11,2,0,0,3,1,0.1,0.47,0.57,0.1,0.57,Matches,2,45,12,26.7,2.34,0.62,0.04,0.17,0,0,Matches,,,,,,,,,,,,,,,9.0,,,,,,Matches,,17,,,,,,,,,,,4,,,,Matches,,,,,,,,,,,,,,,,,,,,,Matches,jesus rodriguez,3.921451119706034,6.971315912902355,3.921451119706034,13.897016979753973,4.475679643452168,MF,0.10416666666666667,0.2042422458180226,-0.10007557915135595,0.04,,0.46875,0.36308937046366435,,,,,,,,,
2250,Juan Rodríguez,uy URU,DF,Cagliari,it Serie A,20.0,2005.0,17,16,1310.0,14.6,1.0,0.0,1,1,0,0,3,0,0.07,0.0,0.07,0.07,0.07,Matches,1,3,2,66.7,0.21,0.14,0.33,0.5,0,0,Matches,,,,,,,,,,,,,,,0.0,,,,,,Matches,,27,,,,,,,,,,,17,,,,Matches,,,,,,,,,,,,,,,,,,,,,Matches,juan rodriguez,1.198434928432107,0.0,1.198434928432107,2.5587312020361423,2.53060919418931,DF,0.0684931506849315,0.08208458413918542,-0.013591433454253902,0.33,,0.0,0.0,,,,,,,,,
2251,Ricardo Rodríguez,ch SUI,DF,Real Betis,es La Liga,32.0,1992.0,23,18,1547.0,17.2,0.0,1.0,1,0,0,0,0,0,0.0,0.06,0.06,0.0,0.06,Matches,0,3,0,0.0,0.17,0.0,0.0,,0,0,Matches,,,,,,,,,,,,,,,1.0,,,,,,Matches,,14,,,,,,,,,,,8,,,,Matches,,,,,,,,,,,,,,,,,,,,,Matches,ricardo rodriguez,0.1410916894674301,0.4879046082496643,0.1410916894674301,2.7929348312318325,2.435595016926527,DF,0.0,0.008203005201594773,-0.008203005201594773,0.0,,0.05813953488372093,0.028366546991259553,,,,,,,,,
2252,Rodrygo,br BRA,"MF,FW",Real Madrid,es La Liga,24.0,2001.0,19,6,684.0,7.6,1.0,3.0,4,1,0,0,3,0,0.13,0.39,0.53,0.13,0.53,Matches,1,27,11,40.7,3.55,1.45,0.04,0.09,0,0,Matches,,,,,,,,,,,,,,,3.0,,,,,,Matches,,8,,,,,,,,,,,3,,,,Matches,,,,,,,,,,,,,,,,,,,,,Matches,rodrygo,2.848481699824333,2.88282679207623,2.848481699824333,4.605150379240513,1.4849299378693104,MF,0.13157894736842105,0.3748002236610965,-0.24322127629267543,0.04,,0.39473684210526316,0.3793193147468724,,,,,,,,,
2253,Robin Roefs,nl NED,GK,Sunderland,eng Premier League,22.0,2003.0,35,35,3150.0,35.0,0.0,0.0,0,0,0,0,4,0,0.0,0.0,0.0,0.0,0.0,Matches,0,0,0,,0.0,0.0,,,0,0,Matches,,,,,,,,,,,,,,,0.0,,,,,,Matches,,0,,,,,,,,,,,0,,,,Matches,,,,,,,,,,,,,,,,,,,,,Matches,robin roefs,0.0,0.7053439579904079,0.0,3.144571002572775,2.4392270259559155,GK,,,,,,,,,,,,,,,,
2254,Morgan Rogers,eng ENG,MF,Aston Villa,eng Premier League,23.0,2002.0,37,37,3280.0,36.4,10.0,6.0,16,10,0,0,7,0,0.27,0.16,0.44,0.27,0.44,Matches,10,84,32,38.1,2.3,0.88,0.12,0.31,0,0,Matches,,,,,,,,,,,,,,,6.0,,,,,,Matches,,23,,,,,,,,,,,13,,,,Matches,,,,,,,,,,,,,,,,,,,,,Matches,morgan rogers,7.145822267979384,7.475014166906476,7.145822267979384,18.204907912760973,7.18029835447669,MF,0.27472527472527475,0.1963137985708622,0.07841147615441252,0.12,,0.16483516483516483,0.20535753205787022,,,,,,,,,
2256,Merlin Röhl,de GER,MF,Everton,eng Premier League,23.0,2002.0,16,6,682.0,7.6,1.0,0.0,1,1,0,0,0,0,0.13,0.0,0.13,0.13,0.13,Matches,1,11,1,9.1,1.45,0.13,0.09,1.0,0,0,Matches,,,,,,,,,,,,,,,0.0,,,,,,Matches,,13,,,,,,,,,,,4,,,,Matches,,,,,,,,,,,,,,,,,,,,,Matches,merlin rohl,0.5586705394089222,0.3609896339476108,0.5586705394089222,1.4036217126995325,0.6960872486233711,MF,0.13157894736842105,0.07350928150117397,0.05806966586724708,0.09,,0.0,0.047498636045738264,,,,,,,,,
2258,Alessio Romagnoli,it ITA,DF,Lazio,it Serie A,30.0,1995.0,32,31,2666.0,29.6,0.0,0.0,0,0,0,0,6,1,0.0,0.0,0.0,0.0,0.0,Matches,0,9,4,44.4,0.3,0.14,0.0,0.0,0,0,Matches,,,,,,,,,,,,,,,0.0,,,,,,Matches,,14,,,,,,,,,,,32,,,,Matches,,,,,,,,,,,,,,,,,,,,,Matches,alessio romagnoli,1.5350841991603374,0.0711084343492984,1.5350841991603374,5.827228598296642,5.75005448423326,DF,0.0,0.05186095267433572,-0.05186095267433572,0.0,,0.0,0.002402311971260081,,,,,,,,,
2259,Leo Román,es ESP,GK,Mallorca,es La Liga,25.0,2000.0,33,33,2970.0,33.0,0.0,0.0,0,0,0,0,4,0,0.0,0.0,0.0,0.0,0.0,Matches,0,0,0,,0.0,0.0,,,0,0,Matches,,,,,,,,,,,,,,,0.0,,,,,,Matches,,1,,,,,,,,,,,1,,,,Matches,,,,,,,,,,,,,,,,,,,,,Matches,leo roman,0.0,0.0,0.0,3.981423040851951,3.981423040851951,GK,,,,,,,,,,,,,,,,
2260,Miguel Román,es ESP,MF,Celta Vigo,es La Liga,22.0,2002.0,19,14,1311.0,14.6,1.0,0.0,1,1,0,0,3,0,0.07,0.0,0.07,0.07,0.07,Matches,1,9,2,22.2,0.62,0.14,0.11,0.5,0,0,Matches,,,,,,,,,,,,,,,0.0,,,,,,Matches,,17,,,,,,,,,,,12,,,,Matches,,,,,,,,,,,,,,,,,,,,,Matches,miguel roman,1.1040805764496326,2.089981175027788,1.1040805764496326,8.5124043636024,6.327844304963946,MF,0.0684931506849315,0.07562195729107073,-0.007128806606139223,0.11,,0.0,0.1431493955498485,,,,,,,,,
2262,Carlos Romero,es ESP,DF,Espanyol,es La Liga,23.0,2001.0,36,36,3191.0,35.5,6.0,3.0,9,6,0,0,4,0,0.17,0.08,0.25,0.17,0.25,Matches,6,42,12,28.6,1.18,0.34,0.14,0.5,0,0,Matches,,,,,,,,,,,,,,,3.0,,,,,,Matches,,60,,,,,,,,,,,38,,,,Matches,,,,,,,,,,,,,,,,,,,,,Matches,carlos romero,2.956237475387752,3.295898557640612,2.956237475387752,11.255615886300802,7.793717348948121,DF,0.16901408450704225,0.08327429508134512,0.08573978942569713,0.14,,0.08450704225352113,0.09284221289128484,,,,,,,,,
2263,Cristian Romero,ar ARG,DF,Tottenham,eng Premier League,27.0,1998.0,23,22,1868.0,20.8,4.0,1.0,5,4,0,0,11,2,0.19,0.05,0.24,0.19,0.24,Matches,4,17,6,35.3,0.82,0.29,0.24,0.67,0,0,Matches,,,,,,,,,,,,,,,1.0,,,,,,Matches,,30,,,,,,,,,,,31,,,,Matches,,,,,,,,,,,,,,,,,,,,,Matches,cristian romero,1.8381627183407545,1.8169466238468883,1.8381627183407545,6.1135033164173365,4.283094780519605,DF,0.1923076923076923,0.08837320761253627,0.10393448469515602,0.24,,0.04807692307692307,0.08735320306956193,,,,,,,,,
2264,Isaac Romero,es ESP,"FW,MF",Sevilla,es La Liga,25.0,2000.0,29,18,1484.0,16.5,4.0,0.0,4,4,0,1,6,1,0.24,0.0,0.24,0.24,0.24,Matches,4,41,14,34.1,2.49,0.85,0.1,0.29,0,1,Matches,,,,,,,,,,,,,,,0.0,,,,,,Matches,,10,,,,,,,,,,,5,,,,Matches,,,,,,,,,,,,,,,,,,,,,Matches,isaac romero,5.542458679527044,1.0822319444268942,4.799181040376425,7.964388970285654,2.7966378815472126,FW,0.24242424242424243,0.2908594569925106,-0.09348234421376025,0.1,,0.0,0.06558981481375116,,,,,,,,,
2265,Iván Romero,es ESP,"FW,MF",Levante,es La Liga,24.0,2001.0,32,28,2259.0,25.1,7.0,1.0,8,7,0,1,5,0,0.28,0.04,0.32,0.28,0.32,Matches,7,59,18,30.5,2.35,0.72,0.12,0.39,0,1,Matches,,,,,,,,,,,,,,,1.0,,,,,,Matches,,22,,,,,,,,,,,12,,,,Matches,,,,,,,,,,,,,,,,,,,,,Matches,ivan romero,9.59401980228722,2.88573707267642,8.850742192938924,14.721420374698935,4.722817124798894,FW,0.2788844621513944,0.3526192108740607,-0.10334740248156252,0.12,,0.0398406374501992,0.1149696044891004,,,,,,,,,
2266,Zaid Romero,ar ARG,DF,Getafe,es La Liga,25.0,1999.0,15,15,1349.0,15.0,1.0,0.0,1,1,0,0,5,1,0.07,0.0,0.07,0.07,0.07,Matches,1,10,2,20.0,0.67,0.13,0.1,0.5,0,0,Matches,,,,,,,,,,,,,,,0.0,,,,,,Matches,,23,,,,,,,,,,,28,,,,Matches,,,,,,,,,,,,,,,,,,,,,Matches,zaid romero,1.0052571017295122,0.0902770534157753,1.0052571017295122,2.842687303200364,2.554918821901083,DF,0.06666666666666667,0.06701714011530081,-0.00035047344863414764,0.1,,0.0,0.0060184702277183534,,,,,,,,,
2267,Rômulo,br BRA,FW,RB Leipzig,de Bundesliga,23.0,2002.0,30,27,2188.0,24.3,9.0,4.0,13,9,0,1,3,0,0.37,0.16,0.53,0.37,0.53,Matches,9,63,27,42.9,2.59,1.11,0.14,0.33,0,1,Matches,,,,,,,,,,,,,,,4.0,,,,,,Matches,,19,,,,,,,,,,,11,,,,Matches,,,,,,,,,,,,,,,,,,,,,Matches,romulo,15.93664027750492,3.606802409514785,15.178863540291786,23.735963854938745,7.021602770313621,FW,0.37037037037037035,0.6246445901354645,-0.2854584476339473,0.14,,0.1646090534979424,0.14842808269608168,,,,,,,,,
2268,Salomón Rondón,ve VEN,FW,Oviedo,es La Liga,35.0,1989.0,16,13,1032.0,11.5,2.0,0.0,2,2,0,1,2,0,0.17,0.0,0.17,0.17,0.17,Matches,2,24,5,20.8,2.09,0.44,0.08,0.4,0,1,Matches,,,,,,,,,,,,,,,0.0,,,,,,Matches,,0,,,,,,,,,,,1,,,,Matches,,,,,,,,,,,,,,,,,,,,,Matches,salomon rondon,3.783308571204543,0.1934819892048835,3.0400309544056654,3.1170474737882614,0.3357116375118494,FW,0.17391304347826086,0.2643505177744057,-0.1550703105395255,0.08,,0.0,0.016824520800424653,,,,,,,,,
2269,Valentin Rongier,fr FRA,MF,Rennes,fr Ligue 1,30.0,1994.0,31,31,2745.0,30.5,2.0,5.0,7,2,0,0,6,0,0.07,0.16,0.23,0.07,0.23,Matches,2,22,10,45.5,0.72,0.33,0.09,0.2,0,0,Matches,,,,,,,,,,,,,,,5.0,,,,,,Matches,,48,,,,,,,,,,,36,,,,Matches,,,,,,,,,,,,,,,,,,,,,Matches,valentin rongier,0.782729365862906,4.391351553611457,0.782729365862906,15.28383518382907,12.994579819962382,MF,0.06557377049180328,0.025663257897144458,0.03991051259465882,0.09,,0.16393442622950818,0.14397873946267073,,,,,,,,,
2270,Marten de Roon,nl NED,MF,Atalanta,it Serie A,34.0,1991.0,34,32,2691.0,29.9,1.0,2.0,3,1,0,0,8,1,0.03,0.07,0.1,0.03,0.1,Matches,1,16,4,25.0,0.54,0.13,0.06,0.25,0,0,Matches,,,,,,,,,,,,,,,2.0,,,,,,Matches,,44,,,,,,,,,,,26,,,,Matches,,,,,,,,,,,,,,,,,,,,,Matches,marten de roon,0.824793690815568,1.586717877537012,0.824793690815568,15.483431348577142,13.585763746872544,MF,0.033444816053511704,0.02758507327142368,0.005859742782088028,0.06,,0.06688963210702341,0.053067487543043884,,,,,,,,,
2272,Max Rosenfelder,de GER,DF,Freiburg,de Bundesliga,22.0,2003.0,12,5,492.0,5.5,0.0,0.0,0,0,0,0,0,0,0.0,0.0,0.0,0.0,0.0,Matches,0,1,0,0.0,0.18,0.0,0.0,,0,0,Matches,,,,,,,,,,,,,,,0.0,,,,,,Matches,,5,,,,,,,,,,,5,,,,Matches,,,,,,,,,,,,,,,,,,,,,Matches,max rosenfelder,0.0172707736492156,0.0,0.0172707736492156,0.7206106707453728,0.7206106707453728,DF,0.0,0.0031401406634937457,-0.0031401406634937457,0.0,,0.0,0.0,,,,,,,,,
2274,Valentin Rosier,fr FRA,"DF,MF",Osasuna,es La Liga,28.0,1996.0,31,30,2547.0,28.3,1.0,1.0,2,1,0,0,6,1,0.04,0.04,0.07,0.04,0.07,Matches,1,19,3,15.8,0.67,0.11,0.05,0.33,0,0,Matches,,,,,,,,,,,,,,,1.0,,,,,,Matches,,32,,,,,,,,,,,43,,,,Matches,,,,,,,,,,,,,,,,,,,,,Matches,valentin rosier,0.9383662464097142,1.948618238791824,0.9383662464097142,6.748972576111555,4.230974381789565,DF,0.0353356890459364,0.03315781789433619,0.0021778711516002042,0.05,,0.0353356890459364,0.06885576815518812,,,,,,,,,
2275,Tom Rothe,de GER,"MF,DF",Union Berlin,de Bundesliga,20.0,2004.0,21,10,1029.0,11.4,2.0,0.0,2,2,0,0,1,1,0.17,0.0,0.17,0.17,0.17,Matches,2,19,5,26.3,1.66,0.44,0.11,0.4,0,0,Matches,,,,,,,,,,,,,,,0.0,,,,,,Matches,,15,,,,,,,,,,,21,,,,Matches,,,,,,,,,,,,,,,,,,,,,Matches,tom rothe,1.6000693328678608,0.9030134752392768,1.6000693328678608,2.1565405651926994,1.3000704422593117,MF,0.17543859649122806,0.14035695902349657,0.035081637467731505,0.11,,0.0,0.07921170835432252,,,,,,,,,
2276,Anthony Rouault,fr FRA,DF,Rennes,fr Ligue 1,24.0,2001.0,21,19,1724.0,19.2,1.0,0.0,1,1,0,0,4,0,0.05,0.0,0.05,0.05,0.05,Matches,1,9,3,33.3,0.47,0.16,0.11,0.33,0,0,Matches,,,,,,,,,,,,,,,0.0,,,,,,Matches,,13,,,,,,,,,,,18,,,,Matches,,,,,,,,,,,,,,,,,,,,,Matches,anthony rouault,2.573473647236824,0.1675164084881544,2.573473647236824,6.358025182038546,5.803711373358965,DF,0.052083333333333336,0.13403508579358459,-0.08195175246025126,0.11,,0.0,0.008724812942091376,,,,,,,,,
2277,Nicolò Rovella,it ITA,MF,Lazio,it Serie A,23.0,2001.0,11,6,512.0,5.7,0.0,1.0,1,0,0,0,2,1,0.0,0.18,0.18,0.0,0.18,Matches,0,1,0,0.0,0.18,0.0,0.0,,0,0,Matches,,,,,,,,,,,,,,,1.0,,,,,,Matches,,10,,,,,,,,,,,9,,,,Matches,,,,,,,,,,,,,,,,,,,,,Matches,nicolo rovella,0.0171176232397556,1.4669072283431888,0.0171176232397556,1.6087185563519597,1.3888101922348142,MF,0.0,0.0030030917964483507,-0.0030030917964483507,0.0,,0.17543859649122806,0.2573521453233664,,,,,,,,,
2278,Jonathan Rowe,eng ENG,"MF,FW",Bologna,it Serie A,22.0,2003.0,28,17,1605.0,17.8,3.0,2.0,5,3,0,0,2,0,0.17,0.11,0.28,0.17,0.28,Matches,3,48,17,35.4,2.69,0.95,0.06,0.18,0,0,Matches,,,,,,,,,,,,,,,2.0,,,,,,Matches,,14,,,,,,,,,,,9,,,,Matches,,,,,,,,,,,,,,,,,,,,,Matches,jonathan rowe,4.977084977552295,2.6996529325842857,4.977084977552295,8.23259355314076,1.3820700384676456,MF,0.16853932584269662,0.27961151559282554,-0.11107218975012892,0.06,,0.11235955056179775,0.1516658950890048,,,,,,,,,
2281,Amir Rrahmani,xk KVX,DF,Napoli,it Serie A,31.0,1994.0,21,21,1795.0,19.9,2.0,1.0,3,2,0,0,2,0,0.1,0.05,0.15,0.1,0.15,Matches,2,15,4,26.7,0.75,0.2,0.13,0.5,0,0,Matches,,,,,,,,,,,,,,,1.0,,,,,,Matches,,12,,,,,,,,,,,22,,,,Matches,,,,,,,,,,,,,,,,,,,,,Matches,amir rrahmani,1.3542888388037682,0.2368359714746475,1.3542888388037682,9.067516535520554,8.741717606782913,DF,0.10050251256281408,0.0680547155177773,0.03244779704503678,0.13,,0.05025125628140704,0.011901305099228519,,,,,,,,,
2282,Rubén,es ESP,"DF,MF",Espanyol,es La Liga,24.0,2001.0,21,8,812.0,9.0,0.0,1.0,1,0,0,0,2,0,0.0,0.11,0.11,0.0,0.11,Matches,0,8,1,12.5,0.89,0.11,0.0,0.0,0,0,Matches,,,,,,,,,,,,,,,1.0,,,,,,Matches,,10,,,,,,,,,,,10,,,,Matches,,,,,,,,,,,,,,,,,,,,,Matches,ruben,0.1750586377456784,1.105343360453844,0.1750586377456784,4.239415235817432,3.1734081245958805,DF,0.0,0.01945095974951982,-0.01945095974951982,0.0,,0.1111111111111111,0.122815928939316,,,,,,,,,
2283,Antonio Rüdiger,de GER,DF,Real Madrid,es La Liga,32.0,1993.0,18,16,1490.0,16.6,1.0,0.0,1,1,0,0,0,0,0.06,0.0,0.06,0.06,0.06,Matches,1,13,1,7.7,0.79,0.06,0.08,1.0,0,0,Matches,,,,,,,,,,,,,,,0.0,,,,,,Matches,,5,,,,,,,,,,,4,,,,Matches,,,,,,,,,,,,,,,,,,,,,Matches,antonio rudiger,1.4131802674382925,0.3116191700100899,1.4131802674382925,4.972962256520987,4.591328982263804,DF,0.06024096385542168,0.08513134141194532,-0.02489037755652364,0.08,,0.0,0.01877223915723433,,,,,,,,,
2284,Javi Rueda,es ESP,MF,Celta Vigo,es La Liga,23.0,2002.0,26,16,1404.0,15.6,2.0,6.0,8,2,0,0,6,0,0.13,0.38,0.51,0.13,0.51,Matches,2,11,3,27.3,0.71,0.19,0.18,0.67,0,0,Matches,,,,,,,,,,,,,,,6.0,,,,,,Matches,,12,,,,,,,,,,,20,,,,Matches,,,,,,,,,,,,,,,,,,,,,Matches,javi rueda,1.6056091226637363,3.7907144660130143,1.6056091226637363,9.066061735153198,6.396314866840839,MF,0.12820512820512822,0.10292366170921387,0.025281466495914336,0.18,,0.38461538461538464,0.2429945170521163,,,,,,,,,
2287,Matteo Ruggeri,it ITA,DF,Atlético Madrid,es La Liga,23.0,2002.0,26,20,1774.0,19.7,0.0,3.0,3,0,0,0,4,0,0.0,0.15,0.15,0.0,0.15,Matches,0,5,2,40.0,0.25,0.1,0.0,0.0,0,0,Matches,,,,,,,,,,,,,,,3.0,,,,,,Matches,,23,,,,,,,,,,,20,,,,Matches,,,,,,,,,,,,,,,,,,,,,Matches,matteo ruggeri,0.2124060494825244,3.959430998191237,0.2124060494825244,12.70430188626051,10.55473866313696,DF,0.0,0.01078203296865606,-0.01078203296865606,0.0,,0.15228426395939088,0.2009863450858496,,,,,,,,,
2288,Aitor Ruibal,es ESP,"DF,MF",Real Betis,es La Liga,29.0,1996.0,27,20,1808.0,20.1,4.0,2.0,6,4,0,0,6,1,0.2,0.1,0.3,0.2,0.3,Matches,4,31,12,38.7,1.54,0.6,0.13,0.33,0,0,Matches,,,,,,,,,,,,,,,2.0,,,,,,Matches,,32,,,,,,,,,,,20,,,,Matches,,,,,,,,,,,,,,,,,,,,,Matches,aitor ruibal,4.419992010109127,1.795642390847206,4.419992010109127,10.049647815525532,4.529752524569631,DF,0.1990049751243781,0.21990010000542917,-0.02089512488105107,0.13,,0.09950248756218905,0.08933544233070675,,,,,,,,,
2290,Fabián Ruiz Peña,es ESP,MF,PSG,fr Ligue 1,29.0,1996.0,20,13,1131.0,12.6,1.0,4.0,5,1,0,0,2,0,0.08,0.32,0.4,0.08,0.4,Matches,1,19,4,21.1,1.51,0.32,0.05,0.25,0,0,Matches,,,,,,,,,,,,,,,4.0,,,,,,Matches,,11,,,,,,,,,,,17,,,,Matches,,,,,,,,,,,,,,,,,,,,,Matches,fabian ruiz pena,,,,,,MF,0.07936507936507936,,,0.05,,0.31746031746031744,,,,,,,,,,
2291,Gerónimo Rulli,ar ARG,GK,Marseille,fr Ligue 1,33.0,1992.0,29,29,2610.0,29.0,0.0,0.0,0,0,0,0,3,0,0.0,0.0,0.0,0.0,0.0,Matches,0,1,0,0.0,0.03,0.0,0.0,,0,0,Matches,,,,,,,,,,,,,,,0.0,,,,,,Matches,,0,,,,,,,,,,,0,,,,Matches,,,,,,,,,,,,,,,,,,,,,Matches,geronimo rulli,0.072814255952835,0.0521727837622165,0.072814255952835,5.286058641970158,5.286058641970158,GK,,,,,,,,,,,,,,,,
2293,Jacen Russell-Rowe,ca CAN,FW,Toulouse,fr Ligue 1,22.0,2002.0,13,5,472.0,5.2,1.0,0.0,1,1,0,0,0,0,0.19,0.0,0.19,0.19,0.19,Matches,1,11,4,36.4,2.1,0.76,0.09,0.25,0,0,Matches,,,,,,,,,,,,,,,0.0,,,,,,Matches,,3,,,,,,,,,,,1,,,,Matches,,,,,,,,,,,,,,,,,,,,,Matches,jacen russell rowe,1.5652745682746172,0.2025160547345876,1.5652745682746172,1.8706004470586777,0.5934525821357965,FW,0.1923076923076923,0.30101434005281097,-0.10870664774511869,0.09,,0.0,0.038945395141266846,,,,,,,,,
2294,Georginio Rutter,fr FRA,"MF,FW",Brighton,eng Premier League,23.0,2002.0,32,20,1786.0,19.8,3.0,3.0,6,3,0,0,2,0,0.15,0.15,0.3,0.15,0.3,Matches,3,42,14,33.3,2.12,0.71,0.07,0.21,0,0,Matches,,,,,,,,,,,,,,,3.0,,,,,,Matches,,19,,,,,,,,,,,11,,,,Matches,,,,,,,,,,,,,,,,,,,,,Matches,georginio rutter,2.933251672424376,4.598605487495661,2.933251672424376,10.858153810724616,4.214052898809314,MF,0.15151515151515152,0.14814402385981695,0.0033711276553345447,0.07,,0.15151515151515152,0.23225280239877075,,,,,,,,,
2295,Mathew Ryan,au AUS,GK,Levante,es La Liga,33.0,1992.0,36,36,3240.0,36.0,0.0,0.0,0,0,0,0,4,0,0.0,0.0,0.0,0.0,0.0,Matches,0,2,0,0.0,0.06,0.0,0.0,,0,0,Matches,,,,,,,,,,,,,,,0.0,,,,,,Matches,,1,,,,,,,,,,,1,,,,Matches,,,,,,,,,,,,,,,,,,,,,Matches,mathew ryan,0.0933680385351181,0.0,0.0933680385351181,3.368032854050398,3.27466481551528,GK,,,,,,,,,,,,,,,,
2296,Julian Ryerson,no NOR,MF,Dortmund,de Bundesliga,27.0,1997.0,31,26,2266.0,25.2,0.0,15.0,15,0,0,0,8,0,0.0,0.6,0.6,0.0,0.6,Matches,0,12,1,8.3,0.48,0.04,0.0,0.0,0,0,Matches,,,,,,,,,,,,,,,15.0,,,,,,Matches,,21,,,,,,,,,,,12,,,,Matches,,,,,,,,,,,,,,,,,,,,,Matches,julian ryerson,1.086410315707326,10.857275873422624,1.086410315707326,13.329593954607844,9.274812629446387,MF,0.0,0.043111520464576426,-0.043111520464576426,0.0,,0.5952380952380952,0.430844280691374,,,,,,,,,
2297,Frederik Rønnow,dk DEN,GK,Union Berlin,de Bundesliga,32.0,1992.0,30,30,2640.0,29.3,0.0,0.0,0,0,0,0,2,0,0.0,0.0,0.0,0.0,0.0,Matches,0,0,0,,0.0,0.0,,,0,0,Matches,,,,,,,,,,,,,,,0.0,,,,,,Matches,,1,,,,,,,,,,,1,,,,Matches,,,,,,,,,,,,,,,,,,,,,Matches,frederik r nnow,,,,,,GK,,,,,,,,,,,,,,,,
2299,José Sá,pt POR,GK,Wolves,eng Premier League,32.0,1993.0,23,23,2070.0,23.0,0.0,0.0,0,0,0,0,2,0,0.0,0.0,0.0,0.0,0.0,Matches,0,0,0,,0.0,0.0,,,0,0,Matches,,,,,,,,,,,,,,,0.0,,,,,,Matches,,0,,,,,,,,,,,0,,,,Matches,,,,,,,,,,,,,,,,,,,,,Matches,jose sa,0.0,0.0831252336502075,0.0,1.548725701868534,1.4656004682183266,GK,,,,,,,,,,,,,,,,
2300,Elias Saad,tn TUN,"MF,FW",Augsburg,de Bundesliga,25.0,1999.0,10,7,497.0,5.5,0.0,0.0,0,0,0,0,1,0,0.0,0.0,0.0,0.0,0.0,Matches,0,6,3,50.0,1.09,0.54,0.0,0.0,0,0,Matches,,,,,,,,,,,,,,,0.0,,,,,,Matches,,8,,,,,,,,,,,1,,,,Matches,,,,,,,,,,,,,,,,,,,,,Matches,elias saad,0.3716530837118625,0.6210179030895233,0.3716530837118625,1.412656469270587,0.5558570027351379,MF,0.0,0.06757328794761136,-0.06757328794761136,0.0,,0.0,0.11291234601627696,,,,,,,,,
2302,Stefano Sabelli,it ITA,"MF,DF",Genoa,it Serie A,32.0,1993.0,16,12,913.0,10.1,0.0,0.0,0,0,0,0,0,0,0.0,0.0,0.0,0.0,0.0,Matches,0,8,0,0.0,0.79,0.0,0.0,,0,0,Matches,,,,,,,,,,,,,,,0.0,,,,,,Matches,,14,,,,,,,,,,,3,,,,Matches,,,,,,,,,,,,,,,,,,,,,Matches,stefano sabelli,0.403718045912683,0.3217905536293983,0.403718045912683,3.7337232949212193,3.200494651682675,MF,0.0,0.03997208375373099,-0.03997208375373099,0.0,,0.0,0.03186045085439587,,,,,,,,,
2304,Marcel Sabitzer,at AUT,MF,Dortmund,de Bundesliga,31.0,1994.0,26,21,1817.0,20.2,1.0,2.0,3,1,0,0,3,0,0.05,0.1,0.15,0.05,0.15,Matches,1,20,4,20.0,0.99,0.2,0.05,0.25,0,0,Matches,,,,,,,,,,,,,,,2.0,,,,,,Matches,,19,,,,,,,,,,,20,,,,Matches,,,,,,,,,,,,,,,,,,,,,Matches,marcel sabitzer,1.149563044309616,2.240061067044735,1.149563044309616,8.931432373821735,6.333587545901537,MF,0.04950495049504951,0.056909061599485944,-0.00740411110443644,0.05,,0.09900990099009901,0.11089411222993738,,,,,,,,,
2305,Noah Sadiki,cd COD,MF,Sunderland,eng Premier League,20.0,2004.0,33,33,2889.0,32.1,0.0,1.0,1,0,0,0,9,0,0.0,0.03,0.03,0.0,0.03,Matches,0,19,5,26.3,0.59,0.16,0.0,0.0,0,0,Matches,,,,,,,,,,,,,,,1.0,,,,,,Matches,,26,,,,,,,,,,,33,,,,Matches,,,,,,,,,,,,,,,,,,,,,Matches,noah sadiki,1.618839449249208,0.9295975510030984,1.618839449249208,8.34465430304408,6.268030912615359,MF,0.0,0.05043113549062953,-0.05043113549062953,0.0,,0.03115264797507788,0.02895942526489403,,,,,,,,,
2306,Umar Sadiq,ng NGA,FW,Valencia,es La Liga,28.0,1997.0,20,8,911.0,10.1,4.0,2.0,6,4,0,0,3,0,0.4,0.2,0.59,0.4,0.59,Matches,4,25,10,40.0,2.47,0.99,0.16,0.4,0,0,Matches,,,,,,,,,,,,,,,2.0,,,,,,Matches,,5,,,,,,,,,,,1,,,,Matches,,,,,,,,,,,,,,,,,,,,,Matches,umar sadiq,5.453680071979761,1.716763524338603,5.453680071979761,8.170098496600986,1.6392004117369652,FW,0.39603960396039606,0.5399683239583922,-0.14392871999799617,0.16,,0.19801980198019803,0.16997658656817852,,,,,,,,,
2308,Alexis Saelemaekers,be BEL,MF,Milan,it Serie A,26.0,1999.0,35,33,2788.0,31.0,3.0,3.0,6,3,0,0,5,0,0.1,0.1,0.19,0.1,0.19,Matches,3,43,11,25.6,1.39,0.36,0.07,0.27,0,0,Matches,,,,,,,,,,,,,,,3.0,,,,,,Matches,,38,,,,,,,,,,,30,,,,Matches,,,,,,,,,,,,,,,,,,,,,Matches,alexis saelemaekers,3.5981931975111365,4.787930195219815,3.5981931975111365,18.2068260461092,11.067787064239385,MF,0.0967741935483871,0.11607074830681086,-0.01929655475842376,0.07,,0.0967741935483871,0.15444936113612306,,,,,,,,,
2309,Matvei Safonov,ru RUS,GK,PSG,fr Ligue 1,26.0,1999.0,15,15,1350.0,15.0,0.0,0.0,0,0,0,0,0,0,0.0,0.0,0.0,0.0,0.0,Matches,0,0,0,,0.0,0.0,,,0,0,Matches,,,,,,,,,,,,,,,0.0,,,,,,Matches,,0,,,,,,,,,,,0,,,,Matches,,,,,,,,,,,,,,,,,,,,,Matches,matvei safonov,,,,,,GK,,,,,,,,,,,,,,,,
2311,Osame Sahraoui,ma MAR,MF,Lille,fr Ligue 1,24.0,2001.0,18,4,505.0,5.6,1.0,2.0,3,1,0,0,0,0,0.18,0.36,0.53,0.18,0.53,Matches,1,12,4,33.3,2.14,0.71,0.08,0.25,0,0,Matches,,,,,,,,,,,,,,,2.0,,,,,,Matches,,3,,,,,,,,,,,4,,,,Matches,,,,,,,,,,,,,,,,,,,,,Matches,osame sahraoui,1.278020929545164,0.8066076152026653,1.278020929545164,4.35419411957264,2.556916333734989,MF,0.17857142857142858,0.22821802313306502,-0.04964659456163645,0.08,,0.35714285714285715,0.1440370741433331,,,,,,,,,
2312,Wesley Saïd,fr FRA,MF,Lens,fr Ligue 1,30.0,1995.0,29,26,1991.0,22.1,12.0,2.0,14,11,1,1,2,0,0.54,0.09,0.63,0.5,0.59,Matches,12,60,27,45.0,2.71,1.22,0.2,0.44,1,1,Matches,,,,,,,,,,,,,,,2.0,,,,,,Matches,,15,,,,,,,,,,,9,,,,Matches,,,,,,,,,,,,,,,,,,,,,Matches,wesley said,12.056348741054537,5.918922264128923,11.296253591775894,20.721070244908333,7.559701979160309,MF,0.5429864253393665,0.5111426964604476,-0.00254971678979804,0.2,,0.09049773755656108,0.2678245368384128,,,,,,,,,
2314,Bukayo Saka,eng ENG,"FW,MF",Arsenal,eng Premier League,23.0,2001.0,31,25,2222.0,24.7,7.0,5.0,12,6,1,1,2,0,0.28,0.2,0.49,0.24,0.45,Matches,7,71,27,38.0,2.88,1.09,0.1,0.26,1,1,Matches,,,,,,,,,,,,,,,5.0,,,,,,Matches,,19,,,,,,,,,,,16,,,,Matches,,,,,,,,,,,,,,,,,,,,,Matches,bukayo saka,8.701195661909878,8.552797641605139,7.940026824362576,19.112561374902725,8.03783930838108,FW,0.2834008097165992,0.32145857588512455,-0.0688743182959465,0.1,,0.20242914979757085,0.3462671109961595,,,,,,,,,
2318,Mohamed Salah,eg EGY,MF,Liverpool,eng Premier League,33.0,1992.0,27,23,2146.0,23.8,7.0,7.0,14,6,1,1,1,0,0.29,0.29,0.59,0.25,0.55,Matches,7,68,19,27.9,2.85,0.8,0.1,0.37,1,1,Matches,,,,,,,,,,,,,,,7.0,,,,,,Matches,,12,,,,,,,,,,,3,,,,Matches,,,,,,,,,,,,,,,,,,,,,Matches,mohamed salah,8.837686643004417,6.428150682710111,8.076517805457115,17.373253114521503,6.297699823975563,MF,0.29411764705882354,0.33934948762424855,-0.07721372449598392,0.1,,0.29411764705882354,0.27009036481975257,,,,,,,,,
2320,Kike Salas,es ESP,DF,Sevilla,es La Liga,23.0,2002.0,26,24,2203.0,24.5,2.0,0.0,2,2,0,0,1,0,0.08,0.0,0.08,0.08,0.08,Matches,2,19,8,42.1,0.78,0.33,0.11,0.25,0,0,Matches,,,,,,,,,,,,,,,0.0,,,,,,Matches,,35,,,,,,,,,,,37,,,,Matches,,,,,,,,,,,,,,,,,,,,,Matches,kike salas,1.0958839217200875,0.3995983246713877,1.0958839217200875,4.352849245071411,3.696122121065855,DF,0.08163265306122448,0.044729955988575,0.03690269707264949,0.11,,0.0,0.016310135700872967,,,,,,,,,
2321,Manolis Saliakas,gr GRE,MF,St Pauli,de Bundesliga,28.0,1996.0,17,12,1106.0,12.3,1.0,3.0,4,1,0,0,3,0,0.08,0.24,0.33,0.08,0.33,Matches,1,16,3,18.8,1.3,0.24,0.06,0.33,0,0,Matches,,,,,,,,,,,,,,,3.0,,,,,,Matches,,20,,,,,,,,,,,13,,,,Matches,,,,,,,,,,,,,,,,,,,,,Matches,manolis saliakas,0.5466044023633003,0.9010673672892152,0.5466044023633003,2.8804356046020985,1.7787759266793728,MF,0.08130081300813008,0.044439382305959375,0.036861430702170704,0.06,,0.24390243902439024,0.07325750953570855,,,,,,,,,
2322,William Saliba,fr FRA,DF,Arsenal,eng Premier League,24.0,2001.0,31,30,2614.0,29.0,1.0,0.0,1,1,0,0,2,0,0.03,0.0,0.03,0.03,0.03,Matches,1,5,1,20.0,0.17,0.03,0.2,1.0,0,0,Matches,,,,,,,,,,,,,,,0.0,,,,,,Matches,,23,,,,,,,,,,,15,,,,Matches,,,,,,,,,,,,,,,,,,,,,Matches,william saliba,1.5777585953474045,1.306027840822935,1.5777585953474045,11.017331045120956,10.501945996657014,DF,0.034482758620689655,0.054405468805082915,-0.019922710184393257,0.2,,0.0,0.04503544278699776,,,,,,,,,
2324,Mohammed Salisu,gh GHA,DF,Monaco,fr Ligue 1,26.0,1999.0,12,12,1080.0,12.0,1.0,0.0,1,1,0,0,3,0,0.08,0.0,0.08,0.08,0.08,Matches,1,8,2,25.0,0.67,0.17,0.13,0.5,0,0,Matches,,,,,,,,,,,,,,,0.0,,,,,,Matches,,11,,,,,,,,,,,19,,,,Matches,,,,,,,,,,,,,,,,,,,,,Matches,mohammed salisu,0.8756848890334368,0.1508046872913837,0.8756848890334368,3.4531896859407425,3.2525459304451942,DF,0.08333333333333333,0.0729737407527864,0.010359592580546936,0.13,,0.0,0.012567057274281973,,,,,,,,,
2325,Lazar Samardzic,rs SRB,MF,Atalanta,it Serie A,23.0,2002.0,26,11,1030.0,11.4,2.0,1.0,3,2,0,0,1,0,0.17,0.09,0.26,0.17,0.26,Matches,2,25,9,36.0,2.18,0.79,0.08,0.22,0,0,Matches,,,,,,,,,,,,,,,1.0,,,,,,Matches,,8,,,,,,,,,,,10,,,,Matches,,,,,,,,,,,,,,,,,,,,,Matches,lazar samardzic,2.776425752788782,2.376872181892395,2.776425752788782,8.550659781321883,4.545059723779559,MF,0.17543859649122806,0.24354611866568263,-0.06810752217445457,0.08,,0.08771929824561403,0.20849755981512236,,,,,,,,,
2326,Mbwana Samatta,tz TAN,FW,Le Havre,fr Ligue 1,32.0,1992.0,27,17,1542.0,17.1,2.0,1.0,3,2,0,0,4,0,0.12,0.06,0.18,0.12,0.18,Matches,2,42,16,38.1,2.45,0.93,0.05,0.13,0,0,Matches,,,,,,,,,,,,,,,1.0,,,,,,Matches,,6,,,,,,,,,,,4,,,,Matches,,,,,,,,,,,,,,,,,,,,,Matches,mbwana samatta,5.862232429906726,1.9108041394501925,5.862232429906726,7.997209070250392,1.7263006046414375,FW,0.11695906432748537,0.34282060993606583,-0.22586154560858043,0.05,,0.05847953216374269,0.11174293213159019,,,,,,,,,
2327,Mama Samba Baldé,gw GNB,"FW,MF",Brest,fr Ligue 1,29.0,1995.0,18,8,716.0,8.0,2.0,2.0,4,2,0,0,0,0,0.25,0.25,0.5,0.25,0.5,Matches,2,31,5,16.1,3.9,0.63,0.06,0.4,0,0,Matches,,,,,,,,,,,,,,,2.0,,,,,,Matches,,7,,,,,,,,,,,5,,,,Matches,,,,,,,,,,,,,,,,,,,,,Matches,mama samba balde,2.966491736471653,0.4717954136431217,2.966491736471653,3.534056179225445,0.7337474254891276,FW,0.25,0.3708114670589566,-0.12081146705895662,0.06,,0.25,0.058974426705390215,,,,,,,,,
2328,Brice Samba,fr FRA,GK,Rennes,fr Ligue 1,31.0,1994.0,32,32,2880.0,32.0,0.0,0.0,0,0,0,0,5,0,0.0,0.0,0.0,0.0,0.0,Matches,0,0,0,,0.0,0.0,,,0,0,Matches,,,,,,,,,,,,,,,0.0,,,,,,Matches,,1,,,,,,,,,,,0,,,,Matches,,,,,,,,,,,,,,,,,,,,,Matches,brice samba,0.0,0.0573797356337308,0.0,6.368423242121935,6.332895465195179,GK,,,,,,,,,,,,,,,,
2329,Albert Sambi Lokonga,be BEL,MF,Hamburger SV,de Bundesliga,25.0,1999.0,26,20,1710.0,19.0,5.0,0.0,5,5,0,0,3,0,0.26,0.0,0.26,0.26,0.26,Matches,5,19,11,57.9,1.0,0.58,0.26,0.45,0,0,Matches,,,,,,,,,,,,,,,0.0,,,,,,Matches,,13,,,,,,,,,,,13,,,,Matches,,,,,,,,,,,,,,,,,,,,,Matches,albert sambi lokonga,1.667557841166854,1.3766824714839458,1.667557841166854,6.4992835521698,4.499082233756781,MF,0.2631578947368421,0.08776620216667652,0.1753916925701656,0.26,,0.0,0.07245697218336557,,,,,,,,,
2330,Antonio Sanabria,py PAR,FW,Cremonese,it Serie A,29.0,1996.0,25,10,945.0,10.5,1.0,1.0,2,1,0,0,2,0,0.1,0.1,0.19,0.1,0.19,Matches,1,12,4,33.3,1.14,0.38,0.08,0.25,0,0,Matches,,,,,,,,,,,,,,,1.0,,,,,,Matches,,2,,,,,,,,,,,1,,,,Matches,,,,,,,,,,,,,,,,,,,,,Matches,antonio sanabria,2.979946978390217,1.9838042967021463,2.979946978390217,3.9699571561068296,0.3716926481574774,FW,0.09523809523809523,0.2838044741324016,-0.18856637889430636,0.08,,0.09523809523809523,0.18893374254306156,,,,,,,,,
2331,Oihan Sancet,es ESP,MF,Athletic Club,es La Liga,25.0,2000.0,28,22,1788.0,19.9,4.0,0.0,4,2,2,2,4,1,0.2,0.0,0.2,0.1,0.1,Matches,4,48,15,31.3,2.42,0.76,0.08,0.27,2,2,Matches,,,,,,,,,,,,,,,0.0,,,,,,Matches,,14,,,,,,,,,,,3,,,,Matches,,,,,,,,,,,,,,,,,,,,,Matches,oihan sancet,7.056168496608734,1.445348110049963,5.569741144776344,7.564459195360541,2.206977505236864,MF,0.20100502512562815,0.2798864896872535,-0.15357630636224795,0.08,,0.0,0.072630558293968,,,,,,,,,
2333,Alexis Sánchez,cl CHI,"FW,MF",Sevilla,es La Liga,36.0,1988.0,28,11,1308.0,14.5,4.0,2.0,6,3,1,1,3,0,0.28,0.14,0.41,0.21,0.34,Matches,4,25,9,36.0,1.72,0.62,0.16,0.44,1,1,Matches,,,,,,,,,,,,,,,2.0,,,,,,Matches,,13,,,,,,,,,,,7,,,,Matches,,,,,,,,,,,,,,,,,,,,,Matches,alexis sanchez,3.5005651153624058,1.831439543515444,2.757287496700883,6.62530991435051,2.9326467169448733,FW,0.27586206896551724,0.19015775839316434,0.03444378514742029,0.16,,0.13793103448275862,0.1263061754148582,,,,,,,,,
2334,Antonio Sánchez,es ESP,"MF,DF",Mallorca,es La Liga,28.0,1997.0,30,9,1073.0,11.9,0.0,0.0,0,0,0,0,5,1,0.0,0.0,0.0,0.0,0.0,Matches,0,6,3,50.0,0.5,0.25,0.0,0.0,0,0,Matches,,,,,,,,,,,,,,,0.0,,,,,,Matches,,12,,,,,,,,,,,16,,,,Matches,,,,,,,,,,,,,,,,,,,,,Matches,antonio sanchez,0.5342528652399778,1.0588115602731705,0.5342528652399778,3.9616350531578064,2.470979319885373,MF,0.0,0.044895198759662004,-0.044895198759662004,0.0,,0.0,0.08897576136749331,,,,,,,,,
2335,Juanlu Sánchez,es ESP,"MF,DF",Sevilla,es La Liga,21.0,2003.0,32,23,1990.0,22.1,0.0,3.0,3,0,0,0,6,1,0.0,0.14,0.14,0.0,0.14,Matches,0,14,1,7.1,0.63,0.05,0.0,0.0,0,0,Matches,,,,,,,,,,,,,,,3.0,,,,,,Matches,,42,,,,,,,,,,,11,,,,Matches,,,,,,,,,,,,,,,,,,,,,Matches,juanlu sanchez,0.7494942769408226,1.898656453937292,0.7494942769408226,5.390602208673954,3.3558341786265373,MF,0.0,0.033913768187367535,-0.033913768187367535,0.0,,0.13574660633484162,0.08591205673924399,,,,,,,,,
2337,Manu Sánchez,es ESP,DF,Levante,es La Liga,24.0,2000.0,33,31,2814.0,31.3,1.0,2.0,3,1,0,0,8,0,0.03,0.06,0.1,0.03,0.1,Matches,1,13,4,30.8,0.42,0.13,0.08,0.25,0,0,Matches,,,,,,,,,,,,,,,2.0,,,,,,Matches,,54,,,,,,,,,,,35,,,,Matches,,,,,,,,,,,,,,,,,,,,,Matches,manu sanchez,1.2062672171741724,1.9893938563764093,1.2062672171741724,9.18354762159288,7.061968881636858,DF,0.03194888178913738,0.03853888872760934,-0.006590006938471961,0.08,,0.06389776357827476,0.06355890914940604,,,,,,,,,
2338,Robert Sánchez,es ESP,GK,Chelsea,eng Premier League,27.0,1997.0,35,35,3039.0,33.8,0.0,1.0,1,0,0,0,3,1,0.0,0.03,0.03,0.0,0.03,Matches,0,0,0,,0.0,0.0,,,0,0,Matches,,,,,,,,,,,,,,,1.0,,,,,,Matches,,0,,,,,,,,,,,1,,,,Matches,,,,,,,,,,,,,,,,,,,,,Matches,robert sanchez,0.0,0.8848487213253975,0.0,10.15497968159616,9.270130960270762,GK,,,,,,,,,,,,,,,,
2340,Jadon Sancho,eng ENG,MF,Aston Villa,eng Premier League,25.0,2000.0,23,9,876.0,9.7,0.0,2.0,2,0,0,0,0,0,0.0,0.21,0.21,0.0,0.21,Matches,0,10,3,30.0,1.03,0.31,0.0,0.0,0,0,Matches,,,,,,,,,,,,,,,2.0,,,,,,Matches,,2,,,,,,,,,,,2,,,,Matches,,,,,,,,,,,,,,,,,,,,,Matches,jadon sancho,0.7688718903809786,2.0520169995725155,0.7688718903809786,5.16943079046905,3.2196586038917303,MF,0.0,0.07926514333824522,-0.07926514333824522,0.0,,0.2061855670103093,0.21154814428582636,,,,,,,,,
2341,Álex Sancris,es ESP,"MF,FW",Getafe,es La Liga,28.0,1997.0,18,5,708.0,7.9,0.0,1.0,1,0,0,0,4,1,0.0,0.13,0.13,0.0,0.13,Matches,0,13,5,38.5,1.65,0.64,0.0,0.0,0,0,Matches,,,,,,,,,,,,,,,1.0,,,,,,Matches,,5,,,,,,,,,,,2,,,,Matches,,,,,,,,,,,,,,,,,,,,,Matches,alex sancris,0.3980247313156724,0.996218825224787,0.3980247313156724,1.1331927608698606,0.6849178597331047,MF,0.0,0.05038287738173068,-0.05038287738173068,0.0,,0.12658227848101264,0.12610364876263125,,,,,,,,,
2342,Philipp Sander,de GER,"DF,MF",Gladbach,de Bundesliga,27.0,1998.0,30,29,2445.0,27.2,2.0,0.0,2,2,0,0,4,0,0.07,0.0,0.07,0.07,0.07,Matches,2,25,8,32.0,0.92,0.29,0.08,0.25,0,0,Matches,,,,,,,,,,,,,,,0.0,,,,,,Matches,,42,,,,,,,,,,,50,,,,Matches,,,,,,,,,,,,,,,,,,,,,Matches,philipp sander,1.3780800057575109,0.8148279991000891,1.3780800057575109,10.055795773863792,8.980093076825142,DF,0.07352941176470588,0.05066470609402614,0.022864705670679747,0.08,,0.0,0.029956911731620923,,,,,,,,,
2343,James Sands,us USA,MF,St Pauli,de Bundesliga,25.0,2000.0,24,23,1934.0,21.5,1.0,0.0,1,1,0,0,4,0,0.05,0.0,0.05,0.05,0.05,Matches,1,16,4,25.0,0.74,0.19,0.06,0.25,0,0,Matches,,,,,,,,,,,,,,,0.0,,,,,,Matches,,23,,,,,,,,,,,41,,,,Matches,,,,,,,,,,,,,,,,,,,,,Matches,james sands,0.8688814658671618,0.9661839380860328,0.8688814658671618,4.826324421912432,3.583524534478784,MF,0.046511627906976744,0.04041309143568194,0.0060985364712948026,0.06,,0.0,0.04493878781795501,,,,,,,,,
2344,Ibou Sané,sn SEN,"FW,MF",Metz,fr Ligue 1,20.0,2005.0,16,5,541.0,6.0,1.0,1.0,2,1,0,0,2,0,0.17,0.17,0.33,0.17,0.33,Matches,1,6,3,50.0,1.0,0.5,0.17,0.33,0,0,Matches,,,,,,,,,,,,,,,1.0,,,,,,Matches,,3,,,,,,,,,,,1,,,,Matches,,,,,,,,,,,,,,,,,,,,,Matches,ibou sane,0.3316338993608951,0.943551391363144,0.3316338993608951,1.4006390273571014,0.232405548915267,FW,0.16666666666666666,0.055272316560149186,0.11139435010651748,0.17,,0.16666666666666666,0.15725856522719067,,,,,,,,,
2345,Sadibou Sané,sn SEN,DF,Metz,fr Ligue 1,21.0,2004.0,23,22,1940.0,21.6,2.0,1.0,3,2,0,0,5,2,0.09,0.05,0.14,0.09,0.14,Matches,2,6,2,33.3,0.28,0.09,0.33,1.0,0,0,Matches,,,,,,,,,,,,,,,1.0,,,,,,Matches,,34,,,,,,,,,,,39,,,,Matches,,,,,,,,,,,,,,,,,,,,,Matches,sadibou sane,0.2977111414074898,0.2727304138243198,0.2977111414074898,4.214317724108696,4.214317724108696,DF,0.09259259259259259,0.013782923213309711,0.07880966937928288,0.33,,0.046296296296296294,0.01262640804742221,,,,,,,,,
2346,Arouna Sangante,sn SEN,DF,Le Havre,fr Ligue 1,23.0,2002.0,28,28,2324.0,25.8,1.0,1.0,2,1,0,0,4,2,0.04,0.04,0.08,0.04,0.08,Matches,1,9,5,55.6,0.35,0.19,0.11,0.2,0,0,Matches,,,,,,,,,,,,,,,1.0,,,,,,Matches,,25,,,,,,,,,,,36,,,,Matches,,,,,,,,,,,,,,,,,,,,,Matches,arouna sangante,0.4403181094676256,0.4031094592064619,0.4403181094676256,5.05374320782721,4.814039522781968,DF,0.03875968992248062,0.017066593390218047,0.021693096532262573,0.11,,0.03875968992248062,0.015624397643661313,,,,,,,,,
2347,Buba Sangaré,es ESP,"DF,MF",Elche,es La Liga,17.0,2007.0,12,8,538.0,6.0,0.0,0.0,0,0,0,0,3,0,0.0,0.0,0.0,0.0,0.0,Matches,0,2,0,0.0,0.33,0.0,0.0,,0,0,Matches,,,,,,,,,,,,,,,0.0,,,,,,Matches,,12,,,,,,,,,,,8,,,,Matches,,,,,,,,,,,,,,,,,,,,,Matches,buba sangare,0.0925227887928485,0.0,0.0925227887928485,0.9505368992686272,0.8770411163568497,DF,0.0,0.015420464798808084,-0.015420464798808084,0.0,,0.0,0.0,,,,,,,,,
2348,Ibrahim Sangaré,ci CIV,MF,Nottingham,eng Premier League,27.0,1997.0,28,25,2075.0,23.1,2.0,2.0,4,2,0,0,5,0,0.09,0.09,0.17,0.09,0.17,Matches,2,16,5,31.3,0.69,0.22,0.13,0.4,0,0,Matches,,,,,,,,,,,,,,,2.0,,,,,,Matches,,32,,,,,,,,,,,22,,,,Matches,,,,,,,,,,,,,,,,,,,,,Matches,ibrahim sangare,1.5703946938738227,1.4491914678364992,1.5703946938738227,7.422331970185041,5.2894406747072935,MF,0.08658008658008658,0.06798245428025206,0.018597632299834514,0.13,,0.08658008658008658,0.06273556137820342,,,,,,,,,
2349,Mamadou Sangare,ml MLI,MF,Lens,fr Ligue 1,23.0,2002.0,29,27,2323.0,25.8,3.0,4.0,7,3,0,0,5,0,0.12,0.15,0.27,0.12,0.27,Matches,3,53,14,26.4,2.05,0.54,0.06,0.21,0,0,Matches,,,,,,,,,,,,,,,4.0,,,,,,Matches,,54,,,,,,,,,,,40,,,,Matches,,,,,,,,,,,,,,,,,,,,,Matches,mamadou sangare,3.285702032968402,2.838592778891325,3.285702032968402,18.11810380127281,13.861056490801277,MF,0.11627906976744186,0.12735279197551946,-0.011073722208077593,0.06,,0.15503875968992248,0.11002297592602034,,,,,,,,,
2350,Nhoa Sangui,fr FRA,DF,Paris FC,fr Ligue 1,19.0,2006.0,26,18,1737.0,19.3,0.0,0.0,0,0,0,0,0,0,0.0,0.0,0.0,0.0,0.0,Matches,0,4,1,25.0,0.21,0.05,0.0,0.0,0,0,Matches,,,,,,,,,,,,,,,0.0,,,,,,Matches,,14,,,,,,,,,,,21,,,,Matches,,,,,,,,,,,,,,,,,,,,,Matches,nhoa sangui,0.5336753763258457,1.2438078951090574,0.5336753763258457,7.389661949127912,6.244092863053083,DF,0.0,0.02765157390289356,-0.02765157390289356,0.0,,0.0,0.06444600492793043,,,,,,,,,
2352,Kaishū Sano,jp JPN,MF,Mainz 05,de Bundesliga,24.0,2000.0,34,34,3059.0,34.0,1.0,2.0,3,1,0,0,1,0,0.03,0.06,0.09,0.03,0.09,Matches,1,24,6,25.0,0.71,0.18,0.04,0.17,0,0,Matches,,,,,,,,,,,,,,,2.0,,,,,,Matches,,31,,,,,,,,,,,67,,,,Matches,,,,,,,,,,,,,,,,,,,,,Matches,kaishu sano,1.6013844851404428,3.619058417156338,1.6013844851404428,14.120248086750507,10.931938745081425,MF,0.029411764705882353,0.047099543680601264,-0.017687778974718908,0.04,,0.058823529411764705,0.10644289462224522,,,,,,,,,
2353,Morgan Sanson,fr FRA,MF,Nice,fr Ligue 1,30.0,1994.0,31,20,1772.0,19.7,0.0,2.0,2,0,0,0,4,0,0.0,0.1,0.1,0.0,0.1,Matches,0,19,4,21.1,0.97,0.2,0.0,0.0,0,0,Matches,,,,,,,,,,,,,,,2.0,,,,,,Matches,,25,,,,,,,,,,,24,,,,Matches,,,,,,,,,,,,,,,,,,,,,Matches,morgan sanson,2.0870378920808434,1.4652982922270894,2.0870378920808434,4.909108147956431,1.953938601538539,MF,0.0,0.10594100975029662,-0.10594100975029662,0.0,,0.10152284263959391,0.07438062397091824,,,,,,,,,
2354,Baptiste Santamaria,fr FRA,MF,Valencia,es La Liga,30.0,1995.0,19,7,754.0,8.4,1.0,1.0,2,1,0,0,2,0,0.12,0.12,0.24,0.12,0.24,Matches,1,6,2,33.3,0.72,0.24,0.17,0.5,0,0,Matches,,,,,,,,,,,,,,,1.0,,,,,,Matches,,5,,,,,,,,,,,8,,,,Matches,,,,,,,,,,,,,,,,,,,,,Matches,baptiste santamaria,0.516353402286768,0.7424618415534496,0.516353402286768,2.4516765056177974,2.205951330251992,MF,0.11904761904761904,0.06147064312937713,0.05757697591824191,0.17,,0.11904761904761904,0.08838831447064877,,,,,,,,,
2357,Alisson Santos,br BRA,"MF,FW",Napoli,it Serie A,22.0,2002.0,14,9,834.0,9.3,4.0,0.0,4,4,0,0,1,0,0.43,0.0,0.43,0.43,0.43,Matches,4,29,16,55.2,3.13,1.73,0.14,0.25,0,0,Matches,,,,,,,,,,,,,,,0.0,,,,,,Matches,,8,,,,,,,,,,,2,,,,Matches,,,,,,,,,,,,,,,,,,,,,Matches,alisson santos,1.5114381685853004,1.6118640415370464,1.5114381685853004,5.084563827142119,2.7119111828506,MF,0.4301075268817204,0.16252023318121508,0.2675872937005053,0.14,,0.0,0.17331871414376843,,,,,,,,,
2358,Andrey Santos,br BRA,MF,Chelsea,eng Premier League,21.0,2004.0,27,13,1260.0,14.0,1.0,0.0,1,1,0,0,4,0,0.07,0.0,0.07,0.07,0.07,Matches,1,11,2,18.2,0.79,0.14,0.09,0.5,0,0,Matches,,,,,,,,,,,,,,,0.0,,,,,,Matches,,21,,,,,,,,,,,18,,,,Matches,,,,,,,,,,,,,,,,,,,,,Matches,andrey santos,2.5551512390375137,0.6883775070309639,2.5551512390375137,6.324630655348301,4.395013879984617,MF,0.07142857142857142,0.18251080278839385,-0.11108223135982241,0.09,,0.0,0.049169821930783134,,,,,,,,,
2359,Kauã Santos,br BRA,GK,Frankfurt,de Bundesliga,22.0,2003.0,13,13,1084.0,12.0,0.0,0.0,0,0,0,0,0,0,0.0,0.0,0.0,0.0,0.0,Matches,0,0,0,,0.0,0.0,,,0,0,Matches,,,,,,,,,,,,,,,0.0,,,,,,Matches,,1,,,,,,,,,,,0,,,,Matches,,,,,,,,,,,,,,,,,,,,,Matches,kaua santos,0.0,0.0,0.0,2.191868357360363,2.191868357360363,GK,,,,,,,,,,,,,,,,
2360,Tiago Santos,pt POR,DF,Lille,fr Ligue 1,23.0,2002.0,15,8,709.0,7.9,0.0,0.0,0,0,0,0,0,0,0.0,0.0,0.0,0.0,0.0,Matches,0,9,0,0.0,1.14,0.0,0.0,,0,0,Matches,,,,,,,,,,,,,,,0.0,,,,,,Matches,,8,,,,,,,,,,,5,,,,Matches,,,,,,,,,,,,,,,,,,,,,Matches,tiago santos,0.5296922102570534,0.7291203085333109,0.5296922102570534,3.5128089524805546,2.978833455592394,DF,0.0,0.06704964686798144,-0.06704964686798144,0.0,,0.0,0.09229370994092542,,,,,,,,,
2366,Amin Sarr,se SWE,"FW,MF",Hellas Verona,it Serie A,24.0,2001.0,34,9,1102.0,12.2,0.0,1.0,1,0,0,0,2,1,0.0,0.08,0.08,0.0,0.08,Matches,0,19,6,31.6,1.55,0.49,0.0,0.0,0,0,Matches,,,,,,,,,,,,,,,1.0,,,,,,Matches,,9,,,,,,,,,,,4,,,,Matches,,,,,,,,,,,,,,,,,,,,,Matches,amin sarr,1.6173531264066696,1.370297757908702,1.6173531264066696,4.150501137599349,1.915599713101983,FW,0.0,0.13256992839398932,-0.13256992839398932,0.0,,0.0819672131147541,0.11231948835317229,,,,,,,,,
2367,Bouna Sarr,sn SEN,"MF,DF",Metz,fr Ligue 1,33.0,1992.0,12,10,895.0,9.9,0.0,0.0,0,0,0,0,1,0,0.0,0.0,0.0,0.0,0.0,Matches,0,15,3,20.0,1.51,0.3,0.0,0.0,0,0,Matches,,,,,,,,,,,,,,,0.0,,,,,,Matches,,13,,,,,,,,,,,11,,,,Matches,,,,,,,,,,,,,,,,,,,,,Matches,bouna sarr,1.810309385880828,0.7083156369626522,1.810309385880828,4.318000100553036,2.3380876444280148,MF,0.0,0.18285953392735635,-0.18285953392735635,0.0,,0.0,0.07154703403663153,,,,,,,,,
2368,Ismaila Sarr,sn SEN,MF,Crystal Palace,eng Premier League,27.0,1998.0,28,24,2174.0,24.2,9.0,1.0,10,6,3,3,2,0,0.37,0.04,0.41,0.25,0.29,Matches,9,48,21,43.8,1.99,0.87,0.19,0.43,3,3,Matches,,,,,,,,,,,,,,,1.0,,,,,,Matches,,9,,,,,,,,,,,7,,,,Matches,,,,,,,,,,,,,,,,,,,,,Matches,ismaila sarr,11.5433072373271,2.200463268905878,9.259800650179386,12.695851609110832,3.182719247415662,MF,0.37190082644628103,0.3826363905032804,-0.10509534038541739,0.19,,0.04132231404958678,0.09092823425230902,,,,,,,,,
2369,Malang Sarr,fr FRA,DF,Lens,fr Ligue 1,26.0,1999.0,33,33,2925.0,32.5,0.0,1.0,1,0,0,0,4,0,0.0,0.03,0.03,0.0,0.03,Matches,0,23,5,21.7,0.71,0.15,0.0,0.0,0,0,Matches,,,,,,,,,,,,,,,1.0,,,,,,Matches,,44,,,,,,,,,,,76,,,,Matches,,,,,,,,,,,,,,,,,,,,,Matches,malang sarr,1.7760464074090123,0.4707724899053573,1.7760464074090123,15.254046250134706,14.718481972813606,DF,0.0,0.05464758176643115,-0.05464758176643115,0.0,,0.03076923076923077,0.014485307381703302,,,,,,,,,
2370,Mamadou Sarr,sn SEN,DF,Strasbourg,fr Ligue 1,19.0,2005.0,15,15,1305.0,14.5,0.0,0.0,0,0,0,0,3,0,0.0,0.0,0.0,0.0,0.0,Matches,0,1,0,0.0,0.07,0.0,0.0,,0,0,Matches,,,,,,,,,,,,,,,0.0,,,,,,Matches,,13,,,,,,,,,,,5,,,,Matches,,,,,,,,,,,,,,,,,,,,,Matches,mamadou sarr,0.5694634318351746,0.0,0.5694634318351746,0.2305086031556129,0.2305086031556129,DF,0.0,0.03927334012656376,-0.03927334012656376,0.0,,0.0,0.0,,,,,,,,,
2372,Martin Satriano,uy URU,"FW,MF",Getafe,es La Liga,24.0,2001.0,18,18,1603.0,17.8,6.0,1.0,7,6,0,0,5,0,0.34,0.06,0.39,0.34,0.39,Matches,6,35,14,40.0,1.97,0.79,0.17,0.43,0,0,Matches,,,,,,,,,,,,,,,1.0,,,,,,Matches,,13,,,,,,,,,,,9,,,,Matches,,,,,,,,,,,,,,,,,,,,,Matches,martin satriano,4.711501374840736,2.4850312769412994,4.711501374840736,8.570994183421135,1.9049698896706104,FW,0.33707865168539325,0.26469108847419864,0.07238756321119458,0.17,,0.056179775280898875,0.13960849870456737,,,,,,,,,
2373,Martin Satriano,uy URU,FW,Lyon,fr Ligue 1,24.0,2001.0,11,8,692.0,7.7,2.0,1.0,3,2,0,0,1,0,0.26,0.13,0.39,0.26,0.39,Matches,2,16,7,43.8,2.08,0.91,0.13,0.29,0,0,Matches,,,,,,,,,,,,,,,1.0,,,,,,Matches,,3,,,,,,,,,,,5,,,,Matches,,,,,,,,,,,,,,,,,,,,,Matches,martin satriano,4.711501374840736,2.4850312769412994,4.711501374840736,8.570994183421135,1.9049698896706104,FW,0.2597402597402597,0.6118832954338619,-0.3521430356936021,0.13,,0.12987012987012986,0.3227313346677012,,,,,,,,,
2374,Mario Sauer,sk SVK,MF,Toulouse,fr Ligue 1,21.0,2004.0,25,6,651.0,7.2,1.0,0.0,1,1,0,0,4,0,0.14,0.0,0.14,0.14,0.14,Matches,1,14,3,21.4,1.94,0.41,0.07,0.33,0,0,Matches,,,,,,,,,,,,,,,0.0,,,,,,Matches,,6,,,,,,,,,,,10,,,,Matches,,,,,,,,,,,,,,,,,,,,,Matches,mario sauer,1.286695908755064,0.1282690949738025,1.286695908755064,2.095279081724584,0.7933451663702726,MF,0.1388888888888889,0.17870776510487,-0.03981887621598111,0.07,,0.0,0.017815152079694793,,,,,,,,,
2375,Razvan Sava,ro ROU,GK,Udinese,it Serie A,23.0,2002.0,7,6,620.0,6.9,0.0,0.0,0,0,0,0,1,0,0.0,0.0,0.0,0.0,0.0,Matches,0,0,0,,0.0,0.0,,,0,0,Matches,,,,,,,,,,,,,,,0.0,,,,,,Matches,,0,,,,,,,,,,,0,,,,Matches,,,,,,,,,,,,,,,,,,,,,Matches,razvan sava,0.0,0.0,0.0,0.177310274913907,0.177310274913907,GK,,,,,,,,,,,,,,,,
2376,Sávio,br BRA,MF,Manchester City,eng Premier League,21.0,2004.0,24,7,833.0,9.3,1.0,1.0,2,1,0,0,2,0,0.11,0.11,0.22,0.11,0.22,Matches,1,20,11,55.0,2.16,1.19,0.05,0.09,0,0,Matches,,,,,,,,,,,,,,,1.0,,,,,,Matches,,5,,,,,,,,,,,5,,,,Matches,,,,,,,,,,,,,,,,,,,,,Matches,savio,3.269520847126841,0.9313512817025184,3.269520847126841,5.62423113361001,2.61976096406579,MF,0.1075268817204301,0.35156138141148824,-0.24403449969105817,0.05,,0.1075268817204301,0.10014529910779767,,,,,,,,,
2377,Nicolò Savona,it ITA,DF,Nottingham,eng Premier League,22.0,2003.0,14,11,1028.0,11.4,2.0,0.0,2,2,0,0,2,0,0.18,0.0,0.18,0.18,0.18,Matches,2,5,3,60.0,0.44,0.26,0.4,0.67,0,0,Matches,,,,,,,,,,,,,,,0.0,,,,,,Matches,,12,,,,,,,,,,,5,,,,Matches,,,,,,,,,,,,,,,,,,,,,Matches,nicolo savona,1.2354809269309044,0.5944582391530275,1.2354809269309044,3.0064694937318563,1.5372497662901878,DF,0.17543859649122806,0.10837551990621969,0.06706307658500839,0.4,,0.0,0.052145459574826976,,,,,,,,,
2378,Amine Sbai,ma MAR,"MF,FW",Angers,fr Ligue 1,24.0,2000.0,25,23,1818.0,20.2,3.0,1.0,4,3,0,1,3,1,0.15,0.05,0.2,0.15,0.2,Matches,3,34,16,47.1,1.68,0.79,0.09,0.19,0,1,Matches,,,,,,,,,,,,,,,1.0,,,,,,Matches,,10,,,,,,,,,,,4,,,,Matches,,,,,,,,,,,,,,,,,,,,,Matches,amine sbai,4.347094478085637,2.760798776522279,3.5869993288069963,8.644016150385141,3.04599804058671,MF,0.1485148514851485,0.17757422419836616,-0.06668784544978401,0.09,,0.04950495049504951,0.13667320675852865,,,,,,,,,
2379,Joe Scally,us USA,"DF,MF",Gladbach,de Bundesliga,22.0,2002.0,32,29,2608.0,29.0,2.0,3.0,5,2,0,0,8,0,0.07,0.1,0.17,0.07,0.17,Matches,2,16,10,62.5,0.55,0.35,0.13,0.2,0,0,Matches,,,,,,,,,,,,,,,3.0,,,,,,Matches,,27,,,,,,,,,,,18,,,,Matches,,,,,,,,,,,,,,,,,,,,,Matches,joe scally,2.700111205689609,1.6180403884500263,2.700111205689609,9.640508973039688,6.971373248845339,DF,0.06896551724137931,0.0931072829548141,-0.024141765713434796,0.13,,0.10344827586206896,0.05579449615344918,,,,,,,,,
2380,Giorgio Scalvini,it ITA,DF,Atalanta,it Serie A,21.0,2003.0,24,23,1808.0,20.1,3.0,1.0,4,3,0,0,2,0,0.15,0.05,0.2,0.15,0.2,Matches,3,20,6,30.0,1.0,0.3,0.15,0.5,0,0,Matches,,,,,,,,,,,,,,,1.0,,,,,,Matches,,23,,,,,,,,,,,38,,,,Matches,,,,,,,,,,,,,,,,,,,,,Matches,giorgio scalvini,3.860559612512589,1.580893311649561,3.860559612512589,12.34991330653429,10.11700438708067,DF,0.14925373134328357,0.1920676424135616,-0.04281391107027806,0.15,,0.04975124378109452,0.07865140853977914,,,,,,,,,
2381,Gianluca Scamacca,it ITA,FW,Atalanta,it Serie A,26.0,1999.0,24,16,1315.0,14.6,10.0,1.0,11,8,2,2,2,0,0.68,0.07,0.75,0.55,0.62,Matches,10,57,22,38.6,3.9,1.51,0.18,0.45,2,2,Matches,,,,,,,,,,,,,,,1.0,,,,,,Matches,,5,,,,,,,,,,,3,,,,Matches,,,,,,,,,,,,,,,,,,,,,Matches,gianluca scamacca,8.868786808103323,1.356632051989436,7.346189212054014,10.201008120551704,3.702565290033817,FW,0.684931506849315,0.5031636446612339,0.07748035560936144,0.18,,0.0684931506849315,0.09292000356092027,,,,,,,,,
2382,Oliver Scarles,eng ENG,"DF,MF",West Ham,eng Premier League,19.0,2005.0,13,9,659.0,7.3,0.0,0.0,0,0,0,0,2,0,0.0,0.0,0.0,0.0,0.0,Matches,0,3,0,0.0,0.41,0.0,0.0,,0,0,Matches,,,,,,,,,,,,,,,0.0,,,,,,Matches,,19,,,,,,,,,,,13,,,,Matches,,,,,,,,,,,,,,,,,,,,,Matches,oliver scarles,0.2387502118945121,0.97617865819484,0.2387502118945121,1.589765745215118,0.6791210677474737,DF,0.0,0.03270550847870029,-0.03270550847870029,0.0,,0.0,0.13372310386230685,,,,,,,,,
2384,Kevin Schade,de GER,"MF,FW",Brentford,eng Premier League,23.0,2001.0,35,32,2745.0,30.5,8.0,3.0,11,8,0,1,6,1,0.26,0.1,0.36,0.26,0.36,Matches,8,57,24,42.1,1.87,0.79,0.14,0.33,0,1,Matches,,,,,,,,,,,,,,,3.0,,,,,,Matches,,27,,,,,,,,,,,19,,,,Matches,,,,,,,,,,,,,,,,,,,,,Matches,kevin schade,11.832689953967929,4.565257132053375,11.071521116420628,17.37519696727395,3.947028372436762,MF,0.26229508196721313,0.36300069234165994,-0.1256619657038665,0.14,,0.09836065573770492,0.14968056170666805,,,,,,,,,
2385,András Schäfer,hu HUN,MF,Union Berlin,de Bundesliga,26.0,1999.0,28,16,1421.0,15.8,2.0,1.0,3,2,0,0,2,1,0.13,0.06,0.19,0.13,0.19,Matches,2,27,10,37.0,1.71,0.63,0.07,0.2,0,0,Matches,,,,,,,,,,,,,,,1.0,,,,,,Matches,,22,,,,,,,,,,,20,,,,Matches,,,,,,,,,,,,,,,,,,,,,Matches,andras schafer,1.778747895732522,0.7768908403813839,1.778747895732522,5.5322664473205805,3.3308603167533875,MF,0.12658227848101264,0.11257898074256469,0.014003297738447973,0.07,,0.06329113924050632,0.04917030635325214,,,,,,,,,
2386,Fabian Schär,ch SUI,DF,Newcastle,eng Premier League,33.0,1991.0,16,11,1091.0,12.1,0.0,0.0,0,0,0,0,1,0,0.0,0.0,0.0,0.0,0.0,Matches,0,17,4,23.5,1.4,0.33,0.0,0.0,0,0,Matches,,,,,,,,,,,,,,,0.0,,,,,,Matches,,9,,,,,,,,,,,16,,,,Matches,,,,,,,,,,,,,,,,,,,,,Matches,fabian schar,0.9631823003292084,0.1626780582591891,0.9631823003292084,3.1928995680063963,3.059698922559619,DF,0.0,0.07960184300241392,-0.07960184300241392,0.0,,0.0,0.013444467624726373,,,,,,,,,
2388,Derry Scherhant,de GER,MF,Freiburg,de Bundesliga,22.0,2002.0,31,12,1301.0,14.5,5.0,1.0,6,5,0,0,2,0,0.35,0.07,0.42,0.35,0.42,Matches,5,36,13,36.1,2.49,0.9,0.14,0.38,0,0,Matches,,,,,,,,,,,,,,,1.0,,,,,,Matches,,9,,,,,,,,,,,7,,,,Matches,,,,,,,,,,,,,,,,,,,,,Matches,derry scherhant,3.31635710503906,1.9648405443876984,3.31635710503906,5.468948429450393,1.754570497199893,MF,0.3448275862068966,0.22871428310614209,0.11611330310075448,0.14,,0.06896551724137931,0.13550624444053092,,,,,,,,,
2389,Patrik Schick,cz CZE,FW,Leverkusen,de Bundesliga,29.0,1996.0,28,23,1988.0,22.1,16.0,3.0,19,12,4,5,2,0,0.72,0.14,0.86,0.54,0.68,Matches,16,72,34,47.2,3.26,1.54,0.22,0.47,4,5,Matches,,,,,,,,,,,,,,,3.0,,,,,,Matches,,4,,,,,,,,,,,3,,,,Matches,,,,,,,,,,,,,,,,,,,,,Matches,patrik schick,19.42132812365889,3.1920390371233225,15.632444690912962,18.84750088304281,3.710258255712688,FW,0.7239819004524887,0.707350438502849,-0.1548112273148818,0.22,,0.13574660633484162,0.1444361555259422,,,,,,,,,
2390,Stefan Schimmer,de GER,FW,Heidenheim,de Bundesliga,31.0,1994.0,27,3,820.0,9.1,5.0,1.0,6,5,0,0,1,0,0.55,0.11,0.66,0.55,0.66,Matches,5,32,12,37.5,3.51,1.32,0.16,0.42,0,0,Matches,,,,,,,,,,,,,,,1.0,,,,,,Matches,,4,,,,,,,,,,,4,,,,Matches,,,,,,,,,,,,,,,,,,,,,Matches,stefan schimmer,5.915202781558037,1.6511298958212135,5.915202781558037,8.382787432521582,1.3862062525004148,FW,0.5494505494505495,0.6500222836876963,-0.10057173423714691,0.16,,0.10989010989010989,0.18144284569463887,,,,,,,,,
2391,Xaver Schlager,at AUT,MF,RB Leipzig,de Bundesliga,27.0,1997.0,26,21,1837.0,20.4,3.0,1.0,4,3,0,0,6,0,0.15,0.05,0.2,0.15,0.2,Matches,3,21,7,33.3,1.03,0.34,0.14,0.43,0,0,Matches,,,,,,,,,,,,,,,1.0,,,,,,Matches,,25,,,,,,,,,,,7,,,,Matches,,,,,,,,,,,,,,,,,,,,,Matches,xaver schlager,2.157680917531252,2.197766998782754,2.157680917531252,20.343336034566164,17.009082730859518,MF,0.14705882352941177,0.10576867242800256,0.041290151101409225,0.14,,0.04901960784313726,0.10773367641091931,,,,,,,,,
2392,Keven Schlotterbeck,de GER,DF,Augsburg,de Bundesliga,28.0,1997.0,24,22,2031.0,22.6,0.0,1.0,1,0,0,1,7,1,0.0,0.04,0.04,0.0,0.04,Matches,0,12,3,25.0,0.53,0.13,0.0,0.0,0,1,Matches,,,,,,,,,,,,,,,1.0,,,,,,Matches,,25,,,,,,,,,,,33,,,,Matches,,,,,,,,,,,,,,,,,,,,,Matches,keven schlotterbeck,1.3001904971897602,1.029070470482111,0.5424138195812702,5.31422508880496,4.888037363067269,DF,0.0,0.02400061148589691,-0.057530552972998236,0.0,,0.04424778761061947,0.045534091614252696,,,,,,,,,
2393,Nico Schlotterbeck,de GER,DF,Dortmund,de Bundesliga,25.0,1999.0,28,28,2520.0,28.0,5.0,1.0,6,5,0,0,8,0,0.18,0.04,0.21,0.18,0.21,Matches,5,32,9,28.1,1.14,0.32,0.16,0.56,0,0,Matches,,,,,,,,,,,,,,,1.0,,,,,,Matches,,38,,,,,,,,,,,24,,,,Matches,,,,,,,,,,,,,,,,,,,,,Matches,nico schlotterbeck,3.80366291385144,1.0600993894040585,3.80366291385144,11.601791122928262,10.63110581971705,DF,0.17857142857142858,0.13584510406612285,0.04272632450530572,0.16,,0.03571428571428571,0.03786069247871637,,,,,,,,,
2395,Romano Schmid,at AUT,"MF,FW",Werder Bremen,de Bundesliga,25.0,2000.0,34,34,2982.0,33.1,4.0,8.0,12,1,3,4,4,0,0.12,0.24,0.36,0.03,0.27,Matches,4,57,21,36.8,1.72,0.63,0.07,0.19,3,4,Matches,,,,,,,,,,,,,,,8.0,,,,,,Matches,,28,,,,,,,,,,,13,,,,Matches,,,,,,,,,,,,,,,,,,,,,Matches,romano schmid,7.935770924203098,10.276878538541496,4.904664213769138,17.899825293570757,6.946343030780554,MF,0.12084592145015105,0.14817716657912802,-0.118905465988009,0.07,,0.2416918429003021,0.3104797141553322,,,,,,,,,
2396,Isaac Schmidt,ch SUI,"MF,DF",Werder Bremen,de Bundesliga,25.0,1999.0,19,6,682.0,7.6,1.0,0.0,1,1,0,0,2,0,0.13,0.0,0.13,0.13,0.13,Matches,1,5,2,40.0,0.66,0.26,0.2,0.5,0,0,Matches,,,,,,,,,,,,,,,0.0,,,,,,Matches,,10,,,,,,,,,,,11,,,,Matches,,,,,,,,,,,,,,,,,,,,,Matches,isaac schmidt,0.5206902362406254,0.5155902737751603,0.5206902362406254,3.224514480680228,2.3847034201025963,MF,0.13157894736842105,0.06851187318955597,0.06306707417886509,0.2,,0.0,0.06784082549673162,,,,,,,,,
2397,Joël Schmied,ch SUI,DF,Köln,de Bundesliga,26.0,1998.0,16,13,1078.0,12.0,0.0,0.0,0,0,0,0,5,0,0.0,0.0,0.0,0.0,0.0,Matches,0,5,0,0.0,0.42,0.0,0.0,,0,0,Matches,,,,,,,,,,,,,,,0.0,,,,,,Matches,,9,,,,,,,,,,,11,,,,Matches,,,,,,,,,,,,,,,,,,,,,Matches,joel schmied,0.2212208164855837,0.1458053737878799,0.2212208164855837,2.9376384019851685,2.8404782209545374,DF,0.0,0.018435068040465307,-0.018435068040465307,0.0,,0.0,0.012150447815656657,,,,,,,,,
2399,Jan Schöppner,de GER,MF,Heidenheim,de Bundesliga,26.0,1999.0,31,29,2252.0,25.0,3.0,3.0,6,3,0,0,5,0,0.12,0.12,0.24,0.12,0.24,Matches,3,25,7,28.0,1.0,0.28,0.12,0.43,0,0,Matches,,,,,,,,,,,,,,,3.0,,,,,,Matches,,17,,,,,,,,,,,32,,,,Matches,,,,,,,,,,,,,,,,,,,,,Matches,jan schoppner,2.7691161446273327,2.977410864084959,2.7691161446273327,9.141754516400397,5.333098980598152,MF,0.12,0.1107646457850933,0.009235354214906693,0.12,,0.12,0.11909643456339836,,,,,,,,,
2400,Marvin Schwäbe,de GER,GK,Köln,de Bundesliga,30.0,1995.0,34,34,3060.0,34.0,0.0,0.0,0,0,0,0,2,0,0.0,0.0,0.0,0.0,0.0,Matches,0,0,0,,0.0,0.0,,,0,0,Matches,,,,,,,,,,,,,,,0.0,,,,,,Matches,,1,,,,,,,,,,,3,,,,Matches,,,,,,,,,,,,,,,,,,,,,Matches,marvin schwabe,0.0,0.3641906082630157,0.0,5.936441767960787,5.572251129895449,GK,,,,,,,,,,,,,,,,
2402,Alex Scott,eng ENG,MF,Bournemouth,eng Premier League,21.0,2003.0,37,34,2849.0,31.7,3.0,1.0,4,3,0,0,5,0,0.09,0.03,0.13,0.09,0.13,Matches,3,44,13,29.5,1.39,0.41,0.07,0.23,0,0,Matches,,,,,,,,,,,,,,,1.0,,,,,,Matches,,38,,,,,,,,,,,35,,,,Matches,,,,,,,,,,,,,,,,,,,,,Matches,alex scott,3.500135133042932,2.891912166960537,3.500135133042932,15.246188033372164,10.991569228470324,MF,0.09463722397476342,0.11041435750924077,-0.01577713353447735,0.07,,0.031545741324921134,0.09122751315332925,,,,,,,,,
2403,Simone Scuffet,it ITA,GK,Pisa,it Serie A,29.0,1996.0,7,7,630.0,7.0,0.0,0.0,0,0,0,0,0,0,0.0,0.0,0.0,0.0,0.0,Matches,0,0,0,,0.0,0.0,,,0,0,Matches,,,,,,,,,,,,,,,0.0,,,,,,Matches,,0,,,,,,,,,,,0,,,,Matches,,,,,,,,,,,,,,,,,,,,,Matches,simone scuffet,0.0,0.0,0.0,0.5827806890010834,0.5827806890010834,GK,,,,,,,,,,,,,,,,
2404,Sebastian Sebulonsen,no NOR,"DF,MF",Köln,de Bundesliga,25.0,2000.0,31,28,2498.0,27.8,0.0,0.0,0,0,0,0,5,0,0.0,0.0,0.0,0.0,0.0,Matches,0,31,5,16.1,1.12,0.18,0.0,0.0,0,0,Matches,,,,,,,,,,,,,,,0.0,,,,,,Matches,,26,,,,,,,,,,,17,,,,Matches,,,,,,,,,,,,,,,,,,,,,Matches,sebastian sebulonsen,1.4893776644021273,2.7618500273674726,1.4893776644021273,11.2205195389688,8.312318425625563,DF,0.0,0.05357473612957292,-0.05357473612957292,0.0,,0.0,0.09934712328659974,,,,,,,,,
2405,Jenson Seelt,nl NED,DF,Wolfsburg,de Bundesliga,22.0,2003.0,9,8,681.0,7.6,0.0,0.0,0,0,0,0,0,0,0.0,0.0,0.0,0.0,0.0,Matches,0,2,0,0.0,0.26,0.0,0.0,,0,0,Matches,,,,,,,,,,,,,,,0.0,,,,,,Matches,,9,,,,,,,,,,,5,,,,Matches,,,,,,,,,,,,,,,,,,,,,Matches,jenson seelt,0.0,0.0,0.0,0.3046077191829681,0.3046077191829681,DF,0.0,0.0,0.0,0.0,,0.0,0.0,,,,,,,,,
2407,Alidu Seidu,gh GHA,DF,Rennes,fr Ligue 1,25.0,2000.0,21,13,1186.0,13.2,0.0,1.0,1,0,0,0,1,0,0.0,0.08,0.08,0.0,0.08,Matches,0,5,1,20.0,0.38,0.08,0.0,0.0,0,0,Matches,,,,,,,,,,,,,,,1.0,,,,,,Matches,,22,,,,,,,,,,,17,,,,Matches,,,,,,,,,,,,,,,,,,,,,Matches,alidu seidu,0.0986225018277764,1.1613133689388633,0.0986225018277764,5.668631431646645,5.559483170509338,DF,0.0,0.007471401653619425,-0.007471401653619425,0.0,,0.07575757575757576,0.08797828552567147,,,,,,,,,
2409,Nicolas Seiwald,at AUT,MF,RB Leipzig,de Bundesliga,24.0,2001.0,33,31,2694.0,29.9,0.0,2.0,2,0,0,0,2,0,0.0,0.07,0.07,0.0,0.07,Matches,0,20,7,35.0,0.67,0.23,0.0,0.0,0,0,Matches,,,,,,,,,,,,,,,2.0,,,,,,Matches,,47,,,,,,,,,,,60,,,,Matches,,,,,,,,,,,,,,,,,,,,,Matches,nicolas seiwald,1.818481955677271,1.8090799655765293,1.818481955677271,16.26779694482684,14.033266069367528,MF,0.0,0.060818794504256556,-0.060818794504256556,0.0,,0.06688963210702341,0.06050434667480031,,,,,,,,,
2410,Ayumu Seko,jp JPN,"MF,DF",Le Havre,fr Ligue 1,25.0,2000.0,30,29,2625.0,29.2,0.0,0.0,0,0,0,0,6,0,0.0,0.0,0.0,0.0,0.0,Matches,0,17,6,35.3,0.58,0.21,0.0,0.0,0,0,Matches,,,,,,,,,,,,,,,0.0,,,,,,Matches,,24,,,,,,,,,,,35,,,,Matches,,,,,,,,,,,,,,,,,,,,,Matches,ayumu seko,0.9660781314596534,0.4601332331076264,0.9660781314596534,6.02835941594094,5.555001525208354,MF,0.0,0.03308486751574156,-0.03308486751574156,0.0,,0.0,0.015757987435192685,,,,,,,,,
2411,Matz Sels,be BEL,GK,Nottingham,eng Premier League,33.0,1992.0,31,30,2668.0,29.6,0.0,0.0,0,0,0,0,2,0,0.0,0.0,0.0,0.0,0.0,Matches,0,0,0,,0.0,0.0,,,0,0,Matches,,,,,,,,,,,,,,,0.0,,,,,,Matches,,1,,,,,,,,,,,0,,,,Matches,,,,,,,,,,,,,,,,,,,,,Matches,matz sels,0.0,0.0,0.0,2.225650984793901,2.225650984793901,GK,,,,,,,,,,,,,,,,
2412,Antoine Semenyo,gh GHA,MF,Bournemouth,eng Premier League,25.0,2000.0,20,20,1798.0,20.0,10.0,3.0,13,9,1,2,6,0,0.5,0.15,0.65,0.45,0.6,Matches,10,49,27,55.1,2.45,1.35,0.2,0.37,1,2,Matches,,,,,,,,,,,,,,,3.0,,,,,,Matches,,20,,,,,,,,,,,6,,,,Matches,,,,,,,,,,,,,,,,,,,,,Matches,antoine semenyo,12.836786897853017,4.130169393494725,11.31444920040667,20.870588455349207,7.893717190250754,MF,0.5,0.5657224600203336,-0.14183934489265085,0.2,,0.15,0.20650846967473627,,,,,,,,,
2413,Antoine Semenyo,gh GHA,"MF,FW",Manchester City,eng Premier League,25.0,2000.0,17,17,1397.0,15.5,7.0,1.0,8,7,0,0,1,0,0.45,0.06,0.52,0.45,0.52,Matches,7,34,14,41.2,2.19,0.9,0.21,0.5,0,0,Matches,,,,,,,,,,,,,,,1.0,,,,,,Matches,,11,,,,,,,,,,,6,,,,Matches,,,,,,,,,,,,,,,,,,,,,Matches,antoine semenyo,12.836786897853017,4.130169393494725,11.31444920040667,20.870588455349207,7.893717190250754,MF,0.45161290322580644,0.7299644645423659,-0.3765668966356785,0.21,,0.06451612903225806,0.26646254151578874,,,,,,,,,
2414,Adrian Šemper,hr CRO,GK,Pisa,it Serie A,27.0,1998.0,25,25,2250.0,25.0,0.0,0.0,0,0,0,0,0,0,0.0,0.0,0.0,0.0,0.0,Matches,0,0,0,,0.0,0.0,,,0,0,Matches,,,,,,,,,,,,,,,0.0,,,,,,Matches,,0,,,,,,,,,,,0,,,,Matches,,,,,,,,,,,,,,,,,,,,,Matches,adrian semper,0.0,0.0,0.0,0.7795740598812699,0.7795740598812699,GK,,,,,,,,,,,,,,,,
2415,Marvin Senaya,gh GHA,"DF,MF",Auxerre,fr Ligue 1,24.0,2001.0,25,20,1780.0,19.8,1.0,0.0,1,1,0,0,5,0,0.05,0.0,0.05,0.05,0.05,Matches,1,15,5,33.3,0.76,0.25,0.07,0.2,0,0,Matches,,,,,,,,,,,,,,,0.0,,,,,,Matches,,31,,,,,,,,,,,34,,,,Matches,,,,,,,,,,,,,,,,,,,,,Matches,marvin senaya,1.403174713253975,0.2376676574349403,1.403174713253975,2.581851320341229,2.269769674167037,DF,0.050505050505050504,0.07086740976030176,-0.020362359255251258,0.07,,0.0,0.012003417042168701,,,,,,,,,
2416,Marcos Senesi,ar ARG,DF,Bournemouth,eng Premier League,28.0,1997.0,37,37,3288.0,36.5,0.0,5.0,5,0,0,0,8,0,0.0,0.14,0.14,0.0,0.14,Matches,0,17,5,29.4,0.47,0.14,0.0,0.0,0,0,Matches,,,,,,,,,,,,,,,5.0,,,,,,Matches,,34,,,,,,,,,,,50,,,,Matches,,,,,,,,,,,,,,,,,,,,,Matches,marcos senesi,1.850691837258637,4.026684596203268,1.850691837258637,14.265297041274607,10.905751962214708,DF,0.0,0.05070388595229142,-0.05070388595229142,0.0,,0.136986301369863,0.1103201259233772,,,,,,,,,
2417,Suat Serdar,de GER,MF,Hellas Verona,it Serie A,28.0,1997.0,20,12,1108.0,12.3,2.0,0.0,2,2,0,0,3,0,0.16,0.0,0.16,0.16,0.16,Matches,2,19,7,36.8,1.54,0.57,0.11,0.29,0,0,Matches,,,,,,,,,,,,,,,0.0,,,,,,Matches,,20,,,,,,,,,,,10,,,,Matches,,,,,,,,,,,,,,,,,,,,,Matches,suat serdar,2.6708283396437764,1.4056117832660675,2.6708283396437764,4.575328801758587,1.8016988597810268,MF,0.16260162601626016,0.21714051541819318,-0.054538889401933036,0.11,,0.0,0.11427738075333882,,,,,,,,,
2420,Benjamin Šeško,si SVN,FW,Manchester Utd,eng Premier League,22.0,2003.0,30,17,1643.0,18.3,11.0,1.0,12,11,0,0,2,0,0.6,0.05,0.66,0.6,0.66,Matches,11,61,34,55.7,3.34,1.86,0.18,0.32,0,0,Matches,,,,,,,,,,,,,,,1.0,,,,,,Matches,,3,,,,,,,,,,,3,,,,Matches,,,,,,,,,,,,,,,,,,,,,Matches,benjamin sesko,12.504127995111048,0.5977376587688923,12.504127995111048,14.22715387493372,1.6295164097100496,FW,0.6010928961748634,0.6832856827929534,-0.08219278661809007,0.18,,0.0546448087431694,0.032663260042015974,,,,,,,,,
2421,Ryan Sessegnon,eng ENG,"DF,MF",Fulham,eng Premier League,25.0,2000.0,27,20,1823.0,20.3,3.0,1.0,4,3,0,0,0,0,0.15,0.05,0.2,0.15,0.2,Matches,3,16,4,25.0,0.79,0.2,0.19,0.75,0,0,Matches,,,,,,,,,,,,,,,1.0,,,,,,Matches,,29,,,,,,,,,,,23,,,,Matches,,,,,,,,,,,,,,,,,,,,,Matches,ryan sessegnon,2.04829409904778,2.228433128446341,2.04829409904778,8.259379532188177,5.088316984474659,DF,0.14778325123152708,0.10090118714521083,0.046882064086316254,0.19,,0.04926108374384236,0.10977503095794783,,,,,,,,,
2422,Stephan El Shaarawy,it ITA,"MF,FW",Roma,it Serie A,32.0,1992.0,20,5,666.0,7.4,1.0,2.0,3,1,0,0,4,0,0.14,0.27,0.41,0.14,0.41,Matches,1,18,7,38.9,2.43,0.95,0.06,0.14,0,0,Matches,,,,,,,,,,,,,,,2.0,,,,,,Matches,,7,,,,,,,,,,,6,,,,Matches,,,,,,,,,,,,,,,,,,,,,Matches,stephan el shaarawy,2.018858753144741,1.7541244626045227,2.018858753144741,5.107392806559801,2.558639155700803,MF,0.13513513513513511,0.272818750424965,-0.13768361528982986,0.06,,0.27027027027027023,0.23704384629790845,,,,,,,,,
2423,Luke Shaw,eng ENG,DF,Manchester Utd,eng Premier League,30.0,1995.0,38,38,3219.0,35.8,1.0,1.0,2,1,0,0,9,0,0.03,0.03,0.06,0.03,0.06,Matches,1,10,3,30.0,0.28,0.08,0.1,0.33,0,0,Matches,,,,,,,,,,,,,,,1.0,,,,,,Matches,,45,,,,,,,,,,,43,,,,Matches,,,,,,,,,,,,,,,,,,,,,Matches,luke shaw,0.5988588444888592,1.4936611289158463,0.5988588444888592,11.45667431410402,10.608856069855392,DF,0.02793296089385475,0.016727900684046348,0.011205060209808404,0.1,,0.02793296089385475,0.04172237790267728,,,,,,,,,
2425,Kwasi Sibo,gh GHA,MF,Oviedo,es La Liga,27.0,1998.0,26,21,1681.0,18.7,0.0,0.0,0,0,0,0,3,1,0.0,0.0,0.0,0.0,0.0,Matches,0,9,2,22.2,0.48,0.11,0.0,0.0,0,0,Matches,,,,,,,,,,,,,,,0.0,,,,,,Matches,,20,,,,,,,,,,,14,,,,Matches,,,,,,,,,,,,,,,,,,,,,Matches,kwasi sibo,0.3234209390357137,0.0500031504780054,0.3234209390357137,4.401804143562913,4.066265448927879,MF,0.0,0.017295237381588967,-0.017295237381588967,0.0,,0.0,0.0026739652662034975,,,,,,,,,
2426,Djibril Sidibé,fr FRA,"MF,DF",Toulouse,fr Ligue 1,33.0,1992.0,32,25,2141.0,23.8,3.0,4.0,7,2,1,2,1,0,0.13,0.17,0.29,0.08,0.25,Matches,3,8,5,62.5,0.34,0.21,0.38,0.6,1,2,Matches,,,,,,,,,,,,,,,4.0,,,,,,Matches,,32,,,,,,,,,,,18,,,,Matches,,,,,,,,,,,,,,,,,,,,,Matches,djibril sidibe,3.01466503739357,1.9726380528882144,1.4944747984409332,5.725381668657064,4.560083646327257,MF,0.12605042016806722,0.06279305875802241,-0.0006161780417466364,0.38,,0.1680672268907563,0.08288395180202582,,,,,,,,,
2427,Armindo Sieb,de GER,FW,Mainz 05,de Bundesliga,22.0,2003.0,22,3,548.0,6.1,2.0,0.0,2,2,0,0,1,0,0.33,0.0,0.33,0.33,0.33,Matches,2,18,6,33.3,2.96,0.99,0.11,0.33,0,0,Matches,,,,,,,,,,,,,,,0.0,,,,,,Matches,,4,,,,,,,,,,,0,,,,Matches,,,,,,,,,,,,,,,,,,,,,Matches,armindo sieb,2.8665214106440544,0.598957596346736,2.8665214106440544,4.1541723646223545,0.9499620124697684,FW,0.3278688524590164,0.46992154272853354,-0.1420526902695171,0.11,,0.0,0.09818976989290754,,,,,,,,,
2428,Jamil Siebert,de GER,DF,Lecce,it Serie A,23.0,2002.0,21,18,1701.0,18.9,1.0,0.0,1,1,0,0,3,0,0.05,0.0,0.05,0.05,0.05,Matches,1,6,2,33.3,0.32,0.11,0.17,0.5,0,0,Matches,,,,,,,,,,,,,,,0.0,,,,,,Matches,,15,,,,,,,,,,,15,,,,Matches,,,,,,,,,,,,,,,,,,,,,Matches,jamil siebert,0.4797683842480182,0.3154878802597523,0.4797683842480182,2.341046974994242,1.971344226039946,DF,0.052910052910052914,0.02538457059513324,0.02752548231491967,0.17,,0.0,0.01669248043702393,,,,,,,,,
2429,Francisco Sierralta,cl CHI,DF,Auxerre,fr Ligue 1,28.0,1997.0,10,9,861.0,9.6,1.0,0.0,1,1,0,0,2,0,0.1,0.0,0.1,0.1,0.1,Matches,1,7,2,28.6,0.73,0.21,0.14,0.5,0,0,Matches,,,,,,,,,,,,,,,0.0,,,,,,Matches,,6,,,,,,,,,,,9,,,,Matches,,,,,,,,,,,,,,,,,,,,,Matches,francisco sierralta,0.7252583894878626,0.0387212000787258,0.7252583894878626,1.4416037444025278,1.4416037444025278,DF,0.10416666666666667,0.0755477489049857,0.028618917761680983,0.14,,0.0,0.004033458341533938,,,,,,,,,
2430,Tim Siersleben,de GER,DF,Heidenheim,de Bundesliga,25.0,2000.0,15,12,1081.0,12.0,0.0,0.0,0,0,0,0,2,0,0.0,0.0,0.0,0.0,0.0,Matches,0,5,3,60.0,0.42,0.25,0.0,0.0,0,0,Matches,,,,,,,,,,,,,,,0.0,,,,,,Matches,,16,,,,,,,,,,,21,,,,Matches,,,,,,,,,,,,,,,,,,,,,Matches,tim siersleben,0.6296908538788557,0.1155702322721481,0.6296908538788557,1.3642809763550758,1.074270966462791,DF,0.0,0.05247423782323798,-0.05247423782323798,0.0,,0.0,0.009630852689345675,,,,,,,,,
2432,André Silva,pt POR,FW,Elche,es La Liga,29.0,1995.0,31,22,1849.0,20.5,10.0,0.0,10,7,3,3,3,0,0.49,0.0,0.49,0.34,0.34,Matches,10,57,29,50.9,2.77,1.41,0.18,0.34,3,3,Matches,,,,,,,,,,,,,,,0.0,,,,,,Matches,,8,,,,,,,,,,,4,,,,Matches,,,,,,,,,,,,,,,,,,,,,Matches,andre silva,10.836609966121614,1.556909404695034,8.606777063570917,9.467075154185297,2.252919040620327,FW,0.4878048780487805,0.4198427835888252,-0.04081024224983483,0.18,,0.0,0.07594680022902606,,,,,,,,,
2433,Bernardo Silva,pt POR,MF,Manchester City,eng Premier League,30.0,1994.0,38,34,2872.0,31.9,2.0,4.0,6,2,0,0,10,0,0.06,0.13,0.19,0.06,0.19,Matches,2,30,7,23.3,0.94,0.22,0.07,0.29,0,0,Matches,,,,,,,,,,,,,,,4.0,,,,,,Matches,,28,,,,,,,,,,,21,,,,Matches,,,,,,,,,,,,,,,,,,,,,Matches,bernardo silva,2.899573851376772,5.28287316672504,2.899573851376772,25.18876053020358,19.402738712728024,MF,0.06269592476489029,0.09089573201808063,-0.028199807253190344,0.07,,0.12539184952978058,0.1656073093017254,,,,,,,,,
2434,Éderson Silva,br BRA,MF,Atalanta,it Serie A,26.0,1999.0,30,26,2230.0,24.8,2.0,1.0,3,1,1,1,3,0,0.08,0.04,0.12,0.04,0.08,Matches,2,35,11,31.4,1.41,0.44,0.06,0.18,1,1,Matches,,,,,,,,,,,,,,,1.0,,,,,,Matches,,35,,,,,,,,,,,28,,,,Matches,,,,,,,,,,,,,,,,,,,,,Matches,ederson silva,5.546352312900126,2.210425505414605,4.785053477622569,16.25540943443775,12.244340799748898,MF,0.08064516129032258,0.1929457047428455,-0.14299807713306958,0.06,,0.04032258064516129,0.08913006070220182,,,,,,,,,
2435,Fábio Silva,pt POR,"FW,MF",Dortmund,de Bundesliga,23.0,2002.0,28,7,817.0,9.1,2.0,6.0,8,2,0,0,3,0,0.22,0.66,0.88,0.22,0.88,Matches,2,23,8,34.8,2.53,0.88,0.09,0.25,0,0,Matches,,,,,,,,,,,,,,,6.0,,,,,,Matches,,2,,,,,,,,,,,2,,,,Matches,,,,,,,,,,,,,,,,,,,,,Matches,fabio silva,2.105187201872468,2.759688064455986,2.105187201872468,7.064148070290685,2.9445341546088457,FW,0.21978021978021978,0.23133925295301846,-0.011559033172798681,0.09,,0.6593406593406593,0.30326242466549297,,,,,,,,,
2438,Abdallah Sima,sn SEN,"MF,FW",Lens,fr Ligue 1,24.0,2001.0,21,6,718.0,8.0,2.0,2.0,4,2,0,0,3,0,0.25,0.25,0.5,0.25,0.5,Matches,2,30,9,30.0,3.76,1.13,0.07,0.22,0,0,Matches,,,,,,,,,,,,,,,2.0,,,,,,Matches,,5,,,,,,,,,,,1,,,,Matches,,,,,,,,,,,,,,,,,,,,,Matches,abdallah sima,3.332493230700493,0.7596801817417145,3.332493230700493,5.5135756358504295,1.938925914466381,MF,0.25,0.4165616538375616,-0.1665616538375616,0.07,,0.25,0.09496002271771431,,,,,,,,,
2439,Giovanni Simeone,ar ARG,FW,Torino,it Serie A,30.0,1995.0,32,27,2230.0,24.8,11.0,0.0,11,11,0,0,1,0,0.44,0.0,0.44,0.44,0.44,Matches,11,78,28,35.9,3.15,1.13,0.14,0.39,0,0,Matches,,,,,,,,,,,,,,,0.0,,,,,,Matches,,9,,,,,,,,,,,5,,,,Matches,,,,,,,,,,,,,,,,,,,,,Matches,giovanni simeone,11.181717524304986,1.8582251174375413,11.181717524304986,14.051242487505078,1.50459766946733,FW,0.4435483870967742,0.45087570662520104,-0.007327319528426855,0.14,,0.0,0.07492843215473957,,,,,,,,,
2440,Giuliano Simeone,ar ARG,"MF,FW",Atlético Madrid,es La Liga,22.0,2002.0,31,25,2099.0,23.3,4.0,6.0,10,4,0,0,2,0,0.17,0.26,0.43,0.17,0.43,Matches,4,36,14,38.9,1.54,0.6,0.11,0.29,0,0,Matches,,,,,,,,,,,,,,,6.0,,,,,,Matches,,25,,,,,,,,,,,20,,,,Matches,,,,,,,,,,,,,,,,,,,,,Matches,giuliano simeone,6.101236687973142,5.526886135339737,6.101236687973142,18.556789096444845,9.045107055455446,MF,0.17167381974248927,0.26185565184434084,-0.09018183210185157,0.11,,0.2575107296137339,0.2372054135338943,,,,,,,,,
2441,Moses Simon,ng NGA,"MF,FW",Paris FC,fr Ligue 1,30.0,1995.0,29,25,2001.0,22.2,3.0,3.0,6,3,0,0,1,0,0.13,0.13,0.27,0.13,0.27,Matches,3,34,11,32.4,1.53,0.49,0.09,0.27,0,0,Matches,,,,,,,,,,,,,,,3.0,,,,,,Matches,,11,,,,,,,,,,,8,,,,Matches,,,,,,,,,,,,,,,,,,,,,Matches,moses simon,2.882196793332696,4.325151562690735,2.882196793332696,9.658759605139494,4.0332848858088255,MF,0.13513513513513514,0.12982868438435569,0.005306450750779461,0.09,,0.13513513513513514,0.19482664696805113,,,,,,,,,
2442,Unai Simón,es ESP,GK,Athletic Club,es La Liga,28.0,1997.0,37,37,3330.0,37.0,0.0,0.0,0,0,0,0,1,0,0.0,0.0,0.0,0.0,0.0,Matches,0,0,0,,0.0,0.0,,,0,0,Matches,,,,,,,,,,,,,,,0.0,,,,,,Matches,,0,,,,,,,,,,,0,,,,Matches,,,,,,,,,,,,,,,,,,,,,Matches,unai simon,0.0,0.0318873859941959,0.0,3.199014876037836,3.167127501219511,GK,,,,,,,,,,,,,,,,
2443,Xavi Simons,nl NED,"MF,FW",Tottenham,eng Premier League,22.0,2003.0,28,19,1755.0,19.5,2.0,5.0,7,2,0,0,5,1,0.1,0.26,0.36,0.1,0.36,Matches,2,42,10,23.8,2.15,0.51,0.05,0.2,0,0,Matches,,,,,,,,,,,,,,,5.0,,,,,,Matches,,20,,,,,,,,,,,15,,,,Matches,,,,,,,,,,,,,,,,,,,,,Matches,xavi simons,2.716290816664696,4.650560335256159,2.716290816664696,9.529860531911254,5.203196081332862,MF,0.10256410256410256,0.1392969649571639,-0.036732862393061345,0.05,,0.2564102564102564,0.23849027360287997,,,,,,,,,
2445,Jahmai Simpson-Pusey,eng ENG,DF,Köln,de Bundesliga,19.0,2005.0,11,10,863.0,9.6,0.0,0.0,0,0,0,0,2,1,0.0,0.0,0.0,0.0,0.0,Matches,0,6,3,50.0,0.63,0.31,0.0,0.0,0,0,Matches,,,,,,,,,,,,,,,0.0,,,,,,Matches,,8,,,,,,,,,,,12,,,,Matches,,,,,,,,,,,,,,,,,,,,,Matches,jahmai simpson pusey,0.305854395031929,0.0993250086903572,0.305854395031929,1.997569991275668,1.8982449751347303,DF,0.0,0.03185983281582594,-0.03185983281582594,0.0,,0.0,0.010346355071912209,,,,,,,,,
2446,Danel Sinani,lu LUX,"MF,FW",St Pauli,de Bundesliga,28.0,1997.0,30,23,2069.0,23.0,5.0,3.0,8,2,3,3,4,0,0.22,0.13,0.35,0.09,0.22,Matches,5,49,18,36.7,2.13,0.78,0.1,0.28,3,3,Matches,,,,,,,,,,,,,,,3.0,,,,,,Matches,,16,,,,,,,,,,,5,,,,Matches,,,,,,,,,,,,,,,,,,,,,Matches,danel sinani,5.747947253286839,3.705269183032215,3.474617220461369,9.47156412154436,5.238701125606895,MF,0.21739130434782608,0.151070313933103,-0.032519445795079975,0.1,,0.13043478260869565,0.16109866013183544,,,,,,,,,
2448,Lassine Sinayoko,ml MLI,"FW,MF",Auxerre,fr Ligue 1,25.0,1999.0,32,32,2770.0,30.8,12.0,4.0,16,9,3,4,8,0,0.39,0.13,0.52,0.29,0.42,Matches,12,93,39,41.9,3.02,1.27,0.13,0.31,3,4,Matches,,,,,,,,,,,,,,,4.0,,,,,,Matches,,26,,,,,,,,,,,26,,,,Matches,,,,,,,,,,,,,,,,,,,,,Matches,lassine sinayoko,13.613020814955236,4.946237799711525,10.57264032587409,15.242396891117096,3.0789404874667525,FW,0.38961038961038963,0.34326754304786006,-0.05237080568036481,0.13,,0.12987012987012986,0.1605921363542703,,,,,,,,,
2449,Ibrahima Sissoko,ml MLI,"MF,DF",Nantes,fr Ligue 1,27.0,1997.0,13,9,803.0,8.9,0.0,0.0,0,0,0,0,4,0,0.0,0.0,0.0,0.0,0.0,Matches,0,6,0,0.0,0.67,0.0,0.0,,0,0,Matches,,,,,,,,,,,,,,,0.0,,,,,,Matches,,7,,,,,,,,,,,16,,,,Matches,,,,,,,,,,,,,,,,,,,,,Matches,ibrahima sissoko,0.1656182212755084,0.8984191156923771,0.1656182212755084,4.065130893141031,3.4186657033860683,MF,0.0,0.018608788907360493,-0.018608788907360493,0.0,,0.0,0.10094596805532327,,,,,,,,,
2450,Antonio Sivera,es ESP,GK,Alavés,es La Liga,28.0,1996.0,38,38,3420.0,38.0,0.0,0.0,0,0,0,0,3,0,0.0,0.0,0.0,0.0,0.0,Matches,0,0,0,,0.0,0.0,,,0,0,Matches,,,,,,,,,,,,,,,0.0,,,,,,Matches,,1,,,,,,,,,,,0,,,,Matches,,,,,,,,,,,,,,,,,,,,,Matches,antonio sivera,0.0,0.0,0.0,3.3321731872856617,3.3321731872856617,GK,,,,,,,,,,,,,,,,
2452,Tim Skarke,de GER,"MF,FW",Union Berlin,de Bundesliga,28.0,1996.0,22,4,623.0,6.9,1.0,1.0,2,1,0,0,0,0,0.14,0.14,0.29,0.14,0.29,Matches,1,14,5,35.7,2.02,0.72,0.07,0.2,0,0,Matches,,,,,,,,,,,,,,,1.0,,,,,,Matches,,4,,,,,,,,,,,1,,,,Matches,,,,,,,,,,,,,,,,,,,,,Matches,tim skarke,0.906526424922049,1.448102950118482,0.906526424922049,3.765563036315143,1.586321622133255,MF,0.14492753623188406,0.13138064129305058,0.013546894938833471,0.07,,0.14492753623188406,0.20986999277079446,,,,,,,,,
2453,Ellyes Skhiri,tn TUN,"MF,DF",Frankfurt,de Bundesliga,30.0,1995.0,25,16,1444.0,16.0,0.0,0.0,0,0,0,0,3,1,0.0,0.0,0.0,0.0,0.0,Matches,0,8,0,0.0,0.5,0.0,0.0,,0,0,Matches,,,,,,,,,,,,,,,0.0,,,,,,Matches,,8,,,,,,,,,,,25,,,,Matches,,,,,,,,,,,,,,,,,,,,,Matches,ellyes skhiri,0.7644057050347328,0.3066457267850637,0.7644057050347328,6.156647648662329,5.555669544264674,MF,0.0,0.0477753565646708,-0.0477753565646708,0.0,,0.0,0.01916535792406648,,,,,,,,,
2455,Łukasz Skorupski,pl POL,GK,Bologna,it Serie A,34.0,1991.0,19,19,1592.0,17.7,0.0,0.0,0,0,0,0,1,1,0.0,0.0,0.0,0.0,0.0,Matches,0,0,0,,0.0,0.0,,,0,0,Matches,,,,,,,,,,,,,,,0.0,,,,,,Matches,,0,,,,,,,,,,,0,,,,Matches,,,,,,,,,,,,,,,,,,,,,Matches,ukasz skorupski,0.0,0.0,0.0,1.617395529523492,1.617395529523492,GK,,,,,,,,,,,,,,,,
2459,Adam Smith,eng ENG,DF,Bournemouth,eng Premier League,34.0,1991.0,22,14,1077.0,12.0,0.0,2.0,2,0,0,0,3,0,0.0,0.17,0.17,0.0,0.17,Matches,0,0,0,,0.0,0.0,,,0,0,Matches,,,,,,,,,,,,,,,2.0,,,,,,Matches,,12,,,,,,,,,,,10,,,,Matches,,,,,,,,,,,,,,,,,,,,,Matches,adam smith,0.0,0.4984638234600425,0.0,4.537172414362431,4.063000334426761,DF,0.0,0.0,0.0,,,0.16666666666666666,0.04153865195500354,,,,,,,,,
2460,Eric Smith,se SWE,"DF,MF",St Pauli,de Bundesliga,28.0,1997.0,27,26,2311.0,25.7,2.0,2.0,4,2,0,0,4,1,0.08,0.08,0.16,0.08,0.16,Matches,2,12,5,41.7,0.47,0.19,0.17,0.4,0,0,Matches,,,,,,,,,,,,,,,2.0,,,,,,Matches,,23,,,,,,,,,,,24,,,,Matches,,,,,,,,,,,,,,,,,,,,,Matches,eric smith,0.814800588414073,0.8954977933317423,0.814800588414073,5.893046077340841,5.734260914847255,DF,0.07782101167315175,0.03170430305113125,0.04611670862202051,0.17,,0.07782101167315175,0.03484427211407558,,,,,,,,,
2461,Emile Smith Rowe,eng ENG,MF,Fulham,eng Premier League,25.0,2000.0,37,22,1923.0,21.4,3.0,0.0,3,3,0,0,1,0,0.14,0.0,0.14,0.14,0.14,Matches,3,36,11,30.6,1.68,0.51,0.08,0.27,0,0,Matches,,,,,,,,,,,,,,,0.0,,,,,,Matches,,22,,,,,,,,,,,22,,,,Matches,,,,,,,,,,,,,,,,,,,,,Matches,emile smith rowe,4.261428236961365,1.417598308995366,4.261428236961365,8.591270301491022,4.14689252525568,MF,0.14018691588785048,0.19913216060567127,-0.05894524471782079,0.08,,0.0,0.06624291163529748,,,,,,,,,
2462,Ivan Smolčić,hr CRO,DF,Como,it Serie A,24.0,2000.0,28,19,1662.0,18.5,0.0,1.0,1,0,0,0,8,0,0.0,0.05,0.05,0.0,0.05,Matches,0,12,4,33.3,0.65,0.22,0.0,0.0,0,0,Matches,,,,,,,,,,,,,,,1.0,,,,,,Matches,,24,,,,,,,,,,,23,,,,Matches,,,,,,,,,,,,,,,,,,,,,Matches,ivan smolcic,1.130530584603548,1.458752404898405,1.130530584603548,5.349467679858208,4.847194198518992,DF,0.0,0.06110976132992152,-0.06110976132992152,0.0,,0.05405405405405406,0.07885148134585973,,,,,,,,,
2464,Simon Sohm,ch SUI,MF,Bologna,it Serie A,24.0,2001.0,12,9,717.0,8.0,0.0,0.0,0,0,0,0,1,0,0.0,0.0,0.0,0.0,0.0,Matches,0,4,1,25.0,0.5,0.13,0.0,0.0,0,0,Matches,,,,,,,,,,,,,,,0.0,,,,,,Matches,,5,,,,,,,,,,,3,,,,Matches,,,,,,,,,,,,,,,,,,,,,Matches,simon sohm,0.7936277445405722,2.04474865924567,0.7936277445405722,4.9742969293147326,3.7022214271128178,MF,0.0,0.09920346806757152,-0.09920346806757152,0.0,,0.0,0.25559358240570873,,,,,,,,,
2465,Simon Sohm,ch SUI,MF,Fiorentina,it Serie A,24.0,2001.0,16,9,708.0,7.9,0.0,1.0,1,0,0,0,2,0,0.0,0.13,0.13,0.0,0.13,Matches,0,5,0,0.0,0.64,0.0,0.0,,0,0,Matches,,,,,,,,,,,,,,,1.0,,,,,,Matches,,7,,,,,,,,,,,6,,,,Matches,,,,,,,,,,,,,,,,,,,,,Matches,simon sohm,0.7936277445405722,2.04474865924567,0.7936277445405722,4.9742969293147326,3.7022214271128178,MF,0.0,0.10045920816969267,-0.10045920816969267,0.0,,0.12658227848101264,0.25882894420831265,,,,,,,,,
2467,Dominic Solanke,eng ENG,FW,Tottenham,eng Premier League,27.0,1997.0,15,11,1001.0,11.1,3.0,0.0,3,3,0,0,1,0,0.27,0.0,0.27,0.27,0.27,Matches,3,20,11,55.0,1.8,0.99,0.15,0.27,0,0,Matches,,,,,,,,,,,,,,,0.0,,,,,,Matches,,16,,,,,,,,,,,3,,,,Matches,,,,,,,,,,,,,,,,,,,,,Matches,dominic solanke,3.586364097893238,0.5976490452885628,3.586364097893238,4.704602524638176,1.6908956598490477,FW,0.2702702702702703,0.3230958646750665,-0.05282559440479622,0.15,,0.0,0.053842256332302954,,,,,,,,,
2468,Carlos Soler,es ESP,MF,Real Sociedad,es La Liga,28.0,1997.0,33,26,2317.0,25.7,4.0,3.0,7,4,0,0,3,1,0.16,0.12,0.27,0.16,0.27,Matches,4,35,19,54.3,1.36,0.74,0.11,0.21,0,0,Matches,,,,,,,,,,,,,,,3.0,,,,,,Matches,,22,,,,,,,,,,,16,,,,Matches,,,,,,,,,,,,,,,,,,,,,Matches,carlos soler,3.2679054085165262,5.041204136796296,3.2679054085165262,12.060087494552135,8.075280973687768,MF,0.1556420233463035,0.12715585247146016,0.02848617087484334,0.11,,0.11673151750972763,0.19615580298818272,,,,,,,,,
2470,Oumar Solet,fr FRA,DF,Udinese,it Serie A,25.0,2000.0,35,34,2959.0,32.9,3.0,1.0,4,2,1,1,1,0,0.09,0.03,0.12,0.06,0.09,Matches,3,33,6,18.2,1.0,0.18,0.09,0.5,1,1,Matches,,,,,,,,,,,,,,,1.0,,,,,,Matches,,57,,,,,,,,,,,47,,,,Matches,,,,,,,,,,,,,,,,,,,,,Matches,oumar solet,2.899280917830765,2.299680335447192,2.137982082553208,10.7446121647954,9.351927611976862,DF,0.0911854103343465,0.06498425782836498,0.003061370278700158,0.09,,0.030395136778115502,0.06989909834185995,,,,,,,,,
2473,Manor Solomon,il ISR,"FW,MF",Fiorentina,it Serie A,26.0,1999.0,16,9,890.0,9.9,2.0,1.0,3,2,0,0,1,0,0.2,0.1,0.3,0.2,0.3,Matches,2,11,4,36.4,1.11,0.4,0.18,0.5,0,0,Matches,,,,,,,,,,,,,,,1.0,,,,,,Matches,,11,,,,,,,,,,,0,,,,Matches,,,,,,,,,,,,,,,,,,,,,Matches,manor solomon,0.608427070081234,0.471932552754879,0.608427070081234,2.177966743707657,1.168964058160782,FW,0.20202020202020202,0.06145727980618525,0.14056292221401676,0.18,,0.10101010101010101,0.04766995482372515,,,,,,,,,
2476,Yann Sommer,ch SUI,GK,Inter,it Serie A,36.0,1988.0,33,33,2960.0,32.9,0.0,0.0,0,0,0,0,0,0,0.0,0.0,0.0,0.0,0.0,Matches,0,0,0,,0.0,0.0,,,0,0,Matches,,,,,,,,,,,,,,,0.0,,,,,,Matches,,0,,,,,,,,,,,0,,,,Matches,,,,,,,,,,,,,,,,,,,,,Matches,yann sommer,0.0,0.0,0.0,7.838671699166298,7.838671699166298,GK,,,,,,,,,,,,,,,,
2478,David Soria,es ESP,GK,Getafe,es La Liga,32.0,1993.0,38,38,3420.0,38.0,0.0,0.0,0,0,0,0,2,0,0.0,0.0,0.0,0.0,0.0,Matches,0,0,0,,0.0,0.0,,,0,0,Matches,,,,,,,,,,,,,,,0.0,,,,,,Matches,,0,,,,,,,,,,,0,,,,Matches,,,,,,,,,,,,,,,,,,,,,Matches,david soria,0.0,0.0465003028512001,0.0,1.7877731248736382,1.7877731248736382,GK,,,,,,,,,,,,,,,,
2480,Hugo Sotelo,es ESP,MF,Celta Vigo,es La Liga,21.0,2003.0,20,16,1338.0,14.9,0.0,2.0,2,0,0,0,3,0,0.0,0.13,0.13,0.0,0.13,Matches,0,2,1,50.0,0.13,0.07,0.0,0.0,0,0,Matches,,,,,,,,,,,,,,,2.0,,,,,,Matches,,16,,,,,,,,,,,13,,,,Matches,,,,,,,,,,,,,,,,,,,,,Matches,hugo sotelo,0.0896841175854206,2.212637750431896,0.0896841175854206,7.093898443505168,6.4456347450613976,MF,0.0,0.00601906829432353,-0.00601906829432353,0.0,,0.1342281879194631,0.14849917788133532,,,,,,,,,
2481,Florian Sotoca,fr FRA,"MF,FW",Lens,fr Ligue 1,34.0,1990.0,26,4,507.0,5.6,1.0,0.0,1,1,0,0,1,0,0.18,0.0,0.18,0.18,0.18,Matches,1,13,1,7.7,2.31,0.18,0.08,1.0,0,0,Matches,,,,,,,,,,,,,,,0.0,,,,,,Matches,,4,,,,,,,,,,,7,,,,Matches,,,,,,,,,,,,,,,,,,,,,Matches,florian sotoca,0.7197620361112058,0.9359718095511198,0.7197620361112058,4.370859146118164,3.1931214928627014,MF,0.17857142857142858,0.12852893501985818,0.050042493551570394,0.08,,0.0,0.16713782313412856,,,,,,,,,
2482,Riccardo Sottil,it ITA,"FW,MF",Lecce,it Serie A,26.0,1999.0,21,13,1066.0,11.8,1.0,2.0,3,1,0,0,1,0,0.08,0.17,0.25,0.08,0.25,Matches,1,20,3,15.0,1.69,0.25,0.05,0.33,0,0,Matches,,,,,,,,,,,,,,,2.0,,,,,,Matches,,2,,,,,,,,,,,2,,,,Matches,,,,,,,,,,,,,,,,,,,,,Matches,riccardo sottil,0.7569481134414673,3.896916251629591,0.7569481134414673,2.106737073510885,0.7894598450511694,FW,0.0847457627118644,0.064148145206904,0.0205976175049604,0.05,,0.1694915254237288,0.3302471399686094,,,,,,,,,
2483,Tomáš Souček,cz CZE,MF,West Ham,eng Premier League,30.0,1995.0,35,24,2200.0,24.4,5.0,0.0,5,5,0,0,3,1,0.2,0.0,0.2,0.2,0.2,Matches,5,26,14,53.8,1.06,0.57,0.19,0.36,0,0,Matches,,,,,,,,,,,,,,,0.0,,,,,,Matches,,23,,,,,,,,,,,16,,,,Matches,,,,,,,,,,,,,,,,,,,,,Matches,tomas soucek,5.214208725839853,0.8217995762825012,5.214208725839853,7.2598637118935585,4.53873631823808,MF,0.20491803278688525,0.21369707892786285,-0.008779046140977595,0.19,,0.0,0.0336803105033812,,,,,,,,,
2484,Matìas Soulé,ar ARG,"MF,FW",Roma,it Serie A,22.0,2003.0,33,28,2139.0,23.8,6.0,5.0,11,6,0,0,1,0,0.25,0.21,0.46,0.25,0.46,Matches,6,52,18,34.6,2.19,0.76,0.12,0.33,0,0,Matches,,,,,,,,,,,,,,,5.0,,,,,,Matches,,15,,,,,,,,,,,9,,,,Matches,,,,,,,,,,,,,,,,,,,,,Matches,matias soule,4.678685570135713,4.457678508944809,4.678685570135713,15.858708873391151,9.501005835831164,MF,0.25210084033613445,0.19658342731662656,0.05551741301950787,0.12,,0.21008403361344538,0.1872974163422189,,,,,,,,,
2486,Sambou Soumano,sn SEN,FW,Lorient,fr Ligue 1,24.0,2001.0,31,8,941.0,10.5,4.0,2.0,6,4,0,1,2,0,0.38,0.19,0.57,0.38,0.57,Matches,4,28,10,35.7,2.68,0.96,0.14,0.4,0,1,Matches,,,,,,,,,,,,,,,2.0,,,,,,Matches,,4,,,,,,,,,,,4,,,,Matches,,,,,,,,,,,,,,,,,,,,,Matches,sambou soumano,6.807313602417707,1.8067509941756723,6.047218482941389,5.822775289416313,0.3803564552217722,FW,0.38095238095238093,0.5759255698039418,-0.26736320023025784,0.14,,0.19047619047619047,0.17207152325482594,,,,,,,,,
2487,Issa Soumaré,sn SEN,"FW,MF",Le Havre,fr Ligue 1,24.0,2000.0,34,33,2948.0,32.8,8.0,5.0,13,7,1,3,3,0,0.24,0.15,0.4,0.21,0.37,Matches,8,77,28,36.4,2.35,0.85,0.1,0.29,1,3,Matches,,,,,,,,,,,,,,,5.0,,,,,,Matches,,20,,,,,,,,,,,12,,,,Matches,,,,,,,,,,,,,,,,,,,,,Matches,issa soumare,14.245313878171146,4.380414232611656,11.965028430335224,16.239788457751274,3.462058510631323,FW,0.24390243902439027,0.3647874521443666,-0.19040591091985204,0.1,,0.15243902439024393,0.13354921440889198,,,,,,,,,
2489,Vinicius Souza,br BRA,MF,Wolfsburg,de Bundesliga,26.0,1999.0,24,22,1764.0,19.6,0.0,0.0,0,0,0,0,5,0,0.0,0.0,0.0,0.0,0.0,Matches,0,9,2,22.2,0.46,0.1,0.0,0.0,0,0,Matches,,,,,,,,,,,,,,,0.0,,,,,,Matches,,32,,,,,,,,,,,25,,,,Matches,,,,,,,,,,,,,,,,,,,,,Matches,vinicius souza,0.7309565888717771,0.7795633533969522,0.7309565888717771,5.024353690445423,4.415433967486024,MF,0.0,0.037293703513866176,-0.037293703513866176,0.0,,0.0,0.03977364047943633,,,,,,,,,
2490,Djibril Sow,ch SUI,MF,Sevilla,es La Liga,28.0,1997.0,33,27,2187.0,24.3,5.0,4.0,9,5,0,0,6,0,0.21,0.16,0.37,0.21,0.37,Matches,5,19,8,42.1,0.78,0.33,0.26,0.63,0,0,Matches,,,,,,,,,,,,,,,4.0,,,,,,Matches,,27,,,,,,,,,,,23,,,,Matches,,,,,,,,,,,,,,,,,,,,,Matches,djibril sow,1.5513262078166008,2.01867562904954,1.5513262078166008,6.6189771089702845,4.309138225391507,MF,0.205761316872428,0.06384058468381074,0.14192073218861725,0.26,,0.1646090534979424,0.08307307115430206,,,,,,,,,
2491,Djed Spence,eng ENG,"DF,MF",Tottenham,eng Premier League,24.0,2000.0,30,23,2056.0,22.8,0.0,0.0,0,0,0,0,4,0,0.0,0.0,0.0,0.0,0.0,Matches,0,13,8,61.5,0.57,0.35,0.0,0.0,0,0,Matches,,,,,,,,,,,,,,,0.0,,,,,,Matches,,25,,,,,,,,,,,15,,,,Matches,,,,,,,,,,,,,,,,,,,,,Matches,djed spence,1.1351130530238152,1.8603137182071805,1.1351130530238152,5.716236036270857,3.084719266742468,DF,0.0,0.04978566022034277,-0.04978566022034277,0.0,,0.0,0.08159270693891142,,,,,,,,,
2492,Leonardo Spinazzola,it ITA,"MF,DF",Napoli,it Serie A,32.0,1993.0,32,22,1901.0,21.1,3.0,3.0,6,3,0,0,2,0,0.14,0.14,0.28,0.14,0.28,Matches,3,21,7,33.3,0.99,0.33,0.14,0.43,0,0,Matches,,,,,,,,,,,,,,,3.0,,,,,,Matches,,10,,,,,,,,,,,4,,,,Matches,,,,,,,,,,,,,,,,,,,,,Matches,leonardo spinazzola,1.2085956651717424,2.606285876594484,1.2085956651717424,10.40181334875524,7.521526067517698,MF,0.14218009478672985,0.05727941541098305,0.0849006793757468,0.14,,0.14218009478672985,0.12352065765850634,,,,,,,,,
2494,Anton Stach,de GER,MF,Leeds United,eng Premier League,26.0,1998.0,29,28,2370.0,26.3,5.0,3.0,8,5,0,0,3,0,0.19,0.11,0.3,0.19,0.3,Matches,5,55,14,25.5,2.09,0.53,0.09,0.36,0,0,Matches,,,,,,,,,,,,,,,3.0,,,,,,Matches,,35,,,,,,,,,,,19,,,,Matches,,,,,,,,,,,,,,,,,,,,,Matches,anton stach,2.9207701720297337,5.958144916221499,2.9207701720297337,10.147935139015315,6.20686737075448,MF,0.19011406844106463,0.11105590007717618,0.07905816836388845,0.09,,0.11406844106463879,0.2265454340768631,,,,,,,,,
2495,Jens Stage,dk DEN,MF,Werder Bremen,de Bundesliga,28.0,1996.0,29,29,2460.0,27.3,10.0,2.0,12,10,0,0,5,0,0.37,0.07,0.44,0.37,0.44,Matches,10,56,21,37.5,2.05,0.77,0.18,0.48,0,0,Matches,,,,,,,,,,,,,,,2.0,,,,,,Matches,,32,,,,,,,,,,,18,,,,Matches,,,,,,,,,,,,,,,,,,,,,Matches,jens stage,6.0983161851763725,3.476818254217505,6.0983161851763725,12.630906242877243,5.692467089742422,MF,0.3663003663003663,0.22338154524455575,0.14291882105581052,0.18,,0.07326007326007326,0.12735598000796722,,,,,,,,,
2496,Benjamin Stambouli,fr FRA,MF,Metz,fr Ligue 1,34.0,1990.0,19,10,960.0,10.7,0.0,0.0,0,0,0,0,0,0,0.0,0.0,0.0,0.0,0.0,Matches,0,6,1,16.7,0.56,0.09,0.0,0.0,0,0,Matches,,,,,,,,,,,,,,,0.0,,,,,,Matches,,16,,,,,,,,,,,9,,,,Matches,,,,,,,,,,,,,,,,,,,,,Matches,benjamin stambouli,0.3095360938459635,0.9149716086685658,0.3095360938459635,2.030064836144448,1.5586694106459618,MF,0.0,0.028928606901491915,-0.028928606901491915,0.0,,0.0,0.08551136529612764,,,,,,,,,
2499,Josip Stanišić,hr CRO,DF,Bayern Munich,de Bundesliga,25.0,2000.0,26,19,1857.0,20.6,2.0,3.0,5,2,0,0,1,0,0.1,0.15,0.24,0.1,0.24,Matches,2,7,4,57.1,0.34,0.19,0.29,0.5,0,0,Matches,,,,,,,,,,,,,,,3.0,,,,,,Matches,,21,,,,,,,,,,,18,,,,Matches,,,,,,,,,,,,,,,,,,,,,Matches,josip stanisic,1.4695102348923683,3.6430143248289824,1.4695102348923683,17.444418190047145,15.49496734701097,DF,0.0970873786407767,0.07133544829574603,0.025751930345030663,0.29,,0.14563106796116504,0.17684535557422243,,,,,,,,,
2500,Carl Starfelt,se SWE,DF,Celta Vigo,es La Liga,30.0,1995.0,19,17,1491.0,16.6,0.0,0.0,0,0,0,0,3,1,0.0,0.0,0.0,0.0,0.0,Matches,0,4,1,25.0,0.24,0.06,0.0,0.0,0,0,Matches,,,,,,,,,,,,,,,0.0,,,,,,Matches,,16,,,,,,,,,,,16,,,,Matches,,,,,,,,,,,,,,,,,,,,,Matches,carl starfelt,0.3869095593690872,0.0776824131608009,0.3869095593690872,6.181167300790548,6.128349464386702,DF,0.0,0.023307804781270314,-0.023307804781270314,0.0,,0.0,0.004679663443421741,,,,,,,,,
2501,Niklas Stark,de GER,DF,Werder Bremen,de Bundesliga,30.0,1995.0,14,9,697.0,7.7,0.0,0.0,0,0,0,0,8,2,0.0,0.0,0.0,0.0,0.0,Matches,0,3,1,33.3,0.39,0.13,0.0,0.0,0,0,Matches,,,,,,,,,,,,,,,0.0,,,,,,Matches,,12,,,,,,,,,,,13,,,,Matches,,,,,,,,,,,,,,,,,,,,,Matches,niklas stark,0.5795709788799286,0.0,0.5795709788799286,0.4512885939329862,0.4041371922940016,DF,0.0,0.07526895829609462,-0.07526895829609462,0.0,,0.0,0.0,,,,,,,,,
2502,Orri Steinn Óskarsson,is ISL,FW,Real Sociedad,es La Liga,20.0,2004.0,20,8,835.0,9.3,9.0,0.0,9,9,0,0,5,0,0.97,0.0,0.97,0.97,0.97,Matches,9,27,19,70.4,2.91,2.05,0.33,0.47,0,0,Matches,,,,,,,,,,,,,,,0.0,,,,,,Matches,,5,,,,,,,,,,,1,,,,Matches,,,,,,,,,,,,,,,,,,,,,Matches,orri steinn oskarsson,7.336163688451052,0.4746837932616472,7.336163688451052,7.516883730888367,0.4190300051122904,FW,0.9677419354838709,0.7888348052097904,0.17890713027408045,0.33,,0.0,0.051041268092650235,,,,,,,,,
2508,Angelo Stiller,de GER,MF,Stuttgart,de Bundesliga,24.0,2001.0,34,30,2743.0,30.5,2.0,5.0,7,2,0,1,1,0,0.07,0.16,0.23,0.07,0.23,Matches,2,17,8,47.1,0.56,0.26,0.12,0.25,0,1,Matches,,,,,,,,,,,,,,,5.0,,,,,,Matches,,23,,,,,,,,,,,28,,,,Matches,,,,,,,,,,,,,,,,,,,,,Matches,angelo stiller,3.622028611600399,6.064722905866802,2.864251904189586,19.65218799188733,14.8945678062737,MF,0.06557377049180328,0.09390989849801921,-0.05318126595411144,0.12,,0.16393442622950818,0.19884337396284596,,,,,,,,,
2509,Kevin Stöger,at AUT,MF,Gladbach,de Bundesliga,31.0,1993.0,29,15,1324.0,14.7,1.0,1.0,2,1,0,1,3,0,0.07,0.07,0.14,0.07,0.14,Matches,1,23,7,30.4,1.56,0.48,0.04,0.14,0,1,Matches,,,,,,,,,,,,,,,1.0,,,,,,Matches,,20,,,,,,,,,,,13,,,,Matches,,,,,,,,,,,,,,,,,,,,,Matches,kevin stoger,2.0543773360550404,2.050934341736138,1.2966006584465504,6.800350913777947,5.208155047148466,MF,0.06802721088435375,0.0882041264249354,-0.07172634939149934,0.04,,0.06802721088435375,0.13951934297524748,,,,,,,,,
2510,Filip Stojilković,ch SUI,"FW,MF",Pisa,it Serie A,25.0,2000.0,13,8,658.0,7.3,0.0,0.0,0,0,0,0,0,0,0.0,0.0,0.0,0.0,0.0,Matches,0,10,4,40.0,1.37,0.55,0.0,0.0,0,0,Matches,,,,,,,,,,,,,,,0.0,,,,,,Matches,,1,,,,,,,,,,,0,,,,Matches,,,,,,,,,,,,,,,,,,,,,Matches,filip stojilkovic,2.330876991152764,0.7152565270662308,2.330876991152764,3.5138361528515816,0.6132990717887878,FW,0.0,0.31929821796613206,-0.31929821796613206,0.0,,0.0,0.09798034617345627,,,,,,,,,
2512,Jørgen Strand Larsen,no NOR,FW,Crystal Palace,eng Premier League,25.0,2000.0,14,12,903.0,10.0,3.0,0.0,3,3,0,0,2,0,0.3,0.0,0.3,0.3,0.3,Matches,3,23,7,30.4,2.29,0.7,0.13,0.43,0,0,Matches,,,,,,,,,,,,,,,0.0,,,,,,Matches,,0,,,,,,,,,,,1,,,,Matches,,,,,,,,,,,,,,,,,,,,,Matches,j rgen strand larsen,6.514206910505891,0.6865616654977202,4.991869203746319,7.06976137124002,2.5690375342965126,FW,0.3,0.49918692037463186,-0.3514206910505891,0.13,,0.0,0.06865616654977202,,,,,,,,,
2513,Jørgen Strand Larsen,no NOR,FW,Wolves,eng Premier League,25.0,2000.0,22,14,1404.0,15.6,1.0,1.0,2,0,1,2,2,0,0.06,0.06,0.13,0.0,0.06,Matches,1,21,7,33.3,1.35,0.45,0.05,0.14,1,2,Matches,,,,,,,,,,,,,,,1.0,,,,,,Matches,,2,,,,,,,,,,,3,,,,Matches,,,,,,,,,,,,,,,,,,,,,Matches,j rgen strand larsen,6.514206910505891,0.6865616654977202,4.991869203746319,7.06976137124002,2.5690375342965126,FW,0.06410256410256411,0.319991615624764,-0.35347480195550585,0.05,,0.06410256410256411,0.044010363172930785,,,,,,,,,
2514,Gabriel Strefezza,br BRA,FW,Parma,it Serie A,28.0,1997.0,14,13,1007.0,11.2,2.0,2.0,4,2,0,0,3,0,0.18,0.18,0.36,0.18,0.36,Matches,2,24,7,29.2,2.14,0.63,0.08,0.29,0,0,Matches,,,,,,,,,,,,,,,2.0,,,,,,Matches,,12,,,,,,,,,,,5,,,,Matches,,,,,,,,,,,,,,,,,,,,,Matches,gabriel strefezza,1.0562517698854208,1.0693775909021497,1.0562517698854208,2.953472524881363,2.114887624979019,FW,0.17857142857142858,0.09430819373976972,0.08426323483165886,0.08,,0.17857142857142858,0.09548014204483479,,,,,,,,,
2515,Pascal Struijk,nl NED,DF,Leeds United,eng Premier League,25.0,1999.0,34,33,2936.0,32.6,0.0,1.0,1,0,0,0,5,0,0.0,0.03,0.03,0.0,0.03,Matches,0,31,5,16.1,0.95,0.15,0.0,0.0,0,0,Matches,,,,,,,,,,,,,,,1.0,,,,,,Matches,,22,,,,,,,,,,,32,,,,Matches,,,,,,,,,,,,,,,,,,,,,Matches,pascal struijk,2.967387342825532,1.093722109682858,2.967387342825532,7.120333257131279,6.181641686707735,DF,0.0,0.09102415162041509,-0.09102415162041509,0.0,,0.03067484662576687,0.03354975796573184,,,,,,,,,
2517,Nikola Štulić,rs SRB,FW,Lecce,it Serie A,23.0,2001.0,34,20,1709.0,19.0,4.0,0.0,4,3,1,1,1,0,0.21,0.0,0.21,0.16,0.16,Matches,4,33,9,27.3,1.74,0.47,0.12,0.44,1,1,Matches,,,,,,,,,,,,,,,0.0,,,,,,Matches,,7,,,,,,,,,,,2,,,,Matches,,,,,,,,,,,,,,,,,,,,,Matches,nikola stulic,5.471318391617388,2.100543244741857,4.71001955633983,6.266159004531801,1.3460894767194986,FW,0.21052631578947367,0.24789576612314895,-0.07743781008512571,0.12,,0.0,0.11055490761799247,,,,,,,,,
2518,Denis Suárez,es ESP,MF,Alavés,es La Liga,31.0,1994.0,30,15,1406.0,15.6,1.0,2.0,3,1,0,0,6,0,0.06,0.13,0.19,0.06,0.19,Matches,1,9,4,44.4,0.58,0.26,0.11,0.25,0,0,Matches,,,,,,,,,,,,,,,2.0,,,,,,Matches,,12,,,,,,,,,,,7,,,,Matches,,,,,,,,,,,,,,,,,,,,,Matches,denis suarez,1.503220658749342,1.729144150391221,1.503220658749342,7.904554916545749,5.969972092658281,MF,0.06410256410256411,0.09636029863777833,-0.03225773453521423,0.11,,0.12820512820512822,0.11084257374302699,,,,,,,,,
2519,Gabriel Suazo,cl CHI,"DF,MF",Sevilla,es La Liga,27.0,1997.0,29,25,2096.0,23.3,0.0,2.0,2,0,0,0,7,0,0.0,0.09,0.09,0.0,0.09,Matches,0,5,2,40.0,0.21,0.09,0.0,0.0,0,0,Matches,,,,,,,,,,,,,,,2.0,,,,,,Matches,,62,,,,,,,,,,,29,,,,Matches,,,,,,,,,,,,,,,,,,,,,Matches,gabriel suazo,0.3101932983845472,2.7886302415281534,0.3101932983845472,6.195922497659922,4.48605795763433,DF,0.0,0.013313017098049235,-0.013313017098049235,0.0,,0.08583690987124463,0.11968370135313963,,,,,,,,,
2520,Luka Sučić,hr CRO,"MF,FW",Real Sociedad,es La Liga,22.0,2002.0,22,10,1022.0,11.4,3.0,1.0,4,3,0,0,1,0,0.26,0.09,0.35,0.26,0.35,Matches,3,23,7,30.4,2.03,0.62,0.13,0.43,0,0,Matches,,,,,,,,,,,,,,,1.0,,,,,,Matches,,8,,,,,,,,,,,5,,,,Matches,,,,,,,,,,,,,,,,,,,,,Matches,luka sucic,1.760162802413106,0.3618826083838939,1.760162802413106,3.46739802043885,1.5475199660286307,MF,0.2631578947368421,0.15440024582571105,0.10875764891113106,0.13,,0.08771929824561403,0.03174408845472754,,,,,,,,,
2521,Petar Sučić,hr CRO,MF,Inter,it Serie A,21.0,2003.0,34,21,1765.0,19.6,2.0,2.0,4,2,0,0,5,0,0.1,0.1,0.2,0.1,0.2,Matches,2,22,6,27.3,1.12,0.31,0.09,0.33,0,0,Matches,,,,,,,,,,,,,,,2.0,,,,,,Matches,,25,,,,,,,,,,,9,,,,Matches,,,,,,,,,,,,,,,,,,,,,Matches,petar sucic,2.181936677545309,4.040994327515364,2.181936677545309,15.208353381603956,10.927678305655718,MF,0.1020408163265306,0.11132329987476065,-0.009282483548230054,0.09,,0.1020408163265306,0.20617317997527365,,,,,,,,,
2522,Yukinari Sugawara,jp JPN,"DF,MF",Werder Bremen,de Bundesliga,25.0,2000.0,31,29,2428.0,27.0,0.0,6.0,6,0,0,0,2,1,0.0,0.22,0.22,0.0,0.22,Matches,0,30,11,36.7,1.11,0.41,0.0,0.0,0,0,Matches,,,,,,,,,,,,,,,6.0,,,,,,Matches,,22,,,,,,,,,,,15,,,,Matches,,,,,,,,,,,,,,,,,,,,,Matches,yukinari sugawara,1.6741932658478618,2.443215727806092,1.6741932658478618,8.13111265283078,5.448099664412439,DF,0.0,0.06200715799436525,-0.06200715799436525,0.0,,0.2222222222222222,0.09048947140022563,,,,,,,,,
2523,Pavel Šulc,cz CZE,"FW,MF",Lyon,fr Ligue 1,24.0,2000.0,27,17,1566.0,17.4,11.0,3.0,14,11,0,0,3,0,0.63,0.17,0.8,0.63,0.8,Matches,11,44,18,40.9,2.53,1.03,0.25,0.61,0,0,Matches,,,,,,,,,,,,,,,3.0,,,,,,Matches,,13,,,,,,,,,,,6,,,,Matches,,,,,,,,,,,,,,,,,,,,,Matches,pavel sulc,8.200931411236525,3.44930923357606,8.200931411236525,14.770196340978146,5.432968702167273,FW,0.632183908045977,0.47131789719750145,0.1608660108484756,0.25,,0.1724137931034483,0.19823616284919884,,,,,,,,,
2524,Niklas Süle,de GER,DF,Dortmund,de Bundesliga,29.0,1995.0,11,7,486.0,5.4,0.0,1.0,1,0,0,0,3,0,0.0,0.19,0.19,0.0,0.19,Matches,0,2,1,50.0,0.37,0.19,0.0,0.0,0,0,Matches,,,,,,,,,,,,,,,1.0,,,,,,Matches,,5,,,,,,,,,,,6,,,,Matches,,,,,,,,,,,,,,,,,,,,,Matches,niklas sule,0.0335541702806949,0.2960160970687866,0.0335541702806949,2.3257176280021667,2.232322722673416,DF,0.0,0.006213735237165722,-0.006213735237165722,0.0,,0.18518518518518517,0.054817795753479,,,,,,,,,
2526,Ibrahim Sulemana,gh GHA,MF,Cagliari,it Serie A,22.0,2003.0,16,7,860.0,9.6,1.0,0.0,1,1,0,0,2,0,0.1,0.0,0.1,0.1,0.1,Matches,1,11,2,18.2,1.15,0.21,0.09,0.5,0,0,Matches,,,,,,,,,,,,,,,0.0,,,,,,Matches,,13,,,,,,,,,,,6,,,,Matches,,,,,,,,,,,,,,,,,,,,,Matches,ibrahim sulemana,,,,,,MF,0.10416666666666667,,,0.09,,0.0,,,,,,,,,,
2527,Kamaldeen Sulemana,gh GHA,MF,Atalanta,it Serie A,23.0,2002.0,25,9,1011.0,11.2,2.0,1.0,3,2,0,0,4,0,0.18,0.09,0.27,0.18,0.27,Matches,2,25,10,40.0,2.23,0.89,0.08,0.2,0,0,Matches,,,,,,,,,,,,,,,1.0,,,,,,Matches,,5,,,,,,,,,,,2,,,,Matches,,,,,,,,,,,,,,,,,,,,,Matches,kamaldeen sulemana,2.4879335798323154,2.279735462740064,2.4879335798323154,7.907776966691017,3.8877192325890064,MF,0.17857142857142858,0.22213692677074245,-0.04356549819931388,0.08,,0.08928571428571429,0.20354780917322002,,,,,,,,,
2528,Crysencio Summerville,nl NED,"MF,FW",West Ham,eng Premier League,23.0,2001.0,31,29,2470.0,27.4,5.0,2.0,7,5,0,0,6,0,0.18,0.07,0.26,0.18,0.26,Matches,5,54,15,27.8,1.97,0.55,0.09,0.33,0,0,Matches,,,,,,,,,,,,,,,2.0,,,,,,Matches,,26,,,,,,,,,,,15,,,,Matches,,,,,,,,,,,,,,,,,,,,,Matches,crysencio summerville,5.6990333795547485,3.23570919316262,5.6990333795547485,11.091377541422844,3.962690422311425,MF,0.18248175182481752,0.20799391896185215,-0.02551216713703462,0.09,,0.07299270072992702,0.11809157639279635,,,,,,,,,
2530,Yuito Suzuki,jp JPN,MF,Freiburg,de Bundesliga,23.0,2001.0,25,18,1632.0,18.1,4.0,2.0,6,4,0,0,3,0,0.22,0.11,0.33,0.22,0.33,Matches,4,38,14,36.8,2.1,0.77,0.11,0.29,0,0,Matches,,,,,,,,,,,,,,,2.0,,,,,,Matches,,12,,,,,,,,,,,10,,,,Matches,,,,,,,,,,,,,,,,,,,,,Matches,yuito suzuki,4.17771103978157,2.0996621567755938,4.17771103978157,8.436173535883427,3.1268309205770493,MF,0.22099447513812154,0.23081276462881603,-0.009818289490694498,0.11,,0.11049723756906077,0.11600343407599964,,,,,,,,,
2531,Zion Suzuki,jp JPN,GK,Parma,it Serie A,22.0,2002.0,20,20,1800.0,20.0,0.0,0.0,0,0,0,0,1,0,0.0,0.0,0.0,0.0,0.0,Matches,0,0,0,,0.0,0.0,,,0,0,Matches,,,,,,,,,,,,,,,0.0,,,,,,Matches,,0,,,,,,,,,,,0,,,,Matches,,,,,,,,,,,,,,,,,,,,,Matches,zion suzuki,0.0,0.0257010422646999,0.0,0.6844347473233938,0.6587337050586939,GK,,,,,,,,,,,,,,,,
2532,Mattias Svanberg,se SWE,MF,Wolfsburg,de Bundesliga,26.0,1999.0,24,8,861.0,9.6,3.0,1.0,4,3,0,0,6,1,0.31,0.1,0.42,0.31,0.42,Matches,3,21,8,38.1,2.2,0.84,0.14,0.38,0,0,Matches,,,,,,,,,,,,,,,1.0,,,,,,Matches,,7,,,,,,,,,,,10,,,,Matches,,,,,,,,,,,,,,,,,,,,,Matches,mattias svanberg,3.0017038471996784,0.8542640991508961,3.0017038471996784,4.753424547612667,2.098399179056287,MF,0.3125,0.3126774840832999,-0.00017748408329983553,0.14,,0.10416666666666667,0.08898584366155168,,,,,,,,,
2533,Daniel Svensson,se SWE,MF,Dortmund,de Bundesliga,23.0,2002.0,33,27,2454.0,27.3,2.0,2.0,4,2,0,0,0,0,0.07,0.07,0.15,0.07,0.15,Matches,2,12,4,33.3,0.44,0.15,0.17,0.5,0,0,Matches,,,,,,,,,,,,,,,2.0,,,,,,Matches,,26,,,,,,,,,,,20,,,,Matches,,,,,,,,,,,,,,,,,,,,,Matches,daniel svensson,2.9300006814301014,4.297698555514216,2.9300006814301014,10.653507748618722,6.346277633681893,MF,0.07326007326007326,0.10732603228681689,-0.03406595902674364,0.17,,0.07326007326007326,0.15742485551334126,,,,,,,,,
2534,Mile Svilar,rs SRB,GK,Roma,it Serie A,25.0,1999.0,38,38,3420.0,38.0,0.0,0.0,0,0,0,0,0,0,0.0,0.0,0.0,0.0,0.0,Matches,0,0,0,,0.0,0.0,,,0,0,Matches,,,,,,,,,,,,,,,0.0,,,,,,Matches,,1,,,,,,,,,,,1,,,,Matches,,,,,,,,,,,,,,,,,,,,,Matches,mile svilar,0.0,0.0,0.0,5.139284377917647,5.139284377917647,GK,,,,,,,,,,,,,,,,
2535,Williot Swedberg,se SWE,"FW,MF",Celta Vigo,es La Liga,21.0,2004.0,29,13,1270.0,14.1,5.0,5.0,10,5,0,0,2,0,0.35,0.35,0.71,0.35,0.71,Matches,5,23,12,52.2,1.63,0.85,0.22,0.42,0,0,Matches,,,,,,,,,,,,,,,5.0,,,,,,Matches,,17,,,,,,,,,,,4,,,,Matches,,,,,,,,,,,,,,,,,,,,,Matches,williot swedberg,5.188336543738842,1.9846364725381136,5.188336543738842,8.525909911841154,3.268151741474867,FW,0.3546099290780142,0.36796713076162,-0.013357201683605817,0.22,,0.3546099290780142,0.14075435975447614,,,,,,,,,
2536,Lamine Sy,mr MTN,DF,Auxerre,fr Ligue 1,22.0,2002.0,24,17,1536.0,17.1,0.0,0.0,0,0,0,0,1,0,0.0,0.0,0.0,0.0,0.0,Matches,0,13,2,15.4,0.76,0.12,0.0,0.0,0,0,Matches,,,,,,,,,,,,,,,0.0,,,,,,Matches,,29,,,,,,,,,,,26,,,,Matches,,,,,,,,,,,,,,,,,,,,,Matches,lamine sy,1.06524639390409,1.4679450262337923,1.06524639390409,4.671046022325754,2.8898561857640743,DF,0.0,0.062295110754625134,-0.062295110754625134,0.0,,0.0,0.08584473837624516,,,,,,,,,
2540,Wojciech Szczęsny,pl POL,GK,Barcelona,es La Liga,35.0,1990.0,8,8,720.0,8.0,0.0,0.0,0,0,0,0,0,0,0.0,0.0,0.0,0.0,0.0,Matches,0,0,0,,0.0,0.0,,,0,0,Matches,,,,,,,,,,,,,,,0.0,,,,,,Matches,,0,,,,,,,,,,,0,,,,Matches,,,,,,,,,,,,,,,,,,,,,Matches,wojciech szczesny,0.0,0.0,0.0,2.344018451869488,2.344018451869488,GK,,,,,,,,,,,,,,,,
2541,Dominik Szoboszlai,hu HUN,"MF,DF",Liverpool,eng Premier League,24.0,2000.0,36,36,3231.0,35.9,6.0,7.0,13,6,0,1,8,1,0.17,0.19,0.36,0.17,0.36,Matches,6,71,23,32.4,1.98,0.64,0.08,0.26,0,1,Matches,,,,,,,,,,,,,,,7.0,,,,,,Matches,,32,,,,,,,,,,,29,,,,Matches,,,,,,,,,,,,,,,,,,,,,Matches,dominik szoboszlai,4.724170769564807,8.835168853402138,3.963001917116344,21.543240651488304,15.061629813164473,MF,0.1671309192200557,0.11039002554641628,0.035538418675075005,0.08,,0.19498607242339833,0.2461049819889175,,,,,,,,,
2542,Sebastian Szymański,pl POL,MF,Rennes,fr Ligue 1,26.0,1999.0,16,10,776.0,8.6,1.0,3.0,4,1,0,0,2,0,0.12,0.35,0.46,0.12,0.46,Matches,1,12,5,41.7,1.39,0.58,0.08,0.2,0,0,Matches,,,,,,,,,,,,,,,3.0,,,,,,Matches,,10,,,,,,,,,,,3,,,,Matches,,,,,,,,,,,,,,,,,,,,,Matches,sebastian szymanski,0.5328370127826929,2.565967228263617,0.5328370127826929,4.675009226426482,3.267172910273075,MF,0.11627906976744186,0.06195779218403406,0.0543212775834078,0.08,,0.3488372093023256,0.2983682823562345,,,,,,,,,
2543,Alexander Sørloth,no NOR,FW,Atlético Madrid,es La Liga,29.0,1995.0,35,20,1980.0,22.0,13.0,0.0,13,13,0,0,4,1,0.59,0.0,0.59,0.59,0.59,Matches,13,68,35,51.5,3.09,1.59,0.19,0.37,0,0,Matches,,,,,,,,,,,,,,,0.0,,,,,,Matches,,7,,,,,,,,,,,0,,,,Matches,,,,,,,,,,,,,,,,,,,,,Matches,alexander s rloth,13.927608631551266,1.2237359210848808,13.927608631551266,15.904344144277276,2.849465993233025,FW,0.5909090909090909,0.6330731196159666,-0.04216402870687572,0.19,,0.0,0.05562436004931277,,,,,,,,,
2545,Musa Al-Taamari,jo JOR,"MF,FW",Rennes,fr Ligue 1,28.0,1997.0,33,25,2212.0,24.6,6.0,6.0,12,6,0,0,4,0,0.24,0.24,0.49,0.24,0.49,Matches,6,64,23,35.9,2.6,0.94,0.09,0.26,0,0,Matches,,,,,,,,,,,,,,,6.0,,,,,,Matches,,16,,,,,,,,,,,11,,,,Matches,,,,,,,,,,,,,,,,,,,,,Matches,musa al taamari,,,,,,MF,0.24390243902439024,,,0.09,,0.24390243902439024,,,,,,,,,,
2546,Haris Tabaković,ba BIH,FW,Gladbach,de Bundesliga,31.0,1994.0,32,28,2382.0,26.5,13.0,3.0,16,13,0,2,5,0,0.49,0.11,0.6,0.49,0.6,Matches,13,67,27,40.3,2.53,1.02,0.19,0.48,0,2,Matches,,,,,,,,,,,,,,,3.0,,,,,,Matches,,6,,,,,,,,,,,0,,,,Matches,,,,,,,,,,,,,,,,,,,,,Matches,haris tabakovic,14.339333239942787,1.8832440096884968,12.823779825121164,12.75254580192268,2.841423818841577,FW,0.49056603773584906,0.483916219815893,-0.0505408769789731,0.19,,0.11320754716981132,0.07106581168635837,,,,,,,,,
2547,Nicolás Tagliafico,ar ARG,DF,Lyon,fr Ligue 1,32.0,1992.0,20,14,1310.0,14.6,0.0,3.0,3,0,0,0,5,2,0.0,0.21,0.21,0.0,0.21,Matches,0,15,1,6.7,1.03,0.07,0.0,0.0,0,0,Matches,,,,,,,,,,,,,,,3.0,,,,,,Matches,,14,,,,,,,,,,,17,,,,Matches,,,,,,,,,,,,,,,,,,,,,Matches,nicolas tagliafico,1.8607485853135584,2.174845789559185,1.8607485853135584,6.438942648470402,4.168301462195814,DF,0.0,0.1274485332406547,-0.1274485332406547,0.0,,0.20547945205479454,0.1489620403807661,,,,,,,,,
2548,Jonathan Tah,de GER,DF,Bayern Munich,de Bundesliga,29.0,1996.0,28,23,2018.0,22.4,2.0,1.0,3,2,0,0,7,0,0.09,0.04,0.13,0.09,0.13,Matches,2,8,5,62.5,0.36,0.22,0.25,0.4,0,0,Matches,,,,,,,,,,,,,,,1.0,,,,,,Matches,,18,,,,,,,,,,,25,,,,Matches,,,,,,,,,,,,,,,,,,,,,Matches,jonathan tah,0.6638064542785287,0.5882400423288345,0.6638064542785287,11.72725062072277,11.33160012960434,DF,0.08928571428571429,0.02963421670886289,0.059651497576851405,0.25,,0.044642857142857144,0.0262607161753944,,,,,,,,,
2550,Chemsdine Talbi,ma MAR,"MF,FW",Sunderland,eng Premier League,20.0,2005.0,28,16,1561.0,17.3,4.0,1.0,5,4,0,0,0,0,0.23,0.06,0.29,0.23,0.29,Matches,4,25,10,40.0,1.44,0.58,0.16,0.4,0,0,Matches,,,,,,,,,,,,,,,1.0,,,,,,Matches,,6,,,,,,,,,,,3,,,,Matches,,,,,,,,,,,,,,,,,,,,,Matches,chemsdine talbi,2.32377387303859,0.6003798525780439,2.32377387303859,3.2277513165026903,1.188907701522112,MF,0.23121387283236994,0.13432218919298208,0.09689168363938785,0.16,,0.057803468208092484,0.034704037721274214,,,,,,,,,
2551,Montassar Talbi,tn TUN,DF,Lorient,fr Ligue 1,27.0,1998.0,29,29,2610.0,29.0,0.0,1.0,1,0,0,0,3,0,0.0,0.03,0.03,0.0,0.03,Matches,0,14,2,14.3,0.48,0.07,0.0,0.0,0,0,Matches,,,,,,,,,,,,,,,1.0,,,,,,Matches,,19,,,,,,,,,,,27,,,,Matches,,,,,,,,,,,,,,,,,,,,,Matches,montassar talbi,0.8630059463903308,0.8650193754583597,0.8630059463903308,6.319058058783412,6.078627992421389,DF,0.0,0.029758825737597614,-0.029758825737597614,0.0,,0.034482758620689655,0.029828254326150334,,,,,,,,,
2552,Adrien Tameze,cm CMR,DF,Torino,it Serie A,31.0,1994.0,24,12,1120.0,12.4,0.0,0.0,0,0,0,0,3,0,0.0,0.0,0.0,0.0,0.0,Matches,0,5,0,0.0,0.4,0.0,0.0,,0,0,Matches,,,,,,,,,,,,,,,0.0,,,,,,Matches,,12,,,,,,,,,,,19,,,,Matches,,,,,,,,,,,,,,,,,,,,,Matches,adrien tameze,0.2225745106115937,0.2651061238721013,0.2225745106115937,3.868183462880552,3.530101119540632,DF,0.0,0.017949557307386586,-0.017949557307386586,0.0,,0.0,0.021379526118717847,,,,,,,,,
2553,Ao Tanaka,jp JPN,MF,Leeds United,eng Premier League,26.0,1998.0,28,14,1315.0,14.6,2.0,0.0,2,2,0,0,1,0,0.14,0.0,0.14,0.14,0.14,Matches,2,17,5,29.4,1.16,0.34,0.12,0.4,0,0,Matches,,,,,,,,,,,,,,,0.0,,,,,,Matches,,15,,,,,,,,,,,21,,,,Matches,,,,,,,,,,,,,,,,,,,,,Matches,ao tanaka,2.1981850005686283,1.3577267043292522,2.1981850005686283,6.806126736104488,4.313436454162002,MF,0.136986301369863,0.15056061647730332,-0.013574315107440296,0.12,,0.0,0.09299497974857893,,,,,,,,,
2556,Edmond Tapsoba,bf BFA,DF,Leverkusen,de Bundesliga,26.0,1999.0,29,29,2575.0,28.6,5.0,3.0,8,5,0,0,7,0,0.17,0.1,0.28,0.17,0.28,Matches,5,29,10,34.5,1.01,0.35,0.17,0.5,0,0,Matches,,,,,,,,,,,,,,,3.0,,,,,,Matches,,15,,,,,,,,,,,21,,,,Matches,,,,,,,,,,,,,,,,,,,,,Matches,edmond tapsoba,4.23943140450865,1.7085091285407543,4.23943140450865,16.401180177927017,14.981057460419834,DF,0.17482517482517482,0.14823186729051224,0.026593307534662575,0.17,,0.1048951048951049,0.05973808141750889,,,,,,,,,
2557,James Tarkowski,eng ENG,DF,Everton,eng Premier League,32.0,1992.0,37,37,3330.0,37.0,2.0,3.0,5,2,0,0,8,0,0.05,0.08,0.14,0.05,0.14,Matches,2,20,10,50.0,0.54,0.27,0.1,0.2,0,0,Matches,,,,,,,,,,,,,,,3.0,,,,,,Matches,,30,,,,,,,,,,,29,,,,Matches,,,,,,,,,,,,,,,,,,,,,Matches,james tarkowski,2.8690776508301497,2.0567114762961864,2.8690776508301497,6.824133190326393,5.569046746008098,DF,0.05405405405405406,0.07754263921162567,-0.02348858515757161,0.1,,0.08108108108108109,0.05558679665665369,,,,,,,,,
2559,César Tárrega,es ESP,DF,Valencia,es La Liga,23.0,2002.0,32,29,2598.0,28.9,0.0,0.0,0,0,0,0,7,0,0.0,0.0,0.0,0.0,0.0,Matches,0,11,1,9.1,0.38,0.03,0.0,0.0,0,0,Matches,,,,,,,,,,,,,,,0.0,,,,,,Matches,,24,,,,,,,,,,,24,,,,Matches,,,,,,,,,,,,,,,,,,,,,Matches,cesar tarrega,0.6626794598996639,0.09015997312963,0.6626794598996639,6.760804255492985,6.695694123394787,DF,0.0,0.022930085117635432,-0.022930085117635432,0.0,,0.0,0.0031197222536204156,,,,,,,,,
2560,Tylel Tati,fr FRA,DF,Nantes,fr Ligue 1,17.0,2008.0,20,20,1721.0,19.1,0.0,0.0,0,0,0,0,5,1,0.0,0.0,0.0,0.0,0.0,Matches,0,3,0,0.0,0.16,0.0,0.0,,0,0,Matches,,,,,,,,,,,,,,,0.0,,,,,,Matches,,13,,,,,,,,,,,14,,,,Matches,,,,,,,,,,,,,,,,,,,,,Matches,tylel tati,0.4968229848891496,0.0154627989977598,0.4968229848891496,3.6279613599181175,3.540383316576481,DF,0.0,0.026011674601526157,-0.026011674601526157,0.0,,0.0,0.0008095706281549633,,,,,,,,,
2561,Nuno Tavares,pt POR,DF,Lazio,it Serie A,25.0,2000.0,23,17,1473.0,16.4,0.0,0.0,0,0,0,0,5,0,0.0,0.0,0.0,0.0,0.0,Matches,0,16,1,6.3,0.98,0.06,0.0,0.0,0,0,Matches,,,,,,,,,,,,,,,0.0,,,,,,Matches,,21,,,,,,,,,,,18,,,,Matches,,,,,,,,,,,,,,,,,,,,,Matches,nuno tavares,1.1277530696243048,1.182953616604209,1.1277530696243048,5.688988317735493,4.411527437157929,DF,0.0,0.06876543107465273,-0.06876543107465273,0.0,,0.0,0.07213131808562251,,,,,,,,,
2562,Marcus Tavernier,eng ENG,MF,Bournemouth,eng Premier League,26.0,1999.0,34,31,2731.0,30.3,7.0,4.0,11,5,2,2,6,0,0.23,0.13,0.36,0.16,0.3,Matches,7,70,24,34.3,2.31,0.79,0.1,0.29,2,2,Matches,,,,,,,,,,,,,,,4.0,,,,,,Matches,,21,,,,,,,,,,,16,,,,Matches,,,,,,,,,,,,,,,,,,,,,Matches,marcus tavernier,9.397737859748304,6.158757623285055,7.875400157645345,17.828483875840902,8.152811899781227,MF,0.23102310231023102,0.2599141966219586,-0.07913326269796382,0.1,,0.132013201320132,0.20325932750115694,,,,,,,,,
2563,Kenneth Taylor,nl NED,MF,Lazio,it Serie A,23.0,2002.0,17,17,1394.0,15.5,3.0,2.0,5,3,0,0,5,0,0.19,0.13,0.32,0.19,0.32,Matches,3,16,6,37.5,1.03,0.39,0.19,0.5,0,0,Matches,,,,,,,,,,,,,,,2.0,,,,,,Matches,,11,,,,,,,,,,,9,,,,Matches,,,,,,,,,,,,,,,,,,,,,Matches,kenneth taylor,2.08942835777998,1.083626831881702,2.08942835777998,4.546850040555,2.642322637140751,MF,0.1935483870967742,0.13480182953419226,0.05874655756258192,0.19,,0.12903225806451613,0.0699114085084969,,,,,,,,,
2564,Loum Tchaouna,fr FRA,"MF,FW",Burnley,eng Premier League,21.0,2003.0,29,14,1272.0,14.1,2.0,1.0,3,2,0,0,2,0,0.14,0.07,0.21,0.14,0.21,Matches,2,23,9,39.1,1.63,0.64,0.09,0.22,0,0,Matches,,,,,,,,,,,,,,,1.0,,,,,,Matches,,9,,,,,,,,,,,2,,,,Matches,,,,,,,,,,,,,,,,,,,,,Matches,loum tchaouna,1.2590220803394914,1.1996374279260635,1.2590220803394914,4.213689148426056,1.974099012091756,MF,0.14184397163120568,0.08929234612336819,0.05255162550783749,0.09,,0.07092198581560284,0.08508066864723855,,,,,,,,,
2565,Jackson Tchatchoua,cm CMR,"MF,DF",Wolves,eng Premier League,23.0,2001.0,31,19,1845.0,20.5,0.0,1.0,1,0,0,0,3,0,0.0,0.05,0.05,0.0,0.05,Matches,0,3,1,33.3,0.15,0.05,0.0,0.0,0,0,Matches,,,,,,,,,,,,,,,1.0,,,,,,Matches,,15,,,,,,,,,,,14,,,,Matches,,,,,,,,,,,,,,,,,,,,,Matches,jackson tchatchoua,0.1055051013827323,2.24295702483505,0.1055051013827323,6.032643620856106,4.169983727857471,MF,0.0,0.005146590311352795,-0.005146590311352795,0.0,,0.04878048780487805,0.10941253779683172,,,,,,,,,
2566,Aurélien Tchouaméni,fr FRA,MF,Real Madrid,es La Liga,25.0,2000.0,33,31,2615.0,29.1,1.0,0.0,1,1,0,0,8,0,0.03,0.0,0.03,0.03,0.03,Matches,1,45,7,15.6,1.55,0.24,0.02,0.14,0,0,Matches,,,,,,,,,,,,,,,0.0,,,,,,Matches,,41,,,,,,,,,,,45,,,,Matches,,,,,,,,,,,,,,,,,,,,,Matches,aurelien tchouameni,3.0622244104743004,2.313327204436064,3.0622244104743004,13.883047316223385,11.357132777571678,MF,0.034364261168384876,0.10523107939774227,-0.07086681822935739,0.02,,0.0,0.07949578022117058,,,,,,,,,
2567,Mathys Tel,fr FRA,"MF,FW",Tottenham,eng Premier League,20.0,2005.0,31,13,1349.0,15.0,4.0,1.0,5,4,0,0,1,0,0.27,0.07,0.33,0.27,0.33,Matches,4,35,8,22.9,2.34,0.53,0.11,0.5,0,0,Matches,,,,,,,,,,,,,,,1.0,,,,,,Matches,,12,,,,,,,,,,,5,,,,Matches,,,,,,,,,,,,,,,,,,,,,Matches,mathys tel,2.8263100758194923,3.4139982480555773,2.8263100758194923,6.1857428681105375,2.608160737901926,MF,0.26666666666666666,0.18842067172129948,0.07824599494536717,0.11,,0.06666666666666667,0.22759988320370514,,,,,,,,,
2568,Nathan Tella,ng NGA,MF,Leverkusen,de Bundesliga,26.0,1999.0,17,10,868.0,9.6,1.0,4.0,5,1,0,0,2,0,0.1,0.41,0.52,0.1,0.52,Matches,1,24,8,33.3,2.49,0.83,0.04,0.13,0,0,Matches,,,,,,,,,,,,,,,4.0,,,,,,Matches,,6,,,,,,,,,,,4,,,,Matches,,,,,,,,,,,,,,,,,,,,,Matches,nathan tella,2.7824456579983234,3.822403874248266,2.7824456579983234,8.58071481436491,3.400095050223172,MF,0.10416666666666667,0.28983808937482536,-0.1856714227081587,0.04,,0.4166666666666667,0.3981670702341944,,,,,,,,,
2569,Nahuel Tenaglia,ar ARG,DF,Alavés,es La Liga,29.0,1996.0,36,36,3239.0,36.0,2.0,0.0,2,2,0,0,3,0,0.06,0.0,0.06,0.06,0.06,Matches,2,24,8,33.3,0.67,0.22,0.08,0.25,0,0,Matches,,,,,,,,,,,,,,,0.0,,,,,,Matches,,43,,,,,,,,,,,47,,,,Matches,,,,,,,,,,,,,,,,,,,,,Matches,nahuel tenaglia,1.7934001060202718,0.4346905034035444,1.7934001060202718,6.442133508622646,6.039068607613444,DF,0.05555555555555555,0.04981666961167422,0.005738885943881339,0.08,,0.0,0.012074736205654012,,,,,,,,,
2570,Arnau Tenas,es ESP,GK,Villarreal,es La Liga,24.0,2001.0,10,10,900.0,10.0,0.0,0.0,0,0,0,0,0,0,0.0,0.0,0.0,0.0,0.0,Matches,0,0,0,,0.0,0.0,,,0,0,Matches,,,,,,,,,,,,,,,0.0,,,,,,Matches,,1,,,,,,,,,,,0,,,,Matches,,,,,,,,,,,,,,,,,,,,,Matches,arnau tenas,0.0,0.0,0.0,0.7170081175863743,0.7170081175863743,GK,,,,,,,,,,,,,,,,
2572,Filippo Terracciano,it ITA,DF,Cremonese,it Serie A,22.0,2003.0,36,33,3011.0,33.5,2.0,0.0,2,2,0,0,6,0,0.06,0.0,0.06,0.06,0.06,Matches,2,14,4,28.6,0.42,0.12,0.14,0.5,0,0,Matches,,,,,,,,,,,,,,,0.0,,,,,,Matches,,23,,,,,,,,,,,56,,,,Matches,,,,,,,,,,,,,,,,,,,,,Matches,filippo terracciano,2.3331454526633024,0.640687339939177,2.3331454526633024,4.204251830466092,3.7366996919736266,DF,0.05970149253731343,0.06964613291532246,-0.009944640378009028,0.14,,0.0,0.019124995222064987,,,,,,,,,
2574,Ramón Terrats,es ESP,MF,Espanyol,es La Liga,24.0,2000.0,29,12,1030.0,11.4,1.0,2.0,3,1,0,0,0,0,0.09,0.17,0.26,0.09,0.26,Matches,1,15,3,20.0,1.31,0.26,0.07,0.33,0,0,Matches,,,,,,,,,,,,,,,2.0,,,,,,Matches,,13,,,,,,,,,,,11,,,,Matches,,,,,,,,,,,,,,,,,,,,,Matches,ramon terrats,1.189048240892589,2.365290615707636,1.189048240892589,4.1886972123757005,1.2467945348471403,MF,0.08771929824561403,0.10430247727127974,-0.01658317902566571,0.07,,0.17543859649122806,0.20748163295681016,,,,,,,,,
2575,Martin Terrier,fr FRA,"MF,FW",Leverkusen,de Bundesliga,28.0,1997.0,18,7,675.0,7.5,4.0,1.0,5,4,0,0,1,0,0.53,0.13,0.67,0.53,0.67,Matches,4,17,6,35.3,2.27,0.8,0.24,0.67,0,0,Matches,,,,,,,,,,,,,,,1.0,,,,,,Matches,,4,,,,,,,,,,,1,,,,Matches,,,,,,,,,,,,,,,,,,,,,Matches,martin terrier,3.201124083250761,1.0998335517942903,3.201124083250761,6.173402037471533,2.4726594015955925,MF,0.5333333333333333,0.4268165444334348,0.10651678889989853,0.24,,0.13333333333333333,0.14664447357257204,,,,,,,,,
2576,Tanner Tessmann,us USA,MF,Lyon,fr Ligue 1,23.0,2001.0,29,22,1953.0,21.7,1.0,0.0,1,1,0,0,2,0,0.05,0.0,0.05,0.05,0.05,Matches,1,26,8,30.8,1.2,0.37,0.04,0.13,0,0,Matches,,,,,,,,,,,,,,,0.0,,,,,,Matches,,21,,,,,,,,,,,13,,,,Matches,,,,,,,,,,,,,,,,,,,,,Matches,tanner tessmann,2.568478574976325,1.4022282604128122,2.568478574976325,12.365749502554536,10.186031161807476,MF,0.04608294930875576,0.11836306797125923,-0.07228011866250346,0.04,,0.0,0.0646188138439084,,,,,,,,,
2577,Kenny Tete,nl NED,DF,Fulham,eng Premier League,29.0,1995.0,22,21,1791.0,19.9,1.0,0.0,1,1,0,0,2,0,0.05,0.0,0.05,0.05,0.05,Matches,1,16,3,18.8,0.8,0.15,0.06,0.33,0,0,Matches,,,,,,,,,,,,,,,0.0,,,,,,Matches,,38,,,,,,,,,,,26,,,,Matches,,,,,,,,,,,,,,,,,,,,,Matches,kenny tete,0.728774206712842,0.9490535911172628,0.728774206712842,3.944374708458781,3.1575920060276985,DF,0.05025125628140704,0.03662181943280613,0.013629436848600907,0.06,,0.0,0.047691135232023264,,,,,,,,,
2578,Jordan Teze,nl NED,"MF,DF",Monaco,fr Ligue 1,25.0,1999.0,33,28,2489.0,27.7,1.0,2.0,3,1,0,0,8,0,0.04,0.07,0.11,0.04,0.11,Matches,1,14,5,35.7,0.51,0.18,0.07,0.2,0,0,Matches,,,,,,,,,,,,,,,2.0,,,,,,Matches,,45,,,,,,,,,,,30,,,,Matches,,,,,,,,,,,,,,,,,,,,,Matches,jordan teze,0.7771280901506543,4.184554500505328,0.7771280901506543,11.871654331684113,8.597043918445706,MF,0.036101083032490974,0.028055165709409902,0.008045917323081072,0.07,,0.07220216606498195,0.15106694947672666,,,,,,,,,
2579,Florian Thauvin,fr FRA,MF,Lens,fr Ligue 1,32.0,1993.0,33,29,2443.0,27.1,11.0,6.0,17,9,2,3,6,0,0.41,0.22,0.63,0.33,0.55,Matches,11,74,27,36.5,2.73,0.99,0.15,0.41,2,3,Matches,,,,,,,,,,,,,,,6.0,,,,,,Matches,,17,,,,,,,,,,,11,,,,Matches,,,,,,,,,,,,,,,,,,,,,Matches,florian thauvin,12.10416847653687,9.864261759445071,9.82388306595385,25.550733275711536,11.329093262553217,MF,0.4059040590405904,0.3625049101827989,-0.04074422422645277,0.15,,0.22140221402214022,0.36399489887251185,,,,,,,,,
2580,Arthur Theate,be BEL,DF,Frankfurt,de Bundesliga,25.0,2000.0,24,24,2141.0,23.8,1.0,0.0,1,1,0,0,8,0,0.04,0.0,0.04,0.04,0.04,Matches,1,15,7,46.7,0.63,0.29,0.07,0.14,0,0,Matches,,,,,,,,,,,,,,,0.0,,,,,,Matches,,21,,,,,,,,,,,34,,,,Matches,,,,,,,,,,,,,,,,,,,,,Matches,arthur theate,1.423735129646957,0.5266659539192915,1.423735129646957,9.639633066952229,8.652226217091084,DF,0.04201680672268907,0.05982080376667886,-0.017803997043989786,0.07,,0.0,0.02212882159324754,,,,,,,,,
2581,Igor Thiago,br BRA,FW,Brentford,eng Premier League,24.0,2001.0,38,37,3282.0,36.5,22.0,1.0,23,14,8,9,7,0,0.6,0.03,0.63,0.38,0.41,Matches,22,84,43,51.2,2.3,1.18,0.26,0.51,8,9,Matches,,,,,,,,,,,,,,,1.0,,,,,,Matches,,21,,,,,,,,,,,12,,,,Matches,,,,,,,,,,,,,,,,,,,,,Matches,igor thiago,24.68977300822735,3.4500465877354145,17.83925338834524,22.6934577524662,4.9276386722922325,FW,0.6027397260273972,0.4887466681738422,-0.07369241118431091,0.26,,0.0273972602739726,0.0945218243215182,,,,,,,,,
2582,Malick Thiaw,de GER,DF,Newcastle,eng Premier League,23.0,2001.0,35,33,2965.0,32.9,4.0,0.0,4,4,0,0,4,0,0.12,0.0,0.12,0.12,0.12,Matches,4,28,14,50.0,0.85,0.42,0.14,0.29,0,0,Matches,,,,,,,,,,,,,,,0.0,,,,,,Matches,,34,,,,,,,,,,,30,,,,Matches,,,,,,,,,,,,,,,,,,,,,Matches,malick thiaw,5.898031393066049,0.8268706873059273,5.898031393066049,9.148333224467931,8.644866692833602,DF,0.12158054711246201,0.17927147091386167,-0.05769092380139966,0.14,,0.0,0.025132847638478034,,,,,,,,,
2583,Jan Thielmann,de GER,"MF,FW",Köln,de Bundesliga,23.0,2002.0,26,20,1540.0,17.1,3.0,1.0,4,3,0,0,4,0,0.18,0.06,0.23,0.18,0.23,Matches,3,27,10,37.0,1.58,0.58,0.11,0.3,0,0,Matches,,,,,,,,,,,,,,,1.0,,,,,,Matches,,12,,,,,,,,,,,13,,,,Matches,,,,,,,,,,,,,,,,,,,,,Matches,jan thielmann,2.051962135359645,0.9982307981699704,2.051962135359645,7.126834977418184,4.80776459723711,MF,0.17543859649122806,0.11999778569354648,0.05544081079768158,0.11,,0.05847953216374269,0.058376070068419314,,,,,,,,,
2584,Adrien Thomasson,fr FRA,MF,Lens,fr Ligue 1,31.0,1993.0,32,31,2683.0,29.8,3.0,9.0,12,3,0,0,11,0,0.1,0.3,0.4,0.1,0.4,Matches,3,43,13,30.2,1.44,0.44,0.07,0.23,0,0,Matches,,,,,,,,,,,,,,,9.0,,,,,,Matches,,56,,,,,,,,,,,20,,,,Matches,,,,,,,,,,,,,,,,,,,,,Matches,adrien thomasson,6.460448982194066,8.477983359247446,6.460448982194066,23.375807873904705,13.438357058912516,MF,0.10067114093959731,0.21679359000651227,-0.11612244906691496,0.07,,0.30201342281879195,0.2844960858807868,,,,,,,,,
2585,Morten Thorsby,no NOR,MF,Genoa,it Serie A,29.0,1996.0,13,8,731.0,8.1,2.0,1.0,3,2,0,0,2,0,0.25,0.12,0.37,0.25,0.37,Matches,2,10,4,40.0,1.23,0.49,0.2,0.5,0,0,Matches,,,,,,,,,,,,,,,1.0,,,,,,Matches,,1,,,,,,,,,,,3,,,,Matches,,,,,,,,,,,,,,,,,,,,,Matches,morten thorsby,2.7189628621563315,0.7962901080027223,2.7189628621563315,4.168536247685552,1.793543309904635,MF,0.2469135802469136,0.3356744274267076,-0.08876084717979402,0.2,,0.1234567901234568,0.09830742074107683,,,,,,,,,
2586,Morten Thorsby,no NOR,MF,Cremonese,it Serie A,29.0,1996.0,11,8,643.0,7.1,1.0,0.0,1,1,0,0,2,0,0.14,0.0,0.14,0.14,0.14,Matches,1,11,4,36.4,1.54,0.56,0.09,0.25,0,0,Matches,,,,,,,,,,,,,,,0.0,,,,,,Matches,,6,,,,,,,,,,,3,,,,Matches,,,,,,,,,,,,,,,,,,,,,Matches,morten thorsby,2.7189628621563315,0.7962901080027223,2.7189628621563315,4.168536247685552,1.793543309904635,MF,0.14084507042253522,0.38295251579666645,-0.2421074453741312,0.09,,0.0,0.11215353633841159,,,,,,,,,
2587,Kristian Thorstvedt,no NOR,MF,Sassuolo,it Serie A,26.0,1999.0,32,27,2460.0,27.3,4.0,4.0,8,4,0,0,9,0,0.15,0.15,0.29,0.15,0.29,Matches,4,43,13,30.2,1.57,0.48,0.09,0.31,0,0,Matches,,,,,,,,,,,,,,,4.0,,,,,,Matches,,20,,,,,,,,,,,31,,,,Matches,,,,,,,,,,,,,,,,,,,,,Matches,kristian thorstvedt,6.644855927675962,2.6294608265161514,6.644855927675962,16.12818531692028,8.9037402626127,MF,0.14652014652014653,0.2434013160320865,-0.09688116951193998,0.09,,0.14652014652014653,0.09631724639253302,,,,,,,,,
2588,Khéphren Thuram,fr FRA,MF,Juventus,it Serie A,24.0,2001.0,35,30,2442.0,27.1,3.0,3.0,6,3,0,0,2,0,0.11,0.11,0.22,0.11,0.22,Matches,3,50,15,30.0,1.84,0.55,0.06,0.2,0,0,Matches,,,,,,,,,,,,,,,3.0,,,,,,Matches,,32,,,,,,,,,,,12,,,,Matches,,,,,,,,,,,,,,,,,,,,,Matches,khephren thuram,4.063328697346151,2.653134752064944,4.063328697346151,12.774455543607472,8.52674344368279,MF,0.11070110701107011,0.1499383283153561,-0.03923722130428601,0.06,,0.11070110701107011,0.09790165136771012,,,,,,,,,
2589,Marcus Thuram,fr FRA,FW,Inter,it Serie A,27.0,1997.0,29,24,1900.0,21.1,13.0,6.0,19,13,0,0,2,0,0.62,0.28,0.9,0.62,0.9,Matches,13,74,29,39.2,3.51,1.37,0.18,0.45,0,0,Matches,,,,,,,,,,,,,,,6.0,,,,,,Matches,,13,,,,,,,,,,,1,,,,Matches,,,,,,,,,,,,,,,,,,,,,Matches,marcus thuram,11.89548808708787,4.468800758942962,11.89548808708787,16.43578341603279,4.1567751057446,FW,0.6161137440758293,0.5637672079188564,0.052346536156972996,0.18,,0.2843601895734597,0.21179150516317352,,,,,,,,,
2590,Cheikh Tidiane Sabaly,sn SEN,"MF,FW",Metz,fr Ligue 1,26.0,1999.0,14,12,967.0,10.7,0.0,2.0,2,0,0,0,2,0,0.0,0.19,0.19,0.0,0.19,Matches,0,8,4,50.0,0.74,0.37,0.0,0.0,0,0,Matches,,,,,,,,,,,,,,,2.0,,,,,,Matches,,13,,,,,,,,,,,3,,,,Matches,,,,,,,,,,,,,,,,,,,,,Matches,cheikh tidiane sabaly,1.4295627772808075,1.8838837835937736,1.4295627772808075,3.6454500779509535,0.5496342591941357,MF,0.0,0.13360399787671098,-0.13360399787671098,0.0,,0.1869158878504673,0.1760639050087639,,,,,,,,,
2591,Youri Tielemans,be BEL,MF,Aston Villa,eng Premier League,28.0,1997.0,25,21,1862.0,20.7,0.0,4.0,4,0,0,0,0,0,0.0,0.19,0.19,0.0,0.19,Matches,0,24,7,29.2,1.16,0.34,0.0,0.0,0,0,Matches,,,,,,,,,,,,,,,4.0,,,,,,Matches,,39,,,,,,,,,,,16,,,,Matches,,,,,,,,,,,,,,,,,,,,,Matches,youri tielemans,1.8399642640724776,2.9822675781324506,1.8399642640724776,9.826997235417366,7.487443540245295,MF,0.0,0.08888716251557863,-0.08888716251557863,0.0,,0.1932367149758454,0.14407089749432128,,,,,,,,,
2593,Phillip Tietz,de GER,FW,Mainz 05,de Bundesliga,28.0,1997.0,19,19,1610.0,17.9,5.0,2.0,7,5,0,1,2,0,0.28,0.11,0.39,0.28,0.39,Matches,5,46,21,45.7,2.57,1.17,0.11,0.24,0,1,Matches,,,,,,,,,,,,,,,2.0,,,,,,Matches,,4,,,,,,,,,,,7,,,,Matches,,,,,,,,,,,,,,,,,,,,,Matches,phillip tietz,11.598579058423638,1.9211469320580363,10.840802321210504,15.156334765255451,4.183608392253518,FW,0.2793296089385475,0.6056314145927656,-0.3686357015879128,0.11,,0.111731843575419,0.10732664424905232,,,,,,,,,
2594,Malik Tillman,us USA,MF,Leverkusen,de Bundesliga,23.0,2002.0,29,18,1674.0,18.6,6.0,1.0,7,6,0,0,2,0,0.32,0.05,0.38,0.32,0.38,Matches,6,34,13,38.2,1.83,0.7,0.18,0.46,0,0,Matches,,,,,,,,,,,,,,,1.0,,,,,,Matches,,30,,,,,,,,,,,19,,,,Matches,,,,,,,,,,,,,,,,,,,,,Matches,malik tillman,5.122428148984909,3.604807078838349,5.122428148984909,12.581189319491386,5.058479489758611,MF,0.3225806451612903,0.275399362848651,0.047181282312639294,0.18,,0.05376344086021505,0.19380683219561012,,,,,,,,,
2595,Jurriën Timber,nl NED,DF,Arsenal,eng Premier League,24.0,2001.0,30,28,2454.0,27.3,3.0,5.0,8,3,0,0,5,0,0.11,0.18,0.29,0.11,0.29,Matches,3,25,7,28.0,0.92,0.26,0.12,0.43,0,0,Matches,,,,,,,,,,,,,,,5.0,,,,,,Matches,,35,,,,,,,,,,,24,,,,Matches,,,,,,,,,,,,,,,,,,,,,Matches,jurrien timber,4.030840836465359,2.5891424333676696,4.030840836465359,11.438589019700885,8.65939543582499,DF,0.10989010989010989,0.14764984748957358,-0.03775973759946369,0.12,,0.18315018315018314,0.09484038217463991,,,,,,,,,
2596,Quinten Timber,nl NED,MF,Marseille,fr Ligue 1,24.0,2001.0,15,14,1105.0,12.3,0.0,0.0,0,0,0,0,4,0,0.0,0.0,0.0,0.0,0.0,Matches,0,10,2,20.0,0.81,0.16,0.0,0.0,0,0,Matches,,,,,,,,,,,,,,,0.0,,,,,,Matches,,17,,,,,,,,,,,9,,,,Matches,,,,,,,,,,,,,,,,,,,,,Matches,quinten timber,1.134893774986267,0.4600138962268829,1.134893774986267,3.7130206748843193,3.1272013261914253,MF,0.0,0.09226778658424935,-0.09226778658424935,0.0,,0.0,0.03739950375828316,,,,,,,,,
2597,Jean-Clair Todibo,fr FRA,DF,West Ham,eng Premier League,25.0,1999.0,23,22,1814.0,20.2,0.0,1.0,1,0,0,0,5,1,0.0,0.05,0.05,0.0,0.05,Matches,0,2,0,0.0,0.1,0.0,0.0,,0,0,Matches,,,,,,,,,,,,,,,1.0,,,,,,Matches,,24,,,,,,,,,,,16,,,,Matches,,,,,,,,,,,,,,,,,,,,,Matches,jean clair todibo,0.6560113653540611,0.3799619134515524,0.6560113653540611,1.824668494984508,1.5996535401791334,DF,0.0,0.03247581016604263,-0.03247581016604263,0.0,,0.04950495049504951,0.018809995715423387,,,,,,,,,
2599,Corentin Tolisso,fr FRA,MF,Lyon,fr Ligue 1,30.0,1994.0,30,26,2302.0,25.6,11.0,4.0,15,9,2,3,4,0,0.43,0.16,0.59,0.35,0.51,Matches,11,54,27,50.0,2.11,1.06,0.2,0.41,2,3,Matches,,,,,,,,,,,,,,,4.0,,,,,,Matches,,18,,,,,,,,,,,17,,,,Matches,,,,,,,,,,,,,,,,,,,,,Matches,corentin tolisso,10.556918144226074,4.521071578375995,8.27663278579712,19.739002807065845,10.05990707874298,MF,0.4296875,0.32330596819519997,0.017307884991168976,0.2,,0.15625,0.1766043585303123,,,,,,,,,
2600,Jeremy Toljan,de GER,DF,Levante,es La Liga,30.0,1994.0,37,37,3164.0,35.2,1.0,4.0,5,1,0,0,8,0,0.03,0.11,0.14,0.03,0.14,Matches,1,9,1,11.1,0.26,0.03,0.11,1.0,0,0,Matches,,,,,,,,,,,,,,,4.0,,,,,,Matches,,39,,,,,,,,,,,31,,,,Matches,,,,,,,,,,,,,,,,,,,,,Matches,jeremy toljan,0.848660696297884,4.971433887258172,0.848660696297884,12.49036306887865,9.120427509769796,DF,0.028409090909090908,0.024109678872098975,0.004299412036991932,0.11,,0.11363636363636363,0.1412339172516526,,,,,,,,,
2601,Tiago Tomás,pt POR,"MF,FW",Stuttgart,de Bundesliga,23.0,2002.0,27,10,1020.0,11.3,5.0,3.0,8,5,0,0,4,0,0.44,0.26,0.71,0.44,0.71,Matches,5,35,10,28.6,3.09,0.88,0.14,0.5,0,0,Matches,,,,,,,,,,,,,,,3.0,,,,,,Matches,,8,,,,,,,,,,,5,,,,Matches,,,,,,,,,,,,,,,,,,,,,Matches,tiago tomas,5.533668488264084,1.2588633932173252,5.533668488264084,8.350152125582099,2.681462910026312,MF,0.44247787610619466,0.48970517595257373,-0.0472272998463791,0.14,,0.2654867256637168,0.11140384010772789,,,,,,,,,
2602,Fikayo Tomori,eng ENG,DF,Milan,it Serie A,27.0,1997.0,33,31,2554.0,28.4,0.0,2.0,2,0,0,0,8,1,0.0,0.07,0.07,0.0,0.07,Matches,0,9,2,22.2,0.32,0.07,0.0,0.0,0,0,Matches,,,,,,,,,,,,,,,2.0,,,,,,Matches,,40,,,,,,,,,,,28,,,,Matches,,,,,,,,,,,,,,,,,,,,,Matches,fikayo tomori,0.594410877674818,1.0016300892457366,0.594410877674818,8.909132670611143,7.46826982870698,DF,0.0,0.02092996048150768,-0.02092996048150768,0.0,,0.07042253521126761,0.0352686651142865,,,,,,,,,
2603,Sandro Tonali,it ITA,MF,Newcastle,eng Premier League,25.0,2000.0,35,31,2534.0,28.2,0.0,2.0,2,0,0,0,4,0,0.0,0.07,0.07,0.0,0.07,Matches,0,37,8,21.6,1.31,0.28,0.0,0.0,0,0,Matches,,,,,,,,,,,,,,,2.0,,,,,,Matches,,25,,,,,,,,,,,28,,,,Matches,,,,,,,,,,,,,,,,,,,,,Matches,sandro tonali,1.4170023752376435,3.7605556417256594,1.4170023752376435,10.739618219435217,8.412985239177942,MF,0.0,0.05024831117863984,-0.05024831117863984,0.0,,0.07092198581560284,0.13335303694062622,,,,,,,,,
2605,Keke Topp,de GER,FW,Werder Bremen,de Bundesliga,21.0,2004.0,20,7,638.0,7.1,1.0,1.0,2,1,0,0,4,0,0.14,0.14,0.28,0.14,0.28,Matches,1,25,3,12.0,3.53,0.42,0.04,0.33,0,0,Matches,,,,,,,,,,,,,,,1.0,,,,,,Matches,,5,,,,,,,,,,,1,,,,Matches,,,,,,,,,,,,,,,,,,,,,Matches,keke topp,2.021150179207325,0.873332935385406,2.021150179207325,4.603332705795765,2.0922563280910254,FW,0.14084507042253522,0.28466903932497534,-0.14382396890244015,0.04,,0.14084507042253522,0.1230046387866769,,,,,,,,,
2606,Pablo Torre,es ESP,"MF,FW",Mallorca,es La Liga,22.0,2003.0,35,19,1599.0,17.8,4.0,4.0,8,4,0,0,4,0,0.23,0.23,0.45,0.23,0.45,Matches,4,25,12,48.0,1.41,0.68,0.16,0.33,0,0,Matches,,,,,,,,,,,,,,,4.0,,,,,,Matches,,17,,,,,,,,,,,9,,,,Matches,,,,,,,,,,,,,,,,,,,,,Matches,pablo torre,2.8149523828178644,2.9544795835390687,2.8149523828178644,8.271478340029716,4.640594145283103,MF,0.2247191011235955,0.15814339229313845,0.06657570883045705,0.16,,0.2247191011235955,0.16598199907522856,,,,,,,,,
2608,Ferran Torres,es ESP,FW,Barcelona,es La Liga,25.0,2000.0,33,23,1965.0,21.8,16.0,2.0,18,16,0,0,2,0,0.73,0.09,0.82,0.73,0.82,Matches,16,69,37,53.6,3.16,1.69,0.23,0.43,0,0,Matches,,,,,,,,,,,,,,,2.0,,,,,,Matches,,6,,,,,,,,,,,4,,,,Matches,,,,,,,,,,,,,,,,,,,,,Matches,ferran torres,16.183371974155307,3.157755734398961,16.183371974155307,23.031330455094576,5.379237103275955,FW,0.7339449541284403,0.7423565125759315,-0.008411558447491137,0.23,,0.09174311926605504,0.14485118047701656,,,,,,,,,
2609,Pau Torres,es ESP,DF,Aston Villa,eng Premier League,28.0,1997.0,21,18,1676.0,18.6,0.0,0.0,0,0,0,0,1,0,0.0,0.0,0.0,0.0,0.0,Matches,0,9,1,11.1,0.48,0.05,0.0,0.0,0,0,Matches,,,,,,,,,,,,,,,0.0,,,,,,Matches,,14,,,,,,,,,,,11,,,,Matches,,,,,,,,,,,,,,,,,,,,,Matches,pau torres,1.5826024003326893,0.006894074846059,1.5826024003326893,4.503719758242369,4.429494839161634,DF,0.0,0.08508615055552092,-0.08508615055552092,0.0,,0.0,0.00037064918527198923,,,,,,,,,
2610,Lucas Torró,es ESP,MF,Osasuna,es La Liga,31.0,1994.0,34,31,2293.0,25.5,0.0,1.0,1,0,0,0,6,0,0.0,0.04,0.04,0.0,0.04,Matches,0,29,9,31.0,1.14,0.35,0.0,0.0,0,0,Matches,,,,,,,,,,,,,,,1.0,,,,,,Matches,,19,,,,,,,,,,,30,,,,Matches,,,,,,,,,,,,,,,,,,,,,Matches,lucas torro,2.2390968278050423,1.2621251428499818,2.2390968278050423,5.123437849804759,3.7546714833006254,MF,0.0,0.08780771873745263,-0.08780771873745263,0.0,,0.0392156862745098,0.04949510364117576,,,,,,,,,
2611,Jordan Torunarigha,de GER,DF,Hamburger SV,de Bundesliga,27.0,1997.0,24,21,1962.0,21.8,0.0,0.0,0,0,0,0,3,0,0.0,0.0,0.0,0.0,0.0,Matches,0,5,1,20.0,0.23,0.05,0.0,0.0,0,0,Matches,,,,,,,,,,,,,,,0.0,,,,,,Matches,,22,,,,,,,,,,,30,,,,Matches,,,,,,,,,,,,,,,,,,,,,Matches,jordan torunarigha,0.309758860617876,0.1416927427053451,0.309758860617876,2.372671600896865,2.242847737390548,DF,0.0,0.01420912204669156,-0.01420912204669156,0.0,,0.0,0.006499667096575463,,,,,,,,,
2613,Abdoulaye Touré,gn GUI,MF,Le Havre,fr Ligue 1,31.0,1994.0,11,8,740.0,8.2,2.0,0.0,2,2,0,1,2,0,0.24,0.0,0.24,0.24,0.24,Matches,2,13,4,30.8,1.58,0.49,0.15,0.5,0,1,Matches,,,,,,,,,,,,,,,0.0,,,,,,Matches,,6,,,,,,,,,,,10,,,,Matches,,,,,,,,,,,,,,,,,,,,,Matches,abdoulaye toure,1.529643937945366,0.1853813733905553,0.769548799842596,2.433296410366893,1.6395775396376848,MF,0.24390243902439027,0.09384741461495075,0.057360495372516355,0.15,,0.0,0.02260748455982382,,,,,,,,,
2614,Alpha Touré,sn SEN,MF,Metz,fr Ligue 1,19.0,2006.0,30,16,1606.0,17.8,0.0,1.0,1,0,0,0,5,0,0.0,0.06,0.06,0.0,0.06,Matches,0,17,1,5.9,0.95,0.06,0.0,0.0,0,0,Matches,,,,,,,,,,,,,,,1.0,,,,,,Matches,,23,,,,,,,,,,,10,,,,Matches,,,,,,,,,,,,,,,,,,,,,Matches,alpha toure,1.0313540250062945,0.4349074102938175,1.0313540250062945,3.260238066315651,2.2326008649542928,MF,0.0,0.05794123735990418,-0.05794123735990418,0.0,,0.056179775280898875,0.024433000578304356,,,,,,,,,
2615,Bazoumana Touré,ci CIV,"MF,FW",Hoffenheim,de Bundesliga,19.0,2006.0,30,29,2308.0,25.6,5.0,9.0,14,5,0,0,2,0,0.19,0.35,0.55,0.19,0.55,Matches,5,48,13,27.1,1.87,0.51,0.1,0.38,0,0,Matches,,,,,,,,,,,,,,,9.0,,,,,,Matches,,22,,,,,,,,,,,6,,,,Matches,,,,,,,,,,,,,,,,,,,,,Matches,bazoumana toure,5.141797917895019,7.229519298300147,5.141797917895019,16.133680978789926,6.017529154196382,MF,0.1953125,0.20085148116777418,-0.005538981167774182,0.1,,0.3515625,0.2824030975898495,,,,,,,,,
2616,Idrissa Touré,de GER,MF,Pisa,it Serie A,27.0,1998.0,32,26,2279.0,25.3,1.0,0.0,1,1,0,0,4,1,0.04,0.0,0.04,0.04,0.04,Matches,1,29,8,27.6,1.15,0.32,0.03,0.13,0,0,Matches,,,,,,,,,,,,,,,0.0,,,,,,Matches,,28,,,,,,,,,,,25,,,,Matches,,,,,,,,,,,,,,,,,,,,,Matches,idrissa toure,2.997904310002923,3.5665722815319896,2.997904310002923,7.313524666242301,3.037940706126392,MF,0.039525691699604744,0.11849424150209181,-0.07896854980248708,0.03,,0.0,0.1409712364241893,,,,,,,,,
2620,Lucas Tousart,fr FRA,"MF,DF",Brest,fr Ligue 1,28.0,1997.0,24,9,834.0,9.3,1.0,0.0,1,1,0,0,0,0,0.11,0.0,0.11,0.11,0.11,Matches,1,9,3,33.3,0.97,0.32,0.11,0.33,0,0,Matches,,,,,,,,,,,,,,,0.0,,,,,,Matches,,12,,,,,,,,,,,9,,,,Matches,,,,,,,,,,,,,,,,,,,,,Matches,lucas tousart,0.6973812971264124,0.4796754773706198,0.6973812971264124,2.1092285737395287,1.305947981774807,MF,0.1075268817204301,0.07498723625015187,0.03253964547027823,0.11,,0.0,0.05157800831942148,,,,,,,,,
2622,Mattéo Tramoni,fr FRA,"MF,FW",Pisa,it Serie A,25.0,2000.0,27,21,1600.0,17.8,2.0,2.0,4,1,1,1,3,0,0.11,0.11,0.23,0.06,0.17,Matches,2,28,9,32.1,1.58,0.51,0.07,0.22,1,1,Matches,,,,,,,,,,,,,,,2.0,,,,,,Matches,,21,,,,,,,,,,,15,,,,Matches,,,,,,,,,,,,,,,,,,,,,Matches,matteo tramoni,3.213343242183328,2.884499185718596,2.4520444069057703,7.110495939850807,3.0286965798586607,MF,0.11235955056179775,0.13775530375875114,-0.06816535068445663,0.07,,0.11235955056179775,0.1620505160516065,,,,,,,,,
2625,Bertrand Traoré,bf BFA,"MF,FW",Sunderland,eng Premier League,29.0,1995.0,12,9,632.0,7.0,1.0,0.0,1,1,0,0,1,0,0.14,0.0,0.14,0.14,0.14,Matches,1,12,6,50.0,1.71,0.85,0.08,0.17,0,0,Matches,,,,,,,,,,,,,,,0.0,,,,,,Matches,,4,,,,,,,,,,,2,,,,Matches,,,,,,,,,,,,,,,,,,,,,Matches,bertrand traore,0.6248076185584068,0.9887753147631884,0.6248076185584068,2.016919732093811,1.230125552974641,MF,0.14285714285714285,0.08925823122262955,0.05359891163451331,0.08,,0.0,0.14125361639474118,,,,,,,,,
2626,Boubacar Traoré,ml MLI,MF,Metz,fr Ligue 1,23.0,2001.0,20,16,1387.0,15.4,1.0,0.0,1,1,0,0,4,0,0.06,0.0,0.06,0.06,0.06,Matches,1,19,3,15.8,1.23,0.19,0.05,0.33,0,0,Matches,,,,,,,,,,,,,,,0.0,,,,,,Matches,,26,,,,,,,,,,,15,,,,Matches,,,,,,,,,,,,,,,,,,,,,Matches,boubacar traore,0.9408415667712688,0.221991928294301,0.9408415667712688,2.384032738395036,1.5097705023363233,MF,0.06493506493506493,0.061093608231900576,0.0038414567031643605,0.05,,0.0,0.014415060278850714,,,,,,,,,
2627,Hamari Traoré,ml MLI,DF,Paris FC,fr Ligue 1,33.0,1992.0,18,14,1150.0,12.8,0.0,1.0,1,0,0,0,4,0,0.0,0.08,0.08,0.0,0.08,Matches,0,4,0,0.0,0.31,0.0,0.0,,0,0,Matches,,,,,,,,,,,,,,,1.0,,,,,,Matches,,22,,,,,,,,,,,18,,,,Matches,,,,,,,,,,,,,,,,,,,,,Matches,hamari traore,0.3639629986137151,0.8060098411515355,0.3639629986137151,4.230144029483199,3.7136071901768446,DF,0.0,0.02843460926669649,-0.02843460926669649,0.0,,0.078125,0.06296951883996371,,,,,,,,,
2628,Omar Traoré,de GER,"DF,MF",Heidenheim,de Bundesliga,27.0,1998.0,26,16,1501.0,16.7,0.0,2.0,2,0,0,0,2,0,0.0,0.12,0.12,0.0,0.12,Matches,0,10,2,20.0,0.6,0.12,0.0,0.0,0,0,Matches,,,,,,,,,,,,,,,2.0,,,,,,Matches,,11,,,,,,,,,,,17,,,,Matches,,,,,,,,,,,,,,,,,,,,,Matches,omar traore,0.5020455876365304,1.4571367260068655,0.5020455876365304,3.855576592497528,3.29358384013176,DF,0.0,0.030062610038115594,-0.030062610038115594,0.0,,0.11976047904191617,0.08725369616807578,,,,,,,,,
2629,Kevin Trapp,de GER,GK,Paris FC,fr Ligue 1,35.0,1990.0,22,22,1980.0,22.0,0.0,0.0,0,0,0,0,2,0,0.0,0.0,0.0,0.0,0.0,Matches,0,0,0,,0.0,0.0,,,0,0,Matches,,,,,,,,,,,,,,,0.0,,,,,,Matches,,0,,,,,,,,,,,1,,,,Matches,,,,,,,,,,,,,,,,,,,,,Matches,kevin trapp,0.0,0.0,0.0,2.614942293614149,2.614942293614149,GK,,,,,,,,,,,,,,,,
2633,Philipp Treu,de GER,"DF,MF",Freiburg,de Bundesliga,24.0,2000.0,28,24,2186.0,24.3,1.0,2.0,3,1,0,0,2,0,0.04,0.08,0.12,0.04,0.12,Matches,1,17,5,29.4,0.7,0.21,0.06,0.2,0,0,Matches,,,,,,,,,,,,,,,2.0,,,,,,Matches,,27,,,,,,,,,,,7,,,,Matches,,,,,,,,,,,,,,,,,,,,,Matches,philipp treu,1.471756223589182,1.812682246789336,1.471756223589182,7.696102367714047,4.845858434215188,DF,0.0411522633744856,0.06056609973618032,-0.019413836361694727,0.06,,0.0823045267489712,0.07459597723412906,,,,,,,,,
2634,Christopher Trimmel,at AUT,"MF,DF",Union Berlin,de Bundesliga,38.0,1987.0,29,22,1861.0,20.7,0.0,3.0,3,0,0,0,8,0,0.0,0.15,0.15,0.0,0.15,Matches,0,5,1,20.0,0.24,0.05,0.0,0.0,0,0,Matches,,,,,,,,,,,,,,,3.0,,,,,,Matches,,24,,,,,,,,,,,10,,,,Matches,,,,,,,,,,,,,,,,,,,,,Matches,christopher trimmel,0.0736503908410668,5.092283573001623,0.0736503908410668,4.565780051983893,3.3375917868688703,MF,0.0,0.00355798989570371,-0.00355798989570371,0.0,,0.14492753623188406,0.24600403734307358,,,,,,,,,
2635,Kieran Trippier,eng ENG,DF,Newcastle,eng Premier League,34.0,1990.0,21,18,1586.0,17.6,0.0,1.0,1,0,0,0,3,0,0.0,0.06,0.06,0.0,0.06,Matches,0,2,0,0.0,0.11,0.0,0.0,,0,0,Matches,,,,,,,,,,,,,,,1.0,,,,,,Matches,,13,,,,,,,,,,,7,,,,Matches,,,,,,,,,,,,,,,,,,,,,Matches,kieran trippier,0.0958994552493095,1.8194941156543791,0.0958994552493095,5.13017756678164,4.711885085329413,DF,0.0,0.005448832684619857,-0.005448832684619857,0.0,,0.056818181818181816,0.10338034748036244,,,,,,,,,
2636,Mariano Troilo,ar ARG,DF,Parma,it Serie A,22.0,2003.0,21,18,1625.0,18.1,1.0,0.0,1,1,0,0,8,2,0.06,0.0,0.06,0.06,0.06,Matches,1,9,2,22.2,0.5,0.11,0.11,0.5,0,0,Matches,,,,,,,,,,,,,,,0.0,,,,,,Matches,,18,,,,,,,,,,,16,,,,Matches,,,,,,,,,,,,,,,,,,,,,Matches,mariano troilo,0.977194907143712,0.6567005543038249,0.977194907143712,2.2315278854221106,1.764288262464106,DF,0.055248618784530384,0.05398866890296751,0.0012599498815628705,0.11,,0.0,0.036281798580321815,,,,,,,,,
2637,Leandro Trossard,be BEL,"FW,MF",Arsenal,eng Premier League,30.0,1994.0,31,21,2000.0,22.2,6.0,6.0,12,6,0,0,2,0,0.27,0.27,0.54,0.27,0.54,Matches,6,53,15,28.3,2.39,0.68,0.11,0.4,0,0,Matches,,,,,,,,,,,,,,,6.0,,,,,,Matches,,15,,,,,,,,,,,9,,,,Matches,,,,,,,,,,,,,,,,,,,,,Matches,leandro trossard,6.75317111518234,4.988008487969637,6.75317111518234,13.572629373520613,4.960563652217388,FW,0.2702702702702703,0.3041968970802856,-0.03392662681001532,0.11,,0.2702702702702703,0.22468506702565932,,,,,,,,,
2638,Adrien Truffert,fr FRA,DF,Bournemouth,eng Premier League,23.0,2001.0,38,38,3379.0,37.5,1.0,5.0,6,1,0,0,5,0,0.03,0.13,0.16,0.03,0.16,Matches,1,16,6,37.5,0.43,0.16,0.06,0.17,0,0,Matches,,,,,,,,,,,,,,,5.0,,,,,,Matches,,51,,,,,,,,,,,43,,,,Matches,,,,,,,,,,,,,,,,,,,,,Matches,adrien truffert,1.9886900894343853,4.408130643889308,1.9886900894343853,15.238870711997151,9.958876593969762,DF,0.02666666666666667,0.053031735718250275,-0.026365069051583607,0.06,,0.13333333333333333,0.11755015050371488,,,,,,,,,
2639,Kostas Tsimikas,gr GRE,MF,Roma,it Serie A,29.0,1996.0,18,6,644.0,7.2,0.0,0.0,0,0,0,0,1,0,0.0,0.0,0.0,0.0,0.0,Matches,0,7,0,0.0,0.98,0.0,0.0,,0,0,Matches,,,,,,,,,,,,,,,0.0,,,,,,Matches,,5,,,,,,,,,,,8,,,,Matches,,,,,,,,,,,,,,,,,,,,,Matches,kostas tsimikas,0.5683948341757059,0.0791524378582835,0.5683948341757059,1.6814278615638614,1.141974575817585,MF,0.0,0.07894372696884804,-0.07894372696884804,0.0,,0.0,0.01099339414698382,,,,,,,,,
2640,Heorhii Tsitaishvili,ge GEO,"MF,DF",Metz,fr Ligue 1,24.0,2000.0,33,28,2449.0,27.2,3.0,2.0,5,3,0,0,3,0,0.11,0.07,0.18,0.11,0.18,Matches,3,31,8,25.8,1.14,0.29,0.1,0.38,0,0,Matches,,,,,,,,,,,,,,,2.0,,,,,,Matches,,12,,,,,,,,,,,14,,,,Matches,,,,,,,,,,,,,,,,,,,,,Matches,heorhii tsitaishvili,1.53672016505152,4.272120799869299,1.53672016505152,8.109842337667942,3.1248387955129147,MF,0.11029411764705882,0.0564970648916,0.05379705275545882,0.1,,0.07352941176470588,0.15706326470107718,,,,,,,,,
2641,Viktor Tsyhankov,ua UKR,"MF,FW",Girona,es La Liga,27.0,1997.0,32,31,2630.0,29.2,6.0,5.0,11,6,0,0,3,0,0.21,0.17,0.38,0.21,0.38,Matches,6,51,21,41.2,1.75,0.72,0.12,0.29,0,0,Matches,,,,,,,,,,,,,,,5.0,,,,,,Matches,,22,,,,,,,,,,,21,,,,Matches,,,,,,,,,,,,,,,,,,,,,Matches,viktor tsyhankov,,,,,,MF,0.20547945205479454,,,0.12,,0.17123287671232876,,,,,,,,,,
2642,Axel Tuanzebe,cd COD,DF,Burnley,eng Premier League,27.0,1997.0,14,14,1201.0,13.3,1.0,0.0,1,1,0,0,1,0,0.07,0.0,0.07,0.07,0.07,Matches,1,2,1,50.0,0.15,0.07,0.5,1.0,0,0,Matches,,,,,,,,,,,,,,,0.0,,,,,,Matches,,8,,,,,,,,,,,12,,,,Matches,,,,,,,,,,,,,,,,,,,,,Matches,axel tuanzebe,0.5582677125930786,0.0,0.5582677125930786,2.774651762098074,2.216384049504996,DF,0.07518796992481203,0.041975015984442,0.03321295394037003,0.5,,0.0,0.0,,,,,,,,,
2643,Kareem Tunde,es ESP,MF,Levante,es La Liga,19.0,2005.0,21,17,1133.0,12.6,0.0,1.0,1,0,0,0,3,0,0.0,0.08,0.08,0.0,0.08,Matches,0,21,3,14.3,1.67,0.24,0.0,0.0,0,0,Matches,,,,,,,,,,,,,,,1.0,,,,,,Matches,,11,,,,,,,,,,,14,,,,Matches,,,,,,,,,,,,,,,,,,,,,Matches,kareem tunde,1.294460777193308,0.6319677345454693,1.294460777193308,3.713249473832548,2.09413805231452,MF,0.0,0.10273498231692922,-0.10273498231692922,0.0,,0.07936507936507936,0.05015616940837058,,,,,,,,,
2644,Stefano Turati,it ITA,GK,Sassuolo,it Serie A,23.0,2001.0,6,6,532.0,5.9,0.0,0.0,0,0,0,0,0,0,0.0,0.0,0.0,0.0,0.0,Matches,0,0,0,,0.0,0.0,,,0,0,Matches,,,,,,,,,,,,,,,0.0,,,,,,Matches,,0,,,,,,,,,,,1,,,,Matches,,,,,,,,,,,,,,,,,,,,,Matches,stefano turati,0.0,0.0425439551472663,0.0,1.3311380236409605,1.288594068493694,GK,,,,,,,,,,,,,,,,
2645,Beñat Turrientes,es ESP,MF,Real Sociedad,es La Liga,23.0,2002.0,27,16,1348.0,15.0,0.0,3.0,3,0,0,0,7,0,0.0,0.2,0.2,0.0,0.2,Matches,0,20,6,30.0,1.34,0.4,0.0,0.0,0,0,Matches,,,,,,,,,,,,,,,3.0,,,,,,Matches,,23,,,,,,,,,,,9,,,,Matches,,,,,,,,,,,,,,,,,,,,,Matches,benat turrientes,0.8817815221846104,1.1862656697630882,0.8817815221846104,5.57944718375802,4.06466400437057,MF,0.0,0.05878543481230736,-0.05878543481230736,0.0,,0.2,0.07908437798420588,,,,,,,,,
2649,Destiny Udogie,it ITA,"DF,MF",Tottenham,eng Premier League,22.0,2002.0,20,14,1338.0,14.9,0.0,1.0,1,0,0,0,4,0,0.0,0.07,0.07,0.0,0.07,Matches,0,4,1,25.0,0.27,0.07,0.0,0.0,0,0,Matches,,,,,,,,,,,,,,,1.0,,,,,,Matches,,20,,,,,,,,,,,7,,,,Matches,,,,,,,,,,,,,,,,,,,,,Matches,destiny udogie,0.2184655116870999,1.1220016870647669,0.2184655116870999,5.176807938143611,4.279184946790338,DF,0.0,0.014662114878328853,-0.014662114878328853,0.0,,0.06711409395973154,0.07530212664864207,,,,,,,,,
2650,Matthieu Udol,fr FRA,"MF,DF",Lens,fr Ligue 1,29.0,1996.0,34,33,3002.0,33.4,1.0,7.0,8,1,0,0,2,0,0.03,0.21,0.24,0.03,0.24,Matches,1,47,17,36.2,1.41,0.51,0.02,0.06,0,0,Matches,,,,,,,,,,,,,,,7.0,,,,,,Matches,,21,,,,,,,,,,,51,,,,Matches,,,,,,,,,,,,,,,,,,,,,Matches,matthieu udol,4.393044971395284,11.901465432718396,4.393044971395284,20.10867326706648,10.899186950176954,MF,0.029940119760479042,0.13152829255674503,-0.10158817279626599,0.02,,0.2095808383233533,0.3563313003807903,,,,,,,,,
2651,Manuel Ugarte,uy URU,MF,Manchester Utd,eng Premier League,24.0,2001.0,22,8,887.0,9.9,0.0,0.0,0,0,0,0,1,0,0.0,0.0,0.0,0.0,0.0,Matches,0,13,1,7.7,1.32,0.1,0.0,0.0,0,0,Matches,,,,,,,,,,,,,,,0.0,,,,,,Matches,,30,,,,,,,,,,,20,,,,Matches,,,,,,,,,,,,,,,,,,,,,Matches,manuel ugarte,0.8379190387204289,0.1287948712706565,0.8379190387204289,3.852708961814642,3.154600067064166,MF,0.0,0.08463828673943727,-0.08463828673943727,0.0,,0.0,0.01300958295663197,,,,,,,,,
2652,Lesley Ugochukwu,fr FRA,MF,Burnley,eng Premier League,21.0,2004.0,35,27,2336.0,26.0,3.0,1.0,4,3,0,0,3,1,0.12,0.04,0.15,0.12,0.15,Matches,3,23,8,34.8,0.89,0.31,0.13,0.38,0,0,Matches,,,,,,,,,,,,,,,1.0,,,,,,Matches,,26,,,,,,,,,,,17,,,,Matches,,,,,,,,,,,,,,,,,,,,,Matches,lesley ugochukwu,2.622456289827824,0.4493608232587576,2.622456289827824,7.266716599464416,4.90908182784915,MF,0.11538461538461539,0.10086370345491631,0.014520911929699074,0.13,,0.038461538461538464,0.017283108586875293,,,,,,,,,
2653,Filip Ugrinic,ch SUI,MF,Valencia,es La Liga,26.0,1999.0,27,17,1504.0,16.7,0.0,3.0,3,0,0,0,3,0,0.0,0.18,0.18,0.0,0.18,Matches,0,20,3,15.0,1.2,0.18,0.0,0.0,0,0,Matches,,,,,,,,,,,,,,,3.0,,,,,,Matches,,16,,,,,,,,,,,11,,,,Matches,,,,,,,,,,,,,,,,,,,,,Matches,filip ugrinic,0.6209417562931776,3.7198971258476377,0.6209417562931776,6.901665989309549,5.459673470817506,MF,0.0,0.03718214109539986,-0.03718214109539986,0.0,,0.17964071856287425,0.2227483308890801,,,,,,,,,
2654,Lukas Ullrich,de GER,"DF,MF",Gladbach,de Bundesliga,21.0,2004.0,23,14,1305.0,14.5,0.0,0.0,0,0,0,0,2,0,0.0,0.0,0.0,0.0,0.0,Matches,0,10,2,20.0,0.69,0.14,0.0,0.0,0,0,Matches,,,,,,,,,,,,,,,0.0,,,,,,Matches,,17,,,,,,,,,,,21,,,,Matches,,,,,,,,,,,,,,,,,,,,,Matches,lukas ullrich,0.7565966881811619,0.9062265641987324,0.7565966881811619,5.585675872862339,4.3064204677939415,DF,0.0,0.0521790819435284,-0.0521790819435284,0.0,,0.0,0.06249838373784361,,,,,,,,,
2657,Deniz Undav,de GER,"FW,MF",Stuttgart,de Bundesliga,29.0,1996.0,29,25,2241.0,24.9,19.0,7.0,26,19,0,1,5,0,0.76,0.28,1.04,0.76,1.04,Matches,19,124,46,37.1,4.98,1.85,0.15,0.41,0,1,Matches,,,,,,,,,,,,,,,7.0,,,,,,Matches,,14,,,,,,,,,,,4,,,,Matches,,,,,,,,,,,,,,,,,,,,,Matches,deniz undav,19.05754723213613,5.584789767861366,18.299770614132285,30.37980234622956,9.69207865279168,FW,0.7630522088353414,0.7349305467523006,-0.002311133820728126,0.15,,0.28112449799196787,0.22428874569724364,,,,,,,,,
2658,Dayot Upamecano,fr FRA,DF,Bayern Munich,de Bundesliga,26.0,1998.0,24,21,1794.0,19.9,1.0,1.0,2,1,0,0,4,0,0.05,0.05,0.1,0.05,0.1,Matches,1,8,2,25.0,0.4,0.1,0.13,0.5,0,0,Matches,,,,,,,,,,,,,,,1.0,,,,,,Matches,,26,,,,,,,,,,,21,,,,Matches,,,,,,,,,,,,,,,,,,,,,Matches,dayot upamecano,0.8303499147295952,1.4384191930294037,0.8303499147295952,14.301490493118765,13.812318220734596,DF,0.05025125628140704,0.04172612636832137,0.008525129913085669,0.13,,0.05025125628140704,0.07228237150901527,,,,,,,,,
2660,Jonas Urbig,de GER,GK,Bayern Munich,de Bundesliga,21.0,2003.0,14,11,1111.0,12.3,0.0,0.0,0,0,0,0,0,0,0.0,0.0,0.0,0.0,0.0,Matches,0,0,0,,0.0,0.0,,,0,0,Matches,,,,,,,,,,,,,,,0.0,,,,,,Matches,,0,,,,,,,,,,,0,,,,Matches,,,,,,,,,,,,,,,,,,,,,Matches,jonas urbig,0.0,0.1030491515994072,0.0,5.324276648461819,5.324276648461819,GK,,,,,,,,,,,,,,,,
2661,Can Uzun,tr TUR,MF,Frankfurt,de Bundesliga,19.0,2005.0,21,15,1156.0,12.8,8.0,4.0,12,7,1,1,3,0,0.62,0.31,0.93,0.54,0.86,Matches,8,41,19,46.3,3.19,1.48,0.2,0.42,1,1,Matches,,,,,,,,,,,,,,,4.0,,,,,,Matches,,9,,,,,,,,,,,3,,,,Matches,,,,,,,,,,,,,,,,,,,,,Matches,can uzun,4.544798476621509,2.6320750545710325,3.7870217841118574,8.537243850529194,3.061049897223711,MF,0.625,0.29586107688373886,0.26993761901394464,0.2,,0.3125,0.20563086363836192,,,,,,,,,
2662,Josha Vagnoman,de GER,"DF,MF",Stuttgart,de Bundesliga,24.0,2000.0,27,18,1587.0,17.6,1.0,3.0,4,1,0,0,3,0,0.06,0.17,0.23,0.06,0.23,Matches,1,19,11,57.9,1.08,0.62,0.05,0.09,0,0,Matches,,,,,,,,,,,,,,,3.0,,,,,,Matches,,19,,,,,,,,,,,3,,,,Matches,,,,,,,,,,,,,,,,,,,,,Matches,josha vagnoman,,,,,,DF,0.056818181818181816,,,0.05,,0.17045454545454544,,,,,,,,,,
2665,Lautaro Valenti,ar ARG,DF,Parma,it Serie A,26.0,1999.0,27,25,2252.0,25.0,0.0,0.0,0,0,0,0,7,0,0.0,0.0,0.0,0.0,0.0,Matches,0,17,4,23.5,0.68,0.16,0.0,0.0,0,0,Matches,,,,,,,,,,,,,,,0.0,,,,,,Matches,,30,,,,,,,,,,,26,,,,Matches,,,,,,,,,,,,,,,,,,,,,Matches,lautaro valenti,0.4869517162442207,1.1660469826310873,0.4869517162442207,5.188648164272308,4.281415678560734,DF,0.0,0.019478068649768827,-0.019478068649768827,0.0,,0.0,0.046641879305243494,,,,,,,,,
2666,Óscar Valentín,es ESP,MF,Rayo Vallecano,es La Liga,30.0,1994.0,33,26,2108.0,23.4,1.0,0.0,1,1,0,0,3,1,0.04,0.0,0.04,0.04,0.04,Matches,1,13,4,30.8,0.56,0.17,0.08,0.25,0,0,Matches,,,,,,,,,,,,,,,0.0,,,,,,Matches,,43,,,,,,,,,,,29,,,,Matches,,,,,,,,,,,,,,,,,,,,,Matches,oscar valentin,1.4860157845541837,0.9415555438026786,1.4860157845541837,10.363398014567792,8.101587588898838,MF,0.042735042735042736,0.0635049480578711,-0.020769905322828366,0.08,,0.0,0.04023741640182387,,,,,,,,,
2667,Nicolás Valentini,ar ARG,DF,Hellas Verona,it Serie A,24.0,2001.0,21,15,1409.0,15.7,0.0,0.0,0,0,0,0,8,1,0.0,0.0,0.0,0.0,0.0,Matches,0,16,7,43.8,1.02,0.45,0.0,0.0,0,0,Matches,,,,,,,,,,,,,,,0.0,,,,,,Matches,,18,,,,,,,,,,,16,,,,Matches,,,,,,,,,,,,,,,,,,,,,Matches,nicolas valentini,0.7951413663104177,0.6271094977855682,0.7951413663104177,3.025006441399455,1.8920742087066167,DF,0.0,0.05064594689875272,-0.05064594689875272,0.0,,0.0,0.03994328011373046,,,,,,,,,
2668,Germán Valera,es ESP,"MF,DF",Elche,es La Liga,23.0,2002.0,36,33,2857.0,31.7,4.0,5.0,9,4,0,0,5,1,0.13,0.16,0.28,0.13,0.28,Matches,4,28,8,28.6,0.88,0.25,0.14,0.5,0,0,Matches,,,,,,,,,,,,,,,5.0,,,,,,Matches,,40,,,,,,,,,,,23,,,,Matches,,,,,,,,,,,,,,,,,,,,,Matches,german valera,2.898498496040702,7.393028756603599,2.898498496040702,14.3036432787776,7.749514225870371,MF,0.12618296529968454,0.09143528378677293,0.03474768151291161,0.14,,0.15772870662460567,0.23321857276352045,,,,,,,,,
2669,Emanuele Valeri,it ITA,"MF,DF",Parma,it Serie A,26.0,1998.0,34,29,2643.0,29.4,0.0,2.0,2,0,0,0,2,0,0.0,0.07,0.07,0.0,0.07,Matches,0,23,5,21.7,0.78,0.17,0.0,0.0,0,0,Matches,,,,,,,,,,,,,,,2.0,,,,,,Matches,,32,,,,,,,,,,,20,,,,Matches,,,,,,,,,,,,,,,,,,,,,Matches,emanuele valeri,0.6690369648858905,3.777259983122349,0.6690369648858905,6.482847294770181,4.969146250747144,MF,0.0,0.02275635934986022,-0.02275635934986022,0.0,,0.06802721088435375,0.12847823071844724,,,,,,,,,
2670,Martin Valjent,sk SVK,DF,Mallorca,es La Liga,29.0,1995.0,37,37,3308.0,36.8,0.0,0.0,0,0,0,0,6,0,0.0,0.0,0.0,0.0,0.0,Matches,0,17,8,47.1,0.46,0.22,0.0,0.0,0,0,Matches,,,,,,,,,,,,,,,0.0,,,,,,Matches,,33,,,,,,,,,,,24,,,,Matches,,,,,,,,,,,,,,,,,,,,,Matches,martin valjent,0.9677190342918038,0.1400438267737627,0.9677190342918038,9.191905220970511,8.853639227338135,DF,0.0,0.026296712888364236,-0.026296712888364236,0.0,,0.0,0.0038055387710261607,,,,,,,,,
2671,Álex Valle,es ESP,DF,Como,it Serie A,21.0,2004.0,28,23,2026.0,22.5,1.0,4.0,5,1,0,0,3,0,0.04,0.18,0.22,0.04,0.22,Matches,1,11,2,18.2,0.49,0.09,0.09,0.5,0,0,Matches,,,,,,,,,,,,,,,4.0,,,,,,Matches,,31,,,,,,,,,,,24,,,,Matches,,,,,,,,,,,,,,,,,,,,,Matches,alex valle,0.8854037057608366,1.477425147779286,0.8854037057608366,8.43967054784298,6.7662607887759805,DF,0.044444444444444446,0.039351275811592736,0.005093168632851706,0.09,,0.17777777777777778,0.06566333990130159,,,,,,,,,
2672,Álvaro Vallés,es ESP,GK,Real Betis,es La Liga,28.0,1997.0,28,28,2520.0,28.0,0.0,0.0,0,0,0,0,1,0,0.0,0.0,0.0,0.0,0.0,Matches,0,0,0,,0.0,0.0,,,0,0,Matches,,,,,,,,,,,,,,,0.0,,,,,,Matches,,0,,,,,,,,,,,1,,,,Matches,,,,,,,,,,,,,,,,,,,,,Matches,alvaro valles,0.0,0.0,0.0,3.662847968749702,3.662847968749702,GK,,,,,,,,,,,,,,,,
2673,Federico Valverde,uy URU,"MF,DF",Real Madrid,es La Liga,27.0,1998.0,33,31,2740.0,30.4,5.0,8.0,13,5,0,0,3,1,0.16,0.26,0.43,0.16,0.43,Matches,5,51,22,43.1,1.68,0.72,0.1,0.23,0,0,Matches,,,,,,,,,,,,,,,8.0,,,,,,Matches,,25,,,,,,,,,,,25,,,,Matches,,,,,,,,,,,,,,,,,,,,,Matches,federico valverde,2.2435944536700845,5.012471796944737,2.2435944536700845,19.056539345532656,15.301276870071888,MF,0.16447368421052633,0.07380244913388437,0.09067123507664196,0.1,,0.2631578947368421,0.16488394068897164,,,,,,,,,
2674,Ignace Van Der Brempt,be BEL,DF,Como,it Serie A,23.0,2002.0,20,11,931.0,10.3,0.0,1.0,1,0,0,0,2,0,0.0,0.1,0.1,0.0,0.1,Matches,0,3,0,0.0,0.29,0.0,0.0,,0,0,Matches,,,,,,,,,,,,,,,1.0,,,,,,Matches,,14,,,,,,,,,,,8,,,,Matches,,,,,,,,,,,,,,,,,,,,,Matches,ignace van der brempt,0.1629508137702942,0.8157258443534374,0.1629508137702942,4.370813526213169,4.091412968933582,DF,0.0,0.01582046735633924,-0.01582046735633924,0.0,,0.0970873786407767,0.07919668391780946,,,,,,,,,
2675,Virgil van Dijk,nl NED,DF,Liverpool,eng Premier League,34.0,1991.0,38,38,3420.0,38.0,6.0,0.0,6,6,0,0,4,0,0.16,0.0,0.16,0.16,0.16,Matches,6,30,14,46.7,0.79,0.37,0.2,0.43,0,0,Matches,,,,,,,,,,,,,,,0.0,,,,,,Matches,,15,,,,,,,,,,,26,,,,Matches,,,,,,,,,,,,,,,,,,,,,Matches,virgil van dijk,4.891236560419202,0.3285368140786886,4.891236560419202,12.485559825785458,11.383180485107005,DF,0.15789473684210525,0.128716751589979,0.029177985252126268,0.2,,0.0,0.0086457056336497,,,,,,,,,
2676,Vladyslav Vanat,ua UKR,FW,Girona,es La Liga,23.0,2002.0,27,27,1942.0,21.6,9.0,1.0,10,6,3,3,4,0,0.42,0.05,0.46,0.28,0.32,Matches,9,27,18,66.7,1.25,0.83,0.33,0.5,3,3,Matches,,,,,,,,,,,,,,,1.0,,,,,,Matches,,3,,,,,,,,,,,3,,,,Matches,,,,,,,,,,,,,,,,,,,,,Matches,vladyslav vanat,9.496832385659218,2.104125237092376,7.2669995576143265,8.851113688200712,1.6265962794423103,FW,0.41666666666666663,0.33643516470436696,-0.0230014993360749,0.33,,0.046296296296296294,0.09741320542094334,,,,,,,,,
2677,Jari Vandeputte,be BEL,MF,Cremonese,it Serie A,29.0,1996.0,32,23,1944.0,21.6,1.0,5.0,6,1,0,0,3,0,0.05,0.23,0.28,0.05,0.28,Matches,1,20,8,40.0,0.93,0.37,0.05,0.13,0,0,Matches,,,,,,,,,,,,,,,5.0,,,,,,Matches,,21,,,,,,,,,,,18,,,,Matches,,,,,,,,,,,,,,,,,,,,,Matches,jari vandeputte,2.11050614900887,6.268006220459938,2.11050614900887,7.40445183776319,4.125671859830618,MF,0.046296296296296294,0.0977086180096699,-0.051412321713373614,0.05,,0.23148148148148145,0.29018547316944154,,,,,,,,,
2678,Vanderson,br BRA,"DF,MF",Monaco,fr Ligue 1,24.0,2001.0,14,7,616.0,6.8,0.0,2.0,2,0,0,0,4,0,0.0,0.29,0.29,0.0,0.29,Matches,0,3,0,0.0,0.44,0.0,0.0,,0,0,Matches,,,,,,,,,,,,,,,2.0,,,,,,Matches,,13,,,,,,,,,,,19,,,,Matches,,,,,,,,,,,,,,,,,,,,,Matches,vanderson,0.1478172391653061,1.3581282254308462,0.1478172391653061,3.2797976564615965,2.639238817617297,DF,0.0,0.021737829289015603,-0.021737829289015603,0.0,,0.29411764705882354,0.19972473903394797,,,,,,,,,
2679,Maarten Vandevoordt,be BEL,GK,RB Leipzig,de Bundesliga,23.0,2002.0,12,11,1052.0,11.7,0.0,0.0,0,0,0,0,0,0,0.0,0.0,0.0,0.0,0.0,Matches,0,0,0,,0.0,0.0,,,0,0,Matches,,,,,,,,,,,,,,,0.0,,,,,,Matches,,0,,,,,,,,,,,0,,,,Matches,,,,,,,,,,,,,,,,,,,,,Matches,maarten vandevoordt,0.0,0.0,0.0,3.504514906555414,3.504514906555414,GK,,,,,,,,,,,,,,,,
2680,Charles Vanhoutte,be BEL,MF,Nice,fr Ligue 1,26.0,1998.0,26,21,1772.0,19.7,0.0,2.0,2,0,0,0,7,0,0.0,0.1,0.1,0.0,0.1,Matches,0,5,1,20.0,0.25,0.05,0.0,0.0,0,0,Matches,,,,,,,,,,,,,,,2.0,,,,,,Matches,,28,,,,,,,,,,,21,,,,Matches,,,,,,,,,,,,,,,,,,,,,Matches,charles vanhoutte,0.2521444540470838,1.149057075381279,0.2521444540470838,6.881905682384968,5.568232594057918,MF,0.0,0.012799210865334204,-0.012799210865334204,0.0,,0.10152284263959391,0.05832777032392279,,,,,,,,,
2681,Jamie Vardy,eng ENG,FW,Cremonese,it Serie A,38.0,1987.0,29,24,2105.0,23.4,7.0,2.0,9,7,0,0,5,0,0.3,0.09,0.38,0.3,0.38,Matches,7,30,14,46.7,1.28,0.6,0.23,0.5,0,0,Matches,,,,,,,,,,,,,,,2.0,,,,,,Matches,,10,,,,,,,,,,,3,,,,Matches,,,,,,,,,,,,,,,,,,,,,Matches,jamie vardy,6.281962929293513,2.123625386506319,6.281962929293513,10.19005998596549,2.679563503712416,FW,0.29914529914529914,0.26845995424331254,0.030685344901986614,0.23,,0.08547008547008547,0.09075322164556919,,,,,,,,,
2682,Obed Vargas,mx MEX,MF,Atlético Madrid,es La Liga,19.0,2005.0,12,8,740.0,8.2,0.0,1.0,1,0,0,0,2,0,0.0,0.12,0.12,0.0,0.12,Matches,0,5,0,0.0,0.61,0.0,0.0,,0,0,Matches,,,,,,,,,,,,,,,1.0,,,,,,Matches,,16,,,,,,,,,,,8,,,,Matches,,,,,,,,,,,,,,,,,,,,,Matches,obed vargas,0.1979613173753023,0.1968949781730771,0.1979613173753023,2.4817810729146004,2.10262493789196,MF,0.0,0.024141624070158817,-0.024141624070158817,0.0,,0.12195121951219513,0.024011582704033797,,,,,,,,,
2683,Ruben Vargas,ch SUI,"MF,FW",Sevilla,es La Liga,26.0,1998.0,24,20,1594.0,17.7,3.0,6.0,9,2,1,1,2,0,0.17,0.34,0.51,0.11,0.45,Matches,3,41,8,19.5,2.31,0.45,0.07,0.38,1,1,Matches,,,,,,,,,,,,,,,6.0,,,,,,Matches,,15,,,,,,,,,,,7,,,,Matches,,,,,,,,,,,,,,,,,,,,,Matches,ruben vargas,3.4263215493410826,3.1103639528155327,2.683043917641044,6.954289648681879,2.946367779746652,MF,0.16949152542372883,0.15158440212661267,-0.024085963239609185,0.07,,0.33898305084745767,0.17572677699522785,,,,,,,,,
2684,Nikola Vasilj,ba BIH,GK,St Pauli,de Bundesliga,29.0,1995.0,34,34,3060.0,34.0,0.0,0.0,0,0,0,0,0,0,0.0,0.0,0.0,0.0,0.0,Matches,0,0,0,,0.0,0.0,,,0,0,Matches,,,,,,,,,,,,,,,0.0,,,,,,Matches,,1,,,,,,,,,,,1,,,,Matches,,,,,,,,,,,,,,,,,,,,,Matches,nikola vasilj,0.0,0.0,0.0,2.8116685058921576,2.8116685058921576,GK,,,,,,,,,,,,,,,,
2685,Johan Vásquez,mx MEX,DF,Genoa,it Serie A,26.0,1998.0,36,36,3215.0,35.7,1.0,0.0,1,1,0,0,2,0,0.03,0.0,0.03,0.03,0.03,Matches,1,24,6,25.0,0.67,0.17,0.04,0.17,0,0,Matches,,,,,,,,,,,,,,,0.0,,,,,,Matches,,38,,,,,,,,,,,46,,,,Matches,,,,,,,,,,,,,,,,,,,,,Matches,johan vasquez,1.88552456907928,0.4650002354755997,1.88552456907928,6.492754224687815,6.209375747479498,DF,0.028011204481792715,0.0528158142599238,-0.02480460977813109,0.04,,0.0,0.013025216679988787,,,,,,,,,
2687,Denis Vavro,sk SVK,DF,Wolfsburg,de Bundesliga,29.0,1996.0,17,13,1176.0,13.1,1.0,0.0,1,1,0,0,2,0,0.08,0.0,0.08,0.08,0.08,Matches,1,12,5,41.7,0.92,0.38,0.08,0.2,0,0,Matches,,,,,,,,,,,,,,,0.0,,,,,,Matches,,5,,,,,,,,,,,14,,,,Matches,,,,,,,,,,,,,,,,,,,,,Matches,denis vavro,1.6649845857173204,0.1777781695127487,1.6649845857173204,1.7065384555608034,1.423941339366138,DF,0.07633587786259542,0.1270980599784214,-0.05076218211582599,0.08,,0.0,0.01357085263456097,,,,,,,,,
2688,José Luis García Vayá,es ESP,"MF,DF",Valencia,es La Liga,26.0,1998.0,31,26,2225.0,24.7,2.0,0.0,2,1,1,3,4,0,0.08,0.0,0.08,0.04,0.04,Matches,2,24,3,12.5,0.97,0.12,0.08,0.67,1,3,Matches,,,,,,,,,,,,,,,0.0,,,,,,Matches,,33,,,,,,,,,,,19,,,,Matches,,,,,,,,,,,,,,,,,,,,,Matches,jose luis garcia vaya,,,,,,MF,0.08097165991902834,,,0.08,,0.0,,,,,,,,,,
2691,Franco Vázquez,ar ARG,"FW,MF",Cremonese,it Serie A,36.0,1989.0,15,4,524.0,5.8,1.0,1.0,2,1,0,0,1,0,0.17,0.17,0.34,0.17,0.34,Matches,1,12,4,33.3,2.06,0.69,0.08,0.25,0,0,Matches,,,,,,,,,,,,,,,1.0,,,,,,Matches,,12,,,,,,,,,,,4,,,,Matches,,,,,,,,,,,,,,,,,,,,,Matches,franco vazquez,1.4491588799282908,1.8917765356600285,1.4491588799282908,3.0313472282141447,1.5376330390572548,FW,0.1724137931034483,0.2498549792979812,-0.07744118619453291,0.08,,0.1724137931034483,0.3261683682172463,,,,,,,,,
2692,Jesus Vazquez,es ESP,"DF,MF",Valencia,es La Liga,22.0,2003.0,24,7,974.0,10.8,0.0,0.0,0,0,0,0,2,0,0.0,0.0,0.0,0.0,0.0,Matches,0,8,2,25.0,0.74,0.18,0.0,0.0,0,0,Matches,,,,,,,,,,,,,,,0.0,,,,,,Matches,,10,,,,,,,,,,,4,,,,Matches,,,,,,,,,,,,,,,,,,,,,Matches,jesus vazquez,0.2909505907446146,1.52333901822567,0.2909505907446146,5.841807333752513,4.413359213620424,DF,0.0,0.02693986951339024,-0.02693986951339024,0.0,,0.0,0.14104990909496945,,,,,,,,,
2693,Lucas Vázquez,es ESP,MF,Leverkusen,de Bundesliga,34.0,1991.0,12,6,481.0,5.3,1.0,2.0,3,1,0,0,2,0,0.19,0.37,0.56,0.19,0.56,Matches,1,4,1,25.0,0.75,0.19,0.25,1.0,0,0,Matches,,,,,,,,,,,,,,,2.0,,,,,,Matches,,4,,,,,,,,,,,2,,,,Matches,,,,,,,,,,,,,,,,,,,,,Matches,lucas vazquez,0.9143912717700003,2.509555133059621,0.9143912717700003,5.7617636397480965,2.454696498811245,MF,0.18867924528301888,0.17252665505094347,0.016152590232075405,0.25,,0.37735849056603776,0.4735009685018153,,,,,,,,,
2694,Luis Vázquez,ar ARG,FW,Getafe,es La Liga,24.0,2001.0,17,14,1194.0,13.3,3.0,1.0,4,3,0,0,2,0,0.23,0.08,0.3,0.23,0.3,Matches,3,25,9,36.0,1.88,0.68,0.12,0.33,0,0,Matches,,,,,,,,,,,,,,,1.0,,,,,,Matches,,3,,,,,,,,,,,4,,,,Matches,,,,,,,,,,,,,,,,,,,,,Matches,luis vazquez,2.6704405779019,0.1650496739894151,2.6704405779019,4.0771912625059485,1.7306871116161346,FW,0.22556390977443608,0.2007850058572857,0.02477890391715039,0.12,,0.07518796992481203,0.012409749924016174,,,,,,,,,
2695,Matías Vecino,uy URU,MF,Lazio,it Serie A,33.0,1991.0,13,5,603.0,6.7,0.0,1.0,1,0,0,0,1,0,0.0,0.15,0.15,0.0,0.15,Matches,0,7,1,14.3,1.04,0.15,0.0,0.0,0,0,Matches,,,,,,,,,,,,,,,1.0,,,,,,Matches,,9,,,,,,,,,,,7,,,,Matches,,,,,,,,,,,,,,,,,,,,,Matches,matias vecino,0.0422598384320735,0.0,0.0422598384320735,0.9760599210858344,0.9568000212311744,MF,0.0,0.006307438571951269,-0.006307438571951269,0.0,,0.14925373134328357,0.0,,,,,,,,,
2697,Danilo Veiga,pt POR,DF,Lecce,it Serie A,22.0,2002.0,36,33,3020.0,33.6,0.0,1.0,1,0,0,0,9,0,0.0,0.03,0.03,0.0,0.03,Matches,0,6,2,33.3,0.18,0.06,0.0,0.0,0,0,Matches,,,,,,,,,,,,,,,1.0,,,,,,Matches,,53,,,,,,,,,,,32,,,,Matches,,,,,,,,,,,,,,,,,,,,,Matches,danilo veiga,0.258736458607018,1.432144824415445,0.258736458607018,4.834762010723352,3.6639139968901873,DF,0.0,0.007700489839494583,-0.007700489839494583,0.0,,0.02976190476190476,0.04262335786950729,,,,,,,,,
2698,Renato Veiga,pt POR,DF,Villarreal,es La Liga,22.0,2003.0,32,27,2481.0,27.6,0.0,0.0,0,0,0,0,5,1,0.0,0.0,0.0,0.0,0.0,Matches,0,9,3,33.3,0.33,0.11,0.0,0.0,0,0,Matches,,,,,,,,,,,,,,,0.0,,,,,,Matches,,9,,,,,,,,,,,26,,,,Matches,,,,,,,,,,,,,,,,,,,,,Matches,renato veiga,0.1982421772554516,0.1171861607581377,0.1982421772554516,12.081188935786486,11.930671013891695,DF,0.0,0.0071826875817192605,-0.0071826875817192605,0.0,,0.0,0.004245875389787598,,,,,,,,,
2699,Joël Veltman,nl NED,DF,Brighton,eng Premier League,33.0,1992.0,24,9,1058.0,11.8,1.0,0.0,1,1,0,0,5,0,0.09,0.0,0.09,0.09,0.09,Matches,1,4,1,25.0,0.34,0.09,0.25,1.0,0,0,Matches,,,,,,,,,,,,,,,0.0,,,,,,Matches,,17,,,,,,,,,,,19,,,,Matches,,,,,,,,,,,,,,,,,,,,,Matches,joel veltman,1.064280278980732,0.252019003033638,1.064280278980732,2.46354559995234,2.3217557463794947,DF,0.0847457627118644,0.09019324398141795,-0.005447481269553556,0.25,,0.0,0.02135754262996932,,,,,,,,,
2700,Micky van de Ven,nl NED,DF,Tottenham,eng Premier League,24.0,2001.0,35,35,3041.0,33.8,4.0,1.0,5,4,0,0,9,1,0.12,0.03,0.15,0.12,0.15,Matches,4,16,6,37.5,0.47,0.18,0.25,0.67,0,0,Matches,,,,,,,,,,,,,,,1.0,,,,,,Matches,,20,,,,,,,,,,,21,,,,Matches,,,,,,,,,,,,,,,,,,,,,Matches,micky van de ven,2.4525543581694365,1.0142897926270962,2.4525543581694365,5.581554230302572,5.243820492178202,DF,0.1183431952662722,0.07256077982749813,0.04578241543877407,0.25,,0.02958579881656805,0.030008573746363794,,,,,,,,,
2701,Unai Vencedor Paris,es ESP,MF,Levante,es La Liga,24.0,2000.0,16,11,812.0,9.0,0.0,0.0,0,0,0,0,3,1,0.0,0.0,0.0,0.0,0.0,Matches,0,0,0,,0.0,0.0,,,0,0,Matches,,,,,,,,,,,,,,,0.0,,,,,,Matches,,13,,,,,,,,,,,4,,,,Matches,,,,,,,,,,,,,,,,,,,,,Matches,unai vencedor paris,0.0,1.509224282577634,0.0,2.1353150978684425,1.1437988132238388,MF,0.0,0.0,0.0,,,0.0,0.16769158695307046,,,,,,,,,
2704,Nikolas Veratschnig,at AUT,"MF,DF",Mainz 05,de Bundesliga,22.0,2003.0,21,6,660.0,7.3,0.0,1.0,1,0,0,0,3,0,0.0,0.14,0.14,0.0,0.14,Matches,0,4,1,25.0,0.55,0.14,0.0,0.0,0,0,Matches,,,,,,,,,,,,,,,1.0,,,,,,Matches,,13,,,,,,,,,,,10,,,,Matches,,,,,,,,,,,,,,,,,,,,,Matches,nikolas veratschnig,0.147859844379127,1.0244743488729,0.147859844379127,1.3057616231963038,0.501030370593071,MF,0.0,0.020254773202620136,-0.020254773202620136,0.0,,0.136986301369863,0.14033895190039727,,,,,,,,,
2705,Bart Verbruggen,nl NED,GK,Brighton,eng Premier League,22.0,2002.0,38,38,3420.0,38.0,0.0,0.0,0,0,0,0,3,0,0.0,0.0,0.0,0.0,0.0,Matches,0,0,0,,0.0,0.0,,,0,0,Matches,,,,,,,,,,,,,,,0.0,,,,,,Matches,,1,,,,,,,,,,,0,,,,Matches,,,,,,,,,,,,,,,,,,,,,Matches,bart verbruggen,0.0,0.076464258134365,0.0,7.377120533958077,7.377120533958077,GK,,,,,,,,,,,,,,,,
2706,Calvin Verdonk,id IDN,DF,Lille,fr Ligue 1,28.0,1997.0,18,7,790.0,8.8,0.0,0.0,0,0,0,0,3,1,0.0,0.0,0.0,0.0,0.0,Matches,0,3,1,33.3,0.34,0.11,0.0,0.0,0,0,Matches,,,,,,,,,,,,,,,0.0,,,,,,Matches,,10,,,,,,,,,,,15,,,,Matches,,,,,,,,,,,,,,,,,,,,,Matches,calvin verdonk,0.0447092773392796,0.6956469472497702,0.0447092773392796,3.652131300419569,3.151029270142317,DF,0.0,0.005080599697645409,-0.005080599697645409,0.0,,0.0,0.07905078946020115,,,,,,,,,
2707,Antonio Vergara,it ITA,MF,Napoli,it Serie A,22.0,2003.0,12,8,612.0,6.8,1.0,2.0,3,1,0,0,2,0,0.15,0.29,0.44,0.15,0.44,Matches,1,10,3,30.0,1.47,0.44,0.1,0.33,0,0,Matches,,,,,,,,,,,,,,,2.0,,,,,,Matches,,9,,,,,,,,,,,4,,,,Matches,,,,,,,,,,,,,,,,,,,,,Matches,antonio vergara,0.7055973187088966,0.8353275340050459,0.7055973187088966,2.610380455851555,1.256837198510766,MF,0.14705882352941177,0.10376431157483774,0.043294511954574025,0.1,,0.29411764705882354,0.12284228441250675,,,,,,,,,
2708,Arthur Vermeeren,be BEL,MF,Marseille,fr Ligue 1,20.0,2005.0,20,10,828.0,9.2,0.0,1.0,1,0,0,0,1,1,0.0,0.11,0.11,0.0,0.11,Matches,0,3,1,33.3,0.33,0.11,0.0,0.0,0,0,Matches,,,,,,,,,,,,,,,1.0,,,,,,Matches,,11,,,,,,,,,,,11,,,,Matches,,,,,,,,,,,,,,,,,,,,,Matches,arthur vermeeren,0.3678686078637838,0.7389395069330931,0.3678686078637838,4.488341554999352,3.467931855469942,MF,0.0,0.03998571824606346,-0.03998571824606346,0.0,,0.10869565217391305,0.0803195116231623,,,,,,,,,
2711,Mikel Vesga,es ESP,MF,Athletic Club,es La Liga,32.0,1993.0,23,1,465.0,5.2,0.0,0.0,0,0,0,0,0,0,0.0,0.0,0.0,0.0,0.0,Matches,0,3,0,0.0,0.58,0.0,0.0,,0,0,Matches,,,,,,,,,,,,,,,0.0,,,,,,Matches,,10,,,,,,,,,,,9,,,,Matches,,,,,,,,,,,,,,,,,,,,,Matches,mikel vesga,0.2157706804573536,0.1244056141003966,0.2157706804573536,1.2043952187523246,1.042739911004901,MF,0.0,0.04149436162641415,-0.04149436162641415,0.0,,0.0,0.023924156557768576,,,,,,,,,
2712,Guglielmo Vicario,it ITA,GK,Tottenham,eng Premier League,28.0,1996.0,31,31,2790.0,31.0,0.0,0.0,0,0,0,0,1,0,0.0,0.0,0.0,0.0,0.0,Matches,0,0,0,,0.0,0.0,,,0,0,Matches,,,,,,,,,,,,,,,0.0,,,,,,Matches,,1,,,,,,,,,,,0,,,,Matches,,,,,,,,,,,,,,,,,,,,,Matches,guglielmo vicario,0.0,0.0718652158975601,0.0,3.511237784288824,3.4393725832924247,GK,,,,,,,,,,,,,,,,
2713,Carlos Vicente,es ESP,MF,Alavés,es La Liga,26.0,1999.0,21,11,1258.0,14.0,5.0,0.0,5,2,3,3,1,0,0.36,0.0,0.36,0.14,0.14,Matches,5,12,6,50.0,0.86,0.43,0.42,0.83,3,3,Matches,,,,,,,,,,,,,,,0.0,,,,,,Matches,,18,,,,,,,,,,,7,,,,Matches,,,,,,,,,,,,,,,,,,,,,Matches,carlos vicente,3.714753158390522,3.857187973335385,1.4849203303456306,5.572600442916155,1.6297904159873724,MF,0.35714285714285715,0.10606573788183075,0.09180334582924843,0.42,,0.0,0.2755134266668132,,,,,,,,,
2714,Nacho Vidal,es ESP,DF,Oviedo,es La Liga,30.0,1995.0,29,27,2263.0,25.1,0.0,0.0,0,0,0,0,4,0,0.0,0.0,0.0,0.0,0.0,Matches,0,15,3,20.0,0.6,0.12,0.0,0.0,0,0,Matches,,,,,,,,,,,,,,,0.0,,,,,,Matches,,30,,,,,,,,,,,29,,,,Matches,,,,,,,,,,,,,,,,,,,,,Matches,nacho vidal,2.859865885227918,0.3238163329660892,2.859865885227918,5.2956321854144335,2.365584071725607,DF,0.0,0.11393887988955849,-0.11393887988955849,0.0,,0.0,0.012901049122154947,,,,,,,,,
2715,Fabio Vieira,pt POR,"MF,FW",Hamburger SV,de Bundesliga,25.0,2000.0,29,25,2206.0,24.5,7.0,5.0,12,6,1,1,4,2,0.29,0.2,0.49,0.24,0.45,Matches,7,59,19,32.2,2.41,0.78,0.12,0.37,1,1,Matches,,,,,,,,,,,,,,,5.0,,,,,,Matches,,9,,,,,,,,,,,15,,,,Matches,,,,,,,,,,,,,,,,,,,,,Matches,fabio vieira,4.894621319137514,4.638651036657393,4.136844581924379,12.298777882009745,5.455926336348057,MF,0.2857142857142857,0.16885079926221955,0.08593382370867292,0.12,,0.20408163265306123,0.18933269537377115,,,,,,,,,
2717,Gonzalo Villar,es ESP,MF,Elche,es La Liga,27.0,1998.0,12,8,718.0,8.0,1.0,0.0,1,1,0,0,3,0,0.13,0.0,0.13,0.13,0.13,Matches,1,4,1,25.0,0.5,0.13,0.25,1.0,0,0,Matches,,,,,,,,,,,,,,,0.0,,,,,,Matches,,9,,,,,,,,,,,2,,,,Matches,,,,,,,,,,,,,,,,,,,,,Matches,gonzalo villar,0.214775089174509,0.0481224060058593,0.214775089174509,2.1673560813069344,1.957960419356823,MF,0.125,0.026846886146813624,0.09815311385318637,0.25,,0.0,0.006015300750732412,,,,,,,,,
2718,Federico Viñas,uy URU,"FW,MF",Oviedo,es La Liga,27.0,1998.0,33,28,2439.0,27.1,9.0,1.0,10,7,2,2,7,3,0.33,0.04,0.37,0.26,0.3,Matches,9,57,21,36.8,2.1,0.77,0.16,0.43,2,2,Matches,,,,,,,,,,,,,,,1.0,,,,,,Matches,,32,,,,,,,,,,,13,,,,Matches,,,,,,,,,,,,,,,,,,,,,Matches,federico vinas,9.87893870100379,3.027751691639424,8.392383448779583,8.796410974115133,2.640840981155634,FW,0.33210332103321033,0.3096820460804274,-0.03243316239866383,0.16,,0.03690036900369004,0.11172515467304146,,,,,,,,,
2719,Jan Virgili,es ESP,"MF,FW",Mallorca,es La Liga,19.0,2006.0,31,19,1792.0,19.9,2.0,4.0,6,2,0,0,0,1,0.1,0.2,0.3,0.1,0.3,Matches,2,32,16,50.0,1.61,0.8,0.06,0.13,0,0,Matches,,,,,,,,,,,,,,,4.0,,,,,,Matches,,10,,,,,,,,,,,7,,,,Matches,,,,,,,,,,,,,,,,,,,,,Matches,jan virgili,2.593278208747506,3.770471728406848,2.593278208747506,7.063589424826205,2.66401737742126,MF,0.10050251256281408,0.13031548787675912,-0.029812975313945035,0.06,,0.20100502512562815,0.18947094112597226,,,,,,,,,
2721,Martin Vitík,cz CZE,DF,Bologna,it Serie A,22.0,2003.0,19,14,1325.0,14.7,0.0,0.0,0,0,0,0,3,0,0.0,0.0,0.0,0.0,0.0,Matches,0,8,2,25.0,0.54,0.14,0.0,0.0,0,0,Matches,,,,,,,,,,,,,,,0.0,,,,,,Matches,,22,,,,,,,,,,,8,,,,Matches,,,,,,,,,,,,,,,,,,,,,Matches,martin vitik,0.7379880752414465,0.170901820063591,0.7379880752414465,1.804028332233429,1.5788080394268036,DF,0.0,0.0502032704245882,-0.0502032704245882,0.0,,0.0,0.011625974153985783,,,,,,,,,
2722,Vitinha,pt POR,MF,PSG,fr Ligue 1,25.0,2000.0,29,24,2119.0,23.5,1.0,7.0,8,1,0,0,2,0,0.04,0.3,0.34,0.04,0.34,Matches,1,34,10,29.4,1.44,0.42,0.03,0.1,0,0,Matches,,,,,,,,,,,,,,,7.0,,,,,,Matches,,20,,,,,,,,,,,26,,,,Matches,,,,,,,,,,,,,,,,,,,,,Matches,vitinha,6.909197731874883,2.17753553763032,6.909197731874883,9.6502389581874,2.648514298722148,MF,0.0425531914893617,0.29400841412233547,-0.25145522263297376,0.03,,0.2978723404255319,0.09266108670767319,,,,,,,,,
2723,Vitinha,pt POR,"FW,MF",Genoa,it Serie A,25.0,2000.0,35,28,2226.0,24.7,5.0,1.0,6,5,0,0,5,0,0.2,0.04,0.24,0.2,0.24,Matches,5,65,20,30.8,2.63,0.81,0.08,0.25,0,0,Matches,,,,,,,,,,,,,,,1.0,,,,,,Matches,,32,,,,,,,,,,,14,,,,Matches,,,,,,,,,,,,,,,,,,,,,Matches,vitinha,6.909197731874883,2.17753553763032,6.909197731874883,9.6502389581874,2.648514298722148,FW,0.20242914979757085,0.2797246045293475,-0.07729545473177665,0.08,,0.04048582995951417,0.0881593335073004,,,,,,,,,
2724,Daniel Vivian,es ESP,DF,Athletic Club,es La Liga,26.0,1999.0,31,28,2564.0,28.5,1.0,0.0,1,1,0,0,8,1,0.04,0.0,0.04,0.04,0.04,Matches,1,17,6,35.3,0.6,0.21,0.06,0.17,0,0,Matches,,,,,,,,,,,,,,,0.0,,,,,,Matches,,38,,,,,,,,,,,34,,,,Matches,,,,,,,,,,,,,,,,,,,,,Matches,daniel vivian,1.454393805935979,1.5971452463418243,1.454393805935979,7.594794306904077,6.529198620468378,DF,0.03508771929824561,0.051031361611788735,-0.01594364231354312,0.06,,0.0,0.05604018408216927,,,,,,,,,
2725,Odysseas Vlachodimos,gr GRE,GK,Sevilla,es La Liga,31.0,1994.0,33,33,2970.0,33.0,0.0,0.0,0,0,0,0,1,0,0.0,0.0,0.0,0.0,0.0,Matches,0,0,0,,0.0,0.0,,,0,0,Matches,,,,,,,,,,,,,,,0.0,,,,,,Matches,,0,,,,,,,,,,,1,,,,Matches,,,,,,,,,,,,,,,,,,,,,Matches,odysseas vlachodimos,0.0,0.0,0.0,2.363366136327386,2.363366136327386,GK,,,,,,,,,,,,,,,,
2726,Dušan Vlahović,rs SRB,FW,Juventus,it Serie A,25.0,2000.0,19,11,968.0,10.8,7.0,1.0,8,6,1,1,0,0,0.65,0.09,0.74,0.56,0.65,Matches,7,49,18,36.7,4.56,1.67,0.14,0.39,1,1,Matches,,,,,,,,,,,,,,,1.0,,,,,,Matches,,3,,,,,,,,,,,2,,,,Matches,,,,,,,,,,,,,,,,,,,,,Matches,dusan vlahovic,7.53763036429882,1.247139237821102,6.776331529021263,8.03644740395248,1.5761071387678385,FW,0.6481481481481481,0.6274381045390058,-0.04978058928692774,0.14,,0.09259259259259259,0.11547585535380572,,,,,,,,,
2727,Nikola Vlašić,hr CRO,"MF,FW",Torino,it Serie A,27.0,1997.0,37,36,3043.0,33.8,8.0,3.0,11,3,5,5,7,0,0.24,0.09,0.33,0.09,0.18,Matches,8,49,17,34.7,1.45,0.5,0.16,0.47,5,5,Matches,,,,,,,,,,,,,,,3.0,,,,,,Matches,,39,,,,,,,,,,,22,,,,Matches,,,,,,,,,,,,,,,,,,,,,Matches,nikola vlasic,7.40812112763524,4.68042840436101,3.601626990363002,14.853947822004557,8.530875468626618,MF,0.2366863905325444,0.10655701154920125,0.01751120924156096,0.16,,0.08875739644970415,0.13847421314677544,,,,,,,,,
2728,Mërgim Vojvoda,xk KVX,"MF,DF",Como,it Serie A,30.0,1995.0,30,19,1591.0,17.7,2.0,2.0,4,2,0,0,2,0,0.11,0.11,0.23,0.11,0.23,Matches,2,18,7,38.9,1.02,0.4,0.11,0.29,0,0,Matches,,,,,,,,,,,,,,,2.0,,,,,,Matches,,4,,,,,,,,,,,14,,,,Matches,,,,,,,,,,,,,,,,,,,,,Matches,mergim vojvoda,1.4710992444306612,3.094263934530318,1.4710992444306612,7.919539753347635,4.826663876883686,MF,0.11299435028248588,0.08311295166274922,0.029881398619736658,0.11,,0.11299435028248588,0.17481717144239084,,,,,,,,,
2729,Cristian Volpato,au AUS,FW,Sassuolo,it Serie A,21.0,2003.0,24,11,1064.0,11.8,2.0,4.0,6,2,0,0,4,0,0.17,0.34,0.51,0.17,0.51,Matches,2,21,7,33.3,1.78,0.59,0.1,0.29,0,0,Matches,,,,,,,,,,,,,,,4.0,,,,,,Matches,,11,,,,,,,,,,,6,,,,Matches,,,,,,,,,,,,,,,,,,,,,Matches,cristian volpato,1.749022038653493,2.896068687550724,1.749022038653493,6.181194823235273,2.2634265329688787,FW,0.1694915254237288,0.14822220666555025,0.021269318758178564,0.1,,0.3389830508474576,0.24542954979243423,,,,,,,,,
2730,Alexis Vossah,fr FRA,MF,Toulouse,fr Ligue 1,17.0,2008.0,23,12,1092.0,12.1,1.0,1.0,2,1,0,0,5,1,0.08,0.08,0.16,0.08,0.16,Matches,1,9,2,22.2,0.74,0.16,0.11,0.5,0,0,Matches,,,,,,,,,,,,,,,1.0,,,,,,Matches,,7,,,,,,,,,,,7,,,,Matches,,,,,,,,,,,,,,,,,,,,,Matches,alexis vossah,0.4475819719955325,0.6934271529316902,0.4475819719955325,2.707592196762562,2.048197515308857,MF,0.08264462809917356,0.0369902456194655,0.04565438247970806,0.11,,0.08264462809917356,0.05730802916790828,,,,,,,,,
2731,Aster Vranckx,be BEL,MF,Sassuolo,it Serie A,22.0,2002.0,16,9,690.0,7.7,0.0,0.0,0,0,0,0,2,0,0.0,0.0,0.0,0.0,0.0,Matches,0,3,1,33.3,0.39,0.13,0.0,0.0,0,0,Matches,,,,,,,,,,,,,,,0.0,,,,,,Matches,,9,,,,,,,,,,,0,,,,Matches,,,,,,,,,,,,,,,,,,,,,Matches,aster vranckx,0.0885750222951173,0.0952156260609626,0.0885750222951173,1.1440454255789518,1.0025428906083107,MF,0.0,0.011503249648716532,-0.011503249648716532,0.0,,0.0,0.012365665722202934,,,,,,,,,
2732,Stefan de Vrij,nl NED,DF,Inter,it Serie A,33.0,1992.0,11,8,670.0,7.4,0.0,0.0,0,0,0,0,1,0,0.0,0.0,0.0,0.0,0.0,Matches,0,6,2,33.3,0.81,0.27,0.0,0.0,0,0,Matches,,,,,,,,,,,,,,,0.0,,,,,,Matches,,12,,,,,,,,,,,7,,,,Matches,,,,,,,,,,,,,,,,,,,,,Matches,stefan de vrij,0.3569717379286885,0.1030677296221256,0.3569717379286885,5.014415010809898,4.854875788092613,DF,0.0,0.04823942404441737,-0.04823942404441737,0.0,,0.0,0.013928071570557513,,,,,,,,,
2733,İsak Vural,tr TUR,MF,Pisa,it Serie A,19.0,2006.0,15,9,752.0,8.4,0.0,0.0,0,0,0,0,4,0,0.0,0.0,0.0,0.0,0.0,Matches,0,6,1,16.7,0.72,0.12,0.0,0.0,0,0,Matches,,,,,,,,,,,,,,,0.0,,,,,,Matches,,7,,,,,,,,,,,2,,,,Matches,,,,,,,,,,,,,,,,,,,,,Matches,isak vural,0.761934264563024,0.1692916788160801,0.761934264563024,1.9328494872897863,1.2197597604244947,MF,0.0,0.09070646006702666,-0.09070646006702666,0.0,,0.0,0.02015377128762858,,,,,,,,,
2734,Luka Vušković,hr CRO,DF,Hamburger SV,de Bundesliga,18.0,2007.0,28,27,2442.0,27.1,6.0,0.0,6,5,1,1,6,0,0.22,0.0,0.22,0.18,0.18,Matches,6,32,10,31.3,1.18,0.37,0.19,0.6,1,1,Matches,,,,,,,,,,,,,,,0.0,,,,,,Matches,,17,,,,,,,,,,,40,,,,Matches,,,,,,,,,,,,,,,,,,,,,Matches,luka vuskovic,4.682130139321089,0.5671260496601462,3.924353461712599,8.051702403463423,6.383656639605761,DF,0.22140221402214022,0.14481009083810326,0.0486298841578934,0.19,,0.0,0.020927160504064436,,,,,,,,,
2736,Elye Wahi,ci CIV,FW,Nice,fr Ligue 1,22.0,2003.0,14,11,922.0,10.2,5.0,1.0,6,4,1,1,5,0,0.49,0.1,0.59,0.39,0.49,Matches,5,23,15,65.2,2.25,1.46,0.22,0.33,1,1,Matches,,,,,,,,,,,,,,,1.0,,,,,,Matches,,4,,,,,,,,,,,2,,,,Matches,,,,,,,,,,,,,,,,,,,,,Matches,elye wahi,4.234686259180307,0.7982091940939426,3.474591109901666,4.848278559744358,1.0522057861089706,FW,0.4901960784313726,0.3406461872452614,0.07503075890389144,0.22,,0.09803921568627452,0.0782558033425434,,,,,,,,,
2738,Hauke Wahl,de GER,DF,St Pauli,de Bundesliga,31.0,1994.0,30,29,2592.0,28.8,2.0,1.0,3,2,0,0,1,0,0.07,0.03,0.1,0.07,0.1,Matches,2,10,4,40.0,0.35,0.14,0.2,0.5,0,0,Matches,,,,,,,,,,,,,,,1.0,,,,,,Matches,,32,,,,,,,,,,,31,,,,Matches,,,,,,,,,,,,,,,,,,,,,Matches,hauke wahl,0.5231343070045114,0.6354480646550655,0.5231343070045114,3.787176057696344,3.6133358404040337,DF,0.06944444444444445,0.018164385659878865,0.051280058784565576,0.2,,0.034722222222222224,0.022064168911634218,,,,,,,,,
2739,Luca Waldschmidt,de GER,"FW,MF",Köln,de Bundesliga,29.0,1996.0,24,7,677.0,7.5,5.0,4.0,9,3,2,2,1,0,0.66,0.53,1.2,0.4,0.93,Matches,5,26,13,50.0,3.46,1.73,0.19,0.38,2,2,Matches,,,,,,,,,,,,,,,4.0,,,,,,Matches,,3,,,,,,,,,,,4,,,,Matches,,,,,,,,,,,,,,,,,,,,,Matches,luca waldschmidt,,,,,,FW,0.6666666666666666,,,0.19,,0.5333333333333333,,,,,,,,,,
2740,Kyle Walker,eng ENG,"DF,MF",Burnley,eng Premier League,35.0,1990.0,36,35,3096.0,34.4,0.0,2.0,2,0,0,0,9,0,0.0,0.06,0.06,0.0,0.06,Matches,0,4,0,0.0,0.12,0.0,0.0,,0,0,Matches,,,,,,,,,,,,,,,2.0,,,,,,Matches,,32,,,,,,,,,,,43,,,,Matches,,,,,,,,,,,,,,,,,,,,,Matches,kyle walker,0.0930412104353308,1.6653890665620563,0.0930412104353308,9.239772559143605,9.072032039053738,DF,0.0,0.0027046863498642673,-0.0027046863498642673,0.0,,0.05813953488372093,0.04841247286517606,,,,,,,,,
2741,Kyle Walker-Peters,eng ENG,DF,West Ham,eng Premier League,28.0,1997.0,23,15,1383.0,15.4,1.0,0.0,1,1,0,0,2,0,0.07,0.0,0.07,0.07,0.07,Matches,1,5,3,60.0,0.33,0.2,0.2,0.33,0,0,Matches,,,,,,,,,,,,,,,0.0,,,,,,Matches,,30,,,,,,,,,,,9,,,,Matches,,,,,,,,,,,,,,,,,,,,,Matches,kyle walker peters,1.1882447563111782,0.3569928742945194,1.1882447563111782,4.904916271567345,3.5975223556160927,DF,0.06493506493506493,0.07715875040981676,-0.012223685474751831,0.2,,0.0,0.023181355473670093,,,,,,,,,
2742,Sebastian Walukiewicz,pl POL,DF,Sassuolo,it Serie A,25.0,2000.0,34,33,2852.0,31.7,0.0,1.0,1,0,0,0,7,0,0.0,0.03,0.03,0.0,0.03,Matches,0,7,0,0.0,0.22,0.0,0.0,,0,0,Matches,,,,,,,,,,,,,,,1.0,,,,,,Matches,,34,,,,,,,,,,,23,,,,Matches,,,,,,,,,,,,,,,,,,,,,Matches,sebastian walukiewicz,0.1800192967057228,2.0545829758048058,0.1800192967057228,8.79346252931282,7.566686389502138,DF,0.0,0.005678842167372959,-0.005678842167372959,0.0,,0.031545741324921134,0.0648133430853251,,,,,,,,,
2743,Aaron Wan-Bissaka,cd COD,"DF,MF",West Ham,eng Premier League,27.0,1997.0,25,23,2081.0,23.1,0.0,2.0,2,0,0,0,4,0,0.0,0.09,0.09,0.0,0.09,Matches,0,0,0,,0.0,0.0,,,0,0,Matches,,,,,,,,,,,,,,,2.0,,,,,,Matches,,24,,,,,,,,,,,41,,,,Matches,,,,,,,,,,,,,,,,,,,,,Matches,aaron wan bissaka,0.0,1.428995594382286,0.0,3.827808958478272,3.086061582900584,DF,0.0,0.0,0.0,,,0.08658008658008658,0.0618612811420903,,,,,,,,,
2745,James Ward-Prowse,eng ENG,MF,Burnley,eng Premier League,30.0,1994.0,13,7,684.0,7.6,0.0,1.0,1,0,0,0,1,0,0.0,0.13,0.13,0.0,0.13,Matches,0,3,2,66.7,0.39,0.26,0.0,0.0,0,0,Matches,,,,,,,,,,,,,,,1.0,,,,,,Matches,,4,,,,,,,,,,,15,,,,Matches,,,,,,,,,,,,,,,,,,,,,Matches,james ward prowse,0.1810428909957409,3.429459560662508,0.1810428909957409,3.5722367390990257,3.075804917141795,MF,0.0,0.02382143302575538,-0.02382143302575538,0.0,,0.13157894736842105,0.4512446790345406,,,,,,,,,
2746,Ollie Watkins,eng ENG,FW,Aston Villa,eng Premier League,29.0,1995.0,37,33,2839.0,31.5,16.0,3.0,19,16,0,0,4,0,0.51,0.1,0.6,0.51,0.6,Matches,16,83,38,45.8,2.63,1.2,0.19,0.42,0,0,Matches,,,,,,,,,,,,,,,3.0,,,,,,Matches,,14,,,,,,,,,,,5,,,,Matches,,,,,,,,,,,,,,,,,,,,,Matches,ollie watkins,18.82772558834404,2.816021606326103,18.82772558834404,21.74590409174561,4.3408186649903655,FW,0.5079365079365079,0.5977055742331442,-0.08976906629663622,0.19,,0.09523809523809523,0.08939751131193978,,,,,,,,,
2748,Timothy Weah,us USA,"MF,DF",Marseille,fr Ligue 1,25.0,2000.0,29,26,2253.0,25.0,2.0,2.0,4,2,0,0,5,0,0.08,0.08,0.16,0.08,0.16,Matches,2,29,10,34.5,1.16,0.4,0.07,0.2,0,0,Matches,,,,,,,,,,,,,,,2.0,,,,,,Matches,,35,,,,,,,,,,,15,,,,Matches,,,,,,,,,,,,,,,,,,,,,Matches,timothy weah,2.7870269222185016,3.784172408282757,2.7870269222185016,17.289419043809175,12.779591096565127,MF,0.08,0.11148107688874007,-0.031481076888740064,0.07,,0.08,0.15136689633131029,,,,,,,,,
2750,Nelson Weiper,de GER,FW,Mainz 05,de Bundesliga,20.0,2005.0,24,3,558.0,6.2,0.0,0.0,0,0,0,0,1,0,0.0,0.0,0.0,0.0,0.0,Matches,0,13,6,46.2,2.1,0.97,0.0,0.0,0,0,Matches,,,,,,,,,,,,,,,0.0,,,,,,Matches,,2,,,,,,,,,,,3,,,,Matches,,,,,,,,,,,,,,,,,,,,,Matches,nelson weiper,2.777646102011204,0.3957122415304184,2.777646102011204,1.864802185446024,0.2630641795694828,FW,0.0,0.44800743580825875,-0.44800743580825875,0.0,,0.0,0.06382455508555135,,,,,,,,,
2752,Danny Welbeck,eng ENG,FW,Brighton,eng Premier League,34.0,1990.0,37,26,2258.0,25.1,13.0,1.0,14,12,1,3,5,0,0.52,0.04,0.56,0.48,0.52,Matches,13,56,28,50.0,2.23,1.12,0.23,0.46,1,3,Matches,,,,,,,,,,,,,,,1.0,,,,,,Matches,,14,,,,,,,,,,,8,,,,Matches,,,,,,,,,,,,,,,,,,,,,Matches,danny welbeck,12.718900069594383,2.2625304386019707,10.435393424704673,14.98485920764506,4.79668786842376,FW,0.5179282868525896,0.4157527260838515,0.011199200414566405,0.23,,0.0398406374501992,0.0901406549243813,,,,,,,,,
2755,Wesley,br BRA,MF,Roma,it Serie A,21.0,2003.0,30,28,2448.0,27.2,5.0,0.0,5,5,0,0,7,2,0.18,0.0,0.18,0.18,0.18,Matches,5,25,13,52.0,0.92,0.48,0.2,0.38,0,0,Matches,,,,,,,,,,,,,,,0.0,,,,,,Matches,,40,,,,,,,,,,,23,,,,Matches,,,,,,,,,,,,,,,,,,,,,Matches,wesley,0.0101176528260111,0.0,0.0101176528260111,0.0711119649931788,0.0609943121671676,MF,0.18382352941176472,0.0003719725303680551,0.18345155688139667,0.2,,0.0,0.0,,,,,,,,,
2756,Adam Wharton,eng ENG,MF,Crystal Palace,eng Premier League,21.0,2004.0,34,29,2552.0,28.4,1.0,5.0,6,1,0,0,6,1,0.04,0.18,0.21,0.04,0.21,Matches,1,32,6,18.8,1.13,0.21,0.03,0.17,0,0,Matches,,,,,,,,,,,,,,,5.0,,,,,,Matches,,36,,,,,,,,,,,27,,,,Matches,,,,,,,,,,,,,,,,,,,,,Matches,adam wharton,1.1520960042253137,6.6245664320886135,1.1520960042253137,14.679165456444023,10.561547454446554,MF,0.035211267605633804,0.040566760712158936,-0.005355493106525129,0.03,,0.17605633802816903,0.2332593814115709,,,,,,,,,
2757,Ben White,eng ENG,DF,Arsenal,eng Premier League,27.0,1997.0,12,9,702.0,7.8,0.0,1.0,1,0,0,0,0,0,0.0,0.13,0.13,0.0,0.13,Matches,0,5,1,20.0,0.64,0.13,0.0,0.0,0,0,Matches,,,,,,,,,,,,,,,1.0,,,,,,Matches,,9,,,,,,,,,,,9,,,,Matches,,,,,,,,,,,,,,,,,,,,,Matches,ben white,0.2829237170517444,1.557781394571066,0.2829237170517444,4.4763969369232655,3.178620528429746,DF,0.0,0.03627227141689031,-0.03627227141689031,0.0,,0.12820512820512822,0.19971556340654692,,,,,,,,,
2758,Silvan Widmer,ch SUI,MF,Mainz 05,de Bundesliga,32.0,1993.0,27,22,1810.0,20.1,2.0,1.0,3,2,0,0,5,0,0.1,0.05,0.15,0.1,0.15,Matches,2,20,4,20.0,0.99,0.2,0.1,0.5,0,0,Matches,,,,,,,,,,,,,,,1.0,,,,,,Matches,,27,,,,,,,,,,,18,,,,Matches,,,,,,,,,,,,,,,,,,,,,Matches,silvan widmer,2.7386183850467205,1.8089449182152748,2.7386183850467205,7.704604331403971,4.957497945055366,MF,0.09950248756218905,0.1362496708978468,-0.036747183335657733,0.1,,0.04975124378109452,0.08999725961270023,,,,,,,,,
2759,Mats Wieffer,nl NED,DF,Brighton,eng Premier League,25.0,1999.0,26,23,1903.0,21.1,2.0,3.0,5,2,0,0,8,0,0.09,0.14,0.24,0.09,0.24,Matches,2,18,6,33.3,0.85,0.28,0.11,0.33,0,0,Matches,,,,,,,,,,,,,,,3.0,,,,,,Matches,,43,,,,,,,,,,,24,,,,Matches,,,,,,,,,,,,,,,,,,,,,Matches,mats wieffer,1.9274322018027303,2.8690227568149567,1.9274322018027303,10.283977266401052,8.267712463624775,DF,0.0947867298578199,0.09134749771576921,0.0034392321420506945,0.11,,0.14218009478672985,0.1359726425030785,,,,,,,,,
2760,Iñaki Williams,gh GHA,"MF,FW",Athletic Club,es La Liga,31.0,1994.0,30,25,2157.0,24.0,3.0,6.0,9,2,1,1,2,0,0.13,0.25,0.38,0.08,0.33,Matches,3,57,20,35.1,2.38,0.83,0.05,0.15,1,1,Matches,,,,,,,,,,,,,,,6.0,,,,,,Matches,,9,,,,,,,,,,,8,,,,Matches,,,,,,,,,,,,,,,,,,,,,Matches,inaki williams,8.660440864041448,4.209227036684752,7.9171632546931505,12.954110903665423,3.731445241719484,MF,0.125,0.32988180227888125,-0.23585170266839364,0.05,,0.25,0.17538445986186468,,,,,,,,,
2761,Neco Williams,wls WAL,DF,Nottingham,eng Premier League,24.0,2001.0,37,36,3204.0,35.6,2.0,3.0,5,2,0,0,6,1,0.06,0.08,0.14,0.06,0.14,Matches,2,46,19,41.3,1.29,0.53,0.04,0.11,0,0,Matches,,,,,,,,,,,,,,,3.0,,,,,,Matches,,61,,,,,,,,,,,46,,,,Matches,,,,,,,,,,,,,,,,,,,,,Matches,neco williams,1.8705778289586303,4.3956019571051,1.8705778289586303,12.105098510161042,9.00960880704224,DF,0.056179775280898875,0.05254432103816377,0.0036354542427351026,0.04,,0.08426966292134831,0.12347196508722191,,,,,,,,,
2762,Nico Williams,es ESP,MF,Athletic Club,es La Liga,23.0,2002.0,25,20,1674.0,18.6,6.0,3.0,9,5,1,2,2,0,0.32,0.16,0.48,0.27,0.43,Matches,6,46,16,34.8,2.47,0.86,0.13,0.38,1,2,Matches,,,,,,,,,,,,,,,3.0,,,,,,Matches,,9,,,,,,,,,,,7,,,,Matches,,,,,,,,,,,,,,,,,,,,,Matches,nico williams,5.862554809078574,4.138543902896345,4.375999530777335,10.798387989401816,3.284014131873846,MF,0.3225806451612903,0.23526879197727607,0.007389526393625044,0.13,,0.16129032258064516,0.2225023603707712,,,,,,,,,
2763,Estêvão Willian,br BRA,MF,Chelsea,eng Premier League,18.0,2007.0,22,12,848.0,9.4,2.0,2.0,4,2,0,0,4,0,0.21,0.21,0.42,0.21,0.42,Matches,2,28,8,28.6,2.97,0.85,0.07,0.25,0,0,Matches,,,,,,,,,,,,,,,2.0,,,,,,Matches,,6,,,,,,,,,,,4,,,,Matches,,,,,,,,,,,,,,,,,,,,,Matches,estevao willian,3.874036334455013,2.8163073528558016,3.874036334455013,9.267625011503696,3.582291418686509,MF,0.2127659574468085,0.41213152494202265,-0.1993655674952141,0.07,,0.2127659574468085,0.2996071651974257,,,,,,,,,
2764,Joe Willock,eng ENG,MF,Newcastle,eng Premier League,25.0,1999.0,24,10,983.0,10.9,0.0,2.0,2,0,0,0,3,0,0.0,0.18,0.18,0.0,0.18,Matches,0,17,6,35.3,1.56,0.55,0.0,0.0,0,0,Matches,,,,,,,,,,,,,,,2.0,,,,,,Matches,,15,,,,,,,,,,,7,,,,Matches,,,,,,,,,,,,,,,,,,,,,Matches,joe willock,1.3859424609690905,2.097805658355356,1.3859424609690905,5.043021183460951,3.405696664005518,MF,0.0,0.1271506844925771,-0.1271506844925771,0.0,,0.18348623853211007,0.19245923471150056,,,,,,,,,
2765,Callum Wilson,eng ENG,FW,West Ham,eng Premier League,33.0,1992.0,32,11,1251.0,13.9,7.0,1.0,8,7,0,0,1,0,0.5,0.07,0.58,0.5,0.58,Matches,7,38,16,42.1,2.73,1.15,0.18,0.44,0,0,Matches,,,,,,,,,,,,,,,1.0,,,,,,Matches,,2,,,,,,,,,,,3,,,,Matches,,,,,,,,,,,,,,,,,,,,,Matches,callum wilson,7.60266119800508,1.0267592892050743,7.60266119800508,6.896431270986795,0.6376099903136492,FW,0.5035971223021583,0.5469540430219482,-0.04335692071978994,0.18,,0.07194244604316546,0.07386757476295498,,,,,,,,,
2766,Harry Wilson,wls WAL,MF,Fulham,eng Premier League,28.0,1997.0,36,32,2673.0,29.7,10.0,7.0,17,10,0,0,7,0,0.34,0.24,0.57,0.34,0.57,Matches,10,78,25,32.1,2.63,0.84,0.13,0.4,0,0,Matches,,,,,,,,,,,,,,,7.0,,,,,,Matches,,19,,,,,,,,,,,16,,,,Matches,,,,,,,,,,,,,,,,,,,,,Matches,harry wilson,5.759745923802257,5.503671173006296,5.759745923802257,11.091712068766356,4.132661418989301,MF,0.3367003367003367,0.19393083918526116,0.14276949751507553,0.13,,0.2356902356902357,0.1853087937039157,,,,,,,,,
2767,Patrick Wimmer,at AUT,MF,Wolfsburg,de Bundesliga,24.0,2001.0,25,21,1621.0,18.0,4.0,3.0,7,4,0,0,4,0,0.22,0.17,0.39,0.22,0.39,Matches,4,24,8,33.3,1.33,0.44,0.17,0.5,0,0,Matches,,,,,,,,,,,,,,,3.0,,,,,,Matches,,20,,,,,,,,,,,23,,,,Matches,,,,,,,,,,,,,,,,,,,,,Matches,patrick wimmer,3.6373985055834055,2.249568970873952,3.6373985055834055,8.324480776675045,3.472630725242197,MF,0.2222222222222222,0.20207769475463364,0.020144527467588585,0.17,,0.16666666666666666,0.12497605393744177,,,,,,,,,
2768,Jonas Wind,dk DEN,FW,Wolfsburg,de Bundesliga,26.0,1999.0,11,5,481.0,5.3,1.0,0.0,1,1,0,0,1,0,0.19,0.0,0.19,0.19,0.19,Matches,1,9,6,66.7,1.68,1.12,0.11,0.17,0,0,Matches,,,,,,,,,,,,,,,0.0,,,,,,Matches,,0,,,,,,,,,,,0,,,,Matches,,,,,,,,,,,,,,,,,,,,,Matches,jonas wind,1.382240418344736,0.2623850591480732,1.382240418344736,2.308900620788336,1.0269743390381336,FW,0.18867924528301888,0.2608000789329691,-0.07212083364995021,0.11,,0.0,0.04950661493359872,,,,,,,,,
2770,Florian Wirtz,de GER,MF,Liverpool,eng Premier League,22.0,2003.0,33,27,2378.0,26.4,5.0,3.0,8,5,0,0,1,0,0.19,0.11,0.3,0.19,0.3,Matches,5,51,18,35.3,1.93,0.68,0.1,0.28,0,0,Matches,,,,,,,,,,,,,,,3.0,,,,,,Matches,,26,,,,,,,,,,,12,,,,Matches,,,,,,,,,,,,,,,,,,,,,Matches,florian wirtz,7.576831823214889,5.384264823049307,7.576831823214889,20.641500685364008,10.743050179444252,MF,0.1893939393939394,0.2870012054248064,-0.097607266030867,0.1,,0.11363636363636365,0.20394942511550407,,,,,,,,,
2771,Yoane Wissa,cd COD,FW,Newcastle,eng Premier League,28.0,1996.0,19,4,531.0,5.9,1.0,1.0,2,1,0,0,3,0,0.17,0.17,0.34,0.17,0.34,Matches,1,13,5,38.5,2.2,0.85,0.08,0.2,0,0,Matches,,,,,,,,,,,,,,,1.0,,,,,,Matches,,5,,,,,,,,,,,0,,,,Matches,,,,,,,,,,,,,,,,,,,,,Matches,yoane wissa,3.238182602450252,0.1695390567183494,3.238182602450252,4.3540798760950565,1.3058659806847572,FW,0.1694915254237288,0.5488445088898732,-0.3793529834661444,0.08,,0.1694915254237288,0.028735433342093115,,,,,,,,,
2772,Axel Witsel,be BEL,MF,Girona,es La Liga,36.0,1989.0,32,30,2526.0,28.1,1.0,2.0,3,1,0,0,2,1,0.04,0.07,0.11,0.04,0.11,Matches,1,20,5,25.0,0.71,0.18,0.05,0.2,0,0,Matches,,,,,,,,,,,,,,,2.0,,,,,,Matches,,24,,,,,,,,,,,30,,,,Matches,,,,,,,,,,,,,,,,,,,,,Matches,axel witsel,2.5918547697365284,2.218277433887124,2.5918547697365284,10.09136007912457,9.34759215824306,MF,0.03558718861209964,0.09223682454578393,-0.05664963593368428,0.05,,0.07117437722419928,0.07894225743370548,,,,,,,,,
2774,Marius Wolf,de GER,MF,Augsburg,de Bundesliga,30.0,1995.0,29,12,1019.0,11.3,1.0,1.0,2,1,0,0,4,0,0.09,0.09,0.18,0.09,0.18,Matches,1,14,5,35.7,1.24,0.44,0.07,0.2,0,0,Matches,,,,,,,,,,,,,,,1.0,,,,,,Matches,,10,,,,,,,,,,,13,,,,Matches,,,,,,,,,,,,,,,,,,,,,Matches,marius wolf,1.7143956972286103,3.691459383815527,1.7143956972286103,4.361116588115692,1.4035527957603335,MF,0.08849557522123894,0.15171643338306284,-0.06322085816182392,0.07,,0.08849557522123894,0.3266778215765953,,,,,,,,,
2776,Nick Woltemade,de GER,"FW,MF",Newcastle,eng Premier League,23.0,2002.0,33,24,1902.0,21.1,8.0,3.0,11,7,1,1,0,0,0.38,0.14,0.52,0.33,0.47,Matches,8,32,13,40.6,1.51,0.62,0.25,0.62,1,1,Matches,,,,,,,,,,,,,,,3.0,,,,,,Matches,,13,,,,,,,,,,,5,,,,Matches,,,,,,,,,,,,,,,,,,,,,Matches,nick woltemade,8.262036986649036,2.9012854490429163,7.500868149101734,8.79227769561112,2.300962809473276,FW,0.3791469194312796,0.3554913814740158,-0.012418814533129686,0.25,,0.14218009478672985,0.1375016800494273,,,,,,,,,
2777,Jeong Woo-yeong,kr KOR,"MF,FW",Union Berlin,de Bundesliga,25.0,1999.0,28,13,1197.0,13.3,4.0,1.0,5,4,0,0,0,0,0.3,0.08,0.38,0.3,0.38,Matches,4,22,8,36.4,1.65,0.6,0.18,0.5,0,0,Matches,,,,,,,,,,,,,,,1.0,,,,,,Matches,,7,,,,,,,,,,,8,,,,Matches,,,,,,,,,,,,,,,,,,,,,Matches,jeong woo yeong,2.681515445932746,0.4271412957459688,2.681515445932746,4.1683559119701385,1.4844767227768898,MF,0.3007518796992481,0.2016177027017102,0.09913417699753789,0.18,,0.07518796992481203,0.03211588689819314,,,,,,,,,
2778,Chris Wood,nz NZL,FW,Nottingham,eng Premier League,33.0,1991.0,15,11,901.0,10.0,3.0,0.0,3,3,0,0,0,0,0.3,0.0,0.3,0.3,0.3,Matches,3,23,9,39.1,2.3,0.9,0.13,0.33,0,0,Matches,,,,,,,,,,,,,,,0.0,,,,,,Matches,,1,,,,,,,,,,,1,,,,Matches,,,,,,,,,,,,,,,,,,,,,Matches,chris wood,3.365151971578598,0.321694266051054,3.365151971578598,3.2678276151418686,0.5070263929665089,FW,0.3,0.3365151971578598,-0.0365151971578598,0.13,,0.0,0.0321694266051054,,,,,,,,,
2781,Joe Worrall,eng ENG,DF,Burnley,eng Premier League,28.0,1997.0,11,5,500.0,5.6,0.0,0.0,0,0,0,0,0,0,0.0,0.0,0.0,0.0,0.0,Matches,0,1,0,0.0,0.18,0.0,0.0,,0,0,Matches,,,,,,,,,,,,,,,0.0,,,,,,Matches,,2,,,,,,,,,,,6,,,,Matches,,,,,,,,,,,,,,,,,,,,,Matches,joe worrall,0.0381001383066177,0.0,0.0381001383066177,0.5445791333913803,0.5064789950847626,DF,0.0,0.006803596126181733,-0.006803596126181733,0.0,,0.0,0.0,,,,,,,,,
2783,Granit Xhaka,ch SUI,MF,Sunderland,eng Premier League,32.0,1992.0,34,32,2904.0,32.3,1.0,6.0,7,1,0,0,8,0,0.03,0.19,0.22,0.03,0.22,Matches,1,21,5,23.8,0.65,0.15,0.05,0.2,0,0,Matches,,,,,,,,,,,,,,,6.0,,,,,,Matches,,33,,,,,,,,,,,29,,,,Matches,,,,,,,,,,,,,,,,,,,,,Matches,granit xhaka,0.8072718912735581,3.7049803622066975,0.8072718912735581,10.455324796028435,8.981416845694184,MF,0.030959752321981428,0.02499293781032688,0.005966814511654548,0.05,,0.18575851393188855,0.11470527437172438,,,,,,,,,
2784,Lamine Yamal,es ESP,"MF,FW",Barcelona,es La Liga,18.0,2007.0,28,26,2262.0,25.1,16.0,11.0,27,13,3,4,1,0,0.64,0.44,1.07,0.52,0.95,Matches,16,117,37,31.6,4.66,1.47,0.14,0.43,3,4,Matches,,,,,,,,,,,,,,,11.0,,,,,,Matches,,20,,,,,,,,,,,8,,,,Matches,,,,,,,,,,,,,,,,,,,,,Matches,lamine yamal,14.664689928293228,12.566995456814766,11.691579438745975,33.655128441751,15.989167042076588,MF,0.6374501992031872,0.4657999776392819,0.05319960445046899,0.14,,0.43824701195219123,0.5006771098332575,,,,,,,,,
2786,Roman Yaremchuk,ua UKR,FW,Lyon,fr Ligue 1,29.0,1995.0,11,5,561.0,6.2,4.0,1.0,5,4,0,0,1,0,0.64,0.16,0.8,0.64,0.8,Matches,4,16,6,37.5,2.57,0.96,0.25,0.67,0,0,Matches,,,,,,,,,,,,,,,1.0,,,,,,Matches,,3,,,,,,,,,,,0,,,,Matches,,,,,,,,,,,,,,,,,,,,,Matches,roman yaremchuk,3.279270388185978,0.6049698125571012,3.279270388185978,4.823097825050354,1.034571833908558,FW,0.6451612903225806,0.5289145787396738,0.11624671158290678,0.25,,0.16129032258064516,0.0975757762188873,,,,,,,,,
2787,Yehor Yarmoliuk,ua UKR,MF,Brentford,eng Premier League,21.0,2004.0,37,30,2659.0,29.5,1.0,2.0,3,1,0,0,7,0,0.03,0.07,0.1,0.03,0.1,Matches,1,16,4,25.0,0.54,0.14,0.06,0.25,0,0,Matches,,,,,,,,,,,,,,,2.0,,,,,,Matches,,46,,,,,,,,,,,28,,,,Matches,,,,,,,,,,,,,,,,,,,,,Matches,yehor yarmoliuk,,,,,,MF,0.03389830508474576,,,0.06,,0.06779661016949153,,,,,,,,,,
2788,Gessime Yassine,ma MAR,MF,Strasbourg,fr Ligue 1,19.0,2005.0,12,6,510.0,5.7,0.0,1.0,1,0,0,0,0,0,0.0,0.18,0.18,0.0,0.18,Matches,0,8,1,12.5,1.41,0.18,0.0,0.0,0,0,Matches,,,,,,,,,,,,,,,1.0,,,,,,Matches,,9,,,,,,,,,,,1,,,,Matches,,,,,,,,,,,,,,,,,,,,,Matches,gessime yassine,0.5050588417798281,1.593078263103962,0.5050588417798281,2.7707884162664413,1.095685675740242,MF,0.0,0.08860681434733826,-0.08860681434733826,0.0,,0.17543859649122806,0.27948741457964243,,,,,,,,,
2789,Ryan Yates,eng ENG,MF,Nottingham,eng Premier League,27.0,1997.0,22,2,617.0,6.9,0.0,2.0,2,0,0,0,3,0,0.0,0.29,0.29,0.0,0.29,Matches,0,9,2,22.2,1.31,0.29,0.0,0.0,0,0,Matches,,,,,,,,,,,,,,,2.0,,,,,,Matches,,10,,,,,,,,,,,9,,,,Matches,,,,,,,,,,,,,,,,,,,,,Matches,ryan yates,0.674801416695118,0.2274915445595979,0.674801416695118,3.2866642624139786,2.774006627500057,MF,0.0,0.09779730676740839,-0.09779730676740839,0.0,,0.2898550724637681,0.03296978906660839,,,,,,,,,
2790,Terry Yegbe,gh GHA,DF,Metz,fr Ligue 1,24.0,2001.0,24,22,1963.0,21.8,0.0,1.0,1,0,0,0,3,0,0.0,0.05,0.05,0.0,0.05,Matches,0,6,2,33.3,0.28,0.09,0.0,0.0,0,0,Matches,,,,,,,,,,,,,,,1.0,,,,,,Matches,,7,,,,,,,,,,,22,,,,Matches,,,,,,,,,,,,,,,,,,,,,Matches,terry yegbe,1.2832730244845152,0.4399317279458046,1.2832730244845152,2.7807160019874573,2.70413526147604,DF,0.0,0.05886573506809702,-0.05886573506809702,0.0,,0.04587155963302752,0.020180354492926815,,,,,,,,,
2792,Kenan Yıldız,tr TUR,"MF,FW",Juventus,it Serie A,20.0,2005.0,36,33,2825.0,31.4,10.0,6.0,16,9,1,2,2,0,0.32,0.19,0.51,0.29,0.48,Matches,10,97,40,41.2,3.09,1.27,0.1,0.25,1,2,Matches,,,,,,,,,,,,,,,6.0,,,,,,Matches,,14,,,,,,,,,,,7,,,,Matches,,,,,,,,,,,,,,,,,,,,,Matches,kenan y ld z,,,,,,MF,0.3184713375796179,,,0.1,,0.1910828025477707,,,,,,,,,,
2793,Darlin Yongwa,cm CMR,"DF,MF",Lorient,fr Ligue 1,24.0,2000.0,23,14,1312.0,14.6,0.0,1.0,1,0,0,0,4,1,0.0,0.07,0.07,0.0,0.07,Matches,0,10,2,20.0,0.69,0.14,0.0,0.0,0,0,Matches,,,,,,,,,,,,,,,1.0,,,,,,Matches,,24,,,,,,,,,,,11,,,,Matches,,,,,,,,,,,,,,,,,,,,,Matches,darlin yongwa,0.7409866116940975,2.4014131873846054,0.7409866116940975,4.1103757210075855,1.5042753145098686,DF,0.0,0.05075250765028065,-0.05075250765028065,0.0,,0.0684931506849315,0.16448035530031543,,,,,,,,,
2794,Leny Yoro,fr FRA,DF,Manchester Utd,eng Premier League,19.0,2005.0,32,18,1740.0,19.3,0.0,0.0,0,0,0,0,1,0,0.0,0.0,0.0,0.0,0.0,Matches,0,9,3,33.3,0.47,0.16,0.0,0.0,0,0,Matches,,,,,,,,,,,,,,,0.0,,,,,,Matches,,20,,,,,,,,,,,31,,,,Matches,,,,,,,,,,,,,,,,,,,,,Matches,leny yoro,1.247398313134909,0.2197452150285244,1.247398313134909,4.670362060889602,4.498527536168695,DF,0.0,0.06463203694999528,-0.06463203694999528,0.0,,0.0,0.011385762436711109,,,,,,,,,
2795,Ali Yousuf,ly LBY,DF,Nantes,fr Ligue 1,24.0,2001.0,13,10,969.0,10.8,0.0,0.0,0,0,0,0,4,0,0.0,0.0,0.0,0.0,0.0,Matches,0,6,1,16.7,0.56,0.09,0.0,0.0,0,0,Matches,,,,,,,,,,,,,,,0.0,,,,,,Matches,,7,,,,,,,,,,,18,,,,Matches,,,,,,,,,,,,,,,,,,,,,Matches,ali yousuf,,,,,,DF,0.0,,,0.0,,0.0,,,,,,,,,,
2797,Illia Zabarnyi,ua UKR,DF,PSG,fr Ligue 1,22.0,2002.0,28,26,2387.0,26.5,1.0,0.0,1,1,0,0,6,0,0.04,0.0,0.04,0.04,0.04,Matches,1,4,3,75.0,0.15,0.11,0.25,0.33,0,0,Matches,,,,,,,,,,,,,,,0.0,,,,,,Matches,,20,,,,,,,,,,,20,,,,Matches,,,,,,,,,,,,,,,,,,,,,Matches,illia zabarnyi,0.5713930502533913,0.1647182032465934,0.5713930502533913,13.267120525240898,13.244858965277672,DF,0.03773584905660377,0.021562001896354387,0.016173847160249385,0.25,,0.0,0.00621578125458843,,,,,,,,,
2799,Mattia Zaccagni,it ITA,FW,Lazio,it Serie A,30.0,1995.0,26,26,2104.0,23.4,3.0,0.0,3,3,0,1,6,1,0.13,0.0,0.13,0.13,0.13,Matches,3,34,14,41.2,1.45,0.6,0.09,0.21,0,1,Matches,,,,,,,,,,,,,,,0.0,,,,,,Matches,,21,,,,,,,,,,,20,,,,Matches,,,,,,,,,,,,,,,,,,,,,Matches,mattia zaccagni,6.383842973038554,2.789195232093334,5.622544137760997,9.418848052620888,4.15836684871465,FW,0.12820512820512822,0.24027966400688022,-0.14460867406147668,0.09,,0.0,0.11919637743988608,,,,,,,,,
2803,Stephan Zagadou,fr FRA,DF,Le Havre,fr Ligue 1,16.0,2008.0,8,6,495.0,5.5,1.0,0.0,1,1,0,0,0,1,0.18,0.0,0.18,0.18,0.18,Matches,1,1,1,100.0,0.18,0.18,1.0,1.0,0,0,Matches,,,,,,,,,,,,,,,0.0,,,,,,Matches,,5,,,,,,,,,,,1,,,,Matches,,,,,,,,,,,,,,,,,,,,,Matches,stephan zagadou,0.100525863468647,0.1055814241990447,0.100525863468647,0.8398977145552635,0.8263909742236137,DF,0.18181818181818182,0.018277429721572182,0.16354075209660965,1.0,,0.0,0.019196622581644493,,,,,,,,,
2804,Warren Zaïre-Emery,fr FRA,"DF,MF",PSG,fr Ligue 1,19.0,2006.0,32,27,2447.0,27.2,3.0,4.0,7,3,0,0,3,0,0.11,0.15,0.26,0.11,0.26,Matches,3,19,7,36.8,0.7,0.26,0.16,0.43,0,0,Matches,,,,,,,,,,,,,,,4.0,,,,,,Matches,,29,,,,,,,,,,,11,,,,Matches,,,,,,,,,,,,,,,,,,,,,Matches,warren zaire emery,2.0695376126095653,4.277606188319624,2.0695376126095653,20.938116820529103,16.631349600851536,DF,0.11029411764705882,0.07608594164005755,0.03420817600700128,0.16,,0.14705882352941177,0.15726493339410383,,,,,,,,,
2805,Denis Zakaria,ch SUI,"DF,MF",Monaco,fr Ligue 1,28.0,1996.0,24,23,2031.0,22.6,2.0,1.0,3,2,0,0,4,1,0.09,0.04,0.13,0.09,0.13,Matches,2,18,3,16.7,0.8,0.13,0.11,0.67,0,0,Matches,,,,,,,,,,,,,,,1.0,,,,,,Matches,,25,,,,,,,,,,,45,,,,Matches,,,,,,,,,,,,,,,,,,,,,Matches,denis zakaria,2.5516049545258284,1.4270154759287834,2.5516049545258284,7.711904387921095,6.586218696087599,DF,0.08849557522123894,0.11290287409406319,-0.02440729887282426,0.11,,0.04424778761061947,0.06314227769596387,,,,,,,,,
2806,Arsen Zakharyan,ru RUS,MF,Real Sociedad,es La Liga,22.0,2003.0,17,3,458.0,5.1,0.0,0.0,0,0,0,0,2,0,0.0,0.0,0.0,0.0,0.0,Matches,0,14,3,21.4,2.75,0.59,0.0,0.0,0,0,Matches,,,,,,,,,,,,,,,0.0,,,,,,Matches,,6,,,,,,,,,,,2,,,,Matches,,,,,,,,,,,,,,,,,,,,,Matches,arsen zakharyan,1.1044645830988884,1.1248002797365189,1.1044645830988884,2.9856996089220047,1.2410607375204563,MF,0.0,0.21656168296056635,-0.21656168296056635,0.0,,0.0,0.22054907445814098,,,,,,,,,
2807,Nicola Zalewski,pl POL,MF,Atalanta,it Serie A,23.0,2002.0,33,24,1897.0,21.1,2.0,4.0,6,2,0,0,3,0,0.09,0.19,0.28,0.09,0.28,Matches,2,38,7,18.4,1.8,0.33,0.05,0.29,0,0,Matches,,,,,,,,,,,,,,,4.0,,,,,,Matches,,20,,,,,,,,,,,16,,,,Matches,,,,,,,,,,,,,,,,,,,,,Matches,nicola zalewski,3.13883500918746,5.143455224111676,3.13883500918746,10.349049489945171,5.962576111778617,MF,0.0947867298578199,0.1487599530420597,-0.053973223184239805,0.05,,0.1895734597156398,0.243765650431833,,,,,,,,,
2808,Nicolò Zaniolo,it ITA,"FW,MF",Udinese,it Serie A,26.0,1999.0,32,28,2257.0,25.1,5.0,6.0,11,5,0,0,8,0,0.2,0.24,0.44,0.2,0.44,Matches,5,72,22,30.6,2.87,0.88,0.07,0.23,0,0,Matches,,,,,,,,,,,,,,,6.0,,,,,,Matches,,21,,,,,,,,,,,4,,,,Matches,,,,,,,,,,,,,,,,,,,,,Matches,nicolo zaniolo,6.143913544714451,5.693028134293854,6.143913544714451,12.040764158591628,3.449165239930153,FW,0.199203187250996,0.24477743206033667,-0.04557424480934067,0.07,,0.2390438247011952,0.2268138698921854,,,,,,,,,
2809,Alessandro Zanoli,it ITA,MF,Udinese,it Serie A,24.0,2000.0,19,16,1280.0,14.2,1.0,2.0,3,1,0,0,1,0,0.07,0.14,0.21,0.07,0.21,Matches,1,3,1,33.3,0.21,0.07,0.33,1.0,0,0,Matches,,,,,,,,,,,,,,,2.0,,,,,,Matches,,18,,,,,,,,,,,7,,,,Matches,,,,,,,,,,,,,,,,,,,,,Matches,alessandro zanoli,0.0999864116311073,1.5538526717573404,0.0999864116311073,3.543575694784522,2.3799541387706995,MF,0.07042253521126761,0.007041296593739951,0.06338123861752766,0.33,,0.14084507042253522,0.10942624448995356,,,,,,,,,
2810,Duván Zapata,co COL,FW,Torino,it Serie A,34.0,1991.0,28,11,1103.0,12.3,3.0,1.0,4,3,0,1,0,0,0.24,0.08,0.33,0.24,0.33,Matches,3,34,15,44.1,2.77,1.22,0.09,0.2,0,1,Matches,,,,,,,,,,,,,,,1.0,,,,,,Matches,,2,,,,,,,,,,,1,,,,Matches,,,,,,,,,,,,,,,,,,,,,Matches,duvan zapata,4.402640111744404,2.6804053094238043,3.641341291368008,5.999322157353163,0.5478684362024069,FW,0.24390243902439024,0.29604400742829334,-0.11403578144263445,0.09,,0.08130081300813008,0.21791913084746375,,,,,,,,,
2811,Gabriele Zappa,it ITA,"DF,MF",Cagliari,it Serie A,25.0,1999.0,31,18,1597.0,17.7,0.0,3.0,3,0,0,0,2,0,0.0,0.17,0.17,0.0,0.17,Matches,0,11,2,18.2,0.62,0.11,0.0,0.0,0,0,Matches,,,,,,,,,,,,,,,3.0,,,,,,Matches,,17,,,,,,,,,,,18,,,,Matches,,,,,,,,,,,,,,,,,,,,,Matches,gabriele zappa,1.1292200051248074,2.106568494811654,1.1292200051248074,6.058917995542288,4.171539556235075,DF,0.0,0.06379774040253149,-0.06379774040253149,0.0,,0.16949152542372883,0.11901516919839854,,,,,,,,,
2812,Davide Zappacosta,it ITA,MF,Atalanta,it Serie A,33.0,1992.0,35,30,2569.0,28.5,3.0,3.0,6,3,0,0,3,0,0.11,0.11,0.21,0.11,0.21,Matches,3,37,9,24.3,1.3,0.32,0.08,0.33,0,0,Matches,,,,,,,,,,,,,,,3.0,,,,,,Matches,,14,,,,,,,,,,,18,,,,Matches,,,,,,,,,,,,,,,,,,,,,Matches,davide zappacosta,3.226649757474661,4.505483852699399,3.226649757474661,14.347047809511425,9.38390316069126,MF,0.10526315789473684,0.11321578096402318,-0.007952623069286346,0.08,,0.10526315789473684,0.1580871527262947,,,,,,,,,
2814,Bryan Zaragoza,es ESP,"FW,MF",Celta Vigo,es La Liga,23.0,2001.0,19,13,1131.0,12.6,1.0,1.0,2,0,1,1,1,0,0.08,0.08,0.16,0.0,0.08,Matches,1,26,12,46.2,2.07,0.95,0.04,0.08,1,1,Matches,,,,,,,,,,,,,,,1.0,,,,,,Matches,,5,,,,,,,,,,,2,,,,Matches,,,,,,,,,,,,,,,,,,,,,Matches,bryan zaragoza,1.910445837303996,2.2636110819876194,1.1671682186424732,6.203656457364559,4.05707526486367,FW,0.07936507936507936,0.09263239830495819,-0.07225760613523778,0.04,,0.07936507936507936,0.1796516731736206,,,,,,,,,
2815,Oier Zarraga,es ESP,MF,Udinese,it Serie A,26.0,1999.0,24,2,475.0,5.3,0.0,0.0,0,0,0,0,2,0,0.0,0.0,0.0,0.0,0.0,Matches,0,4,1,25.0,0.76,0.19,0.0,0.0,0,0,Matches,,,,,,,,,,,,,,,0.0,,,,,,Matches,,6,,,,,,,,,,,7,,,,Matches,,,,,,,,,,,,,,,,,,,,,Matches,oier zarraga,0.5969471037387848,0.1326537951827049,0.5969471037387848,1.634027755819261,1.019283807836473,MF,0.0,0.11263152900731789,-0.11263152900731789,0.0,,0.0,0.025029017959000924,,,,,,,,,
2817,Aaron Zehnter,de GER,"DF,MF",Wolfsburg,de Bundesliga,20.0,2004.0,20,17,1456.0,16.2,2.0,0.0,2,2,0,0,0,0,0.12,0.0,0.12,0.12,0.12,Matches,2,11,5,45.5,0.68,0.31,0.18,0.4,0,0,Matches,,,,,,,,,,,,,,,0.0,,,,,,Matches,,10,,,,,,,,,,,16,,,,Matches,,,,,,,,,,,,,,,,,,,,,Matches,aaron zehnter,1.8096191370859744,1.0538889579474926,1.8096191370859744,5.76640553586185,3.103568371385336,DF,0.1234567901234568,0.11170488500530706,0.011751905118149726,0.18,,0.0,0.0650548739473761,,,,,,,,,
2818,Jordan Zemura,zw ZIM,"MF,DF",Udinese,it Serie A,25.0,1999.0,17,13,1127.0,12.5,0.0,1.0,1,0,0,0,3,0,0.0,0.08,0.08,0.0,0.08,Matches,0,5,1,20.0,0.4,0.08,0.0,0.0,0,0,Matches,,,,,,,,,,,,,,,1.0,,,,,,Matches,,17,,,,,,,,,,,6,,,,Matches,,,,,,,,,,,,,,,,,,,,,Matches,jordan zemura,0.3313146717846393,1.270031085237861,0.3313146717846393,2.144699914380908,1.7161248307675123,MF,0.0,0.026505173742771143,-0.026505173742771143,0.0,,0.08,0.10160248681902888,,,,,,,,,
2819,Robin Zentner,de GER,GK,Mainz 05,de Bundesliga,30.0,1994.0,10,10,876.0,9.7,0.0,0.0,0,0,0,0,2,1,0.0,0.0,0.0,0.0,0.0,Matches,0,0,0,,0.0,0.0,,,0,0,Matches,,,,,,,,,,,,,,,0.0,,,,,,Matches,,0,,,,,,,,,,,0,,,,Matches,,,,,,,,,,,,,,,,,,,,,Matches,robin zentner,0.0,0.0,0.0,0.803024910390377,0.803024910390377,GK,,,,,,,,,,,,,,,,
2820,Alessio Zerbin,it ITA,MF,Cremonese,it Serie A,26.0,1999.0,32,17,1646.0,18.3,0.0,3.0,3,0,0,0,1,0,0.0,0.16,0.16,0.0,0.16,Matches,0,21,7,33.3,1.15,0.38,0.0,0.0,0,0,Matches,,,,,,,,,,,,,,,3.0,,,,,,Matches,,20,,,,,,,,,,,3,,,,Matches,,,,,,,,,,,,,,,,,,,,,Matches,alessio zerbin,1.82145987264812,2.48669414035976,1.82145987264812,5.13411957398057,1.9741908451542256,MF,0.0,0.0995333263742142,-0.0995333263742142,0.0,,0.16393442622950818,0.13588492570271912,,,,,,,,,
2821,Cedric Zesiger,ch SUI,DF,Augsburg,de Bundesliga,27.0,1998.0,27,20,1816.0,20.2,0.0,0.0,0,0,0,0,7,0,0.0,0.0,0.0,0.0,0.0,Matches,0,12,3,25.0,0.59,0.15,0.0,0.0,0,0,Matches,,,,,,,,,,,,,,,0.0,,,,,,Matches,,24,,,,,,,,,,,17,,,,Matches,,,,,,,,,,,,,,,,,,,,,Matches,cedric zesiger,1.7500400636345148,0.5558719579130411,1.7500400636345148,4.428809206932783,3.970293586142361,DF,0.0,0.08663564671457995,-0.08663564671457995,0.0,,0.0,0.027518413758071344,,,,,,,,,
2822,Michael Zetterer,de GER,GK,Frankfurt,de Bundesliga,30.0,1995.0,22,21,1976.0,22.0,0.0,0.0,0,0,0,0,1,0,0.0,0.0,0.0,0.0,0.0,Matches,0,0,0,,0.0,0.0,,,0,0,Matches,,,,,,,,,,,,,,,0.0,,,,,,Matches,,1,,,,,,,,,,,1,,,,Matches,,,,,,,,,,,,,,,,,,,,,Matches,michael zetterer,0.0,0.0,0.0,3.528816443867981,3.528816443867981,GK,,,,,,,,,,,,,,,,
2824,Piotr Zieliński,pl POL,MF,Inter,it Serie A,31.0,1994.0,34,22,2045.0,22.7,6.0,3.0,9,5,1,1,3,0,0.26,0.13,0.4,0.22,0.35,Matches,6,29,10,34.5,1.28,0.44,0.21,0.6,1,1,Matches,,,,,,,,,,,,,,,3.0,,,,,,Matches,,19,,,,,,,,,,,7,,,,Matches,,,,,,,,,,,,,,,,,,,,,Matches,piotr zielinski,2.100138319656253,4.237796379253268,1.338839491829276,13.946551250293853,11.256322965025902,MF,0.2643171806167401,0.05897971329644388,0.17180007402395361,0.21,,0.13215859030837004,0.18668706516534223,,,,,,,,,
2827,Jan Ziółkowski,pl POL,DF,Roma,it Serie A,20.0,2005.0,18,5,517.0,5.7,0.0,0.0,0,0,0,0,3,0,0.0,0.0,0.0,0.0,0.0,Matches,0,2,0,0.0,0.35,0.0,0.0,,0,0,Matches,,,,,,,,,,,,,,,0.0,,,,,,Matches,,14,,,,,,,,,,,7,,,,Matches,,,,,,,,,,,,,,,,,,,,,Matches,jan zio kowski,,,,,,DF,0.0,,,0.0,,0.0,,,,,,,,,,
2828,Joshua Zirkzee,nl NED,"FW,MF",Manchester Utd,eng Premier League,24.0,2001.0,24,5,626.0,7.0,2.0,1.0,3,2,0,0,3,0,0.29,0.14,0.43,0.29,0.43,Matches,2,25,9,36.0,3.59,1.29,0.08,0.22,0,0,Matches,,,,,,,,,,,,,,,1.0,,,,,,Matches,,6,,,,,,,,,,,1,,,,Matches,,,,,,,,,,,,,,,,,,,,,Matches,joshua zirkzee,3.846635088324547,1.2162351589649916,3.846635088324547,6.710166962817311,2.60221391543746,FW,0.2857142857142857,0.5495192983320781,-0.2638050126177924,0.08,,0.14285714285714285,0.17374787985214166,,,,,,,,,
2829,Budu Zivzivadze,ge GEO,FW,Heidenheim,de Bundesliga,31.0,1994.0,20,14,1142.0,12.7,6.0,0.0,6,6,0,0,2,1,0.47,0.0,0.47,0.47,0.47,Matches,6,28,14,50.0,2.21,1.1,0.21,0.43,0,0,Matches,,,,,,,,,,,,,,,0.0,,,,,,Matches,,10,,,,,,,,,,,1,,,,Matches,,,,,,,,,,,,,,,,,,,,,Matches,budu zivzivadze,5.819976218044758,0.9086363017559052,5.819976218044758,5.734111532568932,0.7583490833640099,FW,0.4724409448818898,0.45826584394053216,0.014175100941357651,0.21,,0.0,0.07154616549259096,,,,,,,,,
2831,Nadir Zortea,it ITA,DF,Bologna,it Serie A,26.0,1999.0,32,16,1819.0,20.2,0.0,2.0,2,0,0,0,2,0,0.0,0.1,0.1,0.0,0.1,Matches,0,11,1,9.1,0.54,0.05,0.0,0.0,0,0,Matches,,,,,,,,,,,,,,,2.0,,,,,,Matches,,17,,,,,,,,,,,20,,,,Matches,,,,,,,,,,,,,,,,,,,,,Matches,nadir zortea,0.4220857946202159,2.858346225693822,0.4220857946202159,5.77900561131537,3.2570625115185976,DF,0.0,0.02089533636733742,-0.02089533636733742,0.0,,0.09900990099009901,0.14150228840068427,,,,,,,,,
2832,Yanis Zouaoui,dz ALG,"DF,MF",Le Havre,fr Ligue 1,27.0,1998.0,30,28,2338.0,26.0,1.0,1.0,2,0,1,1,7,0,0.04,0.04,0.08,0.0,0.04,Matches,1,16,5,31.3,0.62,0.19,0.06,0.2,1,1,Matches,,,,,,,,,,,,,,,1.0,,,,,,Matches,,30,,,,,,,,,,,27,,,,Matches,,,,,,,,,,,,,,,,,,,,,Matches,yanis zouaoui,1.2848391653969884,3.175815327093005,0.524744008667767,6.167215092107654,5.196353107690811,DF,0.038461538461538464,0.020182461871837195,-0.010955352515268784,0.06,,0.038461538461538464,0.12214674334973097,,,,,,,,,
2833,Igor Zubeldia,es ESP,DF,Real Sociedad,es La Liga,28.0,1997.0,25,23,2082.0,23.1,0.0,1.0,1,0,0,0,9,0,0.0,0.04,0.04,0.0,0.04,Matches,0,6,1,16.7,0.26,0.04,0.0,0.0,0,0,Matches,,,,,,,,,,,,,,,1.0,,,,,,Matches,,21,,,,,,,,,,,23,,,,Matches,,,,,,,,,,,,,,,,,,,,,Matches,igor zubeldia,0.3188817761838436,0.6090575475245714,0.3188817761838436,6.32798408344388,5.914616275578737,DF,0.0,0.013804405895404484,-0.013804405895404484,0.0,,0.04329004329004329,0.026366127598466294,,,,,,,,,
2834,Martín Zubimendi,es ESP,MF,Arsenal,eng Premier League,26.0,1999.0,38,34,2992.0,33.2,5.0,1.0,6,5,0,0,4,0,0.15,0.03,0.18,0.15,0.18,Matches,5,27,9,33.3,0.81,0.27,0.19,0.56,0,0,Matches,,,,,,,,,,,,,,,1.0,,,,,,Matches,,39,,,,,,,,,,,39,,,,Matches,,,,,,,,,,,,,,,,,,,,,Matches,martin zubimendi,2.944296659901738,1.087823610752821,2.944296659901738,13.476701468229294,11.17571103386581,MF,0.1506024096385542,0.0886836343343897,0.06191877530416451,0.19,,0.03012048192771084,0.032765771408217494,,,,,,,,,
2835,Martin Ødegaard,no NOR,MF,Arsenal,eng Premier League,26.0,1998.0,24,16,1369.0,15.2,1.0,6.0,7,1,0,0,0,0,0.07,0.39,0.46,0.07,0.46,Matches,1,22,8,36.4,1.45,0.53,0.05,0.13,0,0,Matches,,,,,,,,,,,,,,,6.0,,,,,,Matches,,9,,,,,,,,,,,7,,,,Matches,,,,,,,,,,,,,,,,,,,,,Matches,martin degaard,,,,,,MF,0.06578947368421052,,,0.05,,0.39473684210526316,,,,,,,,,,
2836,Leo Østigård,no NOR,DF,Genoa,it Serie A,25.0,1999.0,30,30,2622.0,29.1,5.0,1.0,6,5,0,0,7,0,0.17,0.03,0.21,0.17,0.21,Matches,5,22,12,54.5,0.76,0.41,0.23,0.42,0,0,Matches,,,,,,,,,,,,,,,1.0,,,,,,Matches,,27,,,,,,,,,,,30,,,,Matches,,,,,,,,,,,,,,,,,,,,,Matches,leo stigard,2.920729400590062,0.8717853697016835,2.920729400590062,6.932035542093217,5.880535993725061,DF,0.1718213058419244,0.10036870792405711,0.07145259791786727,0.23,,0.034364261168384876,0.029958260127205618,,,,,,,,,
