Rk,Player,Nation,Pos,Squad,Comp,Age,Born,Playing Time_MP,Playing Time_Starts,Playing Time_Min,Playing Time_90s,Performance_Gls,Performance_Ast,Performance_G+A,Performance_G-PK,Performance_PK,Performance_PKatt,Performance_CrdY,Performance_CrdR,Per 90 Minutes_Gls,Per 90 Minutes_Ast,Per 90 Minutes_G+A,Per 90 Minutes_G-PK,Per 90 Minutes_G+A-PK,Matches,Standard_Gls,Standard_Sh,Standard_SoT,Standard_SoT%,Standard_Sh/90,Standard_SoT/90,Standard_G/Sh,Standard_G/SoT,Standard_PK,Standard_PKatt,Matches_shooting,Total_Cmp,Total_Att,Total_Cmp%,Total_TotDist,Total_PrgDist,Short_Cmp,Short_Att,Short_Cmp%,Medium_Cmp,Medium_Att,Medium_Cmp%,Long_Cmp,Long_Att,Long_Cmp%,Ast,A-xAG,KP,1/3,PPA,CrsPA,Matches_passing,Tackles_Tkl,Tackles_TklW,Tackles_Def 3rd,Tackles_Mid 3rd,Tackles_Att 3rd,Challenges_Tkl,Challenges_Att,Challenges_Tkl%,Challenges_Lost,Blocks_Blocks,Blocks_Sh,Blocks_Pass,Int,Tkl+Int,Clr,Err,Matches_defense,Touches_Touches,Touches_Def Pen,Touches_Def 3rd,Touches_Mid 3rd,Touches_Att 3rd,Touches_Att Pen,Touches_Live,Take-Ons_Att,Take-Ons_Succ,Take-Ons_Succ%,Take-Ons_Tkld,Take-Ons_Tkld%,Carries_Carries,Carries_TotDist,Carries_PrgDist,Carries_1/3,Carries_CPA,Carries_Mis,Carries_Dis,Rec,Matches_possession,nombre_normalizado,xG,xA,npxG,xGChain,xGBuildup
1,Brenden Aaronson,us USA,"MF,FW",Leeds United,eng Premier League,24.0,2000.0,37,30,2449.0,27.2,4,5,9,4,0,0,3,0,0.15,0.18,0.33,0.15,0.33,Matches,4,47,17,36.2,1.73,0.62,0.09,0.24,0,0,Matches,,,,,,,,,,,,,,,5,,,,,,Matches,,27,,,,,,,,,,,17,,,,Matches,,,,,,,,,,,,,,,,,,,,,Matches,brenden aaronson,5.881288753822446,5.662709843367338,5.881288753822446,13.203591203317046,3.4881920777261257
4,Jones El-Abdellaoui,ma MAR,"MF,FW",Celta Vigo,es La Liga,19.0,2006.0,22,4,681.0,7.6,2,0,2,2,0,0,0,0,0.26,0.0,0.26,0.26,0.26,Matches,2,17,4,23.5,2.25,0.53,0.12,0.5,0,0,Matches,,,,,,,,,,,,,,,0,,,,,,Matches,,3,,,,,,,,,,,3,,,,Matches,,,,,,,,,,,,,,,,,,,,,Matches,jones el abdellaoui,2.383013777434826,0.5126708522439003,2.383013777434826,4.237487357109785,1.9190355464816091
6,Himad Abdelli,dz ALG,MF,Angers,fr Ligue 1,25.0,1999.0,13,11,943.0,10.5,2,0,2,0,2,2,1,0,0.19,0.0,0.19,0.0,0.0,Matches,2,11,5,45.5,1.05,0.48,0.18,0.4,2,2,Matches,,,,,,,,,,,,,,,0,,,,,,Matches,,17,,,,,,,,,,,13,,,,Matches,,,,,,,,,,,,,,,,,,,,,Matches,himad abdelli,1.9301752112805843,0.554893160238862,0.4099849201738834,6.202800817787647,5.655766012147069
7,Ali Abdi,tn TUN,"MF,DF",Nice,fr Ligue 1,31.0,1993.0,22,13,1187.0,13.2,3,0,3,3,0,0,4,1,0.23,0.0,0.23,0.23,0.23,Matches,3,16,4,25.0,1.21,0.3,0.19,0.75,0,0,Matches,,,,,,,,,,,,,,,0,,,,,,Matches,,11,,,,,,,,,,,10,,,,Matches,,,,,,,,,,,,,,,,,,,,,Matches,ali abdi,2.4035323709249496,2.0493611991405487,2.4035323709249496,2.7499186024069786,1.635716256685555
8,Salis Abdul Samed,gh GHA,MF,Nice,fr Ligue 1,25.0,2000.0,18,12,911.0,10.1,0,0,0,0,0,0,3,0,0.0,0.0,0.0,0.0,0.0,Matches,0,1,0,0.0,0.1,0.0,0.0,,0,0,Matches,,,,,,,,,,,,,,,0,,,,,,Matches,,7,,,,,,,,,,,11,,,,Matches,,,,,,,,,,,,,,,,,,,,,Matches,salis abdul samed,0.0150888161733746,0.0130633702501654,0.0150888161733746,1.7302154079079628,1.7171520367264748
9,Saud Abdulhamid,sa KSA,MF,Lens,fr Ligue 1,26.0,1999.0,25,14,1352.0,15.0,2,4,6,2,0,0,4,1,0.13,0.27,0.4,0.13,0.4,Matches,2,8,3,37.5,0.53,0.2,0.25,0.67,0,0,Matches,,,,,,,,,,,,,,,4,,,,,,Matches,,22,,,,,,,,,,,9,,,,Matches,,,,,,,,,,,,,,,,,,,,,Matches,saud abdulhamid,1.1027701515704391,2.749265618622303,1.1027701515704391,8.15099280513823,4.640084641054273
11,Laurent Abergel,fr FRA,MF,Lorient,fr Ligue 1,32.0,1993.0,28,27,2318.0,25.8,1,0,1,1,0,0,7,0,0.04,0.0,0.04,0.04,0.04,Matches,1,22,5,22.7,0.85,0.19,0.05,0.2,0,0,Matches,,,,,,,,,,,,,,,0,,,,,,Matches,,23,,,,,,,,,,,28,,,,Matches,,,,,,,,,,,,,,,,,,,,,Matches,laurent abergel,0.7855375036597252,0.8618717035278678,0.7855375036597252,7.721735946834087,6.832115706056356
12,Matthis Abline,fr FRA,"FW,MF",Nantes,fr Ligue 1,22.0,2003.0,32,27,2494.0,27.7,6,4,10,6,0,1,6,0,0.22,0.14,0.36,0.22,0.36,Matches,6,84,22,26.2,3.03,0.79,0.07,0.27,0,1,Matches,,,,,,,,,,,,,,,4,,,,,,Matches,,13,,,,,,,,,,,9,,,,Matches,,,,,,,,,,,,,,,,,,,,,Matches,matthis abline,8.401815695688128,4.085846895352006,7.641720516607165,12.297505926340818,3.86945753544569
13,Abner,br BRA,"DF,MF",Lyon,fr Ligue 1,25.0,2000.0,26,25,2150.0,23.9,3,2,5,3,0,0,4,1,0.13,0.08,0.21,0.13,0.21,Matches,3,17,7,41.2,0.71,0.29,0.18,0.43,0,0,Matches,,,,,,,,,,,,,,,2,,,,,,Matches,,24,,,,,,,,,,,8,,,,Matches,,,,,,,,,,,,,,,,,,,,,Matches,abner,2.2416549902409315,3.11980695836246,2.2416549902409315,13.472650602459908,9.003189485520124
14,Zakaria Aboukhlal,ma MAR,MF,Torino,it Serie A,25.0,2000.0,15,6,511.0,5.7,0,0,0,0,0,0,4,0,0.0,0.0,0.0,0.0,0.0,Matches,0,7,2,28.6,1.23,0.35,0.0,0.0,0,0,Matches,,,,,,,,,,,,,,,0,,,,,,Matches,,12,,,,,,,,,,,1,,,,Matches,,,,,,,,,,,,,,,,,,,,,Matches,zakaria aboukhlal,0.4121775142848491,0.5975706037133932,0.4121775142848491,1.3414292484521866,0.4527049548923969
15,Abdel Abqar,ma MAR,DF,Getafe,es La Liga,26.0,1999.0,23,17,1437.0,16.0,0,2,2,0,0,0,10,1,0.0,0.13,0.13,0.0,0.13,Matches,0,7,1,14.3,0.44,0.06,0.0,0.0,0,0,Matches,,,,,,,,,,,,,,,2,,,,,,Matches,,17,,,,,,,,,,,20,,,,Matches,,,,,,,,,,,,,,,,,,,,,Matches,abdel abqar,0.3874060558155179,0.7393411099910736,0.3874060558155179,0.4710551081225276,0.3116732258349657
17,Francis Abu,gh GHA,MF,Toulouse,fr Ligue 1,24.0,2001.0,8,7,526.0,5.8,0,0,0,0,0,0,2,0,0.0,0.0,0.0,0.0,0.0,Matches,0,6,0,0.0,1.03,0.0,0.0,,0,0,Matches,,,,,,,,,,,,,,,0,,,,,,Matches,,12,,,,,,,,,,,8,,,,Matches,,,,,,,,,,,,,,,,,,,,,Matches,francis abu,0.1765392795205116,0.0443781726062297,0.1765392795205116,1.878791879862547,1.688640858978033
18,Giorgi Abuashvili,ge GEO,"MF,FW",Metz,fr Ligue 1,22.0,2003.0,23,6,698.0,7.8,2,0,2,2,0,0,1,0,0.26,0.0,0.26,0.26,0.26,Matches,2,23,9,39.1,2.97,1.16,0.09,0.22,0,0,Matches,,,,,,,,,,,,,,,0,,,,,,Matches,,8,,,,,,,,,,,5,,,,Matches,,,,,,,,,,,,,,,,,,,,,Matches,giorgi abuashvili,1.1833200315013528,0.5751661360263824,1.1833200315013528,3.10530792362988,1.852052802219987
20,Francesco Acerbi,it ITA,DF,Inter,it Serie A,37.0,1988.0,18,15,1378.0,15.3,0,1,1,0,0,0,3,0,0.0,0.07,0.07,0.0,0.07,Matches,0,3,1,33.3,0.2,0.07,0.0,0.0,0,0,Matches,,,,,,,,,,,,,,,1,,,,,,Matches,,9,,,,,,,,,,,18,,,,Matches,,,,,,,,,,,,,,,,,,,,,Matches,francesco acerbi,0.370837839320302,0.9359209798276424,0.370837839320302,4.627755414694548,4.529267143458128
21,Ragnar Ache,de GER,FW,Köln,de Bundesliga,27.0,1998.0,29,18,1718.0,19.1,7,4,11,7,0,0,3,0,0.37,0.21,0.58,0.37,0.58,Matches,7,52,22,42.3,2.72,1.15,0.13,0.32,0,0,Matches,,,,,,,,,,,,,,,4,,,,,,Matches,,8,,,,,,,,,,,4,,,,Matches,,,,,,,,,,,,,,,,,,,,,Matches,ragnar ache,11.002535559237003,2.971193479374051,11.002535559237003,12.966331753879786,3.521890965290368
22,Joshua Acheampong,eng ENG,DF,Chelsea,eng Premier League,19.0,2006.0,17,8,666.0,7.4,1,0,1,1,0,0,1,0,0.14,0.0,0.14,0.14,0.14,Matches,1,4,2,50.0,0.54,0.27,0.25,0.5,0,0,Matches,,,,,,,,,,,,,,,0,,,,,,Matches,,8,,,,,,,,,,,12,,,,Matches,,,,,,,,,,,,,,,,,,,,,Matches,joshua acheampong,0.6709242314100266,0.137966588139534,0.6709242314100266,2.121888380497694,2.050211239606142
23,Akor Adams,ng NGA,FW,Sevilla,es La Liga,25.0,2000.0,32,21,2064.0,22.9,10,3,13,7,3,3,3,0,0.44,0.13,0.57,0.31,0.44,Matches,10,61,30,49.2,2.66,1.31,0.16,0.33,3,3,Matches,,,,,,,,,,,,,,,3,,,,,,Matches,,4,,,,,,,,,,,1,,,,Matches,,,,,,,,,,,,,,,,,,,,,Matches,akor adams,10.047341846860943,1.1498911064118147,7.8175089890137315,9.731918376870452,1.3182228859513998
24,Ché Adams,sct SCO,FW,Torino,it Serie A,29.0,1996.0,33,19,1893.0,21.0,6,2,8,6,0,0,0,0,0.29,0.1,0.38,0.29,0.38,Matches,6,53,18,34.0,2.52,0.86,0.11,0.33,0,0,Matches,,,,,,,,,,,,,,,2,,,,,,Matches,,9,,,,,,,,,,,1,,,,Matches,,,,,,,,,,,,,,,,,,,,,Matches,che adams,6.609602872282267,3.2093243608251214,6.609602872282267,12.337604934349656,3.927069513127208
25,Tyler Adams,us USA,MF,Bournemouth,eng Premier League,26.0,1999.0,25,21,1772.0,19.7,2,2,4,2,0,0,8,0,0.1,0.1,0.2,0.1,0.2,Matches,2,10,6,60.0,0.51,0.3,0.2,0.33,0,0,Matches,,,,,,,,,,,,,,,2,,,,,,Matches,,24,,,,,,,,,,,30,,,,Matches,,,,,,,,,,,,,,,,,,,,,Matches,tyler adams,0.9289743825793266,1.2302900850772858,0.9289743825793266,6.869911018759012,5.867583338171244
27,Tosin Adarabioyo,eng ENG,DF,Chelsea,eng Premier League,27.0,1997.0,16,8,795.0,8.8,0,0,0,0,0,0,2,0,0.0,0.0,0.0,0.0,0.0,Matches,0,2,0,0.0,0.23,0.0,0.0,,0,0,Matches,,,,,,,,,,,,,,,0,,,,,,Matches,,6,,,,,,,,,,,9,,,,Matches,,,,,,,,,,,,,,,,,,,,,Matches,tosin adarabioyo,0.0724174678325653,0.4159756898880005,0.0724174678325653,3.179009012877941,3.179009012877941
28,Jayden Addai,nl NED,MF,Como,it Serie A,19.0,2005.0,12,7,686.0,7.6,3,0,3,3,0,0,4,0,0.39,0.0,0.39,0.39,0.39,Matches,3,13,6,46.2,1.71,0.79,0.23,0.5,0,0,Matches,,,,,,,,,,,,,,,0,,,,,,Matches,,2,,,,,,,,,,,2,,,,Matches,,,,,,,,,,,,,,,,,,,,,Matches,jayden addai,1.5144574735313654,1.0214554481208324,1.5144574735313654,3.735154617577791,1.3605918884277344
29,Karim Adeyemi,de GER,"MF,FW",Dortmund,de Bundesliga,23.0,2002.0,28,15,1195.0,13.3,7,4,11,7,0,0,5,0,0.53,0.3,0.83,0.53,0.83,Matches,7,31,14,45.2,2.33,1.05,0.23,0.5,0,0,Matches,,,,,,,,,,,,,,,4,,,,,,Matches,,4,,,,,,,,,,,8,,,,Matches,,,,,,,,,,,,,,,,,,,,,Matches,karim adeyemi,5.215220987796784,3.458098405972123,5.215220987796784,11.94034506380558,4.0952072106301785
30,Simon Adingra,ci CIV,"MF,FW",Sunderland,eng Premier League,23.0,2002.0,14,9,653.0,7.3,1,0,1,1,0,0,2,0,0.14,0.0,0.14,0.14,0.14,Matches,1,6,2,33.3,0.83,0.28,0.17,0.5,0,0,Matches,,,,,,,,,,,,,,,0,,,,,,Matches,,8,,,,,,,,,,,2,,,,Matches,,,,,,,,,,,,,,,,,,,,,Matches,simon adingra,0.3356043994426727,0.7323711905628443,0.3356043994426727,1.9754448235034945,1.0532179661095142
31,Simon Adingra,ci CIV,"MF,FW",Monaco,fr Ligue 1,23.0,2002.0,14,10,855.0,9.5,3,2,5,3,0,0,0,0,0.32,0.21,0.53,0.32,0.53,Matches,3,22,6,27.3,2.32,0.63,0.14,0.5,0,0,Matches,,,,,,,,,,,,,,,2,,,,,,Matches,,9,,,,,,,,,,,6,,,,Matches,,,,,,,,,,,,,,,,,,,,,Matches,simon adingra,0.3356043994426727,0.7323711905628443,0.3356043994426727,1.9754448235034945,1.0532179661095142
32,Nathaniel Adjei,gh GHA,DF,Lorient,fr Ligue 1,22.0,2002.0,15,9,835.0,9.3,0,0,0,0,0,0,0,0,0.0,0.0,0.0,0.0,0.0,Matches,0,4,2,50.0,0.43,0.22,0.0,0.0,0,0,Matches,,,,,,,,,,,,,,,0,,,,,,Matches,,7,,,,,,,,,,,9,,,,Matches,,,,,,,,,,,,,,,,,,,,,Matches,nathaniel adjei,0.5435007661581039,0.0711866319179534,0.5435007661581039,1.2726756948977709,1.2014890629798174
34,Amine Adli,ma MAR,MF,Bournemouth,eng Premier League,25.0,2000.0,31,10,1094.0,12.2,3,1,4,3,0,0,2,0,0.25,0.08,0.33,0.25,0.33,Matches,3,20,9,45.0,1.65,0.74,0.15,0.33,0,0,Matches,,,,,,,,,,,,,,,1,,,,,,Matches,,17,,,,,,,,,,,6,,,,Matches,,,,,,,,,,,,,,,,,,,,,Matches,amine adli,3.5744741037487984,1.2779199946671724,3.5744741037487984,6.13513302244246,2.169084176421165
37,Michel Aebischer,ch SUI,MF,Pisa,it Serie A,28.0,1997.0,35,33,2892.0,32.1,1,2,3,1,0,0,8,0,0.03,0.06,0.09,0.03,0.09,Matches,1,19,5,26.3,0.59,0.16,0.05,0.2,0,0,Matches,,,,,,,,,,,,,,,2,,,,,,Matches,,37,,,,,,,,,,,35,,,,Matches,,,,,,,,,,,,,,,,,,,,,Matches,michel aebischer,0.8299102364107966,3.4363013366237283,0.8299102364107966,9.910697347484527,7.117089634761214
38,David Affengruber,at AUT,DF,Elche,es La Liga,24.0,2001.0,36,33,2949.0,32.8,1,1,2,1,0,0,7,1,0.03,0.03,0.06,0.03,0.06,Matches,1,14,4,28.6,0.43,0.12,0.07,0.25,0,0,Matches,,,,,,,,,,,,,,,1,,,,,,Matches,,50,,,,,,,,,,,50,,,,Matches,,,,,,,,,,,,,,,,,,,,,Matches,david affengruber,1.327795687597245,1.4741862853989005,1.327795687597245,9.452831268310549,8.721062500029802
40,Emmanuel Agbadou,ci CIV,DF,Wolves,eng Premier League,28.0,1997.0,14,12,1101.0,12.2,0,0,0,0,0,0,1,1,0.0,0.0,0.0,0.0,0.0,Matches,0,10,3,30.0,0.82,0.25,0.0,0.0,0,0,Matches,,,,,,,,,,,,,,,0,,,,,,Matches,,21,,,,,,,,,,,14,,,,Matches,,,,,,,,,,,,,,,,,,,,,Matches,emmanuel agbadou,0.44676383305341,0.1717668529599905,0.44676383305341,1.6553496047854424,1.543709209188819
41,Julen Agirrezabala,es ESP,GK,Valencia,es La Liga,24.0,2000.0,18,18,1620.0,18.0,0,0,0,0,0,0,1,0,0.0,0.0,0.0,0.0,0.0,Matches,0,0,0,,0.0,0.0,,,0,0,Matches,,,,,,,,,,,,,,,0,,,,,,Matches,,1,,,,,,,,,,,0,,,,Matches,,,,,,,,,,,,,,,,,,,,,Matches,julen agirrezabala,0.0,0.0134038729593157,0.0,0.8106938730925322,0.8106938730925322
42,Lucien Agoume,fr FRA,MF,Sevilla,es La Liga,23.0,2002.0,34,31,2686.0,29.8,1,3,4,1,0,0,12,0,0.03,0.1,0.13,0.03,0.13,Matches,1,15,2,13.3,0.5,0.07,0.07,0.5,0,0,Matches,,,,,,,,,,,,,,,3,,,,,,Matches,,40,,,,,,,,,,,49,,,,Matches,,,,,,,,,,,,,,,,,,,,,Matches,lucien agoume,0.8295221757143736,3.1899660043418407,0.8295221757143736,9.656975163146852,6.904327908530831
43,Felix Agu,ng NGA,"DF,MF",Werder Bremen,de Bundesliga,25.0,1999.0,11,9,744.0,8.3,0,0,0,0,0,0,1,0,0.0,0.0,0.0,0.0,0.0,Matches,0,2,1,50.0,0.24,0.12,0.0,0.0,0,0,Matches,,,,,,,,,,,,,,,0,,,,,,Matches,,14,,,,,,,,,,,11,,,,Matches,,,,,,,,,,,,,,,,,,,,,Matches,felix agu,0.0819280599243938,0.4471510555595159,0.0819280599243938,1.301962075755,1.035733675584197
45,Marc Aguado,es ESP,MF,Elche,es La Liga,25.0,2000.0,35,30,2500.0,27.8,1,2,3,1,0,0,3,0,0.04,0.07,0.11,0.04,0.11,Matches,1,3,2,66.7,0.11,0.07,0.33,0.5,0,0,Matches,,,,,,,,,,,,,,,2,,,,,,Matches,,26,,,,,,,,,,,42,,,,Matches,,,,,,,,,,,,,,,,,,,,,Matches,marc aguado,0.2163164913654327,0.5746705206111073,0.2163164913654327,5.5891433618962765,5.029345314949751
47,Nayef Aguerd,ma MAR,DF,Marseille,fr Ligue 1,29.0,1996.0,16,16,1396.0,15.5,1,0,1,1,0,0,4,0,0.06,0.0,0.06,0.06,0.06,Matches,1,10,2,20.0,0.64,0.13,0.1,0.5,0,0,Matches,,,,,,,,,,,,,,,0,,,,,,Matches,,16,,,,,,,,,,,21,,,,Matches,,,,,,,,,,,,,,,,,,,,,Matches,nayef aguerd,0.8858112841844559,0.2695878790691495,0.8858112841844559,9.148570242337884,9.126714654266834
49,Ruben Aguilar,fr FRA,MF,Lens,fr Ligue 1,32.0,1993.0,26,20,1720.0,19.1,2,2,4,2,0,0,6,1,0.1,0.1,0.21,0.1,0.21,Matches,2,13,3,23.1,0.68,0.16,0.15,0.67,0,0,Matches,,,,,,,,,,,,,,,2,,,,,,Matches,,24,,,,,,,,,,,24,,,,Matches,,,,,,,,,,,,,,,,,,,,,Matches,ruben aguilar,1.0442059729248283,3.235480770468712,1.0442059729248283,10.672712955623863,8.755061404779553
51,Naouirou Ahamada,fr FRA,MF,Auxerre,fr Ligue 1,23.0,2002.0,15,8,682.0,7.6,0,1,1,0,0,0,0,0,0.0,0.13,0.13,0.0,0.13,Matches,0,6,1,16.7,0.79,0.13,0.0,0.0,0,0,Matches,,,,,,,,,,,,,,,1,,,,,,Matches,,10,,,,,,,,,,,5,,,,Matches,,,,,,,,,,,,,,,,,,,,,Matches,naouirou ahamada,0.42560575902462,0.436866957694292,0.42560575902462,1.4489535465836525,0.5864808410406113
52,Honest Ahanor,it ITA,DF,Atalanta,it Serie A,17.0,2008.0,22,15,1377.0,15.3,0,0,0,0,0,0,2,1,0.0,0.0,0.0,0.0,0.0,Matches,0,13,4,30.8,0.85,0.26,0.0,0.0,0,0,Matches,,,,,,,,,,,,,,,0,,,,,,Matches,,20,,,,,,,,,,,24,,,,Matches,,,,,,,,,,,,,,,,,,,,,Matches,honest ahanor,2.38193753361702,0.1237909533083438,2.38193753361702,3.2897915095090866,2.9145306274294853
53,Lucas Ahijado,es ESP,DF,Oviedo,es La Liga,30.0,1995.0,20,11,1098.0,12.2,0,1,1,0,0,0,3,0,0.0,0.08,0.08,0.0,0.08,Matches,0,10,2,20.0,0.82,0.16,0.0,0.0,0,0,Matches,,,,,,,,,,,,,,,1,,,,,,Matches,,29,,,,,,,,,,,17,,,,Matches,,,,,,,,,,,,,,,,,,,,,Matches,lucas ahijado,1.1217116303741932,1.3586394265294075,1.1217116303741932,4.464726865757257,2.8245097422041
54,Joseph Aidoo,gh GHA,DF,Celta Vigo,es La Liga,29.0,1995.0,8,7,639.0,7.1,0,0,0,0,0,0,0,0,0.0,0.0,0.0,0.0,0.0,Matches,0,2,0,0.0,0.28,0.0,0.0,,0,0,Matches,,,,,,,,,,,,,,,0,,,,,,Matches,,3,,,,,,,,,,,10,,,,Matches,,,,,,,,,,,,,,,,,,,,,Matches,joseph aidoo,0.3532345592975616,0.0,0.3532345592975616,1.9199420809745789,1.9199420809745789
55,Ola Aina,ng NGA,DF,Nottingham,eng Premier League,28.0,1996.0,18,18,1588.0,17.6,0,0,0,0,0,0,3,0,0.0,0.0,0.0,0.0,0.0,Matches,0,12,1,8.3,0.68,0.06,0.0,0.0,0,0,Matches,,,,,,,,,,,,,,,0,,,,,,Matches,,21,,,,,,,,,,,26,,,,Matches,,,,,,,,,,,,,,,,,,,,,Matches,ola aina,0.4096037317067384,0.341342007741332,0.4096037317067384,3.950665080919862,3.527306206524372
56,Abdelhamid Ait Boudlal,ma MAR,DF,Rennes,fr Ligue 1,19.0,2006.0,20,17,1403.0,15.6,2,1,3,2,0,0,3,1,0.13,0.06,0.19,0.13,0.19,Matches,2,13,4,30.8,0.83,0.26,0.15,0.5,0,0,Matches,,,,,,,,,,,,,,,1,,,,,,Matches,,11,,,,,,,,,,,18,,,,Matches,,,,,,,,,,,,,,,,,,,,,Matches,abdelhamid ait boudlal,1.8210137831047175,0.531465470790863,1.8210137831047175,4.456149698235095,4.422290397807956
57,Rayan Aït-Nouri,dz ALG,DF,Manchester City,eng Premier League,24.0,2001.0,17,12,974.0,10.8,0,2,2,0,0,0,2,0,0.0,0.18,0.18,0.0,0.18,Matches,0,10,2,20.0,0.92,0.18,0.0,0.0,0,0,Matches,,,,,,,,,,,,,,,2,,,,,,Matches,,21,,,,,,,,,,,13,,,,Matches,,,,,,,,,,,,,,,,,,,,,Matches,rayan ait nouri,0.4981528613716364,1.7330033089965582,0.4981528613716364,7.305326489731669,6.587442610412836
58,Tosin Aiyegun,bj BEN,"FW,MF",Lorient,fr Ligue 1,27.0,1998.0,27,11,1073.0,11.9,5,0,5,5,0,1,1,0,0.42,0.0,0.42,0.42,0.42,Matches,5,30,12,40.0,2.52,1.01,0.17,0.42,0,1,Matches,,,,,,,,,,,,,,,0,,,,,,Matches,,5,,,,,,,,,,,1,,,,Matches,,,,,,,,,,,,,,,,,,,,,Matches,tosin aiyegun,6.6367923226207495,1.0361506454646587,5.876697203144431,6.243498589843512,0.4303169213235378
60,Kristoffer Ajer,no NOR,DF,Brentford,eng Premier League,27.0,1998.0,27,20,1810.0,20.1,0,1,1,0,0,0,4,0,0.0,0.05,0.05,0.0,0.05,Matches,0,10,3,30.0,0.5,0.15,0.0,0.0,0,0,Matches,,,,,,,,,,,,,,,1,,,,,,Matches,,23,,,,,,,,,,,15,,,,Matches,,,,,,,,,,,,,,,,,,,,,Matches,kristoffer ajer,1.053914662450552,0.9042857214808464,1.053914662450552,5.491811184212565,3.873572135344148
61,Ludovic Ajorque,fr FRA,FW,Brest,fr Ligue 1,31.0,1994.0,32,32,2820.0,31.3,8,9,17,8,0,0,9,1,0.26,0.29,0.54,0.26,0.54,Matches,8,55,17,30.9,1.76,0.54,0.15,0.47,0,0,Matches,,,,,,,,,,,,,,,9,,,,,,Matches,,20,,,,,,,,,,,11,,,,Matches,,,,,,,,,,,,,,,,,,,,,Matches,ludovic ajorque,9.856391444802284,3.817546840757132,9.856391444802284,16.418825870379806,5.105777461081743
62,Manuel Akanji,ch SUI,DF,Inter,it Serie A,30.0,1995.0,33,31,2821.0,31.3,2,0,2,2,0,0,4,0,0.06,0.0,0.06,0.06,0.06,Matches,2,23,6,26.1,0.73,0.19,0.09,0.33,0,0,Matches,,,,,,,,,,,,,,,0,,,,,,Matches,,24,,,,,,,,,,,37,,,,Matches,,,,,,,,,,,,,,,,,,,,,Matches,manuel akanji,2.2994977347552776,0.3260261919349432,2.2994977347552776,16.78327063843608,16.27327786386013
63,Nathan Aké,nl NED,DF,Manchester City,eng Premier League,30.0,1995.0,18,6,695.0,7.7,0,0,0,0,0,0,1,0,0.0,0.0,0.0,0.0,0.0,Matches,0,7,1,14.3,0.91,0.13,0.0,0.0,0,0,Matches,,,,,,,,,,,,,,,0,,,,,,Matches,,6,,,,,,,,,,,5,,,,Matches,,,,,,,,,,,,,,,,,,,,,Matches,nathan ake,1.096199356019497,0.7114442009478807,1.096199356019497,4.447547908872366,3.9373395331203938
65,Ilias Akhomach,ma MAR,"MF,FW",Rayo Vallecano,es La Liga,21.0,2004.0,11,7,709.0,7.9,0,1,1,0,0,0,2,0,0.0,0.13,0.13,0.0,0.13,Matches,0,18,6,33.3,2.28,0.76,0.0,0.0,0,0,Matches,,,,,,,,,,,,,,,1,,,,,,Matches,,10,,,,,,,,,,,2,,,,Matches,,,,,,,,,,,,,,,,,,,,,Matches,ilias akhomach,2.596906803548336,1.5595727320760489,2.596906803548336,5.816525641828775,2.7779084891080856
66,Ebenezer Akinsanmiro,ng NGA,MF,Pisa,it Serie A,20.0,2004.0,24,16,1444.0,16.0,0,1,1,0,0,0,2,0,0.0,0.06,0.06,0.0,0.06,Matches,0,13,3,23.1,0.81,0.19,0.0,0.0,0,0,Matches,,,,,,,,,,,,,,,1,,,,,,Matches,,25,,,,,,,,,,,27,,,,Matches,,,,,,,,,,,,,,,,,,,,,Matches,ebenezer akinsanmiro,1.112527676858008,1.6431705905124545,1.112527676858008,4.29768105968833,1.7949366383254528
67,Maghnes Akliouche,fr FRA,"MF,FW",Monaco,fr Ligue 1,23.0,2002.0,31,28,2400.0,26.7,6,6,12,6,0,0,3,0,0.23,0.23,0.45,0.23,0.45,Matches,6,48,19,39.6,1.8,0.71,0.13,0.32,0,0,Matches,,,,,,,,,,,,,,,6,,,,,,Matches,,26,,,,,,,,,,,18,,,,Matches,,,,,,,,,,,,,,,,,,,,,Matches,maghnes akliouche,6.614660864695907,5.355240166187286,6.614660864695907,18.967163242399693,8.312718050554395
68,Clément Akpa,ci CIV,DF,Auxerre,fr Ligue 1,23.0,2001.0,26,21,1944.0,21.6,0,0,0,0,0,0,4,1,0.0,0.0,0.0,0.0,0.0,Matches,0,6,0,0.0,0.28,0.0,0.0,,0,0,Matches,,,,,,,,,,,,,,,0,,,,,,Matches,,19,,,,,,,,,,,23,,,,Matches,,,,,,,,,,,,,,,,,,,,,Matches,clement akpa,0.2357997857034206,0.4232827648520469,0.2357997857034206,2.524600649252534,2.4244638979434967
69,Jean-Daniel Akpa-Akpro,ci CIV,MF,Hellas Verona,it Serie A,32.0,1992.0,22,17,1504.0,16.7,1,0,1,1,0,0,9,0,0.06,0.0,0.06,0.06,0.06,Matches,1,13,4,30.8,0.78,0.24,0.08,0.25,0,0,Matches,,,,,,,,,,,,,,,0,,,,,,Matches,,32,,,,,,,,,,,22,,,,Matches,,,,,,,,,,,,,,,,,,,,,Matches,jean daniel akpa akpro,0.8760971613228321,0.3872304651886225,0.8760971613228321,2.588825137354433,1.5401012059301138
71,Al-Musrati,ly LBY,MF,Hellas Verona,it Serie A,29.0,1996.0,18,8,844.0,9.4,0,1,1,0,0,0,6,1,0.0,0.11,0.11,0.0,0.11,Matches,0,9,1,11.1,0.96,0.11,0.0,0.0,0,0,Matches,,,,,,,,,,,,,,,1,,,,,,Matches,,7,,,,,,,,,,,11,,,,Matches,,,,,,,,,,,,,,,,,,,,,Matches,al musrati,0.194909268990159,0.4103963738307357,0.194909268990159,1.4359240951016543,0.9848715346306562
75,Raúl Albiol,es ESP,DF,Pisa,it Serie A,39.0,1985.0,8,5,500.0,5.6,0,1,1,0,0,0,1,0,0.0,0.18,0.18,0.0,0.18,Matches,0,1,0,0.0,0.18,0.0,0.0,,0,0,Matches,,,,,,,,,,,,,,,1,,,,,,Matches,,4,,,,,,,,,,,7,,,,Matches,,,,,,,,,,,,,,,,,,,,,Matches,raul albiol,0.0676460266113281,0.9096565768122672,0.0676460266113281,0.972431879490614,0.8516329564154148
76,Carlos Alcaraz,ar ARG,MF,Everton,eng Premier League,22.0,2002.0,20,6,689.0,7.7,0,1,1,0,0,0,4,0,0.0,0.13,0.13,0.0,0.13,Matches,0,20,5,25.0,2.61,0.65,0.0,0.0,0,0,Matches,,,,,,,,,,,,,,,1,,,,,,Matches,,9,,,,,,,,,,,2,,,,Matches,,,,,,,,,,,,,,,,,,,,,Matches,carlos alcaraz,1.0087895719334483,1.21384940110147,1.0087895719334483,2.683815789408982,1.3459198297932744
77,Omar Alderete,py PAR,DF,Sunderland,eng Premier League,28.0,1996.0,33,32,2798.0,31.1,1,1,2,1,0,0,6,0,0.03,0.03,0.06,0.03,0.06,Matches,1,24,9,37.5,0.77,0.29,0.04,0.11,0,0,Matches,,,,,,,,,,,,,,,1,,,,,,Matches,,18,,,,,,,,,,,36,,,,Matches,,,,,,,,,,,,,,,,,,,,,Matches,omar alderete,1.5455667236819863,0.6074565481394529,1.5455667236819863,4.549569208174944,3.7731494531035423
78,Alexandre Alemão,br BRA,FW,Rayo Vallecano,es La Liga,27.0,1998.0,26,11,1136.0,12.6,4,0,4,4,0,0,3,0,0.32,0.0,0.32,0.32,0.32,Matches,4,26,12,46.2,2.06,0.95,0.15,0.33,0,0,Matches,,,,,,,,,,,,,,,0,,,,,,Matches,,2,,,,,,,,,,,1,,,,Matches,,,,,,,,,,,,,,,,,,,,,Matches,alexandre alemao,4.114549320191145,0.3112838324159384,4.114549320191145,6.356759304180741,2.0705359429121017
79,Carles Aleñá,es ESP,MF,Alavés,es La Liga,27.0,1998.0,34,23,1989.0,22.1,0,4,4,0,0,0,5,0,0.0,0.18,0.18,0.0,0.18,Matches,0,29,5,17.2,1.31,0.23,0.0,0.0,0,0,Matches,,,,,,,,,,,,,,,4,,,,,,Matches,,24,,,,,,,,,,,12,,,,Matches,,,,,,,,,,,,,,,,,,,,,Matches,carles alena,2.2455996740609407,4.067961330525577,2.2455996740609407,7.837335070595145,3.891140911728144
80,Trent Alexander-Arnold,eng ENG,DF,Real Madrid,es La Liga,26.0,1998.0,21,14,1163.0,12.9,0,4,4,0,0,0,4,0,0.0,0.31,0.31,0.0,0.31,Matches,0,10,2,20.0,0.77,0.15,0.0,0.0,0,0,Matches,,,,,,,,,,,,,,,4,,,,,,Matches,,10,,,,,,,,,,,13,,,,Matches,,,,,,,,,,,,,,,,,,,,,Matches,trent alexander arnold,0.403125662356615,2.0283965058624744,0.403125662356615,6.278945114463568,5.344461210072041
83,Mohamed Ali Cho,fr FRA,"FW,MF",Nice,fr Ligue 1,21.0,2004.0,24,20,1667.0,18.5,4,3,7,4,0,0,1,0,0.22,0.16,0.38,0.22,0.38,Matches,4,32,14,43.8,1.73,0.76,0.13,0.29,0,0,Matches,,,,,,,,,,,,,,,3,,,,,,Matches,,9,,,,,,,,,,,4,,,,Matches,,,,,,,,,,,,,,,,,,,,,Matches,mohamed ali cho,4.278947148472071,3.5190721238031983,4.278947148472071,9.6834735609591,4.643952438607812
84,Alisson,br BRA,GK,Liverpool,eng Premier League,32.0,1992.0,26,26,2340.0,26.0,0,0,0,0,0,0,1,0,0.0,0.0,0.0,0.0,0.0,Matches,0,0,0,,0.0,0.0,,,0,0,Matches,,,,,,,,,,,,,,,0,,,,,,Matches,,0,,,,,,,,,,,0,,,,Matches,,,,,,,,,,,,,,,,,,,,,Matches,alisson,0.0,0.0,0.0,4.577883286401629,4.577883286401629
87,Thiago Almada,ar ARG,"MF,FW",Atlético Madrid,es La Liga,24.0,2001.0,27,16,1311.0,14.6,3,1,4,3,0,0,2,1,0.21,0.07,0.27,0.21,0.27,Matches,3,21,10,47.6,1.44,0.69,0.14,0.3,0,0,Matches,,,,,,,,,,,,,,,1,,,,,,Matches,,18,,,,,,,,,,,9,,,,Matches,,,,,,,,,,,,,,,,,,,,,Matches,thiago almada,3.557283066213131,2.7944966796785597,3.557283066213131,10.92075067013502,6.215710032731295
88,André Almeida,pt POR,MF,Valencia,es La Liga,25.0,2000.0,22,11,1017.0,11.3,0,2,2,0,0,0,0,0,0.0,0.18,0.18,0.0,0.18,Matches,0,9,3,33.3,0.8,0.27,0.0,0.0,0,0,Matches,,,,,,,,,,,,,,,2,,,,,,Matches,,11,,,,,,,,,,,8,,,,Matches,,,,,,,,,,,,,,,,,,,,,Matches,andre almeida,0.874655444175005,2.1850007213652134,0.874655444175005,6.30531516764313,4.309371467679739
89,Pontus Almqvist,se SWE,MF,Parma,it Serie A,26.0,1999.0,13,4,457.0,5.1,0,1,1,0,0,0,0,0,0.0,0.2,0.2,0.0,0.2,Matches,0,5,2,40.0,0.98,0.39,0.0,0.0,0,0,Matches,,,,,,,,,,,,,,,1,,,,,,Matches,,6,,,,,,,,,,,6,,,,Matches,,,,,,,,,,,,,,,,,,,,,Matches,pontus almqvist,0.3375041931867599,1.8195517510175705,0.3375041931867599,2.522960741072893,0.990849431604147
90,Marcos Alonso,es ESP,DF,Celta Vigo,es La Liga,34.0,1990.0,32,31,2768.0,30.8,1,0,1,0,1,1,5,0,0.03,0.0,0.03,0.0,0.0,Matches,1,24,3,12.5,0.78,0.1,0.04,0.33,1,1,Matches,,,,,,,,,,,,,,,0,,,,,,Matches,,24,,,,,,,,,,,30,,,,Matches,,,,,,,,,,,,,,,,,,,,,Matches,marcos alonso,2.298372241668403,1.568596050143242,1.555094632320106,14.406851345673203,13.42302238382399
92,Sergi Altimira,es ESP,MF,Real Betis,es La Liga,23.0,2001.0,24,13,1186.0,13.2,1,2,3,1,0,0,3,0,0.08,0.15,0.23,0.08,0.23,Matches,1,7,3,42.9,0.53,0.23,0.14,0.33,0,0,Matches,,,,,,,,,,,,,,,2,,,,,,Matches,,36,,,,,,,,,,,20,,,,Matches,,,,,,,,,,,,,,,,,,,,,Matches,sergi altimira,0.5072789322584867,0.5556181967258453,0.5072789322584867,4.316389311105013,3.7588356025516982
93,Carlos Álvarez,es ESP,MF,Levante,es La Liga,21.0,2003.0,30,23,1890.0,21.0,3,1,4,3,0,0,3,0,0.14,0.05,0.19,0.14,0.19,Matches,3,30,11,36.7,1.43,0.52,0.1,0.27,0,0,Matches,,,,,,,,,,,,,,,1,,,,,,Matches,,13,,,,,,,,,,,13,,,,Matches,,,,,,,,,,,,,,,,,,,,,Matches,carlos alvarez,2.646204930730164,4.597994323819876,2.646204930730164,10.988976924680172,6.164044106379151
94,Hugo Álvarez,es ESP,"FW,MF",Celta Vigo,es La Liga,22.0,2003.0,28,15,1340.0,14.9,4,2,6,4,0,0,2,0,0.27,0.13,0.4,0.27,0.4,Matches,4,14,8,57.1,0.94,0.54,0.29,0.5,0,0,Matches,,,,,,,,,,,,,,,2,,,,,,Matches,,9,,,,,,,,,,,10,,,,Matches,,,,,,,,,,,,,,,,,,,,,Matches,hugo alvarez,2.272590968757868,2.45073258318007,2.272590968757868,8.504904292523861,5.041602535173297
95,Julián Álvarez,ar ARG,FW,Atlético Madrid,es La Liga,25.0,2000.0,29,22,1895.0,21.1,8,4,12,6,2,3,2,0,0.38,0.19,0.57,0.28,0.47,Matches,8,54,26,48.1,2.56,1.23,0.15,0.31,2,3,Matches,,,,,,,,,,,,,,,4,,,,,,Matches,,13,,,,,,,,,,,3,,,,Matches,,,,,,,,,,,,,,,,,,,,,Matches,julian alvarez,8.894600672647357,6.265264900401235,6.664767829701304,17.452052727341652,7.806348083540797
96,Yeray Álvarez,es ESP,DF,Athletic Club,es La Liga,30.0,1995.0,7,6,513.0,5.7,0,0,0,0,0,0,0,0,0.0,0.0,0.0,0.0,0.0,Matches,0,1,0,0.0,0.18,0.0,0.0,,0,0,Matches,,,,,,,,,,,,,,,0,,,,,,Matches,,1,,,,,,,,,,,14,,,,Matches,,,,,,,,,,,,,,,,,,,,,Matches,yeray alvarez,0.1283213347196579,0.1133810803294181,0.1283213347196579,2.1851428039371967,2.112127650529146
99,Ayoube Amaimouni,ma MAR,"MF,FW",Frankfurt,de Bundesliga,20.0,2004.0,17,6,586.0,6.5,2,3,5,2,0,0,1,0,0.31,0.46,0.77,0.31,0.77,Matches,2,12,7,58.3,1.84,1.08,0.17,0.29,0,0,Matches,,,,,,,,,,,,,,,3,,,,,,Matches,,5,,,,,,,,,,,2,,,,Matches,,,,,,,,,,,,,,,,,,,,,Matches,ayoube amaimouni,,,,,
103,Aurèle Amenda,ch SUI,DF,Frankfurt,de Bundesliga,22.0,2003.0,24,18,1678.0,18.6,0,0,0,0,0,0,5,0,0.0,0.0,0.0,0.0,0.0,Matches,0,10,2,20.0,0.54,0.11,0.0,0.0,0,0,Matches,,,,,,,,,,,,,,,0,,,,,,Matches,,12,,,,,,,,,,,29,,,,Matches,,,,,,,,,,,,,,,,,,,,,Matches,aurele amenda,1.009096633642912,0.3360993862152099,1.009096633642912,5.7146389447152615,5.516352321952581
104,Kelvin Amian,fr FRA,DF,Nantes,fr Ligue 1,27.0,1998.0,23,22,1961.0,21.8,0,1,1,0,0,0,3,0,0.0,0.05,0.05,0.0,0.05,Matches,0,10,2,20.0,0.46,0.09,0.0,0.0,0,0,Matches,,,,,,,,,,,,,,,1,,,,,,Matches,,18,,,,,,,,,,,8,,,,Matches,,,,,,,,,,,,,,,,,,,,,Matches,kelvin amian,,,,,
105,Michael Amir Murillo,pa PAN,"DF,MF",Marseille,fr Ligue 1,29.0,1996.0,16,11,989.0,11.0,2,1,3,2,0,0,4,0,0.18,0.09,0.27,0.18,0.27,Matches,2,9,2,22.2,0.82,0.18,0.22,1.0,0,0,Matches,,,,,,,,,,,,,,,1,,,,,,Matches,,13,,,,,,,,,,,6,,,,Matches,,,,,,,,,,,,,,,,,,,,,Matches,michael amir murillo,1.0468609929084778,1.9396317675709724,1.0468609929084778,9.449122466146946,7.076627906411886
106,Nadiem Amiri,de GER,MF,Mainz 05,de Bundesliga,28.0,1996.0,26,24,2083.0,23.1,12,2,14,4,8,8,6,0,0.52,0.09,0.6,0.17,0.26,Matches,12,54,22,40.7,2.33,0.95,0.22,0.55,8,8,Matches,,,,,,,,,,,,,,,2,,,,,,Matches,,18,,,,,,,,,,,19,,,,Matches,,,,,,,,,,,,,,,,,,,,,Matches,nadiem amiri,10.704714082181454,6.560079865157604,4.642500706017017,12.271673714742064,5.860426990315318
107,Samuel Amo-Ameyaw,eng ENG,"MF,DF",Strasbourg,fr Ligue 1,19.0,2006.0,25,9,1047.0,11.6,2,2,4,2,0,0,2,0,0.17,0.17,0.34,0.17,0.34,Matches,2,17,5,29.4,1.46,0.43,0.12,0.4,0,0,Matches,,,,,,,,,,,,,,,2,,,,,,Matches,,12,,,,,,,,,,,3,,,,Matches,,,,,,,,,,,,,,,,,,,,,Matches,samuel amo ameyaw,1.184529721736908,1.229766269214451,1.184529721736908,4.935548759996891,3.270142339169979
108,Amorim,br BRA,MF,Genoa,it Serie A,20.0,2005.0,11,6,552.0,6.1,0,0,0,0,0,0,1,0,0.0,0.0,0.0,0.0,0.0,Matches,0,2,0,0.0,0.33,0.0,0.0,,0,0,Matches,,,,,,,,,,,,,,,0,,,,,,Matches,,6,,,,,,,,,,,7,,,,Matches,,,,,,,,,,,,,,,,,,,,,Matches,amorim,0.1271370165050029,0.7567969225347042,0.1271370165050029,1.344626486301422,0.7348281238228083
110,Mohamed Amoura,dz ALG,"FW,MF",Wolfsburg,de Bundesliga,25.0,2000.0,30,23,1919.0,21.3,8,3,11,7,1,1,2,0,0.38,0.14,0.52,0.33,0.47,Matches,8,60,19,31.7,2.81,0.89,0.13,0.42,1,1,Matches,,,,,,,,,,,,,,,3,,,,,,Matches,,22,,,,,,,,,,,7,,,,Matches,,,,,,,,,,,,,,,,,,,,,Matches,mohamed amoura,9.9565003933385,3.972602378576994,9.198723715730011,14.962777476757765,4.446937231346965
111,Ethan Ampadu,wls WAL,MF,Leeds United,eng Premier League,24.0,2000.0,35,35,3119.0,34.7,1,1,2,1,0,0,10,0,0.03,0.03,0.06,0.03,0.06,Matches,1,26,6,23.1,0.75,0.17,0.04,0.17,0,0,Matches,,,,,,,,,,,,,,,1,,,,,,Matches,,46,,,,,,,,,,,50,,,,Matches,,,,,,,,,,,,,,,,,,,,,Matches,ethan ampadu,1.946105619892478,1.1763546681031585,1.946105619892478,11.866393697448077,10.690290067344904
112,Sofyan Amrabat,ma MAR,MF,Real Betis,es La Liga,28.0,1996.0,17,14,1295.0,14.4,0,0,0,0,0,0,4,0,0.0,0.0,0.0,0.0,0.0,Matches,0,8,1,12.5,0.56,0.07,0.0,0.0,0,0,Matches,,,,,,,,,,,,,,,0,,,,,,Matches,,13,,,,,,,,,,,11,,,,Matches,,,,,,,,,,,,,,,,,,,,,Matches,sofyan amrabat,0.2392287040129304,0.2395817404612898,0.2392287040129304,3.977388694882393,3.5761187840253115
113,Joachim Andersen,dk DEN,DF,Fulham,eng Premier League,29.0,1996.0,33,33,2875.0,31.9,0,1,1,0,0,0,7,1,0.0,0.03,0.03,0.0,0.03,Matches,0,16,4,25.0,0.5,0.13,0.0,0.0,0,0,Matches,,,,,,,,,,,,,,,1,,,,,,Matches,,26,,,,,,,,,,,34,,,,Matches,,,,,,,,,,,,,,,,,,,,,Matches,joachim andersen,1.659308227710426,0.5809159595519304,1.659308227710426,9.259830322116612,8.9278842844069
114,Elliot Anderson,eng ENG,MF,Nottingham,eng Premier League,22.0,2002.0,38,37,3331.0,37.0,4,4,8,3,1,1,8,0,0.11,0.11,0.22,0.08,0.19,Matches,4,44,10,22.7,1.19,0.27,0.09,0.4,1,1,Matches,,,,,,,,,,,,,,,4,,,,,,Matches,,60,,,,,,,,,,,41,,,,Matches,,,,,,,,,,,,,,,,,,,,,Matches,elliot anderson,3.4442944694310427,4.842637189663947,2.6831256318837404,16.282568987458944,11.95789561793208
115,Tomoya Ando,jp JPN,DF,St Pauli,de Bundesliga,26.0,1999.0,15,14,1260.0,14.0,0,1,1,0,0,0,3,0,0.0,0.07,0.07,0.0,0.07,Matches,0,8,2,25.0,0.57,0.14,0.0,0.0,0,0,Matches,,,,,,,,,,,,,,,1,,,,,,Matches,,23,,,,,,,,,,,14,,,,Matches,,,,,,,,,,,,,,,,,,,,,Matches,tomoya ando,0.5493685305118561,1.295797783881426,0.5493685305118561,3.70635798573494,3.663719467818737
116,Nícolas Andrade,br BRA,GK,Pisa,it Serie A,37.0,1988.0,6,6,540.0,6.0,0,0,0,0,0,0,0,0,0.0,0.0,0.0,0.0,0.0,Matches,0,0,0,,0.0,0.0,,,0,0,Matches,,,,,,,,,,,,,,,0,,,,,,Matches,,0,,,,,,,,,,,0,,,,Matches,,,,,,,,,,,,,,,,,,,,,Matches,nicolas andrade,0.0,0.0,0.0,0.0721409525722265,0.0721409525722265
117,André,br BRA,MF,Wolves,eng Premier League,24.0,2001.0,35,30,2762.0,30.7,1,0,1,1,0,0,12,0,0.03,0.0,0.03,0.03,0.03,Matches,1,15,1,6.7,0.49,0.03,0.07,1.0,0,0,Matches,,,,,,,,,,,,,,,0,,,,,,Matches,,42,,,,,,,,,,,25,,,,Matches,,,,,,,,,,,,,,,,,,,,,Matches,andre,0.5156588805839419,1.24783924408257,0.5156588805839419,6.220211643725634,5.526091292500496
118,Benjamin André,fr FRA,MF,Lille,fr Ligue 1,34.0,1990.0,27,26,2332.0,25.9,2,2,4,2,0,0,9,0,0.08,0.08,0.15,0.08,0.15,Matches,2,27,6,22.2,1.04,0.23,0.07,0.33,0,0,Matches,,,,,,,,,,,,,,,2,,,,,,Matches,,40,,,,,,,,,,,31,,,,Matches,,,,,,,,,,,,,,,,,,,,,Matches,benjamin andre,2.5734788700938225,1.9330890672281384,2.5734788700938225,11.715144013985991,9.41398911178112
119,Robert Andrich,de GER,"DF,MF",Leverkusen,de Bundesliga,30.0,1994.0,32,29,2546.0,28.3,2,0,2,2,0,0,6,1,0.07,0.0,0.07,0.07,0.07,Matches,2,12,3,25.0,0.42,0.11,0.17,0.67,0,0,Matches,,,,,,,,,,,,,,,0,,,,,,Matches,,30,,,,,,,,,,,33,,,,Matches,,,,,,,,,,,,,,,,,,,,,Matches,robert andrich,0.8109990963712335,0.5380814289674163,0.8109990963712335,14.814566032029688,14.427350432612002
124,Samuele Angori,it ITA,MF,Pisa,it Serie A,21.0,2003.0,35,30,2599.0,28.9,0,2,2,0,0,0,2,0,0.0,0.07,0.07,0.0,0.07,Matches,0,14,3,21.4,0.48,0.1,0.0,0.0,0,0,Matches,,,,,,,,,,,,,,,2,,,,,,Matches,,25,,,,,,,,,,,23,,,,Matches,,,,,,,,,,,,,,,,,,,,,Matches,samuele angori,1.318560840561986,3.855747262947261,1.318560840561986,8.059615784324706,5.591387763619423
125,Frank Anguissa,cm CMR,MF,Napoli,it Serie A,29.0,1995.0,18,14,1258.0,14.0,4,1,5,4,0,0,1,0,0.29,0.07,0.36,0.29,0.36,Matches,4,23,9,39.1,1.65,0.64,0.17,0.44,0,0,Matches,,,,,,,,,,,,,,,1,,,,,,Matches,,14,,,,,,,,,,,13,,,,Matches,,,,,,,,,,,,,,,,,,,,,Matches,frank anguissa,,,,,
128,Ilyas Ansah,de GER,"MF,FW",Union Berlin,de Bundesliga,20.0,2004.0,33,23,1892.0,21.0,5,1,6,5,0,0,1,0,0.24,0.05,0.29,0.24,0.29,Matches,5,33,12,36.4,1.57,0.57,0.15,0.42,0,0,Matches,,,,,,,,,,,,,,,1,,,,,,Matches,,9,,,,,,,,,,,4,,,,Matches,,,,,,,,,,,,,,,,,,,,,Matches,ilyas ansah,3.8260167790576816,1.5223449170589447,3.8260167790576816,6.577519843354821,2.9834984317421918
132,Jaidon Anthony,eng ENG,MF,Burnley,eng Premier League,25.0,1999.0,37,32,2722.0,30.2,8,2,10,8,0,0,4,0,0.26,0.07,0.33,0.26,0.33,Matches,8,55,23,41.8,1.82,0.76,0.15,0.35,0,0,Matches,,,,,,,,,,,,,,,2,,,,,,Matches,,21,,,,,,,,,,,16,,,,Matches,,,,,,,,,,,,,,,,,,,,,Matches,jaidon anthony,5.564454321749508,4.374400090426207,5.564454321749508,12.432500068098308,5.833836998790503
133,Waldemar Anton,de GER,DF,Dortmund,de Bundesliga,29.0,1996.0,32,32,2880.0,32.0,2,0,2,2,0,0,3,0,0.06,0.0,0.06,0.06,0.06,Matches,2,16,6,37.5,0.5,0.19,0.13,0.33,0,0,Matches,,,,,,,,,,,,,,,0,,,,,,Matches,,42,,,,,,,,,,,33,,,,Matches,,,,,,,,,,,,,,,,,,,,,Matches,waldemar anton,1.8469386994838717,0.4476184593513608,1.8469386994838717,13.16260596551001,12.66744858212769
136,Antony,br BRA,"MF,FW",Real Betis,es La Liga,25.0,2000.0,32,30,2447.0,27.2,8,6,14,8,0,0,6,1,0.29,0.22,0.51,0.29,0.51,Matches,8,90,34,37.8,3.31,1.25,0.09,0.24,0,0,Matches,,,,,,,,,,,,,,,6,,,,,,Matches,,23,,,,,,,,,,,22,,,,Matches,,,,,,,,,,,,,,,,,,,,,Matches,antony,9.02497192658484,6.643909856677055,9.02497192658484,22.010275080800056,10.2550476831384
137,Youssef El-Arabi,ma MAR,FW,Nantes,fr Ligue 1,38.0,1987.0,25,11,941.0,10.5,3,0,3,3,0,1,0,0,0.29,0.0,0.29,0.29,0.29,Matches,3,15,9,60.0,1.43,0.86,0.2,0.33,0,1,Matches,,,,,,,,,,,,,,,0,,,,,,Matches,,9,,,,,,,,,,,4,,,,Matches,,,,,,,,,,,,,,,,,,,,,Matches,youssef el arabi,4.204976715147495,0.5688040424138308,3.444881595671177,2.720785405486822,0.5000742729753256
138,Mauro Arambarri,uy URU,MF,Getafe,es La Liga,29.0,1995.0,37,37,3249.0,36.1,6,2,8,4,2,3,6,0,0.17,0.06,0.22,0.11,0.17,Matches,6,58,19,32.8,1.61,0.53,0.1,0.32,2,3,Matches,,,,,,,,,,,,,,,2,,,,,,Matches,,43,,,,,,,,,,,21,,,,Matches,,,,,,,,,,,,,,,,,,,,,Matches,mauro arambarri,8.078672235831618,0.9766136407852172,5.848839415237308,5.961405856534839,2.0200484236702323
139,Jon Aramburu,ve VEN,DF,Real Sociedad,es La Liga,23.0,2002.0,35,31,2773.0,30.8,1,0,1,1,0,0,11,0,0.03,0.0,0.03,0.03,0.03,Matches,1,21,5,23.8,0.68,0.16,0.05,0.2,0,0,Matches,,,,,,,,,,,,,,,0,,,,,,Matches,,66,,,,,,,,,,,47,,,,Matches,,,,,,,,,,,,,,,,,,,,,Matches,jon aramburu,2.057084806263447,0.4437111411243677,2.057084806263447,6.378528879955411,5.833133289590478
141,Ronald Araújo,uy URU,DF,Barcelona,es La Liga,26.0,1999.0,24,11,1071.0,11.9,3,0,3,3,0,0,2,0,0.25,0.0,0.25,0.25,0.25,Matches,3,12,5,41.7,1.01,0.42,0.25,0.6,0,0,Matches,,,,,,,,,,,,,,,0,,,,,,Matches,,15,,,,,,,,,,,10,,,,Matches,,,,,,,,,,,,,,,,,,,,,Matches,ronald araujo,2.3027837397530675,0.5996876899152994,2.3027837397530675,6.535599049180746,5.450850985944271
142,Carlens Arcus,ht HAI,DF,Angers,fr Ligue 1,29.0,1996.0,26,24,2040.0,22.7,0,3,3,0,0,0,7,0,0.0,0.13,0.13,0.0,0.13,Matches,0,9,1,11.1,0.4,0.04,0.0,0.0,0,0,Matches,,,,,,,,,,,,,,,3,,,,,,Matches,,29,,,,,,,,,,,29,,,,Matches,,,,,,,,,,,,,,,,,,,,,Matches,carlens arcus,0.2048528864979744,2.0858899280428886,0.2048528864979744,8.311523443087935,7.4888695646077394
144,Alphonse Areola,fr FRA,GK,West Ham,eng Premier League,32.0,1993.0,20,20,1800.0,20.0,0,1,1,0,0,0,0,0,0.0,0.05,0.05,0.0,0.05,Matches,0,0,0,,0.0,0.0,,,0,0,Matches,,,,,,,,,,,,,,,1,,,,,,Matches,,0,,,,,,,,,,,1,,,,Matches,,,,,,,,,,,,,,,,,,,,,Matches,alphonse areola,0.0,0.0221445709466934,0.0,0.4307949170470238,0.4307949170470238
145,Jesús Areso,es ESP,DF,Athletic Club,es La Liga,26.0,1999.0,26,14,1506.0,16.7,0,1,1,0,0,0,3,0,0.0,0.06,0.06,0.0,0.06,Matches,0,3,0,0.0,0.18,0.0,0.0,,0,0,Matches,,,,,,,,,,,,,,,1,,,,,,Matches,,16,,,,,,,,,,,20,,,,Matches,,,,,,,,,,,,,,,,,,,,,Matches,jesus areso,0.095483249053359,1.5605541560798883,0.095483249053359,2.973411399871111,2.2149724885821342
149,Jhon Arias,co COL,"FW,MF",Wolves,eng Premier League,27.0,1997.0,23,14,1124.0,12.5,1,0,1,1,0,0,1,0,0.08,0.0,0.08,0.08,0.08,Matches,1,16,3,18.8,1.28,0.24,0.06,0.33,0,0,Matches,,,,,,,,,,,,,,,0,,,,,,Matches,,27,,,,,,,,,,,7,,,,Matches,,,,,,,,,,,,,,,,,,,,,Matches,jhon arias,3.293146742507816,0.8962265644222498,3.293146742507816,4.877626428380609,1.3450943380594254
151,Adam Armstrong,eng ENG,"FW,MF",Wolves,eng Premier League,28.0,1997.0,14,14,1140.0,12.7,2,2,4,1,1,1,3,0,0.16,0.16,0.32,0.08,0.24,Matches,2,18,6,33.3,1.42,0.47,0.11,0.33,1,1,Matches,,,,,,,,,,,,,,,2,,,,,,Matches,,4,,,,,,,,,,,1,,,,Matches,,,,,,,,,,,,,,,,,,,,,Matches,adam armstrong,2.8085783179849386,1.501315450295806,2.0474094804376364,2.8539646565914154,0.716374509036541
152,Harrison Armstrong,eng ENG,MF,Everton,eng Premier League,18.0,2007.0,13,6,529.0,5.9,0,0,0,0,0,0,0,0,0.0,0.0,0.0,0.0,0.0,Matches,0,5,2,40.0,0.85,0.34,0.0,0.0,0,0,Matches,,,,,,,,,,,,,,,0,,,,,,Matches,,10,,,,,,,,,,,4,,,,Matches,,,,,,,,,,,,,,,,,,,,,Matches,harrison armstrong,0.4391051679849624,0.1213887110352516,0.4391051679849624,1.601274512708187,1.3438003733754158
153,Maximilian Arnold,de GER,MF,Wolfsburg,de Bundesliga,31.0,1994.0,25,20,1859.0,20.7,1,4,5,1,0,0,5,0,0.05,0.19,0.24,0.05,0.24,Matches,1,13,5,38.5,0.63,0.24,0.08,0.2,0,0,Matches,,,,,,,,,,,,,,,4,,,,,,Matches,,15,,,,,,,,,,,24,,,,Matches,,,,,,,,,,,,,,,,,,,,,Matches,maximilian arnold,0.367392455227673,4.247929247096181,0.367392455227673,5.136144082993269,4.320300527848303
154,Tolu Arokodare,ng NGA,FW,Wolves,eng Premier League,24.0,2000.0,33,13,1419.0,15.8,3,1,4,3,0,1,1,0,0.19,0.06,0.25,0.19,0.25,Matches,3,46,16,34.8,2.92,1.01,0.07,0.19,0,1,Matches,,,,,,,,,,,,,,,1,,,,,,Matches,,4,,,,,,,,,,,5,,,,Matches,,,,,,,,,,,,,,,,,,,,,Matches,tolu arokodare,7.426559334620833,1.1596579402685163,6.665390497073531,5.404460851103067,1.1024699872359631
156,Kervin Arriaga,hn HON,MF,Levante,es La Liga,27.0,1998.0,27,16,1532.0,17.0,3,3,6,3,0,0,8,1,0.18,0.18,0.35,0.18,0.35,Matches,3,16,6,37.5,0.94,0.35,0.19,0.5,0,0,Matches,,,,,,,,,,,,,,,3,,,,,,Matches,,26,,,,,,,,,,,14,,,,Matches,,,,,,,,,,,,,,,,,,,,,Matches,kervin arriaga,1.0908419089391828,1.162239396944642,1.0908419089391828,5.125545285642147,3.795021541416645
158,Arthur,br BRA,MF,Leverkusen,de Bundesliga,22.0,2003.0,20,13,1136.0,12.6,1,3,4,1,0,0,3,0,0.08,0.24,0.32,0.08,0.32,Matches,1,10,2,20.0,0.79,0.16,0.1,0.5,0,0,Matches,,,,,,,,,,,,,,,3,,,,,,Matches,,12,,,,,,,,,,,18,,,,Matches,,,,,,,,,,,,,,,,,,,,,Matches,arthur,1.1891322792507708,1.199713435024023,1.1891322792507708,6.4784804452210665,5.219180366024375
159,Takuma Asano,jp JPN,"MF,FW",Mallorca,es La Liga,30.0,1994.0,20,8,664.0,7.4,1,0,1,1,0,0,2,0,0.14,0.0,0.14,0.14,0.14,Matches,1,17,2,11.8,2.3,0.27,0.06,0.5,0,0,Matches,,,,,,,,,,,,,,,0,,,,,,Matches,,10,,,,,,,,,,,1,,,,Matches,,,,,,,,,,,,,,,,,,,,,Matches,takuma asano,2.239371344447136,1.018438033759594,2.239371344447136,3.7131067626178265,1.4350337330251932
160,Raúl Asencio,es ESP,DF,Real Madrid,es La Liga,22.0,2003.0,23,18,1708.0,19.0,2,0,2,2,0,0,4,0,0.11,0.0,0.11,0.11,0.11,Matches,2,14,4,28.6,0.74,0.21,0.14,0.5,0,0,Matches,,,,,,,,,,,,,,,0,,,,,,Matches,,12,,,,,,,,,,,10,,,,Matches,,,,,,,,,,,,,,,,,,,,,Matches,raul asencio,1.511999098584056,0.4637518934905529,1.511999098584056,7.886597044765949,7.307897858321667
161,Fisnik Asllani,xk KVX,"FW,MF",Hoffenheim,de Bundesliga,22.0,2002.0,33,31,2335.0,25.9,10,7,17,10,0,0,2,0,0.39,0.27,0.66,0.39,0.66,Matches,10,73,28,38.4,2.81,1.08,0.14,0.36,0,0,Matches,,,,,,,,,,,,,,,7,,,,,,Matches,,7,,,,,,,,,,,5,,,,Matches,,,,,,,,,,,,,,,,,,,,,Matches,fisnik asllani,9.504826286807656,5.401737725362182,9.504826286807656,19.754683665931225,6.661823563277721
162,Kristjan Asllani,al ALB,MF,Torino,it Serie A,23.0,2002.0,15,13,1129.0,12.5,0,0,0,0,0,1,3,0,0.0,0.0,0.0,0.0,0.0,Matches,0,20,4,20.0,1.59,0.32,0.0,0.0,0,1,Matches,,,,,,,,,,,,,,,0,,,,,,Matches,,14,,,,,,,,,,,12,,,,Matches,,,,,,,,,,,,,,,,,,,,,Matches,kristjan asllani,1.1615827651694417,1.1300613693892956,0.4002839298918843,2.6788381403312087,2.2846737299114466
164,Iago Aspas,es ESP,"FW,MF",Celta Vigo,es La Liga,37.0,1987.0,32,11,1140.0,12.7,5,3,8,3,2,2,4,0,0.39,0.24,0.63,0.24,0.47,Matches,5,28,12,42.9,2.21,0.95,0.18,0.42,2,2,Matches,,,,,,,,,,,,,,,3,,,,,,Matches,,11,,,,,,,,,,,12,,,,Matches,,,,,,,,,,,,,,,,,,,,,Matches,iago aspas,4.438365060836077,4.45842863060534,2.9518098421394825,11.226651870645584,6.235691965557635
165,Yaser Asprilla,co COL,"FW,MF",Girona,es La Liga,21.0,2003.0,15,6,611.0,6.8,0,0,0,0,0,0,0,0,0.0,0.0,0.0,0.0,0.0,Matches,0,15,5,33.3,2.21,0.74,0.0,0.0,0,0,Matches,,,,,,,,,,,,,,,0,,,,,,Matches,,4,,,,,,,,,,,5,,,,Matches,,,,,,,,,,,,,,,,,,,,,Matches,yaser asprilla,0.5583002185449004,1.7849864326417446,0.5583002185449004,1.4411142249591649,0.7090051285922527
166,Lorenz Assignon,tg TOG,"DF,MF",Stuttgart,de Bundesliga,25.0,2000.0,24,12,1094.0,12.2,0,0,0,0,0,0,3,1,0.0,0.0,0.0,0.0,0.0,Matches,0,12,4,33.3,0.99,0.33,0.0,0.0,0,0,Matches,,,,,,,,,,,,,,,0,,,,,,Matches,,15,,,,,,,,,,,15,,,,Matches,,,,,,,,,,,,,,,,,,,,,Matches,lorenz assignon,0.6752535561099648,1.0527520487084985,0.6752535561099648,5.320500722154975,4.25156906992197
167,Dehmaine Assoumani,fr FRA,MF,Nantes,fr Ligue 1,20.0,2005.0,27,14,1276.0,14.2,1,0,1,1,0,0,5,0,0.07,0.0,0.07,0.07,0.07,Matches,1,29,7,24.1,2.05,0.49,0.03,0.14,0,0,Matches,,,,,,,,,,,,,,,0,,,,,,Matches,,18,,,,,,,,,,,16,,,,Matches,,,,,,,,,,,,,,,,,,,,,Matches,dehmaine assoumani,1.7984376410022378,2.0394907854497437,1.7984376410022378,3.9870292702689767,1.7710418915376067
169,Otavio Ataide,br BRA,DF,Paris FC,fr Ligue 1,23.0,2002.0,23,21,1901.0,21.1,1,0,1,1,0,0,6,1,0.05,0.0,0.05,0.05,0.05,Matches,1,12,3,25.0,0.57,0.14,0.08,0.33,0,0,Matches,,,,,,,,,,,,,,,0,,,,,,Matches,,29,,,,,,,,,,,27,,,,Matches,,,,,,,,,,,,,,,,,,,,,Matches,otavio ataide,0.5789848626591265,0.1723948009312153,0.5789848626591265,5.907242963090539,5.754136506468058
170,Zachary Athekame,ch SUI,"MF,DF",Milan,it Serie A,20.0,2004.0,27,7,833.0,9.3,2,2,4,2,0,0,3,0,0.22,0.22,0.43,0.22,0.43,Matches,2,13,4,30.8,1.4,0.43,0.15,0.5,0,0,Matches,,,,,,,,,,,,,,,2,,,,,,Matches,,8,,,,,,,,,,,4,,,,Matches,,,,,,,,,,,,,,,,,,,,,Matches,zachary athekame,0.381818194873631,1.562887266278267,0.381818194873631,4.83278364315629,3.5311308968812227
171,Arthur Atta,fr FRA,MF,Udinese,it Serie A,22.0,2003.0,32,29,2557.0,28.4,5,3,8,5,0,0,3,0,0.18,0.11,0.28,0.18,0.28,Matches,5,57,20,35.1,2.01,0.7,0.09,0.25,0,0,Matches,,,,,,,,,,,,,,,3,,,,,,Matches,,17,,,,,,,,,,,23,,,,Matches,,,,,,,,,,,,,,,,,,,,,Matches,arthur atta,4.234897628426552,3.253640430048108,4.234897628426552,14.451863273978232,8.205154605209827
172,Noah Atubolu,de GER,GK,Freiburg,de Bundesliga,23.0,2002.0,34,34,3060.0,34.0,0,0,0,0,0,0,1,0,0.0,0.0,0.0,0.0,0.0,Matches,0,0,0,,0.0,0.0,,,0,0,Matches,,,,,,,,,,,,,,,0,,,,,,Matches,,0,,,,,,,,,,,1,,,,Matches,,,,,,,,,,,,,,,,,,,,,Matches,noah atubolu,0.0,0.3416177351027727,0.0,5.907610785216093,5.56599305011332
173,Pierre-Emerick Aubameyang,ga GAB,FW,Marseille,fr Ligue 1,36.0,1989.0,30,23,2039.0,22.7,10,5,15,10,0,0,1,0,0.44,0.22,0.66,0.44,0.66,Matches,10,60,34,56.7,2.65,1.5,0.17,0.29,0,0,Matches,,,,,,,,,,,,,,,5,,,,,,Matches,,6,,,,,,,,,,,7,,,,Matches,,,,,,,,,,,,,,,,,,,,,Matches,pierre emerick aubameyang,15.525875067338347,5.136944656725973,15.525875067338347,20.571721328422427,3.708862965926528
174,Emil Audero,id IDN,GK,Cremonese,it Serie A,28.0,1997.0,34,34,3060.0,34.0,0,0,0,0,0,0,0,0,0.0,0.0,0.0,0.0,0.0,Matches,0,0,0,,0.0,0.0,,,0,0,Matches,,,,,,,,,,,,,,,0,,,,,,Matches,,0,,,,,,,,,,,0,,,,Matches,,,,,,,,,,,,,,,,,,,,,Matches,emil audero,0.0,0.0,0.0,0.9797998899593948,0.9797998899593948
175,Carlos Augusto,br BRA,"MF,DF",Inter,it Serie A,26.0,1999.0,34,18,1763.0,19.6,1,1,2,1,0,0,6,0,0.05,0.05,0.1,0.05,0.1,Matches,1,20,6,30.0,1.02,0.31,0.05,0.17,0,0,Matches,,,,,,,,,,,,,,,1,,,,,,Matches,,22,,,,,,,,,,,19,,,,Matches,,,,,,,,,,,,,,,,,,,,,Matches,carlos augusto,1.9602262806147337,1.1390730757266283,1.9602262806147337,13.039269134402277,11.17293145507574
176,Yann Aurel Bisseck,de GER,DF,Inter,it Serie A,24.0,2000.0,23,21,1922.0,21.4,3,1,4,3,0,0,2,0,0.14,0.05,0.19,0.14,0.19,Matches,3,25,12,48.0,1.17,0.56,0.12,0.25,0,0,Matches,,,,,,,,,,,,,,,1,,,,,,Matches,,18,,,,,,,,,,,23,,,,Matches,,,,,,,,,,,,,,,,,,,,,Matches,yann aurel bisseck,2.830854626372457,0.6501033678650856,2.830854626372457,11.501843765377998,10.405136041343212
177,Leon Avdullahu,xk KVX,MF,Hoffenheim,de Bundesliga,21.0,2004.0,33,32,2834.0,31.5,0,1,1,0,0,0,5,0,0.0,0.03,0.03,0.0,0.03,Matches,0,14,2,14.3,0.44,0.06,0.0,0.0,0,0,Matches,,,,,,,,,,,,,,,1,,,,,,Matches,,30,,,,,,,,,,,33,,,,Matches,,,,,,,,,,,,,,,,,,,,,Matches,leon avdullahu,0.5229936568066478,1.3252581506967545,0.5229936568066478,13.051670419052243,11.703141951933503
179,Arthur Avom,cm CMR,MF,Lorient,fr Ligue 1,20.0,2004.0,31,22,2119.0,23.5,2,1,3,2,0,0,3,0,0.08,0.04,0.13,0.08,0.13,Matches,2,21,6,28.6,0.89,0.25,0.1,0.33,0,0,Matches,,,,,,,,,,,,,,,1,,,,,,Matches,,31,,,,,,,,,,,28,,,,Matches,,,,,,,,,,,,,,,,,,,,,Matches,arthur avom,1.0540359923616052,3.175200704485178,1.0540359923616052,9.312216808088124,6.713715405203402
180,Chidozie Awaziem,ng NGA,DF,Nantes,fr Ligue 1,28.0,1997.0,26,25,2231.0,24.8,1,2,3,1,0,0,7,0,0.04,0.08,0.12,0.04,0.12,Matches,1,11,4,36.4,0.44,0.16,0.09,0.25,0,0,Matches,,,,,,,,,,,,,,,2,,,,,,Matches,,20,,,,,,,,,,,20,,,,Matches,,,,,,,,,,,,,,,,,,,,,Matches,chidozie awaziem,0.5838352423161268,1.5799404215067625,0.5838352423161268,4.797361323609948,3.7837975714355703
181,Taiwo Awoniyi,ng NGA,FW,Nottingham,eng Premier League,27.0,1997.0,17,3,494.0,5.5,4,1,5,4,0,0,2,0,0.73,0.18,0.91,0.73,0.91,Matches,4,15,8,53.3,2.73,1.46,0.27,0.5,0,0,Matches,,,,,,,,,,,,,,,1,,,,,,Matches,,1,,,,,,,,,,,1,,,,Matches,,,,,,,,,,,,,,,,,,,,,Matches,taiwo awoniyi,4.346804939210415,1.319865755736828,4.346804939210415,5.521583408117294,1.5340364016592505
182,Yasin Ayari,se SWE,MF,Brighton,eng Premier League,21.0,2003.0,29,20,1929.0,21.4,3,3,6,3,0,0,1,0,0.14,0.14,0.28,0.14,0.28,Matches,3,41,10,24.4,1.91,0.47,0.07,0.3,0,0,Matches,,,,,,,,,,,,,,,3,,,,,,Matches,,25,,,,,,,,,,,26,,,,Matches,,,,,,,,,,,,,,,,,,,,,Matches,yasin ayari,2.1179441660642624,1.4007999636232853,2.1179441660642624,7.900783270597458,5.476744862273336
183,Neil El Aynaoui,ma MAR,MF,Roma,it Serie A,24.0,2001.0,25,8,999.0,11.1,1,2,3,1,0,0,5,0,0.09,0.18,0.27,0.09,0.27,Matches,1,6,4,66.7,0.54,0.36,0.17,0.25,0,0,Matches,,,,,,,,,,,,,,,2,,,,,,Matches,,10,,,,,,,,,,,18,,,,Matches,,,,,,,,,,,,,,,,,,,,,Matches,neil el aynaoui,0.9577326010912656,1.7740114629268646,0.9577326010912656,5.916931334882975,3.715265704318881
185,César Azpilicueta,es ESP,DF,Sevilla,es La Liga,35.0,1989.0,17,17,1213.0,13.5,0,1,1,0,0,0,4,0,0.0,0.07,0.07,0.0,0.07,Matches,0,1,0,0.0,0.07,0.0,0.0,,0,0,Matches,,,,,,,,,,,,,,,1,,,,,,Matches,,19,,,,,,,,,,,22,,,,Matches,,,,,,,,,,,,,,,,,,,,,Matches,cesar azpilicueta,0.0123422164469957,0.5649564769119024,0.0123422164469957,2.7488847002387047,2.219164974987507
186,Oussama El Azzouzi,ma MAR,"MF,DF",Auxerre,fr Ligue 1,24.0,2001.0,11,10,807.0,9.0,1,0,1,1,0,0,1,1,0.11,0.0,0.11,0.11,0.11,Matches,1,5,1,20.0,0.56,0.11,0.2,1.0,0,0,Matches,,,,,,,,,,,,,,,0,,,,,,Matches,,15,,,,,,,,,,,16,,,,Matches,,,,,,,,,,,,,,,,,,,,,Matches,oussama el azzouzi,0.6952410852536559,0.5211914069950581,0.6952410852536559,1.5860830247402191,0.8512548767030239
187,Mio Backhaus,de GER,GK,Werder Bremen,de Bundesliga,21.0,2004.0,32,32,2880.0,32.0,0,0,0,0,0,0,1,0,0.0,0.0,0.0,0.0,0.0,Matches,0,0,0,,0.0,0.0,,,0,0,Matches,,,,,,,,,,,,,,,0,,,,,,Matches,,0,,,,,,,,,,,0,,,,Matches,,,,,,,,,,,,,,,,,,,,,Matches,mio backhaus,0.0,0.0,0.0,3.336742208339274,3.336742208339274
188,Loïc Bade,fr FRA,DF,Leverkusen,de Bundesliga,25.0,2000.0,23,19,1653.0,18.4,0,0,0,0,0,0,4,0,0.0,0.0,0.0,0.0,0.0,Matches,0,12,4,33.3,0.65,0.22,0.0,0.0,0,0,Matches,,,,,,,,,,,,,,,0,,,,,,Matches,,19,,,,,,,,,,,21,,,,Matches,,,,,,,,,,,,,,,,,,,,,Matches,loic bade,1.2505972078070045,0.1378594860434532,1.2505972078070045,10.064088642597198,9.906061917543411
189,Benoît Badiashile,fr FRA,DF,Chelsea,eng Premier League,24.0,2001.0,8,6,471.0,5.2,0,0,0,0,0,0,2,0,0.0,0.0,0.0,0.0,0.0,Matches,0,0,0,,0.0,0.0,,,0,0,Matches,,,,,,,,,,,,,,,0,,,,,,Matches,,5,,,,,,,,,,,9,,,,Matches,,,,,,,,,,,,,,,,,,,,,Matches,benoit badiashile,0.0,0.0,0.0,1.0458098985254765,1.0458098985254765
190,Álex Baena,es ESP,"MF,FW",Atlético Madrid,es La Liga,24.0,2001.0,27,21,1560.0,17.3,2,3,5,2,0,0,5,0,0.12,0.17,0.29,0.12,0.29,Matches,2,29,7,24.1,1.67,0.4,0.07,0.29,0,0,Matches,,,,,,,,,,,,,,,3,,,,,,Matches,,11,,,,,,,,,,,16,,,,Matches,,,,,,,,,,,,,,,,,,,,,Matches,alex baena,1.78207378834486,6.565278625115752,1.78207378834486,11.438657112419603,6.362705545499921
191,Samson Baidoo,at AUT,DF,Lens,fr Ligue 1,21.0,2004.0,23,20,1827.0,20.3,2,1,3,2,0,0,2,0,0.1,0.05,0.15,0.1,0.15,Matches,2,16,4,25.0,0.79,0.2,0.13,0.5,0,0,Matches,,,,,,,,,,,,,,,1,,,,,,Matches,,23,,,,,,,,,,,25,,,,Matches,,,,,,,,,,,,,,,,,,,,,Matches,samson baidoo,2.39372334536165,0.4557065162807703,2.39372334536165,6.110715292394161,5.60930996760726
192,Leon Bailey,jm JAM,MF,Aston Villa,eng Premier League,27.0,1997.0,13,3,459.0,5.1,0,1,1,0,0,0,1,0,0.0,0.2,0.2,0.0,0.2,Matches,0,8,1,12.5,1.57,0.2,0.0,0.0,0,0,Matches,,,,,,,,,,,,,,,1,,,,,,Matches,,6,,,,,,,,,,,4,,,,Matches,,,,,,,,,,,,,,,,,,,,,Matches,leon bailey,0.7073369584977627,1.1167646050453186,0.7073369584977627,2.2412565387785435,1.1618106737732887
194,Eric Bailly,ci CIV,DF,Oviedo,es La Liga,31.0,1994.0,15,15,1234.0,13.7,1,0,1,1,0,0,3,0,0.07,0.0,0.07,0.07,0.07,Matches,1,6,1,16.7,0.44,0.07,0.17,1.0,0,0,Matches,,,,,,,,,,,,,,,0,,,,,,Matches,,10,,,,,,,,,,,17,,,,Matches,,,,,,,,,,,,,,,,,,,,,Matches,eric bailly,0.3379696104675531,0.1631991881877184,0.3379696104675531,1.960602704435587,1.890581227838993
196,Cédric Bakambu,cd COD,FW,Real Betis,es La Liga,34.0,1991.0,18,5,569.0,6.3,3,1,4,3,0,0,1,0,0.47,0.16,0.63,0.47,0.63,Matches,3,21,9,42.9,3.32,1.42,0.14,0.33,0,0,Matches,,,,,,,,,,,,,,,1,,,,,,Matches,,2,,,,,,,,,,,2,,,,Matches,,,,,,,,,,,,,,,,,,,,,Matches,cedric bakambu,4.446228556334972,1.0754088601097465,4.446228556334972,5.470247928053141,1.102149996906519
197,Johan Bakayoko,be BEL,"FW,MF",RB Leipzig,de Bundesliga,22.0,2003.0,20,8,777.0,8.6,2,0,2,2,0,0,1,0,0.23,0.0,0.23,0.23,0.23,Matches,2,24,9,37.5,2.78,1.04,0.08,0.22,0,0,Matches,,,,,,,,,,,,,,,0,,,,,,Matches,,3,,,,,,,,,,,2,,,,Matches,,,,,,,,,,,,,,,,,,,,,Matches,johan bakayoko,2.3763104043900967,1.30585958622396,2.3763104043900967,6.649200826883316,3.972378112375736
201,Ridle Baku,de GER,DF,RB Leipzig,de Bundesliga,27.0,1998.0,32,28,2504.0,27.8,2,3,5,2,0,0,4,0,0.07,0.11,0.18,0.07,0.18,Matches,2,30,6,20.0,1.08,0.22,0.07,0.33,0,0,Matches,,,,,,,,,,,,,,,3,,,,,,Matches,,40,,,,,,,,,,,31,,,,Matches,,,,,,,,,,,,,,,,,,,,,Matches,ridle baku,,,,,
203,Dilane Bakwa,fr FRA,MF,Nottingham,eng Premier League,22.0,2002.0,14,6,553.0,6.1,0,2,2,0,0,0,1,0,0.0,0.33,0.33,0.0,0.33,Matches,0,9,3,33.3,1.46,0.49,0.0,0.0,0,0,Matches,,,,,,,,,,,,,,,2,,,,,,Matches,,3,,,,,,,,,,,0,,,,Matches,,,,,,,,,,,,,,,,,,,,,Matches,dilane bakwa,0.7644308656454086,1.2161817625164986,0.7644308656454086,2.93642945215106,1.6830938644707203
207,Alejandro Balde,es ESP,DF,Barcelona,es La Liga,21.0,2003.0,28,21,1869.0,20.8,0,2,2,0,0,0,2,0,0.0,0.1,0.1,0.0,0.1,Matches,0,10,1,10.0,0.48,0.05,0.0,0.0,0,0,Matches,,,,,,,,,,,,,,,2,,,,,,Matches,,21,,,,,,,,,,,6,,,,Matches,,,,,,,,,,,,,,,,,,,,,Matches,alejandro balde,0.7527575083076954,2.8991151619702578,0.7527575083076954,16.041015792638063,12.891519032418728
209,Carlos Baleba,cm CMR,MF,Brighton,eng Premier League,21.0,2004.0,31,23,1652.0,18.4,0,0,0,0,0,0,5,0,0.0,0.0,0.0,0.0,0.0,Matches,0,20,2,10.0,1.09,0.11,0.0,0.0,0,0,Matches,,,,,,,,,,,,,,,0,,,,,,Matches,,21,,,,,,,,,,,28,,,,Matches,,,,,,,,,,,,,,,,,,,,,Matches,carlos baleba,0.5733493687584996,0.812482200562954,0.5733493687584996,5.856022956781089,4.607899966649711
210,Leonardo Balerdi,ar ARG,DF,Marseille,fr Ligue 1,26.0,1999.0,26,21,2001.0,22.2,0,1,1,0,0,0,5,0,0.0,0.04,0.04,0.0,0.04,Matches,0,20,5,25.0,0.9,0.22,0.0,0.0,0,0,Matches,,,,,,,,,,,,,,,1,,,,,,Matches,,28,,,,,,,,,,,27,,,,Matches,,,,,,,,,,,,,,,,,,,,,Matches,leonardo balerdi,2.5971892066299915,0.2388758808374405,2.5971892066299915,13.10189403500408,12.960436417721212
211,Daniel Ballard,nir NIR,DF,Sunderland,eng Premier League,25.0,1999.0,29,24,2149.0,23.9,2,0,2,2,0,0,4,1,0.08,0.0,0.08,0.08,0.08,Matches,2,26,9,34.6,1.09,0.38,0.08,0.22,0,0,Matches,,,,,,,,,,,,,,,0,,,,,,Matches,,17,,,,,,,,,,,20,,,,Matches,,,,,,,,,,,,,,,,,,,,,Matches,daniel ballard,3.6954356245696554,1.5805855486541986,3.6954356245696554,4.752503437921405,2.608859278261661
213,Iván Balliu,al ALB,DF,Rayo Vallecano,es La Liga,33.0,1992.0,14,6,582.0,6.5,0,0,0,0,0,0,2,0,0.0,0.0,0.0,0.0,0.0,Matches,0,4,0,0.0,0.62,0.0,0.0,,0,0,Matches,,,,,,,,,,,,,,,0,,,,,,Matches,,9,,,,,,,,,,,9,,,,Matches,,,,,,,,,,,,,,,,,,,,,Matches,ivan balliu,0.9272420238703488,0.0937120970338583,0.9272420238703488,2.041639376431704,1.0687691681087017
214,Fodé Ballo-Touré,sn SEN,"DF,MF",Metz,fr Ligue 1,28.0,1997.0,13,11,836.0,9.3,0,0,0,0,0,0,2,0,0.0,0.0,0.0,0.0,0.0,Matches,0,5,1,20.0,0.54,0.11,0.0,0.0,0,0,Matches,,,,,,,,,,,,,,,0,,,,,,Matches,,16,,,,,,,,,,,5,,,,Matches,,,,,,,,,,,,,,,,,,,,,Matches,fode ballo toure,0.2401369120925665,0.9939170219004154,0.2401369120925665,1.0049719577655196,0.7275086650624871
215,Folarin Balogun,us USA,FW,Monaco,fr Ligue 1,24.0,2001.0,30,26,2230.0,24.8,13,4,17,10,3,3,4,1,0.52,0.16,0.69,0.4,0.57,Matches,13,77,32,41.6,3.11,1.29,0.17,0.41,3,3,Matches,,,,,,,,,,,,,,,4,,,,,,Matches,,6,,,,,,,,,,,4,,,,Matches,,,,,,,,,,,,,,,,,,,,,Matches,folarin balogun,14.09382818453014,4.190360508859158,11.813542751595378,15.975783936679363,1.964771009981632
217,Aladji Bamba,fr FRA,MF,Monaco,fr Ligue 1,19.0,2006.0,18,10,816.0,9.1,0,2,2,0,0,0,2,0,0.0,0.22,0.22,0.0,0.22,Matches,0,2,1,50.0,0.22,0.11,0.0,0.0,0,0,Matches,,,,,,,,,,,,,,,2,,,,,,Matches,,20,,,,,,,,,,,8,,,,Matches,,,,,,,,,,,,,,,,,,,,,Matches,aladji bamba,0.110935527831316,1.7227396704256537,0.110935527831316,3.5805662348866463,2.6919214464724064
218,Mohamed Bamba,ci CIV,FW,Lorient,fr Ligue 1,23.0,2001.0,18,7,682.0,7.6,1,2,3,1,0,1,3,0,0.13,0.26,0.4,0.13,0.4,Matches,1,13,6,46.2,1.72,0.79,0.08,0.17,0,1,Matches,,,,,,,,,,,,,,,2,,,,,,Matches,,2,,,,,,,,,,,2,,,,Matches,,,,,,,,,,,,,,,,,,,,,Matches,mohamed bamba,2.8765433095395565,1.6329459995031357,2.116448190063238,3.6792133301496506,0.6662338711321354
219,Lameck Banda,zm ZAM,"MF,FW",Lecce,it Serie A,24.0,2001.0,32,21,1752.0,19.5,5,4,9,5,0,0,6,1,0.26,0.21,0.46,0.26,0.46,Matches,5,38,15,39.5,1.95,0.77,0.13,0.33,0,0,Matches,,,,,,,,,,,,,,,4,,,,,,Matches,,17,,,,,,,,,,,7,,,,Matches,,,,,,,,,,,,,,,,,,,,,Matches,lameck banda,3.2459914926439524,3.3277904372662306,3.2459914926439524,7.624415159225464,2.613522628322244
220,Noahkai Banks,us USA,DF,Augsburg,de Bundesliga,18.0,2006.0,23,20,1725.0,19.2,1,1,2,1,0,0,8,0,0.05,0.05,0.1,0.05,0.1,Matches,1,9,5,55.6,0.47,0.26,0.11,0.2,0,0,Matches,,,,,,,,,,,,,,,1,,,,,,Matches,,29,,,,,,,,,,,18,,,,Matches,,,,,,,,,,,,,,,,,,,,,Matches,noahkai banks,1.230864397250116,0.9259122600778936,1.230864397250116,4.726021298207343,3.706311522051692
221,Ezechiel Banzuzi,nl NED,MF,RB Leipzig,de Bundesliga,20.0,2005.0,24,2,597.0,6.6,0,1,1,0,0,0,3,0,0.0,0.15,0.15,0.0,0.15,Matches,0,15,4,26.7,2.26,0.6,0.0,0.0,0,0,Matches,,,,,,,,,,,,,,,1,,,,,,Matches,,10,,,,,,,,,,,6,,,,Matches,,,,,,,,,,,,,,,,,,,,,Matches,ezechiel banzuzi,1.248297218233347,0.353797547519207,1.248297218233347,3.044343562796712,1.8351374585181477
222,Tommaso Barbieri,it ITA,MF,Cremonese,it Serie A,22.0,2002.0,29,18,1707.0,19.0,0,1,1,0,0,0,8,0,0.0,0.05,0.05,0.0,0.05,Matches,0,16,2,12.5,0.84,0.11,0.0,0.0,0,0,Matches,,,,,,,,,,,,,,,1,,,,,,Matches,,26,,,,,,,,,,,14,,,,Matches,,,,,,,,,,,,,,,,,,,,,Matches,tommaso barbieri,0.9889214904978872,1.833732210099697,0.9889214904978872,5.086522728204727,2.3321381313726306
223,Valentín Barco,ar ARG,MF,Strasbourg,fr Ligue 1,21.0,2004.0,27,24,2168.0,24.1,2,4,6,2,0,0,5,1,0.08,0.17,0.25,0.08,0.25,Matches,2,27,10,37.0,1.12,0.42,0.07,0.2,0,0,Matches,,,,,,,,,,,,,,,4,,,,,,Matches,,33,,,,,,,,,,,14,,,,Matches,,,,,,,,,,,,,,,,,,,,,Matches,valentin barco,3.289822520688176,5.2952551282942295,3.289822520688176,17.073288526386023,10.955026110634208
224,Bradley Barcola,fr FRA,FW,PSG,fr Ligue 1,22.0,2002.0,29,21,1743.0,19.4,11,1,12,11,0,0,2,0,0.57,0.05,0.62,0.57,0.62,Matches,11,66,30,45.5,3.41,1.55,0.17,0.37,0,0,Matches,,,,,,,,,,,,,,,1,,,,,,Matches,,16,,,,,,,,,,,12,,,,Matches,,,,,,,,,,,,,,,,,,,,,Matches,bradley barcola,11.655976854264736,4.783318970352411,11.655976854264736,20.67596305720508,7.601958399638534
225,Melvin Bard,fr FRA,"DF,MF",Nice,fr Ligue 1,24.0,2000.0,29,26,2394.0,26.6,2,1,3,2,0,0,4,0,0.08,0.04,0.11,0.08,0.11,Matches,2,15,5,33.3,0.56,0.19,0.13,0.4,0,0,Matches,,,,,,,,,,,,,,,1,,,,,,Matches,,29,,,,,,,,,,,41,,,,Matches,,,,,,,,,,,,,,,,,,,,,Matches,melvin bard,0.796496226452291,1.8040241403505208,0.796496226452291,7.336340324953198,5.745990822091699
226,Roony Bardghji,se SWE,"MF,FW",Barcelona,es La Liga,19.0,2005.0,21,7,648.0,7.2,1,1,2,1,0,0,0,0,0.14,0.14,0.28,0.14,0.28,Matches,1,22,12,54.5,3.06,1.67,0.05,0.08,0,0,Matches,,,,,,,,,,,,,,,1,,,,,,Matches,,4,,,,,,,,,,,2,,,,Matches,,,,,,,,,,,,,,,,,,,,,Matches,roony bardghji,1.7539864536374807,1.9085090141743424,1.7539864536374807,7.304453872144222,5.050251752138138
227,Nicolò Barella,it ITA,MF,Inter,it Serie A,28.0,1997.0,34,31,2517.0,28.0,3,8,11,3,0,0,7,0,0.11,0.29,0.39,0.11,0.39,Matches,3,35,5,14.3,1.25,0.18,0.09,0.6,0,0,Matches,,,,,,,,,,,,,,,8,,,,,,Matches,,31,,,,,,,,,,,9,,,,Matches,,,,,,,,,,,,,,,,,,,,,Matches,nicolo barella,3.819744417443872,7.965625556185842,3.819744417443872,20.255492981523275,12.331657081842422
229,Ross Barkley,eng ENG,MF,Aston Villa,eng Premier League,31.0,1993.0,21,7,857.0,9.5,3,1,4,3,0,0,1,0,0.32,0.11,0.42,0.32,0.42,Matches,3,18,8,44.4,1.89,0.84,0.17,0.38,0,0,Matches,,,,,,,,,,,,,,,1,,,,,,Matches,,11,,,,,,,,,,,2,,,,Matches,,,,,,,,,,,,,,,,,,,,,Matches,ross barkley,1.9129743836820128,2.0321620935574174,1.9129743836820128,6.251385242678225,4.001594062894583
231,Harvey Barnes,eng ENG,"FW,MF",Newcastle,eng Premier League,27.0,1997.0,37,19,1966.0,21.8,7,1,8,7,0,0,1,0,0.32,0.05,0.37,0.32,0.37,Matches,7,58,21,36.2,2.66,0.96,0.12,0.33,0,0,Matches,,,,,,,,,,,,,,,1,,,,,,Matches,,5,,,,,,,,,,,3,,,,Matches,,,,,,,,,,,,,,,,,,,,,Matches,harvey barnes,8.050524456426501,3.1062511932104826,8.050524456426501,12.753550255671144,4.153433019295335
232,Ander Barrenetxea,es ESP,MF,Real Sociedad,es La Liga,23.0,2001.0,30,22,1763.0,19.6,3,5,8,3,0,0,5,0,0.15,0.26,0.41,0.15,0.41,Matches,3,35,11,31.4,1.79,0.56,0.09,0.27,0,0,Matches,,,,,,,,,,,,,,,5,,,,,,Matches,,18,,,,,,,,,,,17,,,,Matches,,,,,,,,,,,,,,,,,,,,,Matches,ander barrenetxea,3.134013439528644,6.596155438572168,3.134013439528644,13.03077031299472,6.245771812275052
233,Pablo Barrios,es ESP,MF,Atlético Madrid,es La Liga,22.0,2003.0,23,20,1661.0,18.5,1,1,2,1,0,0,0,0,0.05,0.05,0.11,0.05,0.11,Matches,1,23,6,26.1,1.25,0.33,0.04,0.17,0,0,Matches,,,,,,,,,,,,,,,1,,,,,,Matches,,16,,,,,,,,,,,26,,,,Matches,,,,,,,,,,,,,,,,,,,,,Matches,pablo barrios,1.4689873531460762,1.6999459583312273,1.4689873531460762,10.741906240582466,8.18633103556931
234,Thierno Barry,fr FRA,FW,Everton,eng Premier League,22.0,2002.0,38,21,1914.0,21.3,8,0,8,8,0,0,3,0,0.38,0.0,0.38,0.38,0.38,Matches,8,38,14,36.8,1.79,0.66,0.21,0.57,0,0,Matches,,,,,,,,,,,,,,,0,,,,,,Matches,,4,,,,,,,,,,,5,,,,Matches,,,,,,,,,,,,,,,,,,,,,Matches,thierno barry,9.149327086284757,1.003938363865018,9.149327086284757,10.248973826877773,2.152141290716827
235,Davide Bartesaghi,it ITA,"MF,DF",Milan,it Serie A,19.0,2005.0,31,27,2441.0,27.1,2,0,2,2,0,0,3,0,0.07,0.0,0.07,0.07,0.07,Matches,2,22,7,31.8,0.81,0.26,0.09,0.29,0,0,Matches,,,,,,,,,,,,,,,0,,,,,,Matches,,35,,,,,,,,,,,15,,,,Matches,,,,,,,,,,,,,,,,,,,,,Matches,davide bartesaghi,1.3741471637040377,3.913629310205579,1.3741471637040377,9.807490270584822,7.979077003896236
236,Marc Bartra,es ESP,DF,Real Betis,es La Liga,34.0,1991.0,25,21,1978.0,22.0,1,0,1,1,0,0,3,0,0.05,0.0,0.05,0.05,0.05,Matches,1,16,5,31.3,0.73,0.23,0.06,0.2,0,0,Matches,,,,,,,,,,,,,,,0,,,,,,Matches,,18,,,,,,,,,,,29,,,,Matches,,,,,,,,,,,,,,,,,,,,,Matches,marc bartra,0.7785803359001875,0.1219159569591283,0.7785803359001875,6.516638816334307,6.29856242146343
237,Federico Baschirotto,it ITA,DF,Cremonese,it Serie A,28.0,1996.0,29,29,2540.0,28.2,2,0,2,2,0,0,2,0,0.07,0.0,0.07,0.07,0.07,Matches,2,12,5,41.7,0.43,0.18,0.17,0.4,0,0,Matches,,,,,,,,,,,,,,,0,,,,,,Matches,,13,,,,,,,,,,,24,,,,Matches,,,,,,,,,,,,,,,,,,,,,Matches,federico baschirotto,1.139559891074896,0.0707463789731264,1.139559891074896,1.8369396440684795,1.706673014909029
238,Toma Bašić,hr CRO,MF,Lazio,it Serie A,28.0,1996.0,23,23,1735.0,19.3,2,3,5,2,0,0,0,1,0.1,0.16,0.26,0.1,0.26,Matches,2,30,12,40.0,1.56,0.62,0.07,0.17,0,0,Matches,,,,,,,,,,,,,,,3,,,,,,Matches,,16,,,,,,,,,,,9,,,,Matches,,,,,,,,,,,,,,,,,,,,,Matches,toma basic,1.3050178922712805,2.412645953707397,1.3050178922712805,6.426472737453878,4.705115885473788
239,Calvin Bassey,ng NGA,DF,Fulham,eng Premier League,25.0,1999.0,30,28,2534.0,28.2,1,0,1,1,0,0,5,0,0.04,0.0,0.04,0.04,0.04,Matches,1,12,1,8.3,0.43,0.04,0.08,1.0,0,0,Matches,,,,,,,,,,,,,,,0,,,,,,Matches,,32,,,,,,,,,,,22,,,,Matches,,,,,,,,,,,,,,,,,,,,,Matches,calvin bassey,1.1909357141703367,0.4309475254267454,1.1909357141703367,6.188590038567781,5.893190614879131
240,Alessandro Bastoni,it ITA,DF,Inter,it Serie A,26.0,1999.0,28,28,2239.0,24.9,1,4,5,1,0,0,6,0,0.04,0.16,0.2,0.04,0.2,Matches,1,17,8,47.1,0.68,0.32,0.06,0.13,0,0,Matches,,,,,,,,,,,,,,,4,,,,,,Matches,,39,,,,,,,,,,,21,,,,Matches,,,,,,,,,,,,,,,,,,,,,Matches,alessandro bastoni,1.6852088272571564,3.203112171962857,1.6852088272571564,13.949626933783293,11.816649977117777
241,Augusto Batalla,ar ARG,GK,Rayo Vallecano,es La Liga,29.0,1996.0,34,34,3060.0,34.0,0,0,0,0,0,0,6,0,0.0,0.0,0.0,0.0,0.0,Matches,0,0,0,,0.0,0.0,,,0,0,Matches,,,,,,,,,,,,,,,0,,,,,,Matches,,1,,,,,,,,,,,0,,,,Matches,,,,,,,,,,,,,,,,,,,,,Matches,augusto batalla,0.0,0.0504690390080213,0.0,7.632259892299771,7.612099843099713
243,Martin Baturina,hr CRO,"MF,FW",Como,it Serie A,22.0,2003.0,29,17,1569.0,17.4,6,3,9,6,0,0,0,0,0.34,0.17,0.52,0.34,0.52,Matches,6,28,9,32.1,1.61,0.52,0.21,0.67,0,0,Matches,,,,,,,,,,,,,,,3,,,,,,Matches,,14,,,,,,,,,,,5,,,,Matches,,,,,,,,,,,,,,,,,,,,,Matches,martin baturina,1.901092293672264,6.69613741338253,1.901092293672264,11.85915962420404,7.063820514827967
244,Daniel Batz,de GER,GK,Mainz 05,de Bundesliga,34.0,1991.0,21,21,1890.0,21.0,0,0,0,0,0,0,2,0,0.0,0.0,0.0,0.0,0.0,Matches,0,0,0,,0.0,0.0,,,0,0,Matches,,,,,,,,,,,,,,,0,,,,,,Matches,,0,,,,,,,,,,,0,,,,Matches,,,,,,,,,,,,,,,,,,,,,Matches,daniel batz,0.0,0.0,0.0,3.298780217766762,3.298780217766762
246,Oliver Baumann,de GER,GK,Hoffenheim,de Bundesliga,35.0,1990.0,34,34,3060.0,34.0,0,0,0,0,0,0,3,0,0.0,0.0,0.0,0.0,0.0,Matches,0,0,0,,0.0,0.0,,,0,0,Matches,,,,,,,,,,,,,,,0,,,,,,Matches,,0,,,,,,,,,,,1,,,,Matches,,,,,,,,,,,,,,,,,,,,,Matches,oliver baumann,0.0,0.033280711621046,0.0,5.951814202591777,5.951814202591777
247,Christoph Baumgartner,at AUT,MF,RB Leipzig,de Bundesliga,25.0,1999.0,33,32,2780.0,30.9,13,8,21,13,0,1,10,0,0.42,0.26,0.68,0.42,0.68,Matches,13,81,35,43.2,2.62,1.13,0.16,0.37,0,1,Matches,,,,,,,,,,,,,,,8,,,,,,Matches,,40,,,,,,,,,,,22,,,,Matches,,,,,,,,,,,,,,,,,,,,,Matches,christoph baumgartner,18.02284111827612,4.292830726131797,17.26506443321705,24.001264337450262,8.360922181978822
248,Altay Bayındır,tr TUR,GK,Manchester Utd,eng Premier League,27.0,1998.0,6,6,540.0,6.0,0,0,0,0,0,0,0,0,0.0,0.0,0.0,0.0,0.0,Matches,0,0,0,,0.0,0.0,,,0,0,Matches,,,,,,,,,,,,,,,0,,,,,,Matches,,0,,,,,,,,,,,0,,,,Matches,,,,,,,,,,,,,,,,,,,,,Matches,altay bay nd r,,,,,
249,Vakoun Bayo,ci CIV,FW,Udinese,it Serie A,28.0,1997.0,15,4,453.0,5.0,0,2,2,0,0,0,0,0,0.0,0.4,0.4,0.0,0.4,Matches,0,14,2,14.3,2.78,0.4,0.0,0.0,0,0,Matches,,,,,,,,,,,,,,,2,,,,,,Matches,,1,,,,,,,,,,,0,,,,Matches,,,,,,,,,,,,,,,,,,,,,Matches,vakoun bayo,1.3255622079595923,0.7309733182191849,1.3255622079595923,1.77715667989105,0.3394588828086853
252,Adrian Beck,de GER,MF,Heidenheim,de Bundesliga,28.0,1997.0,24,9,868.0,9.6,1,1,2,1,0,0,1,0,0.1,0.1,0.21,0.1,0.21,Matches,1,11,4,36.4,1.14,0.41,0.09,0.25,0,0,Matches,,,,,,,,,,,,,,,1,,,,,,Matches,,17,,,,,,,,,,,3,,,,Matches,,,,,,,,,,,,,,,,,,,,,Matches,adrian beck,1.0052050724625587,2.5323722325265408,1.0052050724625587,4.769298311322928,3.3315641935914755
254,Sheraldo Becker,sr SUR,FW,Mainz 05,de Bundesliga,30.0,1995.0,14,11,946.0,10.5,3,3,6,3,0,0,2,0,0.29,0.29,0.57,0.29,0.57,Matches,3,29,15,51.7,2.76,1.43,0.1,0.2,0,0,Matches,,,,,,,,,,,,,,,3,,,,,,Matches,,0,,,,,,,,,,,3,,,,Matches,,,,,,,,,,,,,,,,,,,,,Matches,sheraldo becker,0.1651192680001258,0.2503879070281982,0.1651192680001258,0.4155071675777435,0.0
257,Hannes Behrens,de GER,"DF,MF",Heidenheim,de Bundesliga,20.0,2005.0,16,15,1318.0,14.6,1,2,3,1,0,0,0,0,0.07,0.14,0.2,0.07,0.2,Matches,1,9,4,44.4,0.61,0.27,0.11,0.25,0,0,Matches,,,,,,,,,,,,,,,2,,,,,,Matches,,18,,,,,,,,,,,18,,,,Matches,,,,,,,,,,,,,,,,,,,,,Matches,hannes behrens,,,,,
258,Maximilian Beier,de GER,"MF,FW",Dortmund,de Bundesliga,22.0,2002.0,32,24,2026.0,22.5,9,6,15,9,0,0,3,0,0.4,0.27,0.67,0.4,0.67,Matches,9,50,20,40.0,2.22,0.89,0.18,0.45,0,0,Matches,,,,,,,,,,,,,,,6,,,,,,Matches,,16,,,,,,,,,,,11,,,,Matches,,,,,,,,,,,,,,,,,,,,,Matches,maximilian beier,8.248568028211594,4.9559360314160585,8.248568028211594,16.043212147429585,5.098700201138854
261,Reda Belahyane,ma MAR,MF,Lazio,it Serie A,21.0,2004.0,13,5,609.0,6.8,0,2,2,0,0,0,1,1,0.0,0.3,0.3,0.0,0.3,Matches,0,3,1,33.3,0.44,0.15,0.0,0.0,0,0,Matches,,,,,,,,,,,,,,,2,,,,,,Matches,,8,,,,,,,,,,,3,,,,Matches,,,,,,,,,,,,,,,,,,,,,Matches,reda belahyane,0.207035519182682,1.128248251974583,0.207035519182682,1.7242567455396056,1.4414831502363086
263,Rafik Belghali,dz ALG,MF,Hellas Verona,it Serie A,23.0,2002.0,26,22,1920.0,21.3,2,0,2,2,0,0,6,0,0.09,0.0,0.09,0.09,0.09,Matches,2,21,6,28.6,0.98,0.28,0.1,0.33,0,0,Matches,,,,,,,,,,,,,,,0,,,,,,Matches,,13,,,,,,,,,,,17,,,,Matches,,,,,,,,,,,,,,,,,,,,,Matches,rafik belghali,2.600799420848489,2.2100214837118983,2.600799420848489,6.700727174058557,2.843379066325724
264,Haris Belkebla,dz ALG,MF,Angers,fr Ligue 1,31.0,1994.0,33,33,2875.0,31.9,0,0,0,0,0,0,7,0,0.0,0.0,0.0,0.0,0.0,Matches,0,5,0,0.0,0.16,0.0,0.0,,0,0,Matches,,,,,,,,,,,,,,,0,,,,,,Matches,,44,,,,,,,,,,,30,,,,Matches,,,,,,,,,,,,,,,,,,,,,Matches,haris belkebla,0.1648719646036625,0.588433382101357,0.1648719646036625,6.914338298141956,6.294488521292806
265,Yassin Belkhdim,fr FRA,MF,Angers,fr Ligue 1,23.0,2002.0,27,26,2135.0,23.7,2,2,4,2,0,0,5,0,0.08,0.08,0.17,0.08,0.17,Matches,2,33,14,42.4,1.39,0.59,0.06,0.14,0,0,Matches,,,,,,,,,,,,,,,2,,,,,,Matches,,43,,,,,,,,,,,32,,,,Matches,,,,,,,,,,,,,,,,,,,,,Matches,yassin belkhdim,2.30356415361166,1.5286035342141986,2.30356415361166,7.509297637268901,4.55259077064693
266,Stefan Bell,de GER,DF,Mainz 05,de Bundesliga,33.0,1991.0,18,13,1039.0,11.5,2,1,3,2,0,0,4,0,0.17,0.09,0.26,0.17,0.26,Matches,2,12,5,41.7,1.04,0.43,0.17,0.4,0,0,Matches,,,,,,,,,,,,,,,1,,,,,,Matches,,6,,,,,,,,,,,19,,,,Matches,,,,,,,,,,,,,,,,,,,,,Matches,stefan bell,1.840271808207035,1.202451154589653,1.840271808207035,3.578166848048568,1.6757325250655413
267,Armel Bella Kotchap,de GER,DF,Hellas Verona,it Serie A,23.0,2001.0,19,14,1347.0,15.0,0,0,0,0,0,0,3,0,0.0,0.0,0.0,0.0,0.0,Matches,0,3,0,0.0,0.2,0.0,0.0,,0,0,Matches,,,,,,,,,,,,,,,0,,,,,,Matches,,12,,,,,,,,,,,29,,,,Matches,,,,,,,,,,,,,,,,,,,,,Matches,armel bella kotchap,0.0762253142893314,0.0466984026134014,0.0762253142893314,2.4115765765309334,2.3733383491635323
268,Raoul Bellanova,it ITA,MF,Atalanta,it Serie A,25.0,2000.0,24,15,1377.0,15.3,0,1,1,0,0,0,2,0,0.0,0.07,0.07,0.0,0.07,Matches,0,13,5,38.5,0.85,0.33,0.0,0.0,0,0,Matches,,,,,,,,,,,,,,,1,,,,,,Matches,,9,,,,,,,,,,,10,,,,Matches,,,,,,,,,,,,,,,,,,,,,Matches,raoul bellanova,0.5010053906589746,1.9426204562187197,0.5010053906589746,5.808547647669911,4.122412154451013
269,Jean-Ricner Bellegarde,ht HAI,"MF,FW",Wolves,eng Premier League,27.0,1998.0,26,15,1248.0,13.9,1,1,2,1,0,0,5,0,0.07,0.07,0.14,0.07,0.14,Matches,1,21,7,33.3,1.51,0.5,0.05,0.14,0,0,Matches,,,,,,,,,,,,,,,1,,,,,,Matches,,15,,,,,,,,,,,9,,,,Matches,,,,,,,,,,,,,,,,,,,,,Matches,jean ricner bellegarde,0.8698065197095275,1.216556794941425,0.8698065197095275,5.200756997801364,3.501467832364142
270,Héctor Bellerín,es ESP,DF,Real Betis,es La Liga,30.0,1995.0,27,20,1822.0,20.2,2,3,5,2,0,0,2,0,0.1,0.15,0.25,0.1,0.25,Matches,2,7,5,71.4,0.35,0.25,0.29,0.4,0,0,Matches,,,,,,,,,,,,,,,3,,,,,,Matches,,16,,,,,,,,,,,14,,,,Matches,,,,,,,,,,,,,,,,,,,,,Matches,hector bellerin,0.5421263910830021,3.8523782826960087,0.5421263910830021,8.855655074119568,6.866296399384737
271,Jobe Bellingham,eng ENG,MF,Dortmund,de Bundesliga,19.0,2005.0,32,20,1786.0,19.8,0,1,1,0,0,0,2,1,0.0,0.05,0.05,0.0,0.05,Matches,0,19,6,31.6,0.96,0.3,0.0,0.0,0,0,Matches,,,,,,,,,,,,,,,1,,,,,,Matches,,23,,,,,,,,,,,41,,,,Matches,,,,,,,,,,,,,,,,,,,,,Matches,jobe bellingham,0.9893369525671004,0.7723528351634741,0.9893369525671004,9.601684469729662,8.472049668431282
272,Jude Bellingham,eng ENG,MF,Real Madrid,es La Liga,22.0,2003.0,28,22,1916.0,21.3,6,4,10,6,0,0,3,0,0.28,0.19,0.47,0.28,0.47,Matches,6,51,26,51.0,2.4,1.22,0.12,0.23,0,0,Matches,,,,,,,,,,,,,,,4,,,,,,Matches,,37,,,,,,,,,,,14,,,,Matches,,,,,,,,,,,,,,,,,,,,,Matches,jude bellingham,7.732056498527527,3.037935324013233,7.732056498527527,13.966085232794285,8.35675865970552
273,Jeanuël Belocian,fr FRA,DF,Wolfsburg,de Bundesliga,20.0,2005.0,14,14,1254.0,13.9,0,1,1,0,0,0,3,0,0.0,0.07,0.07,0.0,0.07,Matches,0,3,0,0.0,0.22,0.0,0.0,,0,0,Matches,,,,,,,,,,,,,,,1,,,,,,Matches,,17,,,,,,,,,,,16,,,,Matches,,,,,,,,,,,,,,,,,,,,,Matches,jeanuel belocian,0.4228645600378513,0.4648522362112999,0.4228645600378513,4.143129628151655,3.372005421668291
276,Fran Beltrán,es ESP,MF,Girona,es La Liga,26.0,1999.0,17,11,1012.0,11.2,1,0,1,1,0,0,3,0,0.09,0.0,0.09,0.09,0.09,Matches,1,10,3,30.0,0.89,0.27,0.1,0.33,0,0,Matches,,,,,,,,,,,,,,,0,,,,,,Matches,,14,,,,,,,,,,,11,,,,Matches,,,,,,,,,,,,,,,,,,,,,Matches,fran beltran,0.6319965291768312,0.9035117849707603,0.6319965291768312,7.461615744046867,6.426595215685666
277,Fran Beltrán,es ESP,MF,Celta Vigo,es La Liga,26.0,1999.0,10,7,528.0,5.9,0,0,0,0,0,0,0,0,0.0,0.0,0.0,0.0,0.0,Matches,0,6,1,16.7,1.02,0.17,0.0,0.0,0,0,Matches,,,,,,,,,,,,,,,0,,,,,,Matches,,5,,,,,,,,,,,8,,,,Matches,,,,,,,,,,,,,,,,,,,,,Matches,fran beltran,0.6319965291768312,0.9035117849707603,0.6319965291768312,7.461615744046867,6.426595215685666
278,Lucas Beltrán,ar ARG,FW,Valencia,es La Liga,24.0,2001.0,27,16,1365.0,15.2,1,2,3,1,0,0,1,0,0.07,0.13,0.2,0.07,0.2,Matches,1,34,9,26.5,2.24,0.59,0.03,0.11,0,0,Matches,,,,,,,,,,,,,,,2,,,,,,Matches,,10,,,,,,,,,,,4,,,,Matches,,,,,,,,,,,,,,,,,,,,,Matches,lucas beltran,4.7564667742699385,1.9911325313150885,4.7564667742699385,9.75975489616394,3.336976980790496
282,Adrian Benedyczak,pl POL,FW,Parma,it Serie A,24.0,2000.0,14,5,490.0,5.4,1,1,2,0,1,1,1,0,0.18,0.18,0.37,0.0,0.18,Matches,1,8,3,37.5,1.47,0.55,0.13,0.33,1,1,Matches,,,,,,,,,,,,,,,1,,,,,,Matches,,6,,,,,,,,,,,1,,,,Matches,,,,,,,,,,,,,,,,,,,,,Matches,adrian benedyczak,1.9938557110726836,1.453725766390562,1.2325568906962872,2.225842133164406,0.817415039986372
283,Yassine Benhattab,fr FRA,"MF,FW",Nantes,fr Ligue 1,22.0,2002.0,10,5,477.0,5.3,0,0,0,0,0,0,0,0,0.0,0.0,0.0,0.0,0.0,Matches,0,4,1,25.0,0.75,0.19,0.0,0.0,0,0,Matches,,,,,,,,,,,,,,,0,,,,,,Matches,,6,,,,,,,,,,,0,,,,Matches,,,,,,,,,,,,,,,,,,,,,Matches,yassine benhattab,0.1792120113968849,0.6935239918529987,0.1792120113968849,1.123983647674322,0.3270279392600059
287,Ramy Bensebaini,dz ALG,DF,Dortmund,de Bundesliga,30.0,1995.0,21,15,1530.0,17.0,5,2,7,3,2,2,6,0,0.29,0.12,0.41,0.18,0.29,Matches,5,17,7,41.2,1.0,0.41,0.29,0.71,2,2,Matches,,,,,,,,,,,,,,,2,,,,,,Matches,,14,,,,,,,,,,,18,,,,Matches,,,,,,,,,,,,,,,,,,,,,Matches,ramy bensebaini,3.257725358940661,0.7206321377307177,1.742172003723681,6.887229710817337,6.485647883266211
288,Nabil Bentaleb,dz ALG,MF,Lille,fr Ligue 1,30.0,1994.0,26,13,1287.0,14.3,2,2,4,1,1,1,3,0,0.14,0.14,0.28,0.07,0.21,Matches,2,18,6,33.3,1.26,0.42,0.11,0.33,1,1,Matches,,,,,,,,,,,,,,,2,,,,,,Matches,,12,,,,,,,,,,,15,,,,Matches,,,,,,,,,,,,,,,,,,,,,Matches,nabil bentaleb,1.2046611299738288,1.771717581897974,0.4445659844204783,10.07475517038256,8.462944879196584
289,Rodrigo Bentancur,uy URU,MF,Tottenham,eng Premier League,28.0,1997.0,26,23,1883.0,20.9,1,1,2,1,0,0,7,0,0.05,0.05,0.1,0.05,0.1,Matches,1,13,3,23.1,0.62,0.14,0.08,0.33,0,0,Matches,,,,,,,,,,,,,,,1,,,,,,Matches,,36,,,,,,,,,,,36,,,,Matches,,,,,,,,,,,,,,,,,,,,,Matches,rodrigo bentancur,0.9771954659372568,0.8773890770971775,0.9771954659372568,4.669173881411552,4.175999607890844
291,Lucas Beraldo,br BRA,"DF,MF",PSG,fr Ligue 1,21.0,2003.0,20,18,1567.0,17.4,2,1,3,2,0,0,2,0,0.11,0.06,0.17,0.11,0.17,Matches,2,14,4,28.6,0.8,0.23,0.14,0.5,0,0,Matches,,,,,,,,,,,,,,,1,,,,,,Matches,,21,,,,,,,,,,,18,,,,Matches,,,,,,,,,,,,,,,,,,,,,Matches,lucas beraldo,,,,,
292,Domenico Berardi,it ITA,FW,Sassuolo,it Serie A,30.0,1994.0,26,24,1958.0,21.8,8,4,12,6,2,3,2,1,0.37,0.18,0.55,0.28,0.46,Matches,8,40,21,52.5,1.84,0.97,0.2,0.38,2,3,Matches,,,,,,,,,,,,,,,4,,,,,,Matches,,17,,,,,,,,,,,24,,,,Matches,,,,,,,,,,,,,,,,,,,,,Matches,domenico berardi,6.783539568074048,5.058273881673813,4.499643106944859,13.033610694110394,6.80599008500576
293,Yuri Berchiche,es ESP,DF,Athletic Club,es La Liga,35.0,1990.0,32,31,2705.0,30.1,0,6,6,0,0,0,5,0,0.0,0.2,0.2,0.0,0.2,Matches,0,24,5,20.8,0.8,0.17,0.0,0.0,0,0,Matches,,,,,,,,,,,,,,,6,,,,,,Matches,,29,,,,,,,,,,,34,,,,Matches,,,,,,,,,,,,,,,,,,,,,Matches,yuri berchiche,0.6064393315464258,4.848095130175352,0.6064393315464258,10.560181383043528,8.312423763796687
294,Álex Berenguer,es ESP,MF,Athletic Club,es La Liga,30.0,1995.0,31,25,2154.0,23.9,2,3,5,2,0,0,4,0,0.08,0.13,0.21,0.08,0.21,Matches,2,44,20,45.5,1.84,0.84,0.05,0.1,0,0,Matches,,,,,,,,,,,,,,,3,,,,,,Matches,,17,,,,,,,,,,,13,,,,Matches,,,,,,,,,,,,,,,,,,,,,Matches,alex berenguer,5.271908729337156,5.47127471677959,5.271908729337156,11.005357883870602,4.127182766795158
295,Sander Berge,no NOR,MF,Fulham,eng Premier League,27.0,1998.0,35,34,2905.0,32.3,0,1,1,0,0,0,5,0,0.0,0.03,0.03,0.0,0.03,Matches,0,14,3,21.4,0.43,0.09,0.0,0.0,0,0,Matches,,,,,,,,,,,,,,,1,,,,,,Matches,,41,,,,,,,,,,,26,,,,Matches,,,,,,,,,,,,,,,,,,,,,Matches,sander berge,1.3464614748954773,1.985070546157658,1.3464614748954773,10.621809985488651,8.998958602547646
296,Lucas Bergström,fi FIN,GK,Mallorca,es La Liga,22.0,2002.0,5,5,450.0,5.0,0,0,0,0,0,0,1,0,0.0,0.0,0.0,0.0,0.0,Matches,0,0,0,,0.0,0.0,,,0,0,Matches,,,,,,,,,,,,,,,0,,,,,,Matches,,0,,,,,,,,,,,0,,,,Matches,,,,,,,,,,,,,,,,,,,,,Matches,lucas bergstrom,0.0,0.0,0.0,0.9126056060194968,0.9126056060194968
297,Lucas Bergvall,se SWE,MF,Tottenham,eng Premier League,19.0,2006.0,23,11,965.0,10.7,1,3,4,1,0,0,2,0,0.09,0.28,0.37,0.09,0.37,Matches,1,12,5,41.7,1.12,0.47,0.08,0.2,0,0,Matches,,,,,,,,,,,,,,,3,,,,,,Matches,,14,,,,,,,,,,,3,,,,Matches,,,,,,,,,,,,,,,,,,,,,Matches,lucas bergvall,1.4342994708567858,0.2916291374713182,1.4342994708567858,3.274197237566113,1.6925846990197897
298,Medon Berisha,al ALB,MF,Lecce,it Serie A,21.0,2003.0,13,12,871.0,9.7,2,3,5,2,0,0,0,0,0.21,0.31,0.52,0.21,0.52,Matches,2,24,5,20.8,2.48,0.52,0.08,0.4,0,0,Matches,,,,,,,,,,,,,,,3,,,,,,Matches,,12,,,,,,,,,,,5,,,,Matches,,,,,,,,,,,,,,,,,,,,,Matches,medon berisha,1.3144496940076351,2.889189299196005,1.3144496940076351,3.1226632557809357,1.600425161421299
300,Adrian Bernabe,es ESP,MF,Parma,it Serie A,24.0,2001.0,32,31,2470.0,27.4,3,1,4,3,0,0,0,0,0.11,0.04,0.15,0.11,0.15,Matches,3,50,12,24.0,1.82,0.44,0.06,0.25,0,0,Matches,,,,,,,,,,,,,,,1,,,,,,Matches,,23,,,,,,,,,,,17,,,,Matches,,,,,,,,,,,,,,,,,,,,,Matches,adrian bernabe,2.6228388603776693,4.641438805498183,2.6228388603776693,8.53368706163019,4.340929888188839
301,Marc Bernal,es ESP,MF,Barcelona,es La Liga,18.0,2007.0,22,9,790.0,8.8,2,1,3,2,0,0,4,0,0.23,0.11,0.34,0.23,0.34,Matches,2,7,2,28.6,0.8,0.23,0.29,1.0,0,0,Matches,,,,,,,,,,,,,,,1,,,,,,Matches,,19,,,,,,,,,,,12,,,,Matches,,,,,,,,,,,,,,,,,,,,,Matches,marc bernal,1.022160867229104,0.6727183200418949,1.022160867229104,5.647717952728272,5.217132003977895
303,Federico Bernardeschi,it ITA,"MF,FW",Bologna,it Serie A,31.0,1994.0,29,12,1217.0,13.5,4,2,6,3,1,1,3,0,0.3,0.15,0.44,0.22,0.37,Matches,4,39,13,33.3,2.88,0.96,0.1,0.31,1,1,Matches,,,,,,,,,,,,,,,2,,,,,,Matches,,6,,,,,,,,,,,6,,,,Matches,,,,,,,,,,,,,,,,,,,,,Matches,federico bernardeschi,3.179261529818177,3.570297403261065,2.41796269454062,8.06808358617127,3.1546717965975404
304,Bernardo,br BRA,DF,Hoffenheim,de Bundesliga,30.0,1995.0,29,26,2312.0,25.7,0,0,0,0,0,0,9,0,0.0,0.0,0.0,0.0,0.0,Matches,0,10,0,0.0,0.39,0.0,0.0,,0,0,Matches,,,,,,,,,,,,,,,0,,,,,,Matches,,42,,,,,,,,,,,39,,,,Matches,,,,,,,,,,,,,,,,,,,,,Matches,bernardo,0.4374553086236119,0.3528335839509964,0.4374553086236119,8.209371864795685,7.91454927995801
305,Lorenzo Bernasconi,it ITA,MF,Atalanta,it Serie A,21.0,2003.0,23,17,1572.0,17.5,0,3,3,0,0,0,3,0,0.0,0.17,0.17,0.0,0.17,Matches,0,9,1,11.1,0.52,0.06,0.0,0.0,0,0,Matches,,,,,,,,,,,,,,,3,,,,,,Matches,,16,,,,,,,,,,,14,,,,Matches,,,,,,,,,,,,,,,,,,,,,Matches,lorenzo bernasconi,0.4185952385887503,3.146109139546752,0.4185952385887503,7.764180159196258,6.473759057000279
306,Antoine Bernede,fr FRA,MF,Hellas Verona,it Serie A,26.0,1999.0,32,29,2301.0,25.6,1,2,3,1,0,0,2,0,0.04,0.08,0.12,0.04,0.12,Matches,1,21,4,19.0,0.82,0.16,0.05,0.25,0,0,Matches,,,,,,,,,,,,,,,2,,,,,,Matches,,39,,,,,,,,,,,16,,,,Matches,,,,,,,,,,,,,,,,,,,,,Matches,antoine bernede,1.0209336997941136,1.9406338185071943,1.0209336997941136,5.913933668285608,3.547188401222229
307,Nicolò Bertola,it ITA,"DF,MF",Udinese,it Serie A,22.0,2003.0,28,18,1763.0,19.6,0,1,1,0,0,0,3,0,0.0,0.05,0.05,0.0,0.05,Matches,0,13,4,30.8,0.66,0.2,0.0,0.0,0,0,Matches,,,,,,,,,,,,,,,1,,,,,,Matches,,21,,,,,,,,,,,24,,,,Matches,,,,,,,,,,,,,,,,,,,,,Matches,nicolo bertola,0.995705895125866,1.549034908413887,0.995705895125866,4.48557251971215,2.858090599998832
308,Jan-Niklas Beste,de GER,MF,Freiburg,de Bundesliga,26.0,1999.0,28,20,1704.0,18.9,2,2,4,2,0,0,5,0,0.11,0.11,0.21,0.11,0.21,Matches,2,24,14,58.3,1.27,0.74,0.08,0.14,0,0,Matches,,,,,,,,,,,,,,,2,,,,,,Matches,,24,,,,,,,,,,,17,,,,Matches,,,,,,,,,,,,,,,,,,,,,Matches,jan niklas beste,3.4977346565574408,3.7758378759026527,3.4977346565574408,10.3288358990103,5.829450925812125
309,Beto,gw GNB,FW,Everton,eng Premier League,27.0,1998.0,37,17,1568.0,17.4,9,1,10,9,0,0,3,0,0.52,0.06,0.57,0.52,0.57,Matches,9,43,17,39.5,2.47,0.98,0.21,0.53,0,0,Matches,,,,,,,,,,,,,,,1,,,,,,Matches,,5,,,,,,,,,,,1,,,,Matches,,,,,,,,,,,,,,,,,,,,,Matches,beto,10.947674445807934,1.0041863042861223,10.947674445807934,12.09721666574478,0.9316300563514232
311,Sam Beukema,nl NED,DF,Napoli,it Serie A,26.0,1998.0,24,18,1681.0,18.7,2,0,2,2,0,0,2,0,0.11,0.0,0.11,0.11,0.11,Matches,2,8,4,50.0,0.43,0.21,0.25,0.5,0,0,Matches,,,,,,,,,,,,,,,0,,,,,,Matches,,17,,,,,,,,,,,14,,,,Matches,,,,,,,,,,,,,,,,,,,,,Matches,sam beukema,1.7312276512384417,0.3936351519078016,1.7312276512384417,5.41209826245904,5.130219876766205
312,Matteo Bianchetti,it ITA,DF,Cremonese,it Serie A,32.0,1993.0,27,25,2192.0,24.4,0,2,2,0,0,0,4,0,0.0,0.08,0.08,0.0,0.08,Matches,0,7,1,14.3,0.29,0.04,0.0,0.0,0,0,Matches,,,,,,,,,,,,,,,2,,,,,,Matches,,30,,,,,,,,,,,19,,,,Matches,,,,,,,,,,,,,,,,,,,,,Matches,matteo bianchetti,0.7512021120637655,0.4877564660273492,0.7512021120637655,3.321823885664344,3.0193286444991827
313,Mika Biereth,dk DEN,FW,Monaco,fr Ligue 1,22.0,2003.0,32,12,1074.0,11.9,2,2,4,2,0,0,0,0,0.17,0.17,0.34,0.17,0.34,Matches,2,19,7,36.8,1.59,0.59,0.11,0.29,0,0,Matches,,,,,,,,,,,,,,,2,,,,,,Matches,,7,,,,,,,,,,,0,,,,Matches,,,,,,,,,,,,,,,,,,,,,Matches,mika biereth,3.207695998251438,2.307873759418726,3.207695998251438,7.502748765051365,2.434636209160089
314,Pedro Bigas,es ESP,DF,Elche,es La Liga,34.0,1990.0,28,25,2063.0,22.9,1,3,4,1,0,0,5,1,0.04,0.13,0.17,0.04,0.17,Matches,1,10,3,30.0,0.44,0.13,0.1,0.33,0,0,Matches,,,,,,,,,,,,,,,3,,,,,,Matches,,22,,,,,,,,,,,30,,,,Matches,,,,,,,,,,,,,,,,,,,,,Matches,pedro bigas,0.8961452543735504,1.9694299679249525,0.8961452543735504,9.460428934544325,8.860037345439196
315,Justin Bijlow,nl NED,GK,Genoa,it Serie A,27.0,1998.0,16,16,1395.0,15.5,0,0,0,0,0,0,1,0,0.0,0.0,0.0,0.0,0.0,Matches,0,0,0,,0.0,0.0,,,0,0,Matches,,,,,,,,,,,,,,,0,,,,,,Matches,,0,,,,,,,,,,,0,,,,Matches,,,,,,,,,,,,,,,,,,,,,Matches,justin bijlow,0.0,0.0,0.0,1.8981813862919807,1.8981813862919807
316,Jaka Bijol,si SVN,DF,Leeds United,eng Premier League,26.0,1999.0,25,21,1890.0,21.0,1,2,3,1,0,0,4,0,0.05,0.1,0.14,0.05,0.14,Matches,1,15,6,40.0,0.71,0.29,0.07,0.17,0,0,Matches,,,,,,,,,,,,,,,2,,,,,,Matches,,13,,,,,,,,,,,22,,,,Matches,,,,,,,,,,,,,,,,,,,,,Matches,jaka bijol,0.718483354896307,1.399182764813304,0.718483354896307,5.490988912060857,4.503906073048711
317,Cristiano Biraghi,it ITA,"MF,DF",Torino,it Serie A,32.0,1992.0,14,5,517.0,5.7,0,0,0,0,0,0,0,0,0.0,0.0,0.0,0.0,0.0,Matches,0,2,0,0.0,0.35,0.0,0.0,,0,0,Matches,,,,,,,,,,,,,,,0,,,,,,Matches,,7,,,,,,,,,,,3,,,,Matches,,,,,,,,,,,,,,,,,,,,,Matches,cristiano biraghi,0.0619102343916893,0.3642315156757831,0.0619102343916893,0.7062440980225801,0.4560871068388223
319,Tom Bischof,de GER,"DF,MF",Bayern Munich,de Bundesliga,20.0,2005.0,26,14,1302.0,14.5,3,3,6,3,0,0,2,0,0.21,0.21,0.41,0.21,0.41,Matches,3,30,9,30.0,2.07,0.62,0.1,0.33,0,0,Matches,,,,,,,,,,,,,,,3,,,,,,Matches,,18,,,,,,,,,,,15,,,,Matches,,,,,,,,,,,,,,,,,,,,,Matches,tom bischof,1.9813645593822,2.8520854637026787,1.9813645593822,11.289959888905289,8.018809024244547
320,Yves Bissouma,ml MLI,MF,Tottenham,eng Premier League,28.0,1996.0,11,7,603.0,6.7,0,0,0,0,0,0,4,0,0.0,0.0,0.0,0.0,0.0,Matches,0,5,2,40.0,0.75,0.3,0.0,0.0,0,0,Matches,,,,,,,,,,,,,,,0,,,,,,Matches,,11,,,,,,,,,,,8,,,,Matches,,,,,,,,,,,,,,,,,,,,,Matches,yves bissouma,0.2123817997053265,0.0,0.2123817997053265,1.075252041220665,0.9329388849437236
321,Leonardo Bittencourt,de GER,MF,Werder Bremen,de Bundesliga,31.0,1993.0,17,5,615.0,6.8,0,1,1,0,0,0,5,0,0.0,0.15,0.15,0.0,0.15,Matches,0,7,0,0.0,1.02,0.0,0.0,,0,0,Matches,,,,,,,,,,,,,,,1,,,,,,Matches,,10,,,,,,,,,,,8,,,,Matches,,,,,,,,,,,,,,,,,,,,,Matches,leonardo bittencourt,0.215122521854937,0.8824588861316442,0.215122521854937,2.723938686773181,2.383876219391823
323,Marco Bizot,nl NED,GK,Aston Villa,eng Premier League,34.0,1991.0,7,6,585.0,6.5,0,0,0,0,0,0,2,0,0.0,0.0,0.0,0.0,0.0,Matches,0,0,0,,0.0,0.0,,,0,0,Matches,,,,,,,,,,,,,,,0,,,,,,Matches,,0,,,,,,,,,,,0,,,,Matches,,,,,,,,,,,,,,,,,,,,,Matches,marco bizot,0.0,0.0,0.0,1.0894597582519054,1.0894597582519054
324,Antonio Blanco,es ESP,MF,Alavés,es La Liga,25.0,2000.0,36,36,3110.0,34.6,2,3,5,2,0,0,9,0,0.06,0.09,0.14,0.06,0.14,Matches,2,40,13,32.5,1.16,0.38,0.05,0.15,0,0,Matches,,,,,,,,,,,,,,,3,,,,,,Matches,,49,,,,,,,,,,,51,,,,Matches,,,,,,,,,,,,,,,,,,,,,Matches,antonio blanco,1.2193963313475251,1.585560267791152,1.2193963313475251,10.952894285321236,9.485621688887475
325,Ludovic Blas,fr FRA,"MF,FW",Rennes,fr Ligue 1,27.0,1997.0,32,15,1546.0,17.2,5,4,9,3,2,2,1,0,0.29,0.23,0.52,0.17,0.41,Matches,5,47,14,29.8,2.74,0.82,0.11,0.36,2,2,Matches,,,,,,,,,,,,,,,4,,,,,,Matches,,10,,,,,,,,,,,15,,,,Matches,,,,,,,,,,,,,,,,,,,,,Matches,ludovic blas,4.744255687110126,6.979083426296711,3.224065418355167,13.111039499752223,6.562168078497052
326,Janis Blaswich,de GER,GK,Leverkusen,de Bundesliga,34.0,1991.0,11,10,931.0,10.3,0,0,0,0,0,0,1,0,0.0,0.0,0.0,0.0,0.0,Matches,0,0,0,,0.0,0.0,,,0,0,Matches,,,,,,,,,,,,,,,0,,,,,,Matches,,0,,,,,,,,,,,0,,,,Matches,,,,,,,,,,,,,,,,,,,,,Matches,janis blaswich,0.0,0.0981956124305725,0.0,1.5909389518201351,1.4927433393895626
327,Daley Blind,nl NED,DF,Girona,es La Liga,35.0,1990.0,31,30,2606.0,29.0,0,0,0,0,0,0,1,0,0.0,0.0,0.0,0.0,0.0,Matches,0,5,1,20.0,0.17,0.03,0.0,0.0,0,0,Matches,,,,,,,,,,,,,,,0,,,,,,Matches,,34,,,,,,,,,,,38,,,,Matches,,,,,,,,,,,,,,,,,,,,,Matches,daley blind,0.2643272480927408,0.7392632644623518,0.2643272480927408,10.429523061960936,10.079609762877226
329,Oscar Bobb,no NOR,"MF,FW",Manchester City,eng Premier League,22.0,2003.0,9,5,468.0,5.2,0,1,1,0,0,0,1,0,0.0,0.19,0.19,0.0,0.19,Matches,0,4,0,0.0,0.77,0.0,0.0,,0,0,Matches,,,,,,,,,,,,,,,1,,,,,,Matches,,5,,,,,,,,,,,3,,,,Matches,,,,,,,,,,,,,,,,,,,,,Matches,oscar bobb,1.4291031155735254,2.017092976719141,1.4291031155735254,5.759685222059488,3.5445012114942074
330,Oscar Bobb,no NOR,MF,Fulham,eng Premier League,22.0,2003.0,14,6,571.0,6.3,0,0,0,0,0,0,0,0,0.0,0.0,0.0,0.0,0.0,Matches,0,8,3,37.5,1.26,0.47,0.0,0.0,0,0,Matches,,,,,,,,,,,,,,,0,,,,,,Matches,,7,,,,,,,,,,,6,,,,Matches,,,,,,,,,,,,,,,,,,,,,Matches,oscar bobb,1.4291031155735254,2.017092976719141,1.4291031155735254,5.759685222059488,3.5445012114942074
333,Sacha Boey,fr FRA,DF,Bayern Munich,de Bundesliga,24.0,2000.0,9,5,463.0,5.1,0,0,0,0,0,0,1,0,0.0,0.0,0.0,0.0,0.0,Matches,0,6,0,0.0,1.17,0.0,0.0,,0,0,Matches,,,,,,,,,,,,,,,0,,,,,,Matches,,4,,,,,,,,,,,7,,,,Matches,,,,,,,,,,,,,,,,,,,,,Matches,sacha boey,0.3924324251711368,0.1832207404077053,0.3924324251711368,2.850109562277794,2.335632123053074
334,Jeremie Boga,ci CIV,"MF,FW",Nice,fr Ligue 1,28.0,1997.0,14,7,646.0,7.2,2,2,4,2,0,0,0,0,0.28,0.28,0.56,0.28,0.56,Matches,2,15,5,33.3,2.09,0.7,0.13,0.4,0,0,Matches,,,,,,,,,,,,,,,2,,,,,,Matches,,5,,,,,,,,,,,3,,,,Matches,,,,,,,,,,,,,,,,,,,,,Matches,jeremie boga,4.128830907866359,1.6714485827833414,4.128830907866359,7.31940452568233,1.9582742899656296
335,Jeremie Boga,ci CIV,"MF,FW",Juventus,it Serie A,28.0,1997.0,15,6,679.0,7.5,4,0,4,4,0,0,1,0,0.53,0.0,0.53,0.53,0.53,Matches,4,24,12,50.0,3.18,1.59,0.17,0.33,0,0,Matches,,,,,,,,,,,,,,,0,,,,,,Matches,,3,,,,,,,,,,,2,,,,Matches,,,,,,,,,,,,,,,,,,,,,Matches,jeremie boga,4.128830907866359,1.6714485827833414,4.128830907866359,7.31940452568233,1.9582742899656296
336,Lamare Bogarde,nl NED,"MF,DF",Aston Villa,eng Premier League,21.0,2004.0,28,11,1053.0,11.7,0,0,0,0,0,0,5,0,0.0,0.0,0.0,0.0,0.0,Matches,0,0,0,,0.0,0.0,,,0,0,Matches,,,,,,,,,,,,,,,0,,,,,,Matches,,19,,,,,,,,,,,4,,,,Matches,,,,,,,,,,,,,,,,,,,,,Matches,lamare bogarde,0.0,0.0411524251103401,0.0,1.9570542350411413,1.915901817381382
337,Jayden Bogle,eng ENG,"MF,DF",Leeds United,eng Premier League,25.0,2000.0,34,32,2793.0,31.0,1,2,3,1,0,0,6,0,0.03,0.06,0.1,0.03,0.1,Matches,1,18,4,22.2,0.58,0.13,0.06,0.25,0,0,Matches,,,,,,,,,,,,,,,2,,,,,,Matches,,43,,,,,,,,,,,30,,,,Matches,,,,,,,,,,,,,,,,,,,,,Matches,jayden bogle,1.892064114101231,3.5251562744379044,1.892064114101231,11.021193640306592,6.367132198065519
339,Adama Boiro,es ESP,DF,Athletic Club,es La Liga,23.0,2002.0,14,8,815.0,9.1,0,0,0,0,0,0,1,0,0.0,0.0,0.0,0.0,0.0,Matches,0,2,0,0.0,0.22,0.0,0.0,,0,0,Matches,,,,,,,,,,,,,,,0,,,,,,Matches,,11,,,,,,,,,,,18,,,,Matches,,,,,,,,,,,,,,,,,,,,,Matches,adama boiro,0.0531698428094387,0.1399121209979057,0.0531698428094387,1.9122118912637236,1.7599158138036728
341,Hugo Bolin,se SWE,"MF,FW",Gladbach,de Bundesliga,22.0,2003.0,13,5,550.0,6.1,1,1,2,1,0,0,0,0,0.16,0.16,0.33,0.16,0.33,Matches,1,15,4,26.7,2.45,0.65,0.07,0.25,0,0,Matches,,,,,,,,,,,,,,,1,,,,,,Matches,,2,,,,,,,,,,,1,,,,Matches,,,,,,,,,,,,,,,,,,,,,Matches,hugo bolin,1.1613999009132383,0.507491935044527,1.1613999009132383,2.3938754983246326,0.9783000312745572
345,Federico Bonazzoli,it ITA,FW,Cremonese,it Serie A,28.0,1997.0,35,31,2510.0,27.9,10,1,11,7,3,3,4,0,0.36,0.04,0.39,0.25,0.29,Matches,10,75,32,42.7,2.69,1.15,0.13,0.31,3,3,Matches,,,,,,,,,,,,,,,1,,,,,,Matches,,16,,,,,,,,,,,12,,,,Matches,,,,,,,,,,,,,,,,,,,,,Matches,federico bonazzoli,9.023360214661809,1.532783793285489,6.739463760983199,10.240432717371732,3.803929052315653
346,Warren Bondo,fr FRA,MF,Cremonese,it Serie A,21.0,2003.0,27,22,1762.0,19.6,0,0,0,0,0,0,5,0,0.0,0.0,0.0,0.0,0.0,Matches,0,8,2,25.0,0.41,0.1,0.0,0.0,0,0,Matches,,,,,,,,,,,,,,,0,,,,,,Matches,,16,,,,,,,,,,,9,,,,Matches,,,,,,,,,,,,,,,,,,,,,Matches,warren bondo,0.2856207136064768,0.161786250770092,0.2856207136064768,3.443341282196343,2.995934301055968
347,Giovanni Bonfanti,it ITA,"DF,MF",Pisa,it Serie A,22.0,2003.0,9,6,494.0,5.5,0,0,0,0,0,0,1,0,0.0,0.0,0.0,0.0,0.0,Matches,0,6,1,16.7,1.09,0.18,0.0,0.0,0,0,Matches,,,,,,,,,,,,,,,0,,,,,,Matches,,6,,,,,,,,,,,7,,,,Matches,,,,,,,,,,,,,,,,,,,,,Matches,giovanni bonfanti,0.2863771161064505,0.11172466725111,0.2863771161064505,0.4159418269991874,0.1316771451383829
349,Rahim Bonkano,ne NIG,DF,Oviedo,es La Liga,23.0,2002.0,27,18,1713.0,19.0,0,0,0,0,0,0,2,0,0.0,0.0,0.0,0.0,0.0,Matches,0,3,0,0.0,0.16,0.0,0.0,,0,0,Matches,,,,,,,,,,,,,,,0,,,,,,Matches,,19,,,,,,,,,,,29,,,,Matches,,,,,,,,,,,,,,,,,,,,,Matches,rahim bonkano,,,,,
350,Ange-Yoan Bonny,ci CIV,FW,Inter,it Serie A,21.0,2003.0,33,10,1142.0,12.7,5,4,9,5,0,0,1,0,0.39,0.32,0.71,0.39,0.71,Matches,5,22,9,40.9,1.73,0.71,0.23,0.56,0,0,Matches,,,,,,,,,,,,,,,4,,,,,,Matches,,9,,,,,,,,,,,1,,,,Matches,,,,,,,,,,,,,,,,,,,,,Matches,ange yoan bonny,4.581577172502875,2.670865649357438,4.581577172502875,9.682558439671991,3.249240666627884
353,Gennaro Borrelli,it ITA,FW,Cagliari,it Serie A,25.0,2000.0,27,13,1275.0,14.2,5,1,6,5,0,0,4,0,0.35,0.07,0.42,0.35,0.42,Matches,5,30,12,40.0,2.12,0.85,0.17,0.42,0,0,Matches,,,,,,,,,,,,,,,1,,,,,,Matches,,6,,,,,,,,,,,3,,,,Matches,,,,,,,,,,,,,,,,,,,,,Matches,gennaro borrelli,4.579960027709603,0.8707911921665072,4.579960027709603,5.725788693875074,2.594655658118427
354,Olivier Boscagli,fr FRA,DF,Brighton,eng Premier League,27.0,1997.0,12,9,802.0,8.9,0,1,1,0,0,0,2,0,0.0,0.11,0.11,0.0,0.11,Matches,0,1,0,0.0,0.11,0.0,0.0,,0,0,Matches,,,,,,,,,,,,,,,1,,,,,,Matches,,11,,,,,,,,,,,16,,,,Matches,,,,,,,,,,,,,,,,,,,,,Matches,olivier boscagli,0.0207152105867862,0.1475827321410179,0.0207152105867862,3.5460157245397568,3.5085763186216354
357,Sven Botman,nl NED,DF,Newcastle,eng Premier League,25.0,2000.0,25,21,1835.0,20.4,1,1,2,1,0,0,2,0,0.05,0.05,0.1,0.05,0.1,Matches,1,15,4,26.7,0.74,0.2,0.07,0.25,0,0,Matches,,,,,,,,,,,,,,,1,,,,,,Matches,,14,,,,,,,,,,,25,,,,Matches,,,,,,,,,,,,,,,,,,,,,Matches,sven botman,1.5510299038141966,1.4832177460193634,1.5510299038141966,6.0209719482809305,5.722450278699398
358,Ayyoub Bouaddi,ma MAR,MF,Lille,fr Ligue 1,17.0,2007.0,30,28,2321.0,25.8,0,1,1,0,0,0,7,1,0.0,0.04,0.04,0.0,0.04,Matches,0,16,5,31.3,0.62,0.19,0.0,0.0,0,0,Matches,,,,,,,,,,,,,,,1,,,,,,Matches,,40,,,,,,,,,,,27,,,,Matches,,,,,,,,,,,,,,,,,,,,,Matches,ayyoub bouaddi,1.0655275946483016,2.003947176970541,1.0655275946483016,12.056816457770765,10.517980525270104
360,Badredine Bouanani,dz ALG,MF,Stuttgart,de Bundesliga,20.0,2004.0,14,5,463.0,5.1,0,0,0,0,0,0,1,0,0.0,0.0,0.0,0.0,0.0,Matches,0,16,4,25.0,3.11,0.78,0.0,0.0,0,0,Matches,,,,,,,,,,,,,,,0,,,,,,Matches,,3,,,,,,,,,,,4,,,,Matches,,,,,,,,,,,,,,,,,,,,,Matches,badredine bouanani,1.0744991190731523,0.5685664489865303,1.0744991190731523,4.118053063750267,2.8789315968751907
361,Kaïl Boudache,fr FRA,"MF,FW",Nice,fr Ligue 1,19.0,2006.0,13,3,531.0,5.9,1,0,1,1,0,0,1,0,0.17,0.0,0.17,0.17,0.17,Matches,1,13,2,15.4,2.2,0.34,0.08,0.5,0,0,Matches,,,,,,,,,,,,,,,0,,,,,,Matches,,9,,,,,,,,,,,6,,,,Matches,,,,,,,,,,,,,,,,,,,,,Matches,kail boudache,2.86060961522162,0.199295156635344,2.86060961522162,2.168492004275322,0.2338301874697208
362,Hicham Boudaoui,dz ALG,MF,Nice,fr Ligue 1,25.0,1999.0,25,18,1694.0,18.8,1,2,3,1,0,0,5,0,0.05,0.11,0.16,0.05,0.16,Matches,1,21,9,42.9,1.12,0.48,0.05,0.11,0,0,Matches,,,,,,,,,,,,,,,2,,,,,,Matches,,16,,,,,,,,,,,18,,,,Matches,,,,,,,,,,,,,,,,,,,,,Matches,hicham boudaoui,2.2907996512949467,1.5970600554719567,2.2907996512949467,6.359252665191889,3.213657854124904
363,Sofiane Boufal,ma MAR,"MF,FW",Le Havre,fr Ligue 1,31.0,1993.0,17,13,1019.0,11.3,1,4,5,1,0,1,2,0,0.09,0.35,0.44,0.09,0.44,Matches,1,19,4,21.1,1.68,0.35,0.05,0.25,0,1,Matches,,,,,,,,,,,,,,,4,,,,,,Matches,,17,,,,,,,,,,,3,,,,Matches,,,,,,,,,,,,,,,,,,,,,Matches,sofiane boufal,1.5026695374399424,3.634537594392896,0.7425743956118822,5.128283802419901,1.9721620082855225
365,Jarrod Bowen,eng ENG,"MF,FW",West Ham,eng Premier League,28.0,1996.0,38,38,3403.0,37.8,9,11,20,8,1,1,4,0,0.24,0.29,0.53,0.21,0.5,Matches,9,79,28,35.4,2.09,0.74,0.11,0.32,1,1,Matches,,,,,,,,,,,,,,,11,,,,,,Matches,,28,,,,,,,,,,,27,,,,Matches,,,,,,,,,,,,,,,,,,,,,Matches,jarrod bowen,8.273593910038471,8.43197707645595,7.512425065040588,14.380666948854923,3.877509349957109
366,Kieron Bowie,sct SCO,FW,Hellas Verona,it Serie A,22.0,2002.0,14,14,1200.0,13.3,4,0,4,4,0,0,1,0,0.3,0.0,0.3,0.3,0.3,Matches,4,33,11,33.3,2.48,0.82,0.12,0.36,0,0,Matches,,,,,,,,,,,,,,,0,,,,,,Matches,,3,,,,,,,,,,,0,,,,Matches,,,,,,,,,,,,,,,,,,,,,Matches,kieron bowie,4.099301479756832,0.4409037381410599,4.099301479756832,5.117839636281133,0.8250679215416312
367,Lucas Boyé,ar ARG,FW,Alavés,es La Liga,29.0,1996.0,29,22,1958.0,21.8,11,1,12,8,3,3,4,1,0.51,0.05,0.55,0.37,0.41,Matches,11,63,21,33.3,2.9,0.97,0.17,0.52,3,3,Matches,,,,,,,,,,,,,,,1,,,,,,Matches,,25,,,,,,,,,,,7,,,,Matches,,,,,,,,,,,,,,,,,,,,,Matches,lucas boye,11.103807976469398,2.709607819095254,8.873975029215217,12.193470728583634,3.775087649933994
368,Enzo Boyomo,cm CMR,DF,Osasuna,es La Liga,23.0,2001.0,30,29,2542.0,28.2,1,2,3,1,0,0,7,0,0.04,0.07,0.11,0.04,0.11,Matches,1,11,4,36.4,0.39,0.14,0.09,0.25,0,0,Matches,,,,,,,,,,,,,,,2,,,,,,Matches,,36,,,,,,,,,,,17,,,,Matches,,,,,,,,,,,,,,,,,,,,,Matches,enzo boyomo,1.1597838830202818,1.4222577046602964,1.1597838830202818,5.139672014862299,3.720889106392861
369,Rosen Bozhinov,bg BUL,DF,Pisa,it Serie A,20.0,2005.0,9,8,610.0,6.8,0,0,0,0,0,0,3,1,0.0,0.0,0.0,0.0,0.0,Matches,0,3,1,33.3,0.44,0.15,0.0,0.0,0,0,Matches,,,,,,,,,,,,,,,0,,,,,,Matches,,5,,,,,,,,,,,12,,,,Matches,,,,,,,,,,,,,,,,,,,,,Matches,rosen bozhinov,0.1116490038111805,0.3310964051634073,0.1116490038111805,2.23290590941906,1.823847398161888
370,Domagoj Bradarić,hr CRO,MF,Hellas Verona,it Serie A,25.0,1999.0,29,23,1966.0,21.8,0,1,1,0,0,0,2,0,0.0,0.05,0.05,0.0,0.05,Matches,0,13,6,46.2,0.6,0.27,0.0,0.0,0,0,Matches,,,,,,,,,,,,,,,1,,,,,,Matches,,20,,,,,,,,,,,9,,,,Matches,,,,,,,,,,,,,,,,,,,,,Matches,domagoj bradaric,0.6028579501435161,2.994570933282376,0.6028579501435161,6.39884002879262,3.356616459786892
371,Conor Bradley,nir NIR,DF,Liverpool,eng Premier League,22.0,2003.0,15,12,929.0,10.3,0,1,1,0,0,0,5,0,0.0,0.1,0.1,0.0,0.1,Matches,0,6,0,0.0,0.58,0.0,0.0,,0,0,Matches,,,,,,,,,,,,,,,1,,,,,,Matches,,15,,,,,,,,,,,12,,,,Matches,,,,,,,,,,,,,,,,,,,,,Matches,conor bradley,0.2198291672393679,1.1937107481062412,0.2198291672393679,3.412436105310917,2.405481914058328
373,Julian Brandt,de GER,"MF,FW",Dortmund,de Bundesliga,29.0,1996.0,29,17,1606.0,17.8,7,4,11,7,0,0,0,0,0.39,0.22,0.62,0.39,0.62,Matches,7,38,18,47.4,2.13,1.01,0.18,0.39,0,0,Matches,,,,,,,,,,,,,,,4,,,,,,Matches,,8,,,,,,,,,,,5,,,,Matches,,,,,,,,,,,,,,,,,,,,,Matches,julian brandt,5.1042488645762205,5.293923227116466,5.1042488645762205,13.624381331726909,5.712044969201088
374,Jarrad Branthwaite,eng ENG,DF,Everton,eng Premier League,23.0,2002.0,10,7,680.0,7.6,1,0,1,1,0,0,1,0,0.13,0.0,0.13,0.13,0.13,Matches,1,6,2,33.3,0.79,0.26,0.17,0.5,0,0,Matches,,,,,,,,,,,,,,,0,,,,,,Matches,,6,,,,,,,,,,,11,,,,Matches,,,,,,,,,,,,,,,,,,,,,Matches,jarrad branthwaite,0.3099620118737221,0.373225899413228,0.3099620118737221,1.287902306765318,1.127036638557911
376,Lilian Brassier,fr FRA,DF,Rennes,fr Ligue 1,25.0,1999.0,27,25,2250.0,25.0,0,1,1,0,0,0,2,0,0.0,0.04,0.04,0.0,0.04,Matches,0,11,2,18.2,0.44,0.08,0.0,0.0,0,0,Matches,,,,,,,,,,,,,,,1,,,,,,Matches,,13,,,,,,,,,,,38,,,,Matches,,,,,,,,,,,,,,,,,,,,,Matches,lilian brassier,0.8947227848693728,0.9079731702804564,0.8947227848693728,8.077245973050594,7.724599443376064
378,Josip Brekalo,hr CRO,"MF,FW",Oviedo,es La Liga,27.0,1998.0,14,6,486.0,5.4,0,0,0,0,0,0,1,0,0.0,0.0,0.0,0.0,0.0,Matches,0,9,3,33.3,1.67,0.56,0.0,0.0,0,0,Matches,,,,,,,,,,,,,,,0,,,,,,Matches,,7,,,,,,,,,,,2,,,,Matches,,,,,,,,,,,,,,,,,,,,,Matches,josip brekalo,0.3088910253718495,1.6458159163594246,0.3088910253718495,2.2394321858882904,0.8675312828272581
379,Gleison Bremer,br BRA,DF,Juventus,it Serie A,28.0,1997.0,26,25,2171.0,24.1,4,3,7,4,0,0,5,0,0.17,0.12,0.29,0.17,0.29,Matches,4,23,9,39.1,0.95,0.37,0.17,0.44,0,0,Matches,,,,,,,,,,,,,,,3,,,,,,Matches,,14,,,,,,,,,,,30,,,,Matches,,,,,,,,,,,,,,,,,,,,,Matches,gleison bremer,2.7122608339414,0.4107095804065466,2.7122608339414,8.776241302490234,8.494891063310206
380,Marco Brescianini,it ITA,MF,Fiorentina,it Serie A,25.0,2000.0,17,10,862.0,9.6,1,1,2,1,0,0,1,0,0.1,0.1,0.21,0.1,0.21,Matches,1,10,2,20.0,1.04,0.21,0.1,0.5,0,0,Matches,,,,,,,,,,,,,,,1,,,,,,Matches,,2,,,,,,,,,,,1,,,,Matches,,,,,,,,,,,,,,,,,,,,,Matches,marco brescianini,2.351007338613272,1.2417720863595605,2.351007338613272,4.8565372144803405,2.457272893749177
382,Abel Bretones,es ESP,"MF,DF",Osasuna,es La Liga,24.0,2000.0,28,17,1624.0,18.0,1,2,3,1,0,0,5,1,0.06,0.11,0.17,0.06,0.17,Matches,1,11,3,27.3,0.61,0.17,0.09,0.33,0,0,Matches,,,,,,,,,,,,,,,2,,,,,,Matches,,12,,,,,,,,,,,16,,,,Matches,,,,,,,,,,,,,,,,,,,,,Matches,abel bretones,0.5832634549587965,1.463532455265522,0.5832634549587965,3.3724373634904623,2.147059232927859
383,Sascha Britschgi,ch SUI,"MF,DF",Parma,it Serie A,18.0,2006.0,29,22,2095.0,23.3,0,2,2,0,0,0,7,1,0.0,0.09,0.09,0.0,0.09,Matches,0,13,3,23.1,0.56,0.13,0.0,0.0,0,0,Matches,,,,,,,,,,,,,,,2,,,,,,Matches,,18,,,,,,,,,,,8,,,,Matches,,,,,,,,,,,,,,,,,,,,,Matches,sascha britschgi,0.4099866766482591,2.0349949607625604,0.4099866766482591,4.071831869892776,1.8428749283775687
384,Brian Brobbey,nl NED,FW,Sunderland,eng Premier League,23.0,2002.0,31,22,1927.0,21.4,7,1,8,7,0,0,6,0,0.33,0.05,0.37,0.33,0.37,Matches,7,36,18,50.0,1.68,0.84,0.19,0.39,0,0,Matches,,,,,,,,,,,,,,,1,,,,,,Matches,,2,,,,,,,,,,,0,,,,Matches,,,,,,,,,,,,,,,,,,,,,Matches,brian brobbey,7.111885398626328,1.5084331054240463,7.111885398626328,9.288086591288447,1.6009146478027103
386,Armando Broja,al ALB,FW,Burnley,eng Premier League,23.0,2001.0,24,8,860.0,9.6,1,1,2,1,0,0,0,0,0.1,0.1,0.21,0.1,0.21,Matches,1,16,6,37.5,1.67,0.63,0.06,0.17,0,0,Matches,,,,,,,,,,,,,,,1,,,,,,Matches,,3,,,,,,,,,,,3,,,,Matches,,,,,,,,,,,,,,,,,,,,,Matches,armando broja,2.5165178887546062,0.6097559537738562,2.5165178887546062,2.6858433932065964,1.0258077569305897
387,David Brooks,wls WAL,MF,Bournemouth,eng Premier League,28.0,1997.0,31,13,1204.0,13.4,1,3,4,1,0,0,7,0,0.07,0.22,0.3,0.07,0.3,Matches,1,48,13,27.1,3.59,0.97,0.02,0.08,0,0,Matches,,,,,,,,,,,,,,,3,,,,,,Matches,,13,,,,,,,,,,,4,,,,Matches,,,,,,,,,,,,,,,,,,,,,Matches,david brooks,6.54012631252408,4.196839664131403,6.54012631252408,12.195374373346567,2.6664827950298786
388,Nathaniel Brown,de GER,"MF,DF",Frankfurt,de Bundesliga,22.0,2003.0,33,29,2656.0,29.5,4,4,8,4,0,0,3,0,0.14,0.14,0.27,0.14,0.27,Matches,4,18,9,50.0,0.61,0.3,0.22,0.44,0,0,Matches,,,,,,,,,,,,,,,4,,,,,,Matches,,57,,,,,,,,,,,25,,,,Matches,,,,,,,,,,,,,,,,,,,,,Matches,nathaniel brown,2.06600034981966,3.1800129488110542,2.06600034981966,10.054680230095984,6.042703531682491
389,Brugui,es ESP,"MF,FW",Levante,es La Liga,28.0,1996.0,19,10,1005.0,11.2,1,1,2,1,0,0,1,1,0.09,0.09,0.18,0.09,0.18,Matches,1,28,9,32.1,2.51,0.81,0.04,0.11,0,0,Matches,,,,,,,,,,,,,,,1,,,,,,Matches,,6,,,,,,,,,,,4,,,,Matches,,,,,,,,,,,,,,,,,,,,,Matches,brugui,,,,,
391,Jacob Bruun Larsen,dk DEN,"MF,FW",Burnley,eng Premier League,26.0,1998.0,28,10,1030.0,11.4,0,1,1,0,0,0,0,0,0.0,0.09,0.09,0.0,0.09,Matches,0,17,4,23.5,1.49,0.35,0.0,0.0,0,0,Matches,,,,,,,,,,,,,,,1,,,,,,Matches,,3,,,,,,,,,,,6,,,,Matches,,,,,,,,,,,,,,,,,,,,,Matches,jacob bruun larsen,1.4321176074445248,1.3782861307263374,1.4321176074445248,4.528628235682845,2.252522235736251
392,Tajon Buchanan,ca CAN,MF,Villarreal,es La Liga,26.0,1999.0,34,21,1819.0,20.2,7,1,8,7,0,0,8,0,0.35,0.05,0.4,0.35,0.4,Matches,7,27,11,40.7,1.34,0.54,0.26,0.64,0,0,Matches,,,,,,,,,,,,,,,1,,,,,,Matches,,19,,,,,,,,,,,22,,,,Matches,,,,,,,,,,,,,,,,,,,,,Matches,tajon buchanan,2.74269391130656,2.5965847074985504,2.74269391130656,7.827929214574397,2.7268755370751023
393,Ante Budimir,hr CRO,FW,Osasuna,es La Liga,34.0,1991.0,37,35,2938.0,32.6,17,0,17,11,6,8,3,0,0.52,0.0,0.52,0.34,0.34,Matches,17,103,41,39.8,3.16,1.26,0.17,0.41,6,8,Matches,,,,,,,,,,,,,,,0,,,,,,Matches,,16,,,,,,,,,,,6,,,,Matches,,,,,,,,,,,,,,,,,,,,,Matches,ante budimir,19.19176504760981,1.7123363316059113,13.24554404988885,12.536680994555354,1.237377729266882
394,Emi Buendía,ar ARG,MF,Aston Villa,eng Premier League,28.0,1996.0,36,21,1755.0,19.5,6,2,8,6,0,0,6,0,0.31,0.1,0.41,0.31,0.41,Matches,6,49,13,26.5,2.51,0.67,0.12,0.46,0,0,Matches,,,,,,,,,,,,,,,2,,,,,,Matches,,27,,,,,,,,,,,13,,,,Matches,,,,,,,,,,,,,,,,,,,,,Matches,emi buendia,3.7844833629205823,3.626239098608494,3.7844833629205823,9.206152960658072,3.6858682241290808
395,Hugo Bueno,es ESP,"MF,DF",Wolves,eng Premier League,22.0,2002.0,35,26,2366.0,26.3,1,2,3,1,0,0,3,0,0.04,0.08,0.11,0.04,0.11,Matches,1,16,6,37.5,0.61,0.23,0.06,0.17,0,0,Matches,,,,,,,,,,,,,,,2,,,,,,Matches,,35,,,,,,,,,,,33,,,,Matches,,,,,,,,,,,,,,,,,,,,,Matches,hugo bueno,0.8962179943919182,3.683292493224144,0.8962179943919182,5.543084159493446,2.929296974092722
397,Santiago Bueno,uy URU,DF,Wolves,eng Premier League,26.0,1998.0,29,28,2553.0,28.4,3,1,4,3,0,0,4,0,0.11,0.04,0.14,0.11,0.14,Matches,3,10,7,70.0,0.35,0.25,0.3,0.43,0,0,Matches,,,,,,,,,,,,,,,1,,,,,,Matches,,30,,,,,,,,,,,27,,,,Matches,,,,,,,,,,,,,,,,,,,,,Matches,santiago bueno,1.995275340974331,0.9024237375706434,1.995275340974331,4.350156765431166,3.939035897143185
399,Adam Buksa,pl POL,FW,Udinese,it Serie A,29.0,1996.0,25,6,922.0,10.2,3,0,3,3,0,0,3,0,0.29,0.0,0.29,0.29,0.29,Matches,3,12,6,50.0,1.17,0.59,0.25,0.5,0,0,Matches,,,,,,,,,,,,,,,0,,,,,,Matches,,8,,,,,,,,,,,3,,,,Matches,,,,,,,,,,,,,,,,,,,,,Matches,adam buksa,2.783920787274837,0.9992542769759892,2.783920787274837,3.916399106383324,0.5736364927142859
400,Andrija Bulatović,me MNE,MF,Lens,fr Ligue 1,18.0,2006.0,19,6,762.0,8.5,0,4,4,0,0,0,2,0,0.0,0.47,0.47,0.0,0.47,Matches,0,11,5,45.5,1.3,0.59,0.0,0.0,0,0,Matches,,,,,,,,,,,,,,,4,,,,,,Matches,,21,,,,,,,,,,,8,,,,Matches,,,,,,,,,,,,,,,,,,,,,Matches,andrija bulatovic,0.9166814982891084,2.8796335868537426,0.9166814982891084,4.078927747905254,2.6556012630462646
401,Marius Bülter,de GER,"FW,MF",Köln,de Bundesliga,32.0,1993.0,32,18,1597.0,17.7,5,4,9,5,0,0,3,0,0.28,0.23,0.51,0.28,0.51,Matches,5,42,17,40.5,2.37,0.96,0.12,0.29,0,0,Matches,,,,,,,,,,,,,,,4,,,,,,Matches,,5,,,,,,,,,,,8,,,,Matches,,,,,,,,,,,,,,,,,,,,,Matches,marius bulter,3.979684112593532,4.703826729208231,3.979684112593532,10.374455876648426,3.821078972890973
404,Alessandro Buongiorno,it ITA,DF,Napoli,it Serie A,26.0,1999.0,33,28,2521.0,28.0,0,1,1,0,0,0,3,0,0.0,0.04,0.04,0.0,0.04,Matches,0,8,3,37.5,0.29,0.11,0.0,0.0,0,0,Matches,,,,,,,,,,,,,,,1,,,,,,Matches,,22,,,,,,,,,,,40,,,,Matches,,,,,,,,,,,,,,,,,,,,,Matches,alessandro buongiorno,1.6447823997586966,0.3518915679305792,1.6447823997586966,8.016250479966402,7.9922011978924274
405,Livan Burcu,tr TUR,"MF,FW",Union Berlin,de Bundesliga,20.0,2004.0,18,6,651.0,7.2,1,1,2,1,0,0,4,0,0.14,0.14,0.28,0.14,0.28,Matches,1,16,3,18.8,2.21,0.41,0.06,0.33,0,0,Matches,,,,,,,,,,,,,,,1,,,,,,Matches,,7,,,,,,,,,,,2,,,,Matches,,,,,,,,,,,,,,,,,,,,,Matches,livan burcu,2.16127123311162,0.5088458983227611,2.16127123311162,2.686813432723284,0.9930684771388768
407,Wouter Burger,nl NED,MF,Hoffenheim,de Bundesliga,24.0,2001.0,30,30,2430.0,27.0,4,5,9,4,0,0,7,1,0.15,0.19,0.33,0.15,0.33,Matches,4,36,13,36.1,1.33,0.48,0.11,0.31,0,0,Matches,,,,,,,,,,,,,,,5,,,,,,Matches,,42,,,,,,,,,,,19,,,,Matches,,,,,,,,,,,,,,,,,,,,,Matches,wouter burger,4.212299581617117,5.882515028119087,4.212299581617117,14.252158349379895,7.125719597563148
408,Jonathan Burkardt,de GER,FW,Frankfurt,de Bundesliga,25.0,2000.0,22,15,1336.0,14.8,13,1,14,9,4,4,1,0,0.88,0.07,0.94,0.61,0.67,Matches,13,41,21,51.2,2.76,1.41,0.32,0.62,4,4,Matches,,,,,,,,,,,,,,,1,,,,,,Matches,,4,,,,,,,,,,,1,,,,Matches,,,,,,,,,,,,,,,,,,,,,Matches,jonathan burkardt,13.116983085870745,0.6681167893111706,10.085876282304524,12.243965607136488,3.214979793876409
409,Oliver Burke,sct SCO,"FW,MF",Union Berlin,de Bundesliga,28.0,1997.0,29,21,1664.0,18.5,6,2,8,6,0,0,4,0,0.32,0.11,0.43,0.32,0.43,Matches,6,34,15,44.1,1.84,0.81,0.18,0.4,0,0,Matches,,,,,,,,,,,,,,,2,,,,,,Matches,,7,,,,,,,,,,,4,,,,Matches,,,,,,,,,,,,,,,,,,,,,Matches,oliver burke,6.0373401287943125,2.2901990823447704,6.0373401287943125,9.287183087319136,1.809681724756956
411,Dan Burn,eng ENG,DF,Newcastle,eng Premier League,33.0,1992.0,29,25,2199.0,24.4,1,2,3,1,0,0,11,1,0.04,0.08,0.12,0.04,0.12,Matches,1,10,3,30.0,0.41,0.12,0.1,0.33,0,0,Matches,,,,,,,,,,,,,,,2,,,,,,Matches,,26,,,,,,,,,,,20,,,,Matches,,,,,,,,,,,,,,,,,,,,,Matches,dan burn,0.9214910920709372,0.4085770333185792,0.9214910920709372,5.236281432211399,4.939116761088371
413,Marnon Busch,de GER,"DF,MF",Heidenheim,de Bundesliga,30.0,1994.0,29,20,1915.0,21.3,1,5,6,1,0,0,4,0,0.05,0.23,0.28,0.05,0.28,Matches,1,12,3,25.0,0.56,0.14,0.08,0.33,0,0,Matches,,,,,,,,,,,,,,,5,,,,,,Matches,,24,,,,,,,,,,,34,,,,Matches,,,,,,,,,,,,,,,,,,,,,Matches,marnon busch,0.7969588423147798,3.2484856420196597,0.7969588423147798,6.242594827432185,4.60207387059927
415,Jean Butez,fr FRA,GK,Como,it Serie A,30.0,1995.0,38,38,3420.0,38.0,0,1,1,0,0,0,3,0,0.0,0.03,0.03,0.0,0.03,Matches,0,0,0,,0.0,0.0,,,0,0,Matches,,,,,,,,,,,,,,,1,,,,,,Matches,,2,,,,,,,,,,,0,,,,Matches,,,,,,,,,,,,,,,,,,,,,Matches,jean butez,0.0,0.4511870332062244,0.0,8.169484661892056,7.718297624960542
420,Rémy Cabella,fr FRA,"MF,FW",Nantes,fr Ligue 1,35.0,1990.0,11,6,572.0,6.4,2,0,2,1,1,1,1,0,0.31,0.0,0.31,0.16,0.16,Matches,2,9,5,55.6,1.42,0.79,0.22,0.4,1,1,Matches,,,,,,,,,,,,,,,0,,,,,,Matches,,7,,,,,,,,,,,6,,,,Matches,,,,,,,,,,,,,,,,,,,,,Matches,remy cabella,2.6006658375263214,1.1487493216991425,1.84076938778162,4.199691403657198,1.7681113071739674
423,Leandro Cabrera,uy URU,DF,Espanyol,es La Liga,34.0,1991.0,37,37,3330.0,37.0,3,0,3,3,0,0,4,0,0.08,0.0,0.08,0.08,0.08,Matches,3,40,12,30.0,1.08,0.32,0.08,0.25,0,0,Matches,,,,,,,,,,,,,,,0,,,,,,Matches,,23,,,,,,,,,,,23,,,,Matches,,,,,,,,,,,,,,,,,,,,,Matches,leandro cabrera,3.651096777059138,1.0857037864625454,3.651096777059138,7.0683932332322,6.544433953240514
424,Anthony Caci,fr FRA,MF,Mainz 05,de Bundesliga,28.0,1997.0,10,6,519.0,5.8,0,0,0,0,0,0,3,0,0.0,0.0,0.0,0.0,0.0,Matches,0,6,0,0.0,1.04,0.0,0.0,,0,0,Matches,,,,,,,,,,,,,,,0,,,,,,Matches,,10,,,,,,,,,,,3,,,,Matches,,,,,,,,,,,,,,,,,,,,,Matches,anthony caci,0.2611511684954166,1.723295472562313,0.2611511684954166,3.7935716342180967,3.304370043799281
425,Noah Cadiou,gp GLP,MF,Lorient,fr Ligue 1,26.0,1998.0,28,20,1879.0,20.9,3,1,4,3,0,0,2,0,0.14,0.05,0.19,0.14,0.19,Matches,3,19,9,47.4,0.91,0.43,0.16,0.33,0,0,Matches,,,,,,,,,,,,,,,1,,,,,,Matches,,16,,,,,,,,,,,24,,,,Matches,,,,,,,,,,,,,,,,,,,,,Matches,noah cadiou,2.319805635139346,0.6930346991866827,2.319805635139346,6.738548027351499,4.918760793283582
427,Moisés Caicedo,ec ECU,MF,Chelsea,eng Premier League,23.0,2001.0,33,32,2795.0,31.1,3,1,4,3,0,0,11,1,0.1,0.03,0.13,0.1,0.13,Matches,3,27,7,25.9,0.87,0.23,0.11,0.43,0,0,Matches,,,,,,,,,,,,,,,1,,,,,,Matches,,47,,,,,,,,,,,59,,,,Matches,,,,,,,,,,,,,,,,,,,,,Matches,moises caicedo,1.5309751015156507,2.626823216676712,1.5309751015156507,17.209235347807407,15.360051840543749
428,Tom Cairney,sct SCO,MF,Fulham,eng Premier League,34.0,1991.0,24,6,775.0,8.6,2,0,2,2,0,0,3,0,0.23,0.0,0.23,0.23,0.23,Matches,2,17,2,11.8,1.97,0.23,0.12,1.0,0,0,Matches,,,,,,,,,,,,,,,0,,,,,,Matches,,4,,,,,,,,,,,4,,,,Matches,,,,,,,,,,,,,,,,,,,,,Matches,tom cairney,0.8124629594385624,0.6888010948896408,0.8124629594385624,4.332617878913879,3.375612545758486
429,Arturo Calabresi,it ITA,DF,Pisa,it Serie A,29.0,1996.0,26,17,1514.0,16.8,0,0,0,0,0,0,8,0,0.0,0.0,0.0,0.0,0.0,Matches,0,4,1,25.0,0.24,0.06,0.0,0.0,0,0,Matches,,,,,,,,,,,,,,,0,,,,,,Matches,,13,,,,,,,,,,,19,,,,Matches,,,,,,,,,,,,,,,,,,,,,Matches,arturo calabresi,0.2407729886472225,0.0651397965848445,0.2407729886472225,2.263354999944568,2.1927061965689063
430,Riccardo Calafiori,it ITA,DF,Arsenal,eng Premier League,23.0,2002.0,26,22,1699.0,18.9,1,2,3,1,0,0,5,0,0.05,0.11,0.16,0.05,0.16,Matches,1,32,8,25.0,1.7,0.42,0.03,0.13,0,0,Matches,,,,,,,,,,,,,,,2,,,,,,Matches,,19,,,,,,,,,,,13,,,,Matches,,,,,,,,,,,,,,,,,,,,,Matches,riccardo calafiori,3.469513338059187,0.6484237592667341,3.469513338059187,8.157827861607075,6.558366058394313
432,Calebe,br BRA,MF,Alavés,es La Liga,25.0,2000.0,19,13,752.0,8.4,0,0,0,0,0,0,2,0,0.0,0.0,0.0,0.0,0.0,Matches,0,5,1,20.0,0.6,0.12,0.0,0.0,0,0,Matches,,,,,,,,,,,,,,,0,,,,,,Matches,,14,,,,,,,,,,,9,,,,Matches,,,,,,,,,,,,,,,,,,,,,Matches,calebe,0.1414615493267774,0.4505636161193251,0.1414615493267774,3.171772821806371,2.6320650037378077
433,Fernando Calero,es ESP,DF,Espanyol,es La Liga,29.0,1995.0,28,24,2148.0,23.9,0,0,0,0,0,0,5,0,0.0,0.0,0.0,0.0,0.0,Matches,0,12,1,8.3,0.5,0.04,0.0,0.0,0,0,Matches,,,,,,,,,,,,,,,0,,,,,,Matches,,18,,,,,,,,,,,31,,,,Matches,,,,,,,,,,,,,,,,,,,,,Matches,fernando calero,2.0030301241204143,0.5543733611702919,2.0030301241204143,2.6128574209287763,2.4083885895088315
434,Duje Ćaleta-Car,hr CRO,DF,Real Sociedad,es La Liga,28.0,1996.0,27,24,2150.0,23.9,1,0,1,1,0,0,6,1,0.04,0.0,0.04,0.04,0.04,Matches,1,13,3,23.1,0.54,0.13,0.08,0.33,0,0,Matches,,,,,,,,,,,,,,,0,,,,,,Matches,,14,,,,,,,,,,,29,,,,Matches,,,,,,,,,,,,,,,,,,,,,Matches,duje caleta car,1.877065658569336,0.1966800149530172,1.877065658569336,6.151753548532724,5.95507350936532
435,Hakan Çalhanoğlu,tr TUR,MF,Inter,it Serie A,31.0,1994.0,22,20,1639.0,18.2,9,4,13,5,4,5,7,0,0.49,0.22,0.71,0.27,0.49,Matches,9,50,17,34.0,2.75,0.93,0.18,0.53,4,5,Matches,,,,,,,,,,,,,,,4,,,,,,Matches,,17,,,,,,,,,,,19,,,,Matches,,,,,,,,,,,,,,,,,,,,,Matches,hakan calhanoglu,5.147694624960423,3.476379970088601,1.341200515627861,10.343171261250973,8.637412548065186
436,Dominic Calvert-Lewin,eng ENG,FW,Leeds United,eng Premier League,28.0,1997.0,35,30,2721.0,30.2,14,1,15,10,4,5,3,0,0.46,0.03,0.5,0.33,0.36,Matches,14,73,34,46.6,2.41,1.12,0.19,0.41,4,5,Matches,,,,,,,,,,,,,,,1,,,,,,Matches,,4,,,,,,,,,,,5,,,,Matches,,,,,,,,,,,,,,,,,,,,,Matches,dominic calvert lewin,18.671318570151925,1.5441157519817352,14.865511130541565,18.026230743154883,2.768353534862399
437,Dani Calvo,es ESP,DF,Oviedo,es La Liga,31.0,1994.0,20,17,1611.0,17.9,0,0,0,0,0,0,3,0,0.0,0.0,0.0,0.0,0.0,Matches,0,3,0,0.0,0.17,0.0,0.0,,0,0,Matches,,,,,,,,,,,,,,,0,,,,,,Matches,,15,,,,,,,,,,,10,,,,Matches,,,,,,,,,,,,,,,,,,,,,Matches,dani calvo,0.9167876914143562,0.4952077195048332,0.9167876914143562,0.8509417865425348,0.8154006768018007
439,Adama Camara,fr FRA,"MF,DF",Paris FC,fr Ligue 1,28.0,1996.0,29,26,2159.0,24.0,1,0,1,1,0,0,8,0,0.04,0.0,0.04,0.04,0.04,Matches,1,17,5,29.4,0.71,0.21,0.06,0.2,0,0,Matches,,,,,,,,,,,,,,,0,,,,,,Matches,,30,,,,,,,,,,,38,,,,Matches,,,,,,,,,,,,,,,,,,,,,Matches,adama camara,1.9149737488478424,1.39525724388659,1.9149737488478424,9.099290944635868,7.309254512190819
442,Lamine Camara,sn SEN,MF,Monaco,fr Ligue 1,21.0,2004.0,24,22,1847.0,20.5,3,4,7,3,0,0,6,0,0.15,0.19,0.34,0.15,0.34,Matches,3,25,4,16.0,1.22,0.19,0.12,0.75,0,0,Matches,,,,,,,,,,,,,,,4,,,,,,Matches,,33,,,,,,,,,,,38,,,,Matches,,,,,,,,,,,,,,,,,,,,,Matches,lamine camara,1.3439804669469595,5.089582786895335,1.3439804669469595,11.131023939698936,7.78083136677742
443,Mahdi Camara,fr FRA,MF,Rennes,fr Ligue 1,27.0,1998.0,32,31,2653.0,29.5,3,1,4,3,0,0,5,1,0.1,0.03,0.14,0.1,0.14,Matches,3,29,12,41.4,0.98,0.41,0.1,0.25,0,0,Matches,,,,,,,,,,,,,,,1,,,,,,Matches,,33,,,,,,,,,,,27,,,,Matches,,,,,,,,,,,,,,,,,,,,,Matches,mahdi camara,2.641194898635149,2.1875408850610256,2.641194898635149,12.445880690589547,8.626727394759655
444,Ousmane Camara,ml MLI,DF,Angers,fr Ligue 1,22.0,2003.0,32,31,2718.0,30.2,1,0,1,1,0,0,4,0,0.03,0.0,0.03,0.03,0.03,Matches,1,13,5,38.5,0.43,0.17,0.08,0.2,0,0,Matches,,,,,,,,,,,,,,,0,,,,,,Matches,,29,,,,,,,,,,,34,,,,Matches,,,,,,,,,,,,,,,,,,,,,Matches,ousmane camara,0.6418565474450588,0.2501995433121919,0.6418565474450588,7.059348467737436,6.810051258653402
445,Francesco Camarda,it ITA,FW,Lecce,it Serie A,17.0,2008.0,21,7,687.0,7.6,1,0,1,1,0,1,1,0,0.13,0.0,0.13,0.13,0.13,Matches,1,16,3,18.8,2.1,0.39,0.06,0.33,0,1,Matches,,,,,,,,,,,,,,,0,,,,,,Matches,,1,,,,,,,,,,,0,,,,Matches,,,,,,,,,,,,,,,,,,,,,Matches,francesco camarda,2.3779635597020388,0.5863882713019848,1.6166647244244814,1.6625296864658594,0.6394962444901466
446,Eduardo Camavinga,fr FRA,MF,Real Madrid,es La Liga,22.0,2002.0,29,16,1528.0,17.0,1,0,1,1,0,0,2,0,0.06,0.0,0.06,0.06,0.06,Matches,1,13,2,15.4,0.77,0.12,0.08,0.5,0,0,Matches,,,,,,,,,,,,,,,0,,,,,,Matches,,37,,,,,,,,,,,15,,,,Matches,,,,,,,,,,,,,,,,,,,,,Matches,eduardo camavinga,1.1423941813409328,1.8246677611023188,1.1423941813409328,7.222875934094191,5.800564680248499
447,Nicolò Cambiaghi,it ITA,"MF,FW",Bologna,it Serie A,24.0,2000.0,28,17,1518.0,16.9,3,4,7,3,0,0,3,1,0.18,0.24,0.42,0.18,0.42,Matches,3,24,6,25.0,1.42,0.36,0.13,0.5,0,0,Matches,,,,,,,,,,,,,,,4,,,,,,Matches,,20,,,,,,,,,,,9,,,,Matches,,,,,,,,,,,,,,,,,,,,,Matches,nicolo cambiaghi,2.916797866113484,3.030234506353736,2.916797866113484,6.658601673319936,1.8299096524715424
448,Andrea Cambiaso,it ITA,"MF,DF",Juventus,it Serie A,25.0,2000.0,36,35,2769.0,30.8,3,4,7,3,0,0,3,1,0.1,0.13,0.23,0.1,0.23,Matches,3,26,13,50.0,0.85,0.42,0.12,0.23,0,0,Matches,,,,,,,,,,,,,,,4,,,,,,Matches,,39,,,,,,,,,,,20,,,,Matches,,,,,,,,,,,,,,,,,,,,,Matches,andrea cambiaso,2.895034248009324,6.848085522651672,2.895034248009324,19.01030919328332,13.388544871471822
450,Sergio Camello,es ESP,"FW,MF",Rayo Vallecano,es La Liga,24.0,2001.0,22,8,823.0,9.1,5,1,6,5,0,0,3,1,0.55,0.11,0.66,0.55,0.66,Matches,5,27,14,51.9,2.95,1.53,0.19,0.36,0,0,Matches,,,,,,,,,,,,,,,1,,,,,,Matches,,8,,,,,,,,,,,4,,,,Matches,,,,,,,,,,,,,,,,,,,,,Matches,sergio camello,3.886531239375472,1.591644560918212,3.886531239375472,5.900235395878553,0.5705750286579132
453,Emre Can,de GER,DF,Dortmund,de Bundesliga,31.0,1994.0,9,7,621.0,6.9,3,0,3,0,3,3,3,0,0.43,0.0,0.43,0.0,0.0,Matches,3,5,4,80.0,0.72,0.58,0.6,0.75,3,3,Matches,,,,,,,,,,,,,,,0,,,,,,Matches,,8,,,,,,,,,,,13,,,,Matches,,,,,,,,,,,,,,,,,,,,,Matches,emre can,2.363978619687259,0.0,0.0906485868617892,2.4536785297095776,2.376001711934805
454,Matteo Cancellieri,it ITA,FW,Lazio,it Serie A,23.0,2002.0,30,21,1725.0,19.2,4,2,6,4,0,0,6,0,0.21,0.1,0.31,0.21,0.31,Matches,4,41,17,41.5,2.14,0.89,0.1,0.24,0,0,Matches,,,,,,,,,,,,,,,2,,,,,,Matches,,28,,,,,,,,,,,24,,,,Matches,,,,,,,,,,,,,,,,,,,,,Matches,matteo cancellieri,5.217630736529827,1.9236066080629823,5.217630736529827,8.65033857896924,1.823181548155844
455,João Cancelo,pt POR,DF,Barcelona,es La Liga,31.0,1994.0,16,11,954.0,10.6,2,2,4,2,0,0,1,0,0.19,0.19,0.38,0.19,0.38,Matches,2,13,4,30.8,1.23,0.38,0.15,0.5,0,0,Matches,,,,,,,,,,,,,,,2,,,,,,Matches,,19,,,,,,,,,,,11,,,,Matches,,,,,,,,,,,,,,,,,,,,,Matches,joao cancelo,0.9704140685498714,3.250015649944544,0.9704140685498714,7.625581830739975,5.459999196231365
456,Fali Candé,gw GNB,DF,Sassuolo,it Serie A,27.0,1998.0,12,5,509.0,5.7,0,0,0,0,0,0,2,0,0.0,0.0,0.0,0.0,0.0,Matches,0,3,0,0.0,0.53,0.0,0.0,,0,0,Matches,,,,,,,,,,,,,,,0,,,,,,Matches,,9,,,,,,,,,,,2,,,,Matches,,,,,,,,,,,,,,,,,,,,,Matches,fali cande,0.1701168362051248,0.0114713637158274,0.1701168362051248,0.5957811279222369,0.4141929261386394
457,Simone Canestrelli,it ITA,DF,Pisa,it Serie A,24.0,2000.0,37,36,3201.0,35.6,1,0,1,1,0,0,4,0,0.03,0.0,0.03,0.03,0.03,Matches,1,16,3,18.8,0.45,0.08,0.06,0.33,0,0,Matches,,,,,,,,,,,,,,,0,,,,,,Matches,,25,,,,,,,,,,,33,,,,Matches,,,,,,,,,,,,,,,,,,,,,Matches,simone canestrelli,1.348835569806397,0.4718508189544081,1.348835569806397,3.6674246499314895,3.0219644913449883
459,Jaydee Canvot,fr FRA,DF,Crystal Palace,eng Premier League,19.0,2006.0,20,14,1336.0,14.8,0,0,0,0,0,0,3,0,0.0,0.0,0.0,0.0,0.0,Matches,0,7,1,14.3,0.47,0.07,0.0,0.0,0,0,Matches,,,,,,,,,,,,,,,0,,,,,,Matches,,22,,,,,,,,,,,12,,,,Matches,,,,,,,,,,,,,,,,,,,,,Matches,jaydee canvot,1.5658284928649664,0.0823616674169898,1.5658284928649664,3.845728666521609,3.81945420242846
460,Nicolás Capaldo,ar ARG,"DF,MF",Hamburger SV,de Bundesliga,26.0,1998.0,26,24,2001.0,22.2,1,3,4,1,0,0,10,0,0.04,0.13,0.18,0.04,0.18,Matches,1,22,6,27.3,0.99,0.27,0.05,0.17,0,0,Matches,,,,,,,,,,,,,,,3,,,,,,Matches,,46,,,,,,,,,,,35,,,,Matches,,,,,,,,,,,,,,,,,,,,,Matches,nicolas capaldo,2.6900635082274675,1.8462919499725103,2.6900635082274675,6.40477589238435,2.652264328673482
461,Pierrick Capelle,fr FRA,MF,Angers,fr Ligue 1,38.0,1987.0,16,6,651.0,7.2,0,1,1,0,0,0,2,0,0.0,0.14,0.14,0.0,0.14,Matches,0,10,1,10.0,1.38,0.14,0.0,0.0,0,0,Matches,,,,,,,,,,,,,,,1,,,,,,Matches,,13,,,,,,,,,,,7,,,,Matches,,,,,,,,,,,,,,,,,,,,,Matches,pierrick capelle,0.7181477919220924,0.6064471378922462,0.7181477919220924,2.7191668786108494,1.6408849731087685
462,Elia Caprile,it ITA,GK,Cagliari,it Serie A,23.0,2001.0,38,38,3420.0,38.0,0,0,0,0,0,0,2,0,0.0,0.0,0.0,0.0,0.0,Matches,0,0,0,,0.0,0.0,,,0,0,Matches,,,,,,,,,,,,,,,0,,,,,,Matches,,0,,,,,,,,,,,0,,,,Matches,,,,,,,,,,,,,,,,,,,,,Matches,elia caprile,0.0,0.1229132413864135,0.0,2.390499006025493,2.26758576463908
463,Maxence Caqueret,fr FRA,MF,Como,it Serie A,25.0,2000.0,30,17,1485.0,16.5,2,6,8,2,0,0,3,0,0.12,0.36,0.48,0.12,0.48,Matches,2,18,4,22.2,1.09,0.24,0.11,0.5,0,0,Matches,,,,,,,,,,,,,,,6,,,,,,Matches,,23,,,,,,,,,,,14,,,,Matches,,,,,,,,,,,,,,,,,,,,,Matches,maxence caqueret,1.735451778396964,2.78000052459538,1.735451778396964,10.671364849433305,7.438197961077094
464,Antonio Caracciolo,it ITA,DF,Pisa,it Serie A,35.0,1990.0,35,34,3073.0,34.1,2,0,2,2,0,0,10,0,0.06,0.0,0.06,0.06,0.06,Matches,2,25,6,24.0,0.73,0.18,0.08,0.33,0,0,Matches,,,,,,,,,,,,,,,0,,,,,,Matches,,44,,,,,,,,,,,57,,,,Matches,,,,,,,,,,,,,,,,,,,,,Matches,antonio caracciolo,2.3648768034763634,0.1618939042091369,2.3648768034763634,4.622567382641137,3.8652119608595967
471,Sergi Cardona,es ESP,DF,Villarreal,es La Liga,26.0,1999.0,31,20,1970.0,21.9,1,4,5,1,0,0,4,0,0.05,0.18,0.23,0.05,0.23,Matches,1,18,5,27.8,0.82,0.23,0.06,0.2,0,0,Matches,,,,,,,,,,,,,,,4,,,,,,Matches,,31,,,,,,,,,,,37,,,,Matches,,,,,,,,,,,,,,,,,,,,,Matches,sergi cardona,1.0293074119836092,3.018667984753847,1.0293074119836092,10.10306180268526,8.429138597100973
473,Johnny Cardoso,us USA,MF,Atlético Madrid,es La Liga,23.0,2001.0,15,12,887.0,9.9,0,0,0,0,0,0,5,0,0.0,0.0,0.0,0.0,0.0,Matches,0,2,0,0.0,0.2,0.0,0.0,,0,0,Matches,,,,,,,,,,,,,,,0,,,,,,Matches,,21,,,,,,,,,,,16,,,,Matches,,,,,,,,,,,,,,,,,,,,,Matches,johnny cardoso,0.0442219888791441,0.3355124518275261,0.0442219888791441,2.752377048134804,2.4710518792271614
475,Igor Carioca,br BRA,DF,Lorient,fr Ligue 1,28.0,1996.0,17,13,1213.0,13.5,1,0,1,1,0,0,1,0,0.07,0.0,0.07,0.07,0.07,Matches,1,8,1,12.5,0.59,0.07,0.13,1.0,0,0,Matches,,,,,,,,,,,,,,,0,,,,,,Matches,,19,,,,,,,,,,,13,,,,Matches,,,,,,,,,,,,,,,,,,,,,Matches,igor carioca,,,,,
477,Diego Carlos,br BRA,DF,Como,it Serie A,32.0,1993.0,27,21,1949.0,21.7,1,0,1,1,0,0,8,0,0.05,0.0,0.05,0.05,0.05,Matches,1,8,2,25.0,0.37,0.09,0.13,0.5,0,0,Matches,,,,,,,,,,,,,,,0,,,,,,Matches,,18,,,,,,,,,,,22,,,,Matches,,,,,,,,,,,,,,,,,,,,,Matches,diego carlos,1.6734400745481253,0.0478520281612873,1.6734400745481253,5.324253041297197,5.265754908323288
478,Kevin Carlos,es ESP,FW,Nice,fr Ligue 1,24.0,2001.0,23,9,880.0,9.8,0,0,0,0,0,0,3,0,0.0,0.0,0.0,0.0,0.0,Matches,0,22,7,31.8,2.25,0.72,0.0,0.0,0,0,Matches,,,,,,,,,,,,,,,0,,,,,,Matches,,1,,,,,,,,,,,1,,,,Matches,,,,,,,,,,,,,,,,,,,,,Matches,kevin carlos,,,,,
479,David Carmo,ao ANG,DF,Oviedo,es La Liga,26.0,1999.0,22,20,1786.0,19.8,1,0,1,1,0,0,8,1,0.05,0.0,0.05,0.05,0.05,Matches,1,10,3,30.0,0.5,0.15,0.1,0.33,0,0,Matches,,,,,,,,,,,,,,,0,,,,,,Matches,,18,,,,,,,,,,,21,,,,Matches,,,,,,,,,,,,,,,,,,,,,Matches,david carmo,0.9620246645063162,0.5050461739301682,0.9620246645063162,3.8941762782633305,2.9872417859733105
480,Carmona,es ESP,"DF,MF",Sevilla,es La Liga,23.0,2002.0,35,29,2565.0,28.5,1,3,4,1,0,0,13,0,0.04,0.11,0.14,0.04,0.14,Matches,1,20,3,15.0,0.7,0.11,0.05,0.33,0,0,Matches,,,,,,,,,,,,,,,3,,,,,,Matches,,40,,,,,,,,,,,45,,,,Matches,,,,,,,,,,,,,,,,,,,,,Matches,carmona,0.9539876133203506,2.3566217375919223,0.9539876133203506,9.38717579189688,7.580831928178668
481,Marco Carnesecchi,it ITA,GK,Atalanta,it Serie A,25.0,2000.0,37,37,3330.0,37.0,0,0,0,0,0,0,0,0,0.0,0.0,0.0,0.0,0.0,Matches,0,0,0,,0.0,0.0,,,0,0,Matches,,,,,,,,,,,,,,,0,,,,,,Matches,,0,,,,,,,,,,,0,,,,Matches,,,,,,,,,,,,,,,,,,,,,Matches,marco carnesecchi,0.0,0.0,0.0,6.905917014926672,6.905917014926672
482,Sergio Carreira,es ESP,MF,Celta Vigo,es La Liga,24.0,2000.0,34,29,2694.0,29.9,2,1,3,2,0,0,2,0,0.07,0.03,0.1,0.07,0.1,Matches,2,16,7,43.8,0.53,0.23,0.13,0.29,0,0,Matches,,,,,,,,,,,,,,,1,,,,,,Matches,,18,,,,,,,,,,,27,,,,Matches,,,,,,,,,,,,,,,,,,,,,Matches,sergio carreira,1.9027378391474483,1.643869117833674,1.9027378391474483,13.548812368884684,11.5469787735492
484,Álvaro Carreras,es ESP,DF,Real Madrid,es La Liga,22.0,2003.0,28,26,2332.0,25.9,2,3,5,2,0,0,5,1,0.08,0.12,0.19,0.08,0.19,Matches,2,9,3,33.3,0.35,0.12,0.22,0.67,0,0,Matches,,,,,,,,,,,,,,,3,,,,,,Matches,,18,,,,,,,,,,,38,,,,Matches,,,,,,,,,,,,,,,,,,,,,Matches,alvaro carreras,,,,,
485,Dani Carvajal,es ESP,DF,Real Madrid,es La Liga,33.0,1992.0,17,10,977.0,10.9,0,1,1,0,0,0,0,0,0.0,0.09,0.09,0.0,0.09,Matches,0,5,1,20.0,0.46,0.09,0.0,0.0,0,0,Matches,,,,,,,,,,,,,,,1,,,,,,Matches,,12,,,,,,,,,,,6,,,,Matches,,,,,,,,,,,,,,,,,,,,,Matches,dani carvajal,0.2845469722524285,1.9865489229559896,0.2845469722524285,4.963872527703643,3.1964759286493063
487,Cesare Casadei,it ITA,MF,Torino,it Serie A,22.0,2003.0,33,19,1997.0,22.2,6,0,6,6,0,0,5,0,0.27,0.0,0.27,0.27,0.27,Matches,6,35,17,48.6,1.58,0.77,0.17,0.35,0,0,Matches,,,,,,,,,,,,,,,0,,,,,,Matches,,16,,,,,,,,,,,9,,,,Matches,,,,,,,,,,,,,,,,,,,,,Matches,cesare casadei,4.651984546333551,1.8106952449306848,4.651984546333551,10.028646923601627,6.922802485525608
488,Marc Casado,es ESP,MF,Barcelona,es La Liga,21.0,2003.0,24,10,989.0,11.0,0,1,1,0,0,0,1,0,0.0,0.09,0.09,0.0,0.09,Matches,0,11,0,0.0,1.0,0.0,0.0,,0,0,Matches,,,,,,,,,,,,,,,1,,,,,,Matches,,9,,,,,,,,,,,7,,,,Matches,,,,,,,,,,,,,,,,,,,,,Matches,marc casado,1.0334394490346313,0.5815958976745605,1.0334394490346313,8.210956364870071,6.8881447948515415
489,Nicolò Casale,it ITA,DF,Bologna,it Serie A,27.0,1998.0,12,8,678.0,7.5,0,0,0,0,0,0,0,0,0.0,0.0,0.0,0.0,0.0,Matches,0,5,0,0.0,0.66,0.0,0.0,,0,0,Matches,,,,,,,,,,,,,,,0,,,,,,Matches,,2,,,,,,,,,,,7,,,,Matches,,,,,,,,,,,,,,,,,,,,,Matches,nicolo casale,0.7464245669543743,0.2049335874617099,0.7464245669543743,1.794011733494699,1.707671201787889
490,Casemiro,br BRA,MF,Manchester Utd,eng Premier League,33.0,1992.0,34,33,2571.0,28.6,9,2,11,9,0,0,11,1,0.32,0.07,0.39,0.32,0.39,Matches,9,52,18,34.6,1.82,0.63,0.17,0.5,0,0,Matches,,,,,,,,,,,,,,,2,,,,,,Matches,,45,,,,,,,,,,,30,,,,Matches,,,,,,,,,,,,,,,,,,,,,Matches,casemiro,6.577375870198011,3.177681438624859,6.577375870198011,16.168739575892687,11.8755685351789
491,Matty Cash,pl POL,DF,Aston Villa,eng Premier League,27.0,1997.0,35,34,3014.0,33.5,3,3,6,3,0,0,9,0,0.09,0.09,0.18,0.09,0.18,Matches,3,30,10,33.3,0.9,0.3,0.1,0.3,0,0,Matches,,,,,,,,,,,,,,,3,,,,,,Matches,,32,,,,,,,,,,,24,,,,Matches,,,,,,,,,,,,,,,,,,,,,Matches,matty cash,1.217919012531638,3.2148889815434813,1.217919012531638,10.301109017804263,8.072564328089356
492,Josué Casimir,ht HAI,"MF,FW",Auxerre,fr Ligue 1,23.0,2001.0,31,16,1522.0,16.9,1,0,1,1,0,1,6,1,0.06,0.0,0.06,0.06,0.06,Matches,1,22,12,54.5,1.3,0.71,0.05,0.08,0,1,Matches,,,,,,,,,,,,,,,0,,,,,,Matches,,17,,,,,,,,,,,11,,,,Matches,,,,,,,,,,,,,,,,,,,,,Matches,josue casimir,2.738457161933184,1.4077786430716517,1.9783619977533815,5.288893414661288,2.5423824563622475
493,Cristian Cásseres Jr.,ve VEN,MF,Toulouse,fr Ligue 1,25.0,2000.0,30,28,2495.0,27.7,2,3,5,2,0,1,6,0,0.07,0.11,0.18,0.07,0.18,Matches,2,26,6,23.1,0.94,0.22,0.08,0.33,0,1,Matches,,,,,,,,,,,,,,,3,,,,,,Matches,,42,,,,,,,,,,,37,,,,Matches,,,,,,,,,,,,,,,,,,,,,Matches,cristian casseres jr,1.70372299477458,3.142685988917947,0.943627830594778,9.059219665825369,7.050339192152023
494,Timothy Castagne,be BEL,"DF,MF",Fulham,eng Premier League,29.0,1995.0,30,20,1845.0,20.5,0,0,0,0,0,0,4,0,0.0,0.0,0.0,0.0,0.0,Matches,0,14,6,42.9,0.68,0.29,0.0,0.0,0,0,Matches,,,,,,,,,,,,,,,0,,,,,,Matches,,24,,,,,,,,,,,28,,,,Matches,,,,,,,,,,,,,,,,,,,,,Matches,timothy castagne,1.470174259506166,1.7460119286552072,1.470174259506166,6.83210355322808,5.599581710994244
496,Valentín Castellanos,ar ARG,FW,Lazio,it Serie A,26.0,1998.0,11,8,692.0,7.7,2,3,5,2,0,0,2,0,0.26,0.39,0.65,0.26,0.65,Matches,2,20,8,40.0,2.6,1.04,0.1,0.25,0,0,Matches,,,,,,,,,,,,,,,3,,,,,,Matches,,3,,,,,,,,,,,3,,,,Matches,,,,,,,,,,,,,,,,,,,,,Matches,valentin castellanos,7.11984671279788,0.747508816421032,7.11984671279788,6.779488665983081,1.1389543628320098
497,Valentín Castellanos,ar ARG,FW,West Ham,eng Premier League,26.0,1998.0,18,17,1384.0,15.4,6,0,6,6,0,0,6,0,0.39,0.0,0.39,0.39,0.39,Matches,6,50,22,44.0,3.25,1.43,0.12,0.27,0,0,Matches,,,,,,,,,,,,,,,0,,,,,,Matches,,9,,,,,,,,,,,6,,,,Matches,,,,,,,,,,,,,,,,,,,,,Matches,valentin castellanos,7.11984671279788,0.747508816421032,7.11984671279788,6.779488665983081,1.1389543628320098
498,Castrin,es ESP,DF,Sevilla,es La Liga,22.0,2003.0,19,13,1277.0,14.2,1,0,1,1,0,0,4,0,0.07,0.0,0.07,0.07,0.07,Matches,1,11,3,27.3,0.78,0.21,0.09,0.33,0,0,Matches,,,,,,,,,,,,,,,0,,,,,,Matches,,15,,,,,,,,,,,22,,,,Matches,,,,,,,,,,,,,,,,,,,,,Matches,castrin,0.5596901206299663,0.1021546982228756,0.5596901206299663,2.3782171308994293,2.264212667942047
499,Jonny Castro,es ESP,DF,Alavés,es La Liga,31.0,1994.0,34,34,2994.0,33.3,0,0,0,0,0,0,7,0,0.0,0.0,0.0,0.0,0.0,Matches,0,9,3,33.3,0.27,0.09,0.0,0.0,0,0,Matches,,,,,,,,,,,,,,,0,,,,,,Matches,,41,,,,,,,,,,,40,,,,Matches,,,,,,,,,,,,,,,,,,,,,Matches,jonny castro,0.8803313318639994,1.2115384247153995,0.8803313318639994,11.327970540151,9.65009731054306
500,Santiago Castro,ar ARG,FW,Bologna,it Serie A,20.0,2004.0,35,26,2359.0,26.2,7,2,9,7,0,0,3,0,0.27,0.08,0.34,0.27,0.34,Matches,7,63,20,31.7,2.4,0.76,0.11,0.35,0,0,Matches,,,,,,,,,,,,,,,2,,,,,,Matches,,8,,,,,,,,,,,1,,,,Matches,,,,,,,,,,,,,,,,,,,,,Matches,santiago castro,8.299087951891124,2.7326227221637964,8.299087951891124,10.868452872149646,1.5710173277184367
501,Alessio Castro-Montes,be BEL,"MF,DF",Köln,de Bundesliga,28.0,1997.0,14,7,672.0,7.5,1,3,4,1,0,0,2,0,0.13,0.4,0.54,0.13,0.54,Matches,1,8,1,12.5,1.07,0.13,0.13,1.0,0,0,Matches,,,,,,,,,,,,,,,3,,,,,,Matches,,17,,,,,,,,,,,5,,,,Matches,,,,,,,,,,,,,,,,,,,,,Matches,alessio castro montes,1.2529878905043006,2.332611743360758,1.2529878905043006,5.1476816944777966,2.3612621556967497
502,Jens Castrop,kr KOR,MF,Gladbach,de Bundesliga,22.0,2003.0,26,20,1584.0,17.6,3,1,4,3,0,0,2,2,0.17,0.06,0.23,0.17,0.23,Matches,3,30,12,40.0,1.7,0.68,0.1,0.25,0,0,Matches,,,,,,,,,,,,,,,1,,,,,,Matches,,27,,,,,,,,,,,17,,,,Matches,,,,,,,,,,,,,,,,,,,,,Matches,jens castrop,4.301225297152996,1.405629888176918,4.301225297152996,8.649649377912283,4.086695464327931
503,Danilo Cataldi,it ITA,MF,Lazio,it Serie A,30.0,1994.0,27,24,1985.0,22.1,3,3,6,1,2,2,6,0,0.14,0.14,0.27,0.05,0.18,Matches,3,26,7,26.9,1.18,0.32,0.12,0.43,2,2,Matches,,,,,,,,,,,,,,,3,,,,,,Matches,,22,,,,,,,,,,,21,,,,Matches,,,,,,,,,,,,,,,,,,,,,Matches,danilo cataldi,2.712070008739829,2.05142586119473,1.1894723707810044,6.059865925461054,4.789146137423813
504,Catena,es ESP,DF,Osasuna,es La Liga,30.0,1994.0,35,35,3071.0,34.1,3,2,5,3,0,0,11,1,0.09,0.06,0.15,0.09,0.15,Matches,3,19,4,21.1,0.56,0.12,0.16,0.75,0,0,Matches,,,,,,,,,,,,,,,2,,,,,,Matches,,29,,,,,,,,,,,32,,,,Matches,,,,,,,,,,,,,,,,,,,,,Matches,catena,2.8552996991202235,1.1020762361586094,2.8552996991202235,5.703319581225514,4.280373828485608
506,Santi Cazorla,es ESP,MF,Oviedo,es La Liga,40.0,1984.0,28,6,940.0,10.4,0,1,1,0,0,0,2,1,0.0,0.1,0.1,0.0,0.1,Matches,0,7,1,14.3,0.67,0.1,0.0,0.0,0,0,Matches,,,,,,,,,,,,,,,1,,,,,,Matches,,10,,,,,,,,,,,4,,,,Matches,,,,,,,,,,,,,,,,,,,,,Matches,santi cazorla,,,,,
507,Dani Ceballos,es ESP,MF,Real Madrid,es La Liga,28.0,1996.0,16,4,486.0,5.4,0,0,0,0,0,0,1,0,0.0,0.0,0.0,0.0,0.0,Matches,0,3,0,0.0,0.56,0.0,0.0,,0,0,Matches,,,,,,,,,,,,,,,0,,,,,,Matches,,10,,,,,,,,,,,7,,,,Matches,,,,,,,,,,,,,,,,,,,,,Matches,dani ceballos,0.0812624134123325,0.589991744607687,0.0812624134123325,5.687696643173695,5.359475754201412
508,Federico Ceccherini,it ITA,DF,Cremonese,it Serie A,33.0,1992.0,9,6,476.0,5.3,0,1,1,0,0,0,1,1,0.0,0.19,0.19,0.0,0.19,Matches,0,5,2,40.0,0.95,0.38,0.0,0.0,0,0,Matches,,,,,,,,,,,,,,,1,,,,,,Matches,,2,,,,,,,,,,,7,,,,Matches,,,,,,,,,,,,,,,,,,,,,Matches,federico ceccherini,0.1904537454247474,0.4168538190424442,0.1904537454247474,0.7198278941214085,0.6481388285756111
510,Nidal Čelik,ba BIH,DF,Lens,fr Ligue 1,19.0,2006.0,8,8,616.0,6.8,0,0,0,0,0,0,2,0,0.0,0.0,0.0,0.0,0.0,Matches,0,1,1,100.0,0.15,0.15,0.0,0.0,0,0,Matches,,,,,,,,,,,,,,,0,,,,,,Matches,,10,,,,,,,,,,,9,,,,Matches,,,,,,,,,,,,,,,,,,,,,Matches,nidal celik,0.1184364110231399,0.0,0.1184364110231399,1.7790353894233704,1.7790353894233704
511,Zeki Çelik,tr TUR,"MF,DF",Roma,it Serie A,28.0,1997.0,34,32,2723.0,30.3,1,2,3,1,0,0,2,1,0.03,0.07,0.1,0.03,0.1,Matches,1,22,4,18.2,0.73,0.13,0.05,0.25,0,0,Matches,,,,,,,,,,,,,,,2,,,,,,Matches,,40,,,,,,,,,,,24,,,,Matches,,,,,,,,,,,,,,,,,,,,,Matches,zeki celik,1.7680562287569046,2.412685915827751,1.7680562287569046,13.856140442192554,11.655436754226685
512,Fabien Centonze,fr FRA,"MF,DF",Nantes,fr Ligue 1,29.0,1996.0,15,9,736.0,8.2,3,0,3,3,0,0,4,0,0.37,0.0,0.37,0.37,0.37,Matches,3,8,3,37.5,0.98,0.37,0.38,1.0,0,0,Matches,,,,,,,,,,,,,,,0,,,,,,Matches,,18,,,,,,,,,,,20,,,,Matches,,,,,,,,,,,,,,,,,,,,,Matches,fabien centonze,0.9628630634397268,0.1462906636297702,0.9628630634397268,2.047831054776907,1.1290168827399611
516,Julian Chabot,de GER,DF,Stuttgart,de Bundesliga,27.0,1998.0,27,26,2294.0,25.5,0,0,0,0,0,0,3,0,0.0,0.0,0.0,0.0,0.0,Matches,0,18,7,38.9,0.71,0.27,0.0,0.0,0,0,Matches,,,,,,,,,,,,,,,0,,,,,,Matches,,20,,,,,,,,,,,40,,,,Matches,,,,,,,,,,,,,,,,,,,,,Matches,julian chabot,1.6176300728693604,0.2743483893573284,1.6176300728693604,11.031767396256328,10.77568300254643
517,El Chadaille Bitshiabu,fr FRA,DF,RB Leipzig,de Bundesliga,20.0,2005.0,11,8,655.0,7.3,0,0,0,0,0,0,0,0,0.0,0.0,0.0,0.0,0.0,Matches,0,2,0,0.0,0.27,0.0,0.0,,0,0,Matches,,,,,,,,,,,,,,,0,,,,,,Matches,,6,,,,,,,,,,,6,,,,Matches,,,,,,,,,,,,,,,,,,,,,Matches,el chadaille bitshiabu,0.1294711865484714,0.0567568056285381,0.1294711865484714,3.4552890360355377,3.4552890360355377
518,Fares Chaïbi,dz ALG,MF,Frankfurt,de Bundesliga,22.0,2002.0,28,21,1792.0,19.9,2,9,11,2,0,0,2,0,0.1,0.45,0.55,0.1,0.55,Matches,2,35,9,25.7,1.76,0.45,0.06,0.22,0,0,Matches,,,,,,,,,,,,,,,9,,,,,,Matches,,21,,,,,,,,,,,13,,,,Matches,,,,,,,,,,,,,,,,,,,,,Matches,fares chaibi,3.5245760353282094,5.035042706876993,3.5245760353282094,11.084196873009205,5.737020939588547
519,Ilyas Chaira,ma MAR,"MF,FW",Oviedo,es La Liga,24.0,2001.0,36,30,2447.0,27.2,6,2,8,6,0,0,2,1,0.22,0.07,0.29,0.22,0.29,Matches,6,81,35,43.2,2.98,1.29,0.07,0.17,0,0,Matches,,,,,,,,,,,,,,,2,,,,,,Matches,,34,,,,,,,,,,,4,,,,Matches,,,,,,,,,,,,,,,,,,,,,Matches,ilyas chaira,7.220865061506629,2.07834442704916,7.220865061506629,11.205173783004284,3.461104169487953
520,Trevoh Chalobah,eng ENG,DF,Chelsea,eng Premier League,26.0,1999.0,34,31,2783.0,30.9,3,0,3,3,0,0,3,1,0.1,0.0,0.1,0.1,0.1,Matches,3,16,5,31.3,0.52,0.16,0.19,0.6,0,0,Matches,,,,,,,,,,,,,,,0,,,,,,Matches,,22,,,,,,,,,,,37,,,,Matches,,,,,,,,,,,,,,,,,,,,,Matches,trevoh chalobah,1.84148343000561,0.6305756159126759,1.84148343000561,14.728520268574355,14.596847238019109
523,Brendan Chardonnet,fr FRA,DF,Brest,fr Ligue 1,30.0,1994.0,29,29,2546.0,28.3,1,3,4,1,0,0,6,0,0.04,0.11,0.14,0.04,0.14,Matches,1,12,6,50.0,0.42,0.21,0.08,0.17,0,0,Matches,,,,,,,,,,,,,,,3,,,,,,Matches,,18,,,,,,,,,,,34,,,,Matches,,,,,,,,,,,,,,,,,,,,,Matches,brendan chardonnet,1.0160756586119533,2.5328441374003887,1.0160756586119533,6.095753340050578,5.317027410492301
524,Pep Chavarría,es ESP,DF,Rayo Vallecano,es La Liga,27.0,1998.0,33,29,2682.0,29.8,1,2,3,1,0,0,6,1,0.03,0.07,0.1,0.03,0.1,Matches,1,18,3,16.7,0.6,0.1,0.06,0.33,0,0,Matches,,,,,,,,,,,,,,,2,,,,,,Matches,,31,,,,,,,,,,,32,,,,Matches,,,,,,,,,,,,,,,,,,,,,Matches,pep chavarria,0.6448125010356307,3.702762270346284,0.6448125010356307,11.969282133504748,8.858007108792663
526,Arthur Chaves,br BRA,DF,Augsburg,de Bundesliga,24.0,2001.0,11,9,829.0,9.2,2,0,2,2,0,0,1,0,0.22,0.0,0.22,0.22,0.22,Matches,2,4,2,50.0,0.43,0.22,0.5,1.0,0,0,Matches,,,,,,,,,,,,,,,0,,,,,,Matches,,13,,,,,,,,,,,8,,,,Matches,,,,,,,,,,,,,,,,,,,,,Matches,arthur chaves,1.0467653088271618,0.2324150362983346,1.0467653088271618,1.9321790896356104,1.686458982527256
530,Walid Cheddira,ma MAR,FW,Lecce,it Serie A,27.0,1998.0,17,11,1000.0,11.1,3,1,4,3,0,0,2,0,0.27,0.09,0.36,0.27,0.36,Matches,3,25,10,40.0,2.25,0.9,0.12,0.3,0,0,Matches,,,,,,,,,,,,,,,1,,,,,,Matches,,3,,,,,,,,,,,1,,,,Matches,,,,,,,,,,,,,,,,,,,,,Matches,walid cheddira,4.555503275245428,0.6070769298821688,4.555503275245428,5.885509114246815,1.6127010164782405
531,Chema,es ESP,MF,Stuttgart,de Bundesliga,20.0,2005.0,25,14,1310.0,14.6,3,0,3,3,0,0,5,0,0.21,0.0,0.21,0.21,0.21,Matches,3,15,6,40.0,1.03,0.41,0.2,0.5,0,0,Matches,,,,,,,,,,,,,,,0,,,,,,Matches,,16,,,,,,,,,,,31,,,,Matches,,,,,,,,,,,,,,,,,,,,,Matches,chema,,,,,
532,Samir Chergui,dz ALG,DF,Paris FC,fr Ligue 1,26.0,1999.0,15,13,1154.0,12.8,1,0,1,1,0,0,1,0,0.08,0.0,0.08,0.08,0.08,Matches,1,13,4,30.8,1.01,0.31,0.08,0.25,0,0,Matches,,,,,,,,,,,,,,,0,,,,,,Matches,,12,,,,,,,,,,,13,,,,Matches,,,,,,,,,,,,,,,,,,,,,Matches,samir chergui,1.7387075843289497,0.1467773839831352,1.7387075843289497,4.541268460452557,4.155108980834484
533,Sidiki Cherif,fr FRA,"FW,MF",Angers,fr Ligue 1,18.0,2006.0,19,14,1157.0,12.9,4,0,4,4,0,0,3,0,0.31,0.0,0.31,0.31,0.31,Matches,4,28,12,42.9,2.18,0.93,0.14,0.33,0,0,Matches,,,,,,,,,,,,,,,0,,,,,,Matches,,3,,,,,,,,,,,6,,,,Matches,,,,,,,,,,,,,,,,,,,,,Matches,sidiki cherif,2.8283863738179207,0.6020375601947308,2.8283863738179207,5.694960653781891,2.5473209153860807
534,Rayan Cherki,fr FRA,MF,Manchester City,eng Premier League,21.0,2003.0,33,19,1786.0,19.8,4,12,16,4,0,0,1,0,0.2,0.6,0.81,0.2,0.81,Matches,4,55,13,23.6,2.77,0.66,0.07,0.31,0,0,Matches,,,,,,,,,,,,,,,12,,,,,,Matches,,16,,,,,,,,,,,7,,,,Matches,,,,,,,,,,,,,,,,,,,,,Matches,rayan cherki,4.64134069904685,10.784712422639132,4.64134069904685,20.81021820381284,11.157610276713967
535,Lucas Chevalier,fr FRA,GK,PSG,fr Ligue 1,23.0,2001.0,17,17,1530.0,17.0,0,0,0,0,0,0,0,0,0.0,0.0,0.0,0.0,0.0,Matches,0,0,0,,0.0,0.0,,,0,0,Matches,,,,,,,,,,,,,,,0,,,,,,Matches,,0,,,,,,,,,,,0,,,,Matches,,,,,,,,,,,,,,,,,,,,,Matches,lucas chevalier,0.0,0.0,0.0,3.965225800871849,3.965225800871849
536,Fabio Chiarodia,it ITA,DF,Gladbach,de Bundesliga,20.0,2005.0,15,8,674.0,7.5,0,0,0,0,0,0,1,0,0.0,0.0,0.0,0.0,0.0,Matches,0,4,1,25.0,0.53,0.13,0.0,0.0,0,0,Matches,,,,,,,,,,,,,,,0,,,,,,Matches,,9,,,,,,,,,,,13,,,,Matches,,,,,,,,,,,,,,,,,,,,,Matches,fabio chiarodia,0.9675312228500844,0.0137004479765892,0.9675312228500844,1.9361455738544464,1.8917616251856089
538,Ben Chilwell,eng ENG,"DF,MF",Strasbourg,fr Ligue 1,28.0,1996.0,20,19,1598.0,17.8,0,2,2,0,0,0,4,0,0.0,0.11,0.11,0.0,0.11,Matches,0,5,3,60.0,0.28,0.17,0.0,0.0,0,0,Matches,,,,,,,,,,,,,,,2,,,,,,Matches,,17,,,,,,,,,,,22,,,,Matches,,,,,,,,,,,,,,,,,,,,,Matches,ben chilwell,0.2908765040338039,1.4190899282693863,0.2908765040338039,7.4669726844877,6.263752227649093
540,Joris Chotard,fr FRA,MF,Brest,fr Ligue 1,23.0,2001.0,33,31,2773.0,30.8,2,1,3,2,0,0,2,0,0.06,0.03,0.1,0.06,0.1,Matches,2,25,8,32.0,0.81,0.26,0.08,0.25,0,0,Matches,,,,,,,,,,,,,,,1,,,,,,Matches,,34,,,,,,,,,,,48,,,,Matches,,,,,,,,,,,,,,,,,,,,,Matches,joris chotard,1.2767780357971787,0.5311056403443217,1.2767780357971787,9.970360890962183,8.666880403645337
543,Ryan Christie,sct SCO,MF,Bournemouth,eng Premier League,30.0,1995.0,26,9,994.0,11.0,2,0,2,2,0,0,3,1,0.18,0.0,0.18,0.18,0.18,Matches,2,25,8,32.0,2.26,0.72,0.08,0.25,0,0,Matches,,,,,,,,,,,,,,,0,,,,,,Matches,,20,,,,,,,,,,,11,,,,Matches,,,,,,,,,,,,,,,,,,,,,Matches,ryan christie,1.7907362105324864,1.6195761244744062,1.7907362105324864,7.692040719091892,4.515199979767203
544,Carney Chukwuemeka,at AUT,"MF,FW",Dortmund,de Bundesliga,21.0,2003.0,28,8,919.0,10.2,2,0,2,2,0,0,2,0,0.2,0.0,0.2,0.2,0.2,Matches,2,18,2,11.1,1.76,0.2,0.11,1.0,0,0,Matches,,,,,,,,,,,,,,,0,,,,,,Matches,,15,,,,,,,,,,,6,,,,Matches,,,,,,,,,,,,,,,,,,,,,Matches,carney chukwuemeka,2.446924611926079,0.6348967775702477,2.446924611926079,5.285868251696229,2.7434701044112444
546,Samuel Chukwueze,ng NGA,MF,Fulham,eng Premier League,26.0,1999.0,23,10,1079.0,12.0,3,4,7,3,0,0,0,0,0.25,0.33,0.58,0.25,0.58,Matches,3,25,7,28.0,2.09,0.58,0.12,0.43,0,0,Matches,,,,,,,,,,,,,,,4,,,,,,Matches,,4,,,,,,,,,,,6,,,,Matches,,,,,,,,,,,,,,,,,,,,,Matches,samuel chukwueze,2.3333342373371124,2.836030565202236,2.3333342373371124,7.104950949549675,2.852319191209972
547,Víctor Chust,es ESP,DF,Elche,es La Liga,25.0,2000.0,31,22,2166.0,24.1,1,0,1,1,0,0,8,1,0.04,0.0,0.04,0.04,0.04,Matches,1,9,3,33.3,0.37,0.12,0.11,0.33,0,0,Matches,,,,,,,,,,,,,,,0,,,,,,Matches,,35,,,,,,,,,,,20,,,,Matches,,,,,,,,,,,,,,,,,,,,,Matches,victor chust,0.432083249092102,0.1454278174787759,0.432083249092102,5.763874681666493,5.705676449462771
548,Alessandro Circati,au AUS,DF,Parma,it Serie A,21.0,2003.0,31,31,2664.0,29.6,1,0,1,1,0,0,6,0,0.03,0.0,0.03,0.03,0.03,Matches,1,8,1,12.5,0.27,0.03,0.13,1.0,0,0,Matches,,,,,,,,,,,,,,,0,,,,,,Matches,,25,,,,,,,,,,,27,,,,Matches,,,,,,,,,,,,,,,,,,,,,Matches,alessandro circati,0.736436253413558,0.2460185680538416,0.736436253413558,4.767245355993509,4.242752678692341
550,Pathé Ciss,sn SEN,"MF,DF",Rayo Vallecano,es La Liga,31.0,1994.0,29,20,1999.0,22.2,2,1,3,2,0,0,9,2,0.09,0.05,0.14,0.09,0.14,Matches,2,20,8,40.0,0.9,0.36,0.1,0.25,0,0,Matches,,,,,,,,,,,,,,,1,,,,,,Matches,,35,,,,,,,,,,,35,,,,Matches,,,,,,,,,,,,,,,,,,,,,Matches,pathe ciss,3.959737098775804,0.4796251012012362,3.959737098775804,10.748411556705832,8.874764986336231
552,Djaoui Cissé,fr FRA,MF,Rennes,fr Ligue 1,21.0,2004.0,24,12,981.0,10.9,0,0,0,0,0,0,3,0,0.0,0.0,0.0,0.0,0.0,Matches,0,24,6,25.0,2.2,0.55,0.0,0.0,0,0,Matches,,,,,,,,,,,,,,,0,,,,,,Matches,,22,,,,,,,,,,,5,,,,Matches,,,,,,,,,,,,,,,,,,,,,Matches,djaoui cisse,0.7663131225854158,0.8388501536101103,0.7663131225854158,4.438290206715465,3.444454189389944
554,Alexis Claude-Maurice,fr FRA,"MF,FW",Augsburg,de Bundesliga,27.0,1998.0,29,25,2097.0,23.3,5,4,9,4,1,2,3,0,0.21,0.17,0.39,0.17,0.34,Matches,5,71,26,36.6,3.05,1.12,0.07,0.19,1,2,Matches,,,,,,,,,,,,,,,4,,,,,,Matches,,26,,,,,,,,,,,8,,,,Matches,,,,,,,,,,,,,,,,,,,,,Matches,alexis claude maurice,6.339031929150224,3.215671157464385,4.82347852922976,10.869376560673118,5.332539309747517
555,Jonathan Clauss,fr FRA,"MF,DF",Nice,fr Ligue 1,32.0,1992.0,30,28,2530.0,28.1,1,6,7,1,0,0,0,0,0.04,0.21,0.25,0.04,0.25,Matches,1,23,6,26.1,0.82,0.21,0.04,0.17,0,0,Matches,,,,,,,,,,,,,,,6,,,,,,Matches,,38,,,,,,,,,,,47,,,,Matches,,,,,,,,,,,,,,,,,,,,,Matches,jonathan clauss,1.4057410368695855,8.050188221037388,1.4057410368695855,12.174329970031977,5.863777427002788
556,Nathaniel Clyne,eng ENG,"MF,DF",Crystal Palace,eng Premier League,34.0,1991.0,10,7,594.0,6.6,0,1,1,0,0,0,1,0,0.0,0.15,0.15,0.0,0.15,Matches,0,3,0,0.0,0.45,0.0,0.0,,0,0,Matches,,,,,,,,,,,,,,,1,,,,,,Matches,,9,,,,,,,,,,,7,,,,Matches,,,,,,,,,,,,,,,,,,,,,Matches,nathaniel clyne,0.2701648138463497,0.6744996476918459,0.2701648138463497,1.4967839866876602,1.2266192231327295
558,Saúl Coco,gq EQG,DF,Torino,it Serie A,26.0,1999.0,35,35,3088.0,34.3,1,1,2,1,0,0,3,0,0.03,0.03,0.06,0.03,0.06,Matches,1,15,4,26.7,0.44,0.12,0.07,0.25,0,0,Matches,,,,,,,,,,,,,,,1,,,,,,Matches,,34,,,,,,,,,,,41,,,,Matches,,,,,,,,,,,,,,,,,,,,,Matches,saul coco,1.1569340787827969,0.7588450685143471,1.1569340787827969,6.594926895573735,5.952169122174382
560,Maxime Colin,fr FRA,DF,Metz,fr Ligue 1,33.0,1991.0,22,18,1692.0,18.8,0,0,0,0,0,0,1,0,0.0,0.0,0.0,0.0,0.0,Matches,0,7,2,28.6,0.37,0.11,0.0,0.0,0,0,Matches,,,,,,,,,,,,,,,0,,,,,,Matches,,30,,,,,,,,,,,24,,,,Matches,,,,,,,,,,,,,,,,,,,,,Matches,maxime colin,0.2320893183350563,0.2164770439267158,0.2320893183350563,2.7880767323076725,2.666722809895873
561,Nathan Collins,ie IRL,DF,Brentford,eng Premier League,24.0,2001.0,35,32,2975.0,33.1,1,2,3,1,0,0,7,0,0.03,0.06,0.09,0.03,0.09,Matches,1,20,6,30.0,0.61,0.18,0.05,0.17,0,0,Matches,,,,,,,,,,,,,,,2,,,,,,Matches,,13,,,,,,,,,,,36,,,,Matches,,,,,,,,,,,,,,,,,,,,,Matches,nathan collins,2.917149268090725,2.4296576268970966,2.917149268090725,10.035949086770415,8.510592883452773
562,Nnamdi Collins,de GER,DF,Frankfurt,de Bundesliga,21.0,2004.0,23,16,1500.0,16.7,1,2,3,1,0,0,4,0,0.06,0.12,0.18,0.06,0.18,Matches,1,4,1,25.0,0.24,0.06,0.25,1.0,0,0,Matches,,,,,,,,,,,,,,,2,,,,,,Matches,,38,,,,,,,,,,,24,,,,Matches,,,,,,,,,,,,,,,,,,,,,Matches,nnamdi collins,0.6856478173285723,0.4561577998101711,0.6856478173285723,6.877490270882845,6.092026978731155
564,Santiago Colombatto,ar ARG,MF,Oviedo,es La Liga,28.0,1997.0,32,23,2064.0,22.9,0,1,1,0,0,0,6,0,0.0,0.04,0.04,0.0,0.04,Matches,0,15,2,13.3,0.65,0.09,0.0,0.0,0,0,Matches,,,,,,,,,,,,,,,1,,,,,,Matches,,22,,,,,,,,,,,14,,,,Matches,,,,,,,,,,,,,,,,,,,,,Matches,santiago colombatto,0.732619327493012,2.820774817839265,0.732619327493012,6.469618431292474,5.312525178305805
565,Lorenzo Colombo,it ITA,FW,Genoa,it Serie A,23.0,2002.0,38,30,2326.0,25.8,7,1,8,6,1,2,2,0,0.27,0.04,0.31,0.23,0.27,Matches,7,66,27,40.9,2.55,1.04,0.11,0.26,1,2,Matches,,,,,,,,,,,,,,,1,,,,,,Matches,,12,,,,,,,,,,,1,,,,Matches,,,,,,,,,,,,,,,,,,,,,Matches,lorenzo colombo,9.395731360651553,1.8719797153025863,7.873133630491793,10.42385957017541,3.2527221143245697
567,Eray Cömert,ch SUI,DF,Valencia,es La Liga,27.0,1998.0,17,15,1337.0,14.9,2,1,3,2,0,0,3,1,0.13,0.07,0.2,0.13,0.2,Matches,2,11,3,27.3,0.74,0.2,0.18,0.67,0,0,Matches,,,,,,,,,,,,,,,1,,,,,,Matches,,14,,,,,,,,,,,21,,,,Matches,,,,,,,,,,,,,,,,,,,,,Matches,eray comert,1.5202789390459657,0.5236826231703162,1.5202789390459657,5.98669982329011,4.8674942292273045
568,Santi Comesaña,es ESP,MF,Villarreal,es La Liga,28.0,1996.0,34,28,2407.0,26.7,3,6,9,3,0,0,5,1,0.11,0.22,0.34,0.11,0.34,Matches,3,27,7,25.9,1.01,0.26,0.11,0.43,0,0,Matches,,,,,,,,,,,,,,,6,,,,,,Matches,,25,,,,,,,,,,,31,,,,Matches,,,,,,,,,,,,,,,,,,,,,Matches,santi comesana,4.922558205202222,3.088725697249174,4.922558205202222,17.868470140732825,11.845108757726848
569,Pietro Comuzzo,it ITA,DF,Fiorentina,it Serie A,20.0,2005.0,27,18,1696.0,18.8,1,0,1,1,0,0,2,0,0.05,0.0,0.05,0.05,0.05,Matches,1,10,2,20.0,0.53,0.11,0.1,0.5,0,0,Matches,,,,,,,,,,,,,,,0,,,,,,Matches,,16,,,,,,,,,,,24,,,,Matches,,,,,,,,,,,,,,,,,,,,,Matches,pietro comuzzo,0.8149047680199146,0.0443671131506562,0.8149047680199146,5.986111041158438,5.848984122276306
570,Francisco Conceição,pt POR,"MF,FW",Juventus,it Serie A,22.0,2002.0,31,27,2078.0,23.1,3,5,8,3,0,0,3,0,0.13,0.22,0.35,0.13,0.35,Matches,3,73,23,31.5,3.16,1.0,0.04,0.13,0,0,Matches,,,,,,,,,,,,,,,5,,,,,,Matches,,26,,,,,,,,,,,7,,,,Matches,,,,,,,,,,,,,,,,,,,,,Matches,francisco conceicao,8.487750921398401,4.1634056605398655,8.487750921398401,18.74015914928168,9.5299581438303
572,Sirlord Conteh,de GER,"MF,FW",Heidenheim,de Bundesliga,29.0,1996.0,15,3,625.0,6.9,2,1,3,2,0,0,1,0,0.29,0.14,0.43,0.29,0.43,Matches,2,10,3,30.0,1.44,0.43,0.2,0.67,0,0,Matches,,,,,,,,,,,,,,,1,,,,,,Matches,,7,,,,,,,,,,,4,,,,Matches,,,,,,,,,,,,,,,,,,,,,Matches,sirlord conteh,3.1821698397397995,0.6179677061736584,3.1821698397397995,3.3415900003165007,0.6492735873907804
574,Lewis Cook,eng ENG,"MF,DF",Bournemouth,eng Premier League,28.0,1997.0,18,8,874.0,9.7,0,1,1,0,0,0,1,1,0.0,0.1,0.1,0.0,0.1,Matches,0,3,0,0.0,0.31,0.0,0.0,,0,0,Matches,,,,,,,,,,,,,,,1,,,,,,Matches,,17,,,,,,,,,,,21,,,,Matches,,,,,,,,,,,,,,,,,,,,,Matches,lewis cook,0.0596457971259951,0.3469301499426365,0.0596457971259951,2.538989583030343,2.386723592877388
575,Copete,es ESP,DF,Valencia,es La Liga,25.0,1999.0,21,19,1759.0,19.5,0,0,0,0,0,0,5,0,0.0,0.0,0.0,0.0,0.0,Matches,0,13,0,0.0,0.67,0.0,0.0,,0,0,Matches,,,,,,,,,,,,,,,0,,,,,,Matches,,15,,,,,,,,,,,25,,,,Matches,,,,,,,,,,,,,,,,,,,,,Matches,copete,1.944704715162516,0.1642674310132861,1.944704715162516,4.536973598413169,4.47673115786165
576,Diego Coppola,it ITA,DF,Paris FC,fr Ligue 1,21.0,2003.0,13,13,1170.0,13.0,0,2,2,0,0,0,1,0,0.0,0.15,0.15,0.0,0.15,Matches,0,5,3,60.0,0.38,0.23,0.0,0.0,0,0,Matches,,,,,,,,,,,,,,,2,,,,,,Matches,,9,,,,,,,,,,,7,,,,Matches,,,,,,,,,,,,,,,,,,,,,Matches,diego coppola,0.0,0.0,0.0,0.4860989674925804,0.4860989674925804
578,Francesco Coppola,it ITA,DF,Pisa,it Serie A,20.0,2005.0,7,5,458.0,5.1,0,0,0,0,0,0,3,0,0.0,0.0,0.0,0.0,0.0,Matches,0,2,0,0.0,0.39,0.0,0.0,,0,0,Matches,,,,,,,,,,,,,,,0,,,,,,Matches,,5,,,,,,,,,,,5,,,,Matches,,,,,,,,,,,,,,,,,,,,,Matches,francesco coppola,0.0926379188895225,0.0,0.0926379188895225,0.1846959665417671,0.1253593675792217
579,Francis Coquelin,fr FRA,MF,Nantes,fr Ligue 1,34.0,1991.0,16,8,655.0,7.3,0,1,1,0,0,0,2,0,0.0,0.14,0.14,0.0,0.14,Matches,0,6,1,16.7,0.82,0.14,0.0,0.0,0,0,Matches,,,,,,,,,,,,,,,1,,,,,,Matches,,13,,,,,,,,,,,5,,,,Matches,,,,,,,,,,,,,,,,,,,,,Matches,francis coquelin,0.1458436166867613,0.2469020374119281,0.1458436166867613,0.75743393227458,0.4982971716672182
583,Félix Correia,pt POR,MF,Lille,fr Ligue 1,24.0,2001.0,34,26,2053.0,22.8,4,5,9,4,0,0,2,0,0.18,0.22,0.39,0.18,0.39,Matches,4,37,8,21.6,1.62,0.35,0.11,0.5,0,0,Matches,,,,,,,,,,,,,,,5,,,,,,Matches,,13,,,,,,,,,,,21,,,,Matches,,,,,,,,,,,,,,,,,,,,,Matches,felix correia,5.806952535174787,5.867727227509022,5.806952535174787,18.30624265410006,9.31839063204825
584,Thierry Correia,pt POR,"DF,MF",Valencia,es La Liga,26.0,1999.0,24,17,1392.0,15.5,0,2,2,0,0,0,5,0,0.0,0.13,0.13,0.0,0.13,Matches,0,5,1,20.0,0.32,0.06,0.0,0.0,0,0,Matches,,,,,,,,,,,,,,,2,,,,,,Matches,,22,,,,,,,,,,,18,,,,Matches,,,,,,,,,,,,,,,,,,,,,Matches,thierry correia,0.2800837680697441,1.7092203814536333,0.2800837680697441,5.648564742878079,4.133561937138438
586,Paco Cortés,es ESP,"MF,FW",Levante,es La Liga,17.0,2007.0,12,4,472.0,5.2,0,0,0,0,0,0,2,0,0.0,0.0,0.0,0.0,0.0,Matches,0,12,4,33.3,2.29,0.76,0.0,0.0,0,0,Matches,,,,,,,,,,,,,,,0,,,,,,Matches,,1,,,,,,,,,,,2,,,,Matches,,,,,,,,,,,,,,,,,,,,,Matches,paco cortes,0.5373847614973783,1.0183412544429302,0.5373847614973783,2.012773670256138,0.5975478962063789
587,Edoardo Corvi,it ITA,GK,Parma,it Serie A,24.0,2001.0,17,17,1530.0,17.0,0,0,0,0,0,0,1,0,0.0,0.0,0.0,0.0,0.0,Matches,0,0,0,,0.0,0.0,,,0,0,Matches,,,,,,,,,,,,,,,0,,,,,,Matches,,0,,,,,,,,,,,0,,,,Matches,,,,,,,,,,,,,,,,,,,,,Matches,edoardo corvi,0.0,0.0,0.0,1.6450959853827951,1.6450959853827951
589,Danny da Costa,de GER,"DF,MF",Mainz 05,de Bundesliga,32.0,1993.0,34,30,2695.0,29.9,2,3,5,2,0,0,3,0,0.07,0.1,0.17,0.07,0.17,Matches,2,14,5,35.7,0.47,0.17,0.14,0.4,0,0,Matches,,,,,,,,,,,,,,,3,,,,,,Matches,,27,,,,,,,,,,,29,,,,Matches,,,,,,,,,,,,,,,,,,,,,Matches,danny da costa,2.4268228095024824,2.82913017924875,2.4268228095024824,9.897982249036431,7.192822508513928
591,Samu Costa,pt POR,MF,Mallorca,es La Liga,24.0,2000.0,34,31,2697.0,30.0,7,2,9,7,0,0,11,0,0.23,0.07,0.3,0.23,0.3,Matches,7,39,16,41.0,1.3,0.53,0.18,0.44,0,0,Matches,,,,,,,,,,,,,,,2,,,,,,Matches,,37,,,,,,,,,,,26,,,,Matches,,,,,,,,,,,,,,,,,,,,,Matches,samu costa,4.27746016997844,1.979983518831432,4.27746016997844,9.480698188766835,5.15883654076606
592,David Costas,es ESP,DF,Oviedo,es La Liga,30.0,1995.0,25,22,2066.0,23.0,1,0,1,1,0,0,3,0,0.04,0.0,0.04,0.04,0.04,Matches,1,5,1,20.0,0.22,0.04,0.2,1.0,0,0,Matches,,,,,,,,,,,,,,,0,,,,,,Matches,,22,,,,,,,,,,,27,,,,Matches,,,,,,,,,,,,,,,,,,,,,Matches,david costas,1.367807979695499,0.1881906613707542,1.367807979695499,3.668113366700709,3.6066044019535184
593,Grégoire Coudert,fr FRA,GK,Brest,fr Ligue 1,26.0,1999.0,25,24,2192.0,24.4,0,0,0,0,0,0,2,0,0.0,0.0,0.0,0.0,0.0,Matches,0,0,0,,0.0,0.0,,,0,0,Matches,,,,,,,,,,,,,,,0,,,,,,Matches,,0,,,,,,,,,,,0,,,,Matches,,,,,,,,,,,,,,,,,,,,,Matches,gregoire coudert,0.0,0.0,0.0,1.60645292699337,1.60645292699337
594,Vladimír Coufal,cz CZE,"DF,MF",Hoffenheim,de Bundesliga,32.0,1992.0,34,34,3012.0,33.5,1,8,9,1,0,0,4,0,0.03,0.24,0.27,0.03,0.27,Matches,1,26,6,23.1,0.78,0.18,0.04,0.17,0,0,Matches,,,,,,,,,,,,,,,8,,,,,,Matches,,35,,,,,,,,,,,39,,,,Matches,,,,,,,,,,,,,,,,,,,,,Matches,vladimir coufal,0.9888284020125866,7.478693185374141,0.9888284020125866,15.418089099228382,11.00063280761242
595,Abdoul Coulibaly,de GER,DF,Werder Bremen,de Bundesliga,18.0,2007.0,27,24,2120.0,23.6,1,0,1,1,0,0,5,1,0.04,0.0,0.04,0.04,0.04,Matches,1,6,1,16.7,0.25,0.04,0.17,1.0,0,0,Matches,,,,,,,,,,,,,,,0,,,,,,Matches,,14,,,,,,,,,,,24,,,,Matches,,,,,,,,,,,,,,,,,,,,,Matches,abdoul coulibaly,1.1301267184317112,0.1937260031700134,1.1301267184317112,4.018573129549623,3.783440677449107
597,Lassana Coulibaly,ml MLI,MF,Lecce,it Serie A,29.0,1996.0,33,31,2689.0,29.9,3,1,4,3,0,0,4,0,0.1,0.03,0.13,0.1,0.13,Matches,3,28,8,28.6,0.94,0.27,0.11,0.38,0,0,Matches,,,,,,,,,,,,,,,1,,,,,,Matches,,28,,,,,,,,,,,9,,,,Matches,,,,,,,,,,,,,,,,,,,,,Matches,lassana coulibaly,3.20009109005332,1.1774460021406412,3.20009109005332,7.588806392624974,4.855061332695186
599,Mamadou Coulibaly,fr FRA,MF,Monaco,fr Ligue 1,21.0,2004.0,25,15,1381.0,15.3,3,3,6,3,0,0,7,1,0.2,0.2,0.39,0.2,0.39,Matches,3,13,5,38.5,0.85,0.33,0.23,0.6,0,0,Matches,,,,,,,,,,,,,,,3,,,,,,Matches,,21,,,,,,,,,,,21,,,,Matches,,,,,,,,,,,,,,,,,,,,,Matches,mamadou coulibaly,1.987246561795473,1.762764260172844,1.987246561795473,7.969235442578793,5.6005539782345295
600,Soumaïla Coulibaly,fr FRA,DF,Brest,fr Ligue 1,21.0,2003.0,16,15,1338.0,14.9,0,0,0,0,0,0,3,0,0.0,0.0,0.0,0.0,0.0,Matches,0,6,2,33.3,0.4,0.13,0.0,0.0,0,0,Matches,,,,,,,,,,,,,,,0,,,,,,Matches,,12,,,,,,,,,,,13,,,,Matches,,,,,,,,,,,,,,,,,,,,,Matches,soumaila coulibaly,0.2997979279607534,0.0143665354698896,0.2997979279607534,3.665989134460688,3.665989134460688
601,Woyo Coulibaly,ml MLI,DF,Sassuolo,it Serie A,26.0,1999.0,20,9,1054.0,11.7,0,0,0,0,0,0,2,0,0.0,0.0,0.0,0.0,0.0,Matches,0,6,1,16.7,0.51,0.09,0.0,0.0,0,0,Matches,,,,,,,,,,,,,,,0,,,,,,Matches,,14,,,,,,,,,,,10,,,,Matches,,,,,,,,,,,,,,,,,,,,,Matches,woyo coulibaly,0.1083389995619654,0.2964532244950533,0.1083389995619654,4.755065858364105,4.689090021885932
603,Thibaut Courtois,be BEL,GK,Real Madrid,es La Liga,33.0,1992.0,32,32,2880.0,32.0,0,0,0,0,0,0,1,0,0.0,0.0,0.0,0.0,0.0,Matches,0,0,0,,0.0,0.0,,,0,0,Matches,,,,,,,,,,,,,,,0,,,,,,Matches,,1,,,,,,,,,,,0,,,,Matches,,,,,,,,,,,,,,,,,,,,,Matches,thibaut courtois,0.0,0.0,0.0,6.53979423083365,6.53979423083365
604,Yan Couto,br BRA,MF,Dortmund,de Bundesliga,23.0,2002.0,19,11,997.0,11.1,2,2,4,2,0,0,4,0,0.18,0.18,0.36,0.18,0.36,Matches,2,9,4,44.4,0.81,0.36,0.22,0.5,0,0,Matches,,,,,,,,,,,,,,,2,,,,,,Matches,,15,,,,,,,,,,,9,,,,Matches,,,,,,,,,,,,,,,,,,,,,Matches,yan couto,0.9633320793509484,2.849770877510309,0.9633320793509484,6.886968974024057,4.392777647823095
606,Nicolas Cozza,fr FRA,DF,Nantes,fr Ligue 1,26.0,1999.0,29,25,2301.0,25.6,0,1,1,0,0,0,2,0,0.0,0.04,0.04,0.0,0.04,Matches,0,11,3,27.3,0.43,0.12,0.0,0.0,0,0,Matches,,,,,,,,,,,,,,,1,,,,,,Matches,,27,,,,,,,,,,,21,,,,Matches,,,,,,,,,,,,,,,,,,,,,Matches,nicolas cozza,1.9409650396555664,0.4439432024955749,1.9409650396555664,2.8587443996220827,2.391083136200905
608,Charlie Cresswell,eng ENG,DF,Toulouse,fr Ligue 1,22.0,2002.0,29,28,2533.0,28.1,3,2,5,3,0,0,8,0,0.11,0.07,0.18,0.11,0.18,Matches,3,38,12,31.6,1.35,0.43,0.08,0.25,0,0,Matches,,,,,,,,,,,,,,,2,,,,,,Matches,,14,,,,,,,,,,,30,,,,Matches,,,,,,,,,,,,,,,,,,,,,Matches,charlie cresswell,4.463126664981246,1.1976852640509603,4.463126664981246,6.1904706954956055,4.257518079131842
609,Bryan Cristante,it ITA,MF,Roma,it Serie A,30.0,1995.0,37,36,3094.0,34.4,2,1,3,2,0,0,6,0,0.06,0.03,0.09,0.06,0.09,Matches,2,44,8,18.2,1.28,0.23,0.05,0.25,0,0,Matches,,,,,,,,,,,,,,,1,,,,,,Matches,,43,,,,,,,,,,,28,,,,Matches,,,,,,,,,,,,,,,,,,,,,Matches,bryan cristante,2.347831812687218,2.281888909637928,2.347831812687218,12.89684208855033,10.956094874069096
610,Juan Cruz Armada,es ESP,DF,Osasuna,es La Liga,33.0,1992.0,15,7,649.0,7.2,0,0,0,0,0,0,2,0,0.0,0.0,0.0,0.0,0.0,Matches,0,1,0,0.0,0.14,0.0,0.0,,0,0,Matches,,,,,,,,,,,,,,,0,,,,,,Matches,,3,,,,,,,,,,,4,,,,Matches,,,,,,,,,,,,,,,,,,,,,Matches,juan cruz armada,0.5461479425430298,0.0736327618360519,0.5461479425430298,1.510681690648198,1.4370489101856947
611,Juan Cuadrado,co COL,MF,Pisa,it Serie A,37.0,1988.0,19,2,506.0,5.6,1,0,1,0,1,1,3,0,0.18,0.0,0.18,0.0,0.0,Matches,1,10,2,20.0,1.78,0.36,0.1,0.5,1,1,Matches,,,,,,,,,,,,,,,0,,,,,,Matches,,10,,,,,,,,,,,5,,,,Matches,,,,,,,,,,,,,,,,,,,,,Matches,juan cuadrado,0.958076405338943,0.8361177556216717,0.1967775961384177,1.4430370824411511,0.6504935566335917
612,Pau Cubarsí,es ESP,DF,Barcelona,es La Liga,18.0,2007.0,31,31,2703.0,30.0,1,0,1,1,0,0,3,0,0.03,0.0,0.03,0.03,0.03,Matches,1,10,2,20.0,0.33,0.07,0.1,0.5,0,0,Matches,,,,,,,,,,,,,,,0,,,,,,Matches,,28,,,,,,,,,,,30,,,,Matches,,,,,,,,,,,,,,,,,,,,,Matches,pau cubarsi,0.5516378730535507,0.4353954568505287,0.5516378730535507,18.94529329240322,18.898506328463554
614,Cucho,co COL,FW,Real Betis,es La Liga,26.0,1999.0,32,30,2580.0,28.7,11,3,14,10,1,1,5,0,0.38,0.1,0.49,0.35,0.45,Matches,11,89,27,30.3,3.1,0.94,0.12,0.41,1,1,Matches,,,,,,,,,,,,,,,3,,,,,,Matches,,16,,,,,,,,,,,11,,,,Matches,,,,,,,,,,,,,,,,,,,,,Matches,cucho,,,,,
615,Marc Cucurella,es ESP,DF,Chelsea,eng Premier League,27.0,1998.0,34,31,2707.0,30.1,1,4,5,1,0,0,8,1,0.03,0.13,0.17,0.03,0.17,Matches,1,20,6,30.0,0.66,0.2,0.05,0.17,0,0,Matches,,,,,,,,,,,,,,,4,,,,,,Matches,,40,,,,,,,,,,,28,,,,Matches,,,,,,,,,,,,,,,,,,,,,Matches,marc cucurella,1.8860962446779013,4.541678033769131,1.8860962446779013,15.159206625074148,12.003521535545588
616,Jorge Cuenca,es ESP,DF,Fulham,eng Premier League,25.0,1999.0,15,11,938.0,10.4,0,0,0,0,0,0,6,0,0.0,0.0,0.0,0.0,0.0,Matches,0,1,0,0.0,0.1,0.0,0.0,,0,0,Matches,,,,,,,,,,,,,,,0,,,,,,Matches,,10,,,,,,,,,,,15,,,,Matches,,,,,,,,,,,,,,,,,,,,,Matches,jorge cuenca,0.0508214943110942,0.5158752724528313,0.0508214943110942,2.3103927858173847,2.3103927858173847
617,Montrell Culbreath,de GER,"MF,DF",Leverkusen,de Bundesliga,17.0,2007.0,12,9,736.0,8.2,1,0,1,1,0,0,0,0,0.12,0.0,0.12,0.12,0.12,Matches,1,8,2,25.0,0.98,0.24,0.13,0.5,0,0,Matches,,,,,,,,,,,,,,,0,,,,,,Matches,,16,,,,,,,,,,,8,,,,Matches,,,,,,,,,,,,,,,,,,,,,Matches,montrell culbreath,2.02140474319458,0.3996955826878547,2.02140474319458,4.640004459768534,2.365470964461565
618,Josh Cullen,ie IRL,MF,Burnley,eng Premier League,29.0,1996.0,18,18,1514.0,16.8,2,2,4,2,0,0,2,0,0.12,0.12,0.24,0.12,0.24,Matches,2,11,6,54.5,0.65,0.36,0.18,0.33,0,0,Matches,,,,,,,,,,,,,,,2,,,,,,Matches,,19,,,,,,,,,,,24,,,,Matches,,,,,,,,,,,,,,,,,,,,,Matches,josh cullen,1.0142266415059566,1.8168634045869112,1.0142266415059566,6.162752605974674,4.625554047524929
620,Jair Cunha,br BRA,DF,Nottingham,eng Premier League,20.0,2005.0,9,6,517.0,5.7,0,0,0,0,0,0,0,0,0.0,0.0,0.0,0.0,0.0,Matches,0,3,1,33.3,0.52,0.17,0.0,0.0,0,0,Matches,,,,,,,,,,,,,,,0,,,,,,Matches,,5,,,,,,,,,,,5,,,,Matches,,,,,,,,,,,,,,,,,,,,,Matches,jair cunha,,,,,
621,Matheus Cunha,br BRA,"MF,FW",Manchester Utd,eng Premier League,26.0,1999.0,33,29,2494.0,27.7,10,2,12,10,0,0,4,0,0.36,0.07,0.43,0.36,0.43,Matches,10,90,35,38.9,3.25,1.26,0.11,0.29,0,0,Matches,,,,,,,,,,,,,,,2,,,,,,Matches,,23,,,,,,,,,,,21,,,,Matches,,,,,,,,,,,,,,,,,,,,,Matches,matheus cunha,7.076101643964648,3.698060866445303,7.076101643964648,17.601462572813034,10.04429018124938
622,Patrick Cutrone,it ITA,FW,Parma,it Serie A,27.0,1998.0,15,11,888.0,9.9,1,0,1,1,0,0,0,0,0.1,0.0,0.1,0.1,0.1,Matches,1,25,7,28.0,2.53,0.71,0.04,0.14,0,0,Matches,,,,,,,,,,,,,,,0,,,,,,Matches,,1,,,,,,,,,,,3,,,,Matches,,,,,,,,,,,,,,,,,,,,,Matches,patrick cutrone,3.271421535871923,0.6590696647763252,3.271421535871923,3.99916382227093,0.8263060990720987
623,Lucas Da Cunha,fr FRA,MF,Como,it Serie A,24.0,2001.0,36,31,2739.0,30.4,6,4,10,2,4,4,4,0,0.2,0.13,0.33,0.07,0.2,Matches,6,42,16,38.1,1.38,0.53,0.14,0.38,4,4,Matches,,,,,,,,,,,,,,,4,,,,,,Matches,,33,,,,,,,,,,,18,,,,Matches,,,,,,,,,,,,,,,,,,,,,Matches,lucas da cunha,6.926369271241128,6.021571090444922,3.881173974834383,17.49147634766996,12.713604623451827
624,Adam Daghim,dk DEN,"MF,FW",Wolfsburg,de Bundesliga,19.0,2005.0,27,12,1364.0,15.2,2,3,5,2,0,0,3,0,0.13,0.2,0.33,0.13,0.33,Matches,2,27,9,33.3,1.78,0.59,0.07,0.22,0,0,Matches,,,,,,,,,,,,,,,3,,,,,,Matches,,20,,,,,,,,,,,11,,,,Matches,,,,,,,,,,,,,,,,,,,,,Matches,adam daghim,3.1088089011609554,3.074686413630843,3.1088089011609554,9.786626935005188,4.455633115023375
625,Finn Dahmen,de GER,GK,Augsburg,de Bundesliga,27.0,1998.0,34,34,3060.0,34.0,0,0,0,0,0,0,1,0,0.0,0.0,0.0,0.0,0.0,Matches,0,1,0,0.0,0.03,0.0,0.0,,0,0,Matches,,,,,,,,,,,,,,,0,,,,,,Matches,,0,,,,,,,,,,,0,,,,Matches,,,,,,,,,,,,,,,,,,,,,Matches,finn dahmen,0.6633901596069336,0.2969367634505033,0.6633901596069336,4.446497203782201,4.14956040866673
626,Mahmoud Dahoud,de GER,"MF,FW",Frankfurt,de Bundesliga,29.0,1996.0,15,8,716.0,8.0,2,3,5,2,0,0,0,0,0.25,0.38,0.63,0.25,0.63,Matches,2,17,2,11.8,2.14,0.25,0.12,1.0,0,0,Matches,,,,,,,,,,,,,,,3,,,,,,Matches,,8,,,,,,,,,,,10,,,,Matches,,,,,,,,,,,,,,,,,,,,,Matches,mahmoud dahoud,0.7852020431309938,0.3229838218539953,0.7852020431309938,3.258342294022441,2.4602439450100064
629,Thijs Dallinga,nl NED,FW,Bologna,it Serie A,24.0,2000.0,23,9,811.0,9.0,2,2,4,2,0,0,2,0,0.22,0.22,0.44,0.22,0.44,Matches,2,24,5,20.8,2.66,0.55,0.08,0.4,0,0,Matches,,,,,,,,,,,,,,,2,,,,,,Matches,,4,,,,,,,,,,,1,,,,Matches,,,,,,,,,,,,,,,,,,,,,Matches,thijs dallinga,3.886146053671837,0.7199398213997483,3.886146053671837,5.551288968883455,1.0566577464342115
630,Diogo Dalot,pt POR,"DF,MF",Manchester Utd,eng Premier League,26.0,1999.0,34,29,2614.0,29.0,1,3,4,1,0,0,5,0,0.03,0.1,0.14,0.03,0.14,Matches,1,24,6,25.0,0.83,0.21,0.04,0.17,0,0,Matches,,,,,,,,,,,,,,,3,,,,,,Matches,,30,,,,,,,,,,,26,,,,Matches,,,,,,,,,,,,,,,,,,,,,Matches,diogo dalot,2.194661596789956,3.5058063408359885,2.194661596789956,13.055216778069736,9.666520467028022
633,Mikkel Damsgaard,dk DEN,MF,Brentford,eng Premier League,25.0,2000.0,33,24,2054.0,22.8,4,4,8,4,0,0,0,0,0.18,0.18,0.35,0.18,0.35,Matches,4,29,11,37.9,1.27,0.48,0.14,0.36,0,0,Matches,,,,,,,,,,,,,,,4,,,,,,Matches,,34,,,,,,,,,,,24,,,,Matches,,,,,,,,,,,,,,,,,,,,,Matches,mikkel damsgaard,2.974404709413648,6.468690361827612,2.974404709413648,12.347467929124832,6.4731036853045225
634,Arnaut Danjuma,nl NED,"MF,FW",Valencia,es La Liga,28.0,1997.0,30,18,1628.0,18.1,3,2,5,3,0,1,0,0,0.17,0.11,0.28,0.17,0.28,Matches,3,36,14,38.9,1.99,0.77,0.08,0.21,0,1,Matches,,,,,,,,,,,,,,,2,,,,,,Matches,,10,,,,,,,,,,,2,,,,Matches,,,,,,,,,,,,,,,,,,,,,Matches,arnaut danjuma,5.226826310157776,4.247381461784244,4.483548700809479,9.88978798687458,2.371374111622572
635,Kévin Danois,fr FRA,MF,Auxerre,fr Ligue 1,21.0,2004.0,33,32,2830.0,31.4,3,1,4,3,0,0,3,0,0.1,0.03,0.13,0.1,0.13,Matches,3,25,8,32.0,0.8,0.25,0.12,0.38,0,0,Matches,,,,,,,,,,,,,,,1,,,,,,Matches,,48,,,,,,,,,,,38,,,,Matches,,,,,,,,,,,,,,,,,,,,,Matches,kevin danois,2.123984556645155,4.617172429338098,2.123984556645155,9.194329353049396,5.501396361738443
636,Kevin Danso,at AUT,DF,Tottenham,eng Premier League,26.0,1998.0,24,17,1494.0,16.6,0,0,0,0,0,0,8,0,0.0,0.0,0.0,0.0,0.0,Matches,0,11,2,18.2,0.66,0.12,0.0,0.0,0,0,Matches,,,,,,,,,,,,,,,0,,,,,,Matches,,13,,,,,,,,,,,25,,,,Matches,,,,,,,,,,,,,,,,,,,,,Matches,kevin danso,0.5242262706160545,0.1586722880601883,0.5242262706160545,1.6506063239648938,1.5962962182238698
637,Dante,br BRA,DF,Nice,fr Ligue 1,41.0,1983.0,12,9,849.0,9.4,0,1,1,0,0,0,1,0,0.0,0.11,0.11,0.0,0.11,Matches,0,7,1,14.3,0.74,0.11,0.0,0.0,0,0,Matches,,,,,,,,,,,,,,,1,,,,,,Matches,,5,,,,,,,,,,,11,,,,Matches,,,,,,,,,,,,,,,,,,,,,Matches,dante,0.2175557473674416,0.075519535690546,0.2175557473674416,2.9663416743278503,2.9388745287433267
640,Sergi Darder,es ESP,MF,Mallorca,es La Liga,31.0,1993.0,38,30,2680.0,29.8,1,5,6,1,0,0,3,0,0.03,0.17,0.2,0.03,0.2,Matches,1,36,13,36.1,1.21,0.44,0.03,0.08,0,0,Matches,,,,,,,,,,,,,,,5,,,,,,Matches,,13,,,,,,,,,,,23,,,,Matches,,,,,,,,,,,,,,,,,,,,,Matches,sergi darder,2.2581017958000302,5.54317428637296,2.2581017958000302,10.62109318934381,7.191008800640702
641,Karl Darlow,wls WAL,GK,Leeds United,eng Premier League,34.0,1990.0,22,22,1980.0,22.0,0,0,0,0,0,0,1,0,0.0,0.0,0.0,0.0,0.0,Matches,0,0,0,,0.0,0.0,,,0,0,Matches,,,,,,,,,,,,,,,0,,,,,,Matches,,0,,,,,,,,,,,0,,,,Matches,,,,,,,,,,,,,,,,,,,,,Matches,karl darlow,0.0,0.0,0.0,1.8115539252758024,1.8115539252758024
646,Jonathan David,ca CAN,FW,Juventus,it Serie A,25.0,2000.0,35,20,1781.0,19.8,6,4,10,6,0,1,0,0,0.3,0.2,0.51,0.3,0.51,Matches,6,41,16,39.0,2.07,0.81,0.15,0.38,0,1,Matches,,,,,,,,,,,,,,,4,,,,,,Matches,,10,,,,,,,,,,,6,,,,Matches,,,,,,,,,,,,,,,,,,,,,Matches,jonathan david,11.464318415150046,4.232262331992388,10.703019579872487,14.402950731106102,4.125553295947611
647,Alphonso Davies,ca CAN,DF,Bayern Munich,de Bundesliga,24.0,2000.0,13,6,525.0,5.8,1,3,4,1,0,0,1,0,0.17,0.51,0.69,0.17,0.69,Matches,1,4,1,25.0,0.69,0.17,0.25,1.0,0,0,Matches,,,,,,,,,,,,,,,3,,,,,,Matches,,6,,,,,,,,,,,3,,,,Matches,,,,,,,,,,,,,,,,,,,,,Matches,alphonso davies,0.4413026720285415,1.301999389193952,0.4413026720285415,6.602924805134535,5.091645808890462
649,Davinchi,es ESP,DF,Getafe,es La Liga,17.0,2007.0,14,7,700.0,7.8,0,0,0,0,0,0,2,0,0.0,0.0,0.0,0.0,0.0,Matches,0,4,2,50.0,0.51,0.26,0.0,0.0,0,0,Matches,,,,,,,,,,,,,,,0,,,,,,Matches,,17,,,,,,,,,,,7,,,,Matches,,,,,,,,,,,,,,,,,,,,,Matches,davinchi,0.1961896456778049,0.0598578657954931,0.1961896456778049,0.497814642265439,0.3077848814427852
650,Keinan Davis,eng ENG,FW,Udinese,it Serie A,27.0,1998.0,30,27,2065.0,22.9,10,4,14,6,4,4,5,0,0.44,0.17,0.61,0.26,0.44,Matches,10,50,25,50.0,2.18,1.09,0.2,0.4,4,4,Matches,,,,,,,,,,,,,,,4,,,,,,Matches,,5,,,,,,,,,,,1,,,,Matches,,,,,,,,,,,,,,,,,,,,,Matches,keinan davis,9.890136182308195,4.327703749760985,6.844940945506096,13.425299689173698,5.164774231612682
651,Kevin De Bruyne,be BEL,MF,Napoli,it Serie A,34.0,1991.0,18,13,1165.0,12.9,5,2,7,2,3,3,1,0,0.39,0.15,0.54,0.15,0.31,Matches,5,27,11,40.7,2.09,0.85,0.19,0.45,3,3,Matches,,,,,,,,,,,,,,,2,,,,,,Matches,,8,,,,,,,,,,,5,,,,Matches,,,,,,,,,,,,,,,,,,,,,Matches,kevin de bruyne,3.5163134410977364,4.023396631702781,1.2324169697239995,7.890820484608412,5.31821558624506
653,Maxim De Cuyper,be BEL,"DF,MF",Brighton,eng Premier League,24.0,2000.0,30,17,1414.0,15.7,2,3,5,2,0,0,2,0,0.13,0.19,0.32,0.13,0.32,Matches,2,13,6,46.2,0.83,0.38,0.15,0.33,0,0,Matches,,,,,,,,,,,,,,,3,,,,,,Matches,,10,,,,,,,,,,,11,,,,Matches,,,,,,,,,,,,,,,,,,,,,Matches,maxim de cuyper,1.7418285254389048,4.685627582482994,1.7418285254389048,6.840236205607653,3.4948783963918686
654,Charles De Ketelaere,be BEL,"MF,FW",Atalanta,it Serie A,24.0,2001.0,31,26,2177.0,24.2,3,5,8,3,0,0,4,0,0.12,0.21,0.33,0.12,0.33,Matches,3,46,16,34.8,1.9,0.66,0.07,0.19,0,0,Matches,,,,,,,,,,,,,,,5,,,,,,Matches,,15,,,,,,,,,,,5,,,,Matches,,,,,,,,,,,,,,,,,,,,,Matches,charles de ketelaere,4.545966546982527,10.65264681726694,4.545966546982527,19.828982893377542,7.581169381737709
655,Jeffrey De Lange,nl NED,GK,Marseille,fr Ligue 1,27.0,1998.0,5,5,450.0,5.0,0,0,0,0,0,0,0,0,0.0,0.0,0.0,0.0,0.0,Matches,0,0,0,,0.0,0.0,,,0,0,Matches,,,,,,,,,,,,,,,0,,,,,,Matches,,0,,,,,,,,,,,0,,,,Matches,,,,,,,,,,,,,,,,,,,,,Matches,jeffrey de lange,0.0,0.1029973775148391,0.0,2.4000284634530544,2.2970311008393764
657,Théo De Percin,mq MTQ,GK,Auxerre,fr Ligue 1,24.0,2001.0,8,5,598.0,6.6,0,0,0,0,0,0,0,0,0.0,0.0,0.0,0.0,0.0,Matches,0,0,0,,0.0,0.0,,,0,0,Matches,,,,,,,,,,,,,,,0,,,,,,Matches,,0,,,,,,,,,,,0,,,,Matches,,,,,,,,,,,,,,,,,,,,,Matches,theo de percin,0.0,0.0,0.0,0.2186872474849224,0.2186872474849224
658,Lorenzo De Silvestri,it ITA,DF,Bologna,it Serie A,37.0,1988.0,12,6,491.0,5.5,0,0,0,0,0,0,2,0,0.0,0.0,0.0,0.0,0.0,Matches,0,0,0,,0.0,0.0,,,0,0,Matches,,,,,,,,,,,,,,,0,,,,,,Matches,,1,,,,,,,,,,,7,,,,Matches,,,,,,,,,,,,,,,,,,,,,Matches,lorenzo de silvestri,0.0,0.1587319131940603,0.0,0.8127099629491568,0.6539780553430319
659,Thibault De Smet,be BEL,DF,Paris FC,fr Ligue 1,27.0,1998.0,17,13,1144.0,12.7,0,1,1,0,0,0,6,2,0.0,0.08,0.08,0.0,0.08,Matches,0,4,0,0.0,0.31,0.0,0.0,,0,0,Matches,,,,,,,,,,,,,,,1,,,,,,Matches,,11,,,,,,,,,,,10,,,,Matches,,,,,,,,,,,,,,,,,,,,,Matches,thibault de smet,0.1855126786977052,0.3585076257586479,0.1855126786977052,4.638216312974691,4.51627979055047
660,Koni De Winter,be BEL,DF,Milan,it Serie A,23.0,2002.0,26,19,1800.0,20.0,1,1,2,1,0,0,1,0,0.05,0.05,0.1,0.05,0.1,Matches,1,7,1,14.3,0.35,0.05,0.14,1.0,0,0,Matches,,,,,,,,,,,,,,,1,,,,,,Matches,,19,,,,,,,,,,,13,,,,Matches,,,,,,,,,,,,,,,,,,,,,Matches,koni de winter,0.7965529607608914,0.6498572872951627,0.7965529607608914,8.046976586803794,7.892384415492415
661,Alessandro Deiola,it ITA,"MF,DF",Cagliari,it Serie A,29.0,1995.0,20,17,1430.0,15.9,0,2,2,0,0,0,3,0,0.0,0.13,0.13,0.0,0.13,Matches,0,22,7,31.8,1.38,0.44,0.0,0.0,0,0,Matches,,,,,,,,,,,,,,,2,,,,,,Matches,,20,,,,,,,,,,,13,,,,Matches,,,,,,,,,,,,,,,,,,,,,Matches,alessandro deiola,2.228636055253446,0.5954971769824624,2.228636055253446,4.545566329732537,2.970381209626794
662,Romain Del Castillo,fr FRA,"MF,FW",Brest,fr Ligue 1,29.0,1996.0,32,32,2625.0,29.2,9,3,12,3,6,8,2,1,0.31,0.1,0.41,0.1,0.21,Matches,9,33,13,39.4,1.13,0.45,0.27,0.69,6,8,Matches,,,,,,,,,,,,,,,3,,,,,,Matches,,36,,,,,,,,,,,28,,,,Matches,,,,,,,,,,,,,,,,,,,,,Matches,romain del castillo,8.386032570153475,6.569920150563121,2.3052715435624123,12.779396329075098,6.169922332279384
664,Liam Delap,eng ENG,FW,Chelsea,eng Premier League,22.0,2003.0,28,12,1107.0,12.3,1,0,1,1,0,0,4,0,0.08,0.0,0.08,0.08,0.08,Matches,1,36,11,30.6,2.93,0.89,0.03,0.09,0,0,Matches,,,,,,,,,,,,,,,0,,,,,,Matches,,3,,,,,,,,,,,1,,,,Matches,,,,,,,,,,,,,,,,,,,,,Matches,liam delap,5.030099527910352,0.1692549511790275,5.030099527910352,7.515913432464004,3.400637183338404
665,Fisayo Dele-Bashiru,ng NGA,MF,Lazio,it Serie A,24.0,2001.0,24,11,1187.0,13.2,1,0,1,1,0,0,0,0,0.08,0.0,0.08,0.08,0.08,Matches,1,9,2,22.2,0.68,0.15,0.11,0.5,0,0,Matches,,,,,,,,,,,,,,,0,,,,,,Matches,,15,,,,,,,,,,,4,,,,Matches,,,,,,,,,,,,,,,,,,,,,Matches,fisayo dele bashiru,0.5851763747632504,1.120098192244768,0.5851763747632504,6.592202328145504,5.67429375462234
666,Enrico Delprato,it ITA,"DF,MF",Parma,it Serie A,25.0,1999.0,35,34,2951.0,32.8,2,0,2,2,0,0,5,0,0.06,0.0,0.06,0.06,0.06,Matches,2,18,9,50.0,0.55,0.27,0.11,0.22,0,0,Matches,,,,,,,,,,,,,,,0,,,,,,Matches,,21,,,,,,,,,,,24,,,,Matches,,,,,,,,,,,,,,,,,,,,,Matches,enrico delprato,,,,,
667,Olivier Deman,be BEL,"DF,MF",Werder Bremen,de Bundesliga,25.0,2000.0,16,14,1254.0,13.9,1,2,3,1,0,0,3,0,0.07,0.14,0.22,0.07,0.22,Matches,1,10,3,30.0,0.72,0.22,0.1,0.33,0,0,Matches,,,,,,,,,,,,,,,2,,,,,,Matches,,26,,,,,,,,,,,10,,,,Matches,,,,,,,,,,,,,,,,,,,,,Matches,olivier deman,0.428515175357461,1.47944251075387,0.428515175357461,4.93840117380023,3.729718029499054
668,Pape Demba Diop,sn SEN,MF,Toulouse,fr Ligue 1,21.0,2003.0,15,13,1181.0,13.1,1,2,3,1,0,0,2,0,0.08,0.15,0.23,0.08,0.23,Matches,1,29,11,37.9,2.21,0.84,0.03,0.09,0,0,Matches,,,,,,,,,,,,,,,2,,,,,,Matches,,20,,,,,,,,,,,29,,,,Matches,,,,,,,,,,,,,,,,,,,,,Matches,pape demba diop,1.532203583046794,1.71294922567904,1.532203583046794,4.120846760459244,2.7289467100054026
670,Ousmane Dembélé,fr FRA,FW,PSG,fr Ligue 1,28.0,1997.0,22,11,1063.0,11.8,10,7,17,8,2,3,0,0,0.85,0.59,1.44,0.68,1.27,Matches,10,45,18,40.0,3.81,1.52,0.22,0.56,2,3,Matches,,,,,,,,,,,,,,,7,,,,,,Matches,,3,,,,,,,,,,,0,,,,Matches,,,,,,,,,,,,,,,,,,,,,Matches,ousmane dembele,6.604901619255543,5.207486420869827,4.324616186320782,10.21094974130392,4.470038652420044
671,Jessy Deminguet,fr FRA,MF,Metz,fr Ligue 1,27.0,1998.0,31,25,1995.0,22.2,2,0,2,2,0,0,4,0,0.09,0.0,0.09,0.09,0.09,Matches,2,17,7,41.2,0.77,0.32,0.12,0.29,0,0,Matches,,,,,,,,,,,,,,,0,,,,,,Matches,,21,,,,,,,,,,,22,,,,Matches,,,,,,,,,,,,,,,,,,,,,Matches,jessy deminguet,1.1191442692652345,0.6021527666598558,1.1191442692652345,5.570983536541462,4.136053280904889
672,Ermedin Demirović,ba BIH,FW,Stuttgart,de Bundesliga,27.0,1998.0,25,17,1497.0,16.6,12,3,15,11,1,1,5,0,0.72,0.18,0.9,0.66,0.84,Matches,12,41,22,53.7,2.46,1.32,0.29,0.55,1,1,Matches,,,,,,,,,,,,,,,3,,,,,,Matches,,10,,,,,,,,,,,2,,,,Matches,,,,,,,,,,,,,,,,,,,,,Matches,ermedin demirovic,8.664393775165081,2.179655436426401,7.906617097556591,13.179813992232084,4.325801435858011
673,Rav van den Berg,nl NED,DF,Köln,de Bundesliga,21.0,2004.0,14,12,1131.0,12.6,0,1,1,0,0,0,0,1,0.0,0.08,0.08,0.0,0.08,Matches,0,1,0,0.0,0.08,0.0,0.0,,0,0,Matches,,,,,,,,,,,,,,,1,,,,,,Matches,,8,,,,,,,,,,,14,,,,Matches,,,,,,,,,,,,,,,,,,,,,Matches,rav van den berg,0.107068583369255,0.4956986010074615,0.107068583369255,2.7127026673406363,2.7127026673406363
674,Sepp van den Berg,nl NED,DF,Brentford,eng Premier League,23.0,2001.0,32,30,2763.0,30.7,0,2,2,0,0,0,2,0,0.0,0.07,0.07,0.0,0.07,Matches,0,23,7,30.4,0.75,0.23,0.0,0.0,0,0,Matches,,,,,,,,,,,,,,,2,,,,,,Matches,,9,,,,,,,,,,,26,,,,Matches,,,,,,,,,,,,,,,,,,,,,Matches,sepp van den berg,3.3328840751200914,2.197148658335209,3.3328840751200914,8.73620273731649,6.425411341711879
675,Branco van den Boomen,nl NED,MF,Angers,fr Ligue 1,30.0,1995.0,15,14,1238.0,13.8,0,1,1,0,0,1,3,0,0.0,0.07,0.07,0.0,0.07,Matches,0,13,5,38.5,0.95,0.36,0.0,0.0,0,1,Matches,,,,,,,,,,,,,,,1,,,,,,Matches,,15,,,,,,,,,,,7,,,,Matches,,,,,,,,,,,,,,,,,,,,,Matches,branco van den boomen,1.0635485812090335,2.3352177385240798,0.3034534617327153,5.750964725390077,4.139429623261094
676,Leander Dendoncker,be BEL,MF,Oviedo,es La Liga,30.0,1995.0,19,15,1330.0,14.8,1,0,1,1,0,0,2,0,0.07,0.0,0.07,0.07,0.07,Matches,1,9,4,44.4,0.61,0.27,0.11,0.25,0,0,Matches,,,,,,,,,,,,,,,0,,,,,,Matches,,25,,,,,,,,,,,11,,,,Matches,,,,,,,,,,,,,,,,,,,,,Matches,leander dendoncker,0.538357574492693,0.4306179387494921,0.538357574492693,2.1508139576762915,1.4654122050851583
678,Nelson Deossa,co COL,MF,Real Betis,es La Liga,25.0,2000.0,20,8,743.0,8.3,0,0,0,0,0,0,3,0,0.0,0.0,0.0,0.0,0.0,Matches,0,18,0,0.0,2.18,0.0,0.0,,0,0,Matches,,,,,,,,,,,,,,,0,,,,,,Matches,,8,,,,,,,,,,,6,,,,Matches,,,,,,,,,,,,,,,,,,,,,Matches,nelson deossa,0.473878163844347,0.6545962225645781,0.473878163844347,4.098076751455665,3.2412512339651585
680,Rémy Descamps,fr FRA,GK,Lyon,fr Ligue 1,29.0,1996.0,5,5,450.0,5.0,0,0,0,0,0,0,0,0,0.0,0.0,0.0,0.0,0.0,Matches,0,0,0,,0.0,0.0,,,0,0,Matches,,,,,,,,,,,,,,,0,,,,,,Matches,,0,,,,,,,,,,,0,,,,Matches,,,,,,,,,,,,,,,,,,,,,Matches,remy descamps,0.0,0.0,0.0,0.873858168721199,0.873858168721199
682,Justin Devenny,nir NIR,"MF,FW",Crystal Palace,eng Premier League,21.0,2003.0,21,7,796.0,8.8,1,0,1,0,1,1,0,0,0.11,0.0,0.11,0.0,0.0,Matches,1,13,4,30.8,1.47,0.45,0.08,0.25,1,1,Matches,,,,,,,,,,,,,,,0,,,,,,Matches,,11,,,,,,,,,,,1,,,,Matches,,,,,,,,,,,,,,,,,,,,,Matches,justin devenny,2.2452754601836205,0.3324787318706512,1.4841066226363182,3.62430040538311,2.076643966138363
684,Kiernan Dewsbury-Hall,eng ENG,MF,Everton,eng Premier League,26.0,1998.0,31,30,2626.0,29.2,8,4,12,8,0,0,6,0,0.27,0.14,0.41,0.27,0.41,Matches,8,39,15,38.5,1.34,0.51,0.21,0.53,0,0,Matches,,,,,,,,,,,,,,,4,,,,,,Matches,,26,,,,,,,,,,,14,,,,Matches,,,,,,,,,,,,,,,,,,,,,Matches,kiernan dewsbury hall,4.330071024596691,6.574528481811285,4.330071024596691,14.27813035994768,8.12063055485487
686,Michele Di Gregorio,it ITA,GK,Juventus,it Serie A,28.0,1997.0,30,29,2655.0,29.5,0,0,0,0,0,0,1,0,0.0,0.0,0.0,0.0,0.0,Matches,0,0,0,,0.0,0.0,,,0,0,Matches,,,,,,,,,,,,,,,0,,,,,,Matches,,0,,,,,,,,,,,0,,,,Matches,,,,,,,,,,,,,,,,,,,,,Matches,michele di gregorio,0.0,0.0,0.0,3.483929043635726,3.483929043635726
687,Giovanni Di Lorenzo,it ITA,"DF,MF",Napoli,it Serie A,31.0,1993.0,26,26,2276.0,25.3,2,1,3,2,0,0,1,0,0.08,0.04,0.12,0.08,0.12,Matches,2,25,9,36.0,0.99,0.36,0.08,0.22,0,0,Matches,,,,,,,,,,,,,,,1,,,,,,Matches,,26,,,,,,,,,,,9,,,,Matches,,,,,,,,,,,,,,,,,,,,,Matches,giovanni di lorenzo,1.950576670467853,2.9962266702204943,1.950576670467853,13.250591915100811,9.1819875985384
689,Boulaye Dia,sn SEN,"FW,MF",Lazio,it Serie A,28.0,1996.0,27,14,1253.0,13.9,1,2,3,1,0,0,1,0,0.07,0.14,0.22,0.07,0.22,Matches,1,12,7,58.3,0.86,0.5,0.08,0.14,0,0,Matches,,,,,,,,,,,,,,,2,,,,,,Matches,,7,,,,,,,,,,,3,,,,Matches,,,,,,,,,,,,,,,,,,,,,Matches,boulaye dia,2.6981686614453797,1.712193813174963,2.6981686614453797,5.352691099047661,2.55795587785542
690,Ibrahim Diabaté,ci CIV,FW,Alavés,es La Liga,25.0,1999.0,10,6,578.0,6.4,2,0,2,2,0,0,1,0,0.31,0.0,0.31,0.31,0.31,Matches,2,15,5,33.3,2.34,0.78,0.13,0.4,0,0,Matches,,,,,,,,,,,,,,,0,,,,,,Matches,,1,,,,,,,,,,,2,,,,Matches,,,,,,,,,,,,,,,,,,,,,Matches,ibrahim diabate,2.7270304802805185,0.147997735068202,2.7270304802805185,3.0350424721837044,0.7203780803829432
692,Mouctar Diakhaby,gn GUI,DF,Valencia,es La Liga,28.0,1996.0,8,7,543.0,6.0,1,0,1,1,0,0,3,0,0.17,0.0,0.17,0.17,0.17,Matches,1,4,3,75.0,0.66,0.5,0.25,0.33,0,0,Matches,,,,,,,,,,,,,,,0,,,,,,Matches,,6,,,,,,,,,,,9,,,,Matches,,,,,,,,,,,,,,,,,,,,,Matches,mouctar diakhaby,0.632166750729084,0.0550495460629463,0.632166750729084,1.056779257953167,1.0017297193408012
693,Bafodé Diakité,fr FRA,DF,Bournemouth,eng Premier League,24.0,2001.0,18,15,1277.0,14.2,0,0,0,0,0,0,1,0,0.0,0.0,0.0,0.0,0.0,Matches,0,1,0,0.0,0.07,0.0,0.0,,0,0,Matches,,,,,,,,,,,,,,,0,,,,,,Matches,,15,,,,,,,,,,,10,,,,Matches,,,,,,,,,,,,,,,,,,,,,Matches,bafode diakite,0.0138677563518285,0.0845660716295242,0.0138677563518285,3.926532536745072,3.877728216350079
694,Amad Diallo,ci CIV,MF,Manchester Utd,eng Premier League,23.0,2002.0,32,27,2341.0,26.0,2,3,5,2,0,0,2,0,0.08,0.12,0.19,0.08,0.19,Matches,2,53,23,43.4,2.04,0.88,0.04,0.09,0,0,Matches,,,,,,,,,,,,,,,3,,,,,,Matches,,23,,,,,,,,,,,15,,,,Matches,,,,,,,,,,,,,,,,,,,,,Matches,amad diallo,,,,,
695,Habib Diallo,sn SEN,FW,Metz,fr Ligue 1,30.0,1995.0,25,21,1909.0,21.2,4,1,5,4,0,1,0,0,0.19,0.05,0.24,0.19,0.24,Matches,4,38,12,31.6,1.79,0.57,0.11,0.33,0,1,Matches,,,,,,,,,,,,,,,1,,,,,,Matches,,5,,,,,,,,,,,2,,,,Matches,,,,,,,,,,,,,,,,,,,,,Matches,habib diallo,5.928135938942432,0.7432543095201254,5.168040789663792,6.45493212621659,1.7053034035488963
697,Grady Diangana,cd COD,"MF,FW",Elche,es La Liga,27.0,1998.0,20,13,926.0,10.3,1,0,1,1,0,0,3,0,0.1,0.0,0.1,0.1,0.1,Matches,1,16,2,12.5,1.56,0.19,0.06,0.5,0,0,Matches,,,,,,,,,,,,,,,0,,,,,,Matches,,6,,,,,,,,,,,4,,,,Matches,,,,,,,,,,,,,,,,,,,,,Matches,grady diangana,1.3557052668184042,1.090244321152568,1.3557052668184042,4.737419964745641,2.660494836047292
698,Assane Diao,sn SEN,MF,Como,it Serie A,19.0,2005.0,17,13,1075.0,11.9,2,1,3,2,0,0,2,0,0.17,0.08,0.25,0.17,0.25,Matches,2,31,10,32.3,2.6,0.84,0.06,0.2,0,0,Matches,,,,,,,,,,,,,,,1,,,,,,Matches,,5,,,,,,,,,,,4,,,,Matches,,,,,,,,,,,,,,,,,,,,,Matches,assane diao,3.17557692155242,1.6823896700516343,3.17557692155242,6.436402162536979,1.8002320639789104
700,Habib Diarra,sn SEN,MF,Sunderland,eng Premier League,21.0,2004.0,20,15,1405.0,15.6,2,2,4,1,1,1,6,0,0.13,0.13,0.26,0.06,0.19,Matches,2,26,8,30.8,1.67,0.51,0.08,0.25,1,1,Matches,,,,,,,,,,,,,,,2,,,,,,Matches,,7,,,,,,,,,,,4,,,,Matches,,,,,,,,,,,,,,,,,,,,,Matches,habib diarra,3.2528567891567945,0.644760662689805,2.4916879516094923,4.116263935342431,1.8810110297054048
702,Rúben Dias,pt POR,DF,Manchester City,eng Premier League,28.0,1997.0,26,24,2141.0,23.8,2,0,2,2,0,0,3,0,0.08,0.0,0.08,0.08,0.08,Matches,2,10,4,40.0,0.42,0.17,0.2,0.5,0,0,Matches,,,,,,,,,,,,,,,0,,,,,,Matches,,6,,,,,,,,,,,23,,,,Matches,,,,,,,,,,,,,,,,,,,,,Matches,ruben dias,0.4370618928223848,0.4225503513589501,0.4370618928223848,14.6865739133209,14.24906044639647
705,Krépin Diatta,sn SEN,"MF,DF",Monaco,fr Ligue 1,26.0,1999.0,18,10,1013.0,11.3,0,1,1,0,0,0,2,0,0.0,0.09,0.09,0.0,0.09,Matches,0,7,1,14.3,0.62,0.09,0.0,0.0,0,0,Matches,,,,,,,,,,,,,,,1,,,,,,Matches,,16,,,,,,,,,,,15,,,,Matches,,,,,,,,,,,,,,,,,,,,,Matches,krepin diatta,0.9261248912662268,1.7593798488378525,0.9261248912662268,5.158774934709072,3.25042811781168
706,Mory Diaw,sn SEN,GK,Le Havre,fr Ligue 1,32.0,1993.0,30,30,2655.0,29.5,0,1,1,0,0,0,1,0,0.0,0.03,0.03,0.0,0.03,Matches,0,0,0,,0.0,0.0,,,0,0,Matches,,,,,,,,,,,,,,,1,,,,,,Matches,,0,,,,,,,,,,,2,,,,Matches,,,,,,,,,,,,,,,,,,,,,Matches,mory diaw,0.0,0.2680368945002556,0.0,4.21309878397733,3.9779294030740857
707,Brahim Díaz,ma MAR,"FW,MF",Real Madrid,es La Liga,25.0,1999.0,30,13,1257.0,14.0,1,6,7,1,0,0,2,0,0.07,0.43,0.5,0.07,0.5,Matches,1,15,7,46.7,1.07,0.5,0.07,0.14,0,0,Matches,,,,,,,,,,,,,,,6,,,,,,Matches,,10,,,,,,,,,,,2,,,,Matches,,,,,,,,,,,,,,,,,,,,,Matches,brahim diaz,1.7095827870070934,3.635775487869978,1.7095827870070934,7.436839532107115,2.803654298186302
710,Junior Diaz,ci CIV,DF,Brest,fr Ligue 1,22.0,2003.0,20,17,1562.0,17.4,0,0,0,0,0,0,4,0,0.0,0.0,0.0,0.0,0.0,Matches,0,7,1,14.3,0.4,0.06,0.0,0.0,0,0,Matches,,,,,,,,,,,,,,,0,,,,,,Matches,,18,,,,,,,,,,,25,,,,Matches,,,,,,,,,,,,,,,,,,,,,Matches,junior diaz,0.8775945119559765,0.0303069576621055,0.8775945119559765,2.8094221614301205,2.2683826945722103
711,Luis Díaz,co COL,MF,Bayern Munich,de Bundesliga,28.0,1997.0,32,27,2447.0,27.2,15,14,29,15,0,0,7,1,0.55,0.51,1.07,0.55,1.07,Matches,15,88,37,42.0,3.24,1.36,0.17,0.41,0,0,Matches,,,,,,,,,,,,,,,14,,,,,,Matches,,13,,,,,,,,,,,17,,,,Matches,,,,,,,,,,,,,,,,,,,,,Matches,luis diaz,14.85997650027275,10.122723823413253,14.85997650027275,36.54146680980921,15.259370246902108
712,Pedro Díaz,es ESP,MF,Rayo Vallecano,es La Liga,27.0,1998.0,34,21,1870.0,20.8,0,1,1,0,0,0,2,0,0.0,0.05,0.05,0.0,0.05,Matches,0,44,6,13.6,2.12,0.29,0.0,0.0,0,0,Matches,,,,,,,,,,,,,,,1,,,,,,Matches,,25,,,,,,,,,,,9,,,,Matches,,,,,,,,,,,,,,,,,,,,,Matches,pedro diaz,1.7679051300510764,1.6380874933674932,1.7679051300510764,7.993919337168336,5.8795163836330175
716,Bamba Dieng,sn SEN,FW,Lorient,fr Ligue 1,25.0,2000.0,22,15,1212.0,13.5,10,1,11,9,1,2,2,0,0.74,0.07,0.82,0.67,0.74,Matches,10,45,24,53.3,3.34,1.78,0.22,0.42,1,2,Matches,,,,,,,,,,,,,,,1,,,,,,Matches,,2,,,,,,,,,,,2,,,,Matches,,,,,,,,,,,,,,,,,,,,,Matches,bamba dieng,9.474379494786264,1.150337222032249,7.954189226031303,7.221809398382902,1.4927732981741428
717,Eric Dier,eng ENG,DF,Monaco,fr Ligue 1,31.0,1994.0,9,7,688.0,7.6,1,0,1,1,0,0,0,0,0.13,0.0,0.13,0.13,0.13,Matches,1,3,2,66.7,0.39,0.26,0.33,0.5,0,0,Matches,,,,,,,,,,,,,,,0,,,,,,Matches,,2,,,,,,,,,,,10,,,,Matches,,,,,,,,,,,,,,,,,,,,,Matches,eric dier,0.5377254784107208,0.028601836413145,0.5377254784107208,2.885582761839032,2.856980921700597
718,Lucas Digne,fr FRA,DF,Aston Villa,eng Premier League,32.0,1993.0,31,21,1852.0,20.6,0,6,6,0,0,0,3,0,0.0,0.29,0.29,0.0,0.29,Matches,0,14,5,35.7,0.68,0.24,0.0,0.0,0,0,Matches,,,,,,,,,,,,,,,6,,,,,,Matches,,26,,,,,,,,,,,13,,,,Matches,,,,,,,,,,,,,,,,,,,,,Matches,lucas digne,0.7033488415181637,3.052508193999529,0.7033488415181637,5.530973820015788,4.1429683696478605
719,Kevin Diks,id IDN,DF,Gladbach,de Bundesliga,28.0,1996.0,30,28,2464.0,27.4,5,0,5,1,4,4,6,0,0.18,0.0,0.18,0.04,0.04,Matches,5,23,13,56.5,0.84,0.47,0.22,0.38,4,4,Matches,,,,,,,,,,,,,,,0,,,,,,Matches,,30,,,,,,,,,,,24,,,,Matches,,,,,,,,,,,,,,,,,,,,,Matches,kevin diks,4.184454521164298,0.704138720408082,1.153347745537758,8.415256265550852,7.45520737580955
720,Federico Dimarco,it ITA,MF,Inter,it Serie A,27.0,1997.0,35,30,2698.0,30.0,7,16,23,7,0,0,3,0,0.23,0.53,0.77,0.23,0.77,Matches,7,65,22,33.8,2.17,0.73,0.11,0.32,0,0,Matches,,,,,,,,,,,,,,,16,,,,,,Matches,,31,,,,,,,,,,,30,,,,Matches,,,,,,,,,,,,,,,,,,,,,Matches,federico dimarco,7.286320146173239,15.929082989692688,7.286320146173239,29.17661831900477,13.816550381481647
721,Stole Dimitrievski,mk MKD,GK,Valencia,es La Liga,31.0,1993.0,20,20,1800.0,20.0,0,0,0,0,0,0,1,0,0.0,0.0,0.0,0.0,0.0,Matches,0,0,0,,0.0,0.0,,,0,0,Matches,,,,,,,,,,,,,,,0,,,,,,Matches,,0,,,,,,,,,,,1,,,,Matches,,,,,,,,,,,,,,,,,,,,,Matches,stole dimitrievski,0.0,0.0,0.0,2.704712343402207,2.704712343402207
722,Junior Dina Ebimbe,cm CMR,MF,Brest,fr Ligue 1,24.0,2000.0,27,15,1165.0,12.9,5,0,5,5,0,0,3,0,0.39,0.0,0.39,0.39,0.39,Matches,5,27,9,33.3,2.09,0.7,0.19,0.56,0,0,Matches,,,,,,,,,,,,,,,0,,,,,,Matches,,16,,,,,,,,,,,6,,,,Matches,,,,,,,,,,,,,,,,,,,,,Matches,junior dina ebimbe,4.377322880551219,1.1943688429892063,4.377322880551219,5.206158727407456,1.4347593672573566
723,Eren Dinkçi,de GER,"MF,FW",Heidenheim,de Bundesliga,23.0,2001.0,14,13,1131.0,12.6,3,1,4,3,0,0,3,0,0.24,0.08,0.32,0.24,0.32,Matches,3,25,9,36.0,1.99,0.72,0.12,0.33,0,0,Matches,,,,,,,,,,,,,,,1,,,,,,Matches,,13,,,,,,,,,,,5,,,,Matches,,,,,,,,,,,,,,,,,,,,,Matches,eren dinkci,,,,,
725,Sinaly Diomande,ci CIV,DF,Auxerre,fr Ligue 1,24.0,2001.0,24,24,2131.0,23.7,2,2,4,2,0,0,4,1,0.08,0.08,0.17,0.08,0.17,Matches,2,9,4,44.4,0.38,0.17,0.22,0.5,0,0,Matches,,,,,,,,,,,,,,,2,,,,,,Matches,,17,,,,,,,,,,,33,,,,Matches,,,,,,,,,,,,,,,,,,,,,Matches,sinaly diomande,2.9510611221194267,0.5142716225236654,2.9510611221194267,2.522182999178767,2.470422202721238
726,Yan Diomandé,ci CIV,"FW,MF",RB Leipzig,de Bundesliga,18.0,2006.0,33,28,2472.0,27.5,12,8,20,12,0,0,2,0,0.44,0.29,0.73,0.44,0.73,Matches,12,53,26,49.1,1.93,0.95,0.23,0.46,0,0,Matches,,,,,,,,,,,,,,,8,,,,,,Matches,,19,,,,,,,,,,,16,,,,Matches,,,,,,,,,,,,,,,,,,,,,Matches,yan diomande,8.03020796738565,10.04887573234737,8.03020796738565,29.46964485943317,14.411308905109763
727,Issa Diop,ma MAR,DF,Fulham,eng Premier League,28.0,1997.0,13,8,816.0,9.1,1,0,1,1,0,0,2,0,0.11,0.0,0.11,0.11,0.11,Matches,1,2,1,50.0,0.22,0.11,0.5,1.0,0,0,Matches,,,,,,,,,,,,,,,0,,,,,,Matches,,2,,,,,,,,,,,6,,,,Matches,,,,,,,,,,,,,,,,,,,,,Matches,issa diop,0.4416985362768173,0.0,0.4416985362768173,1.5519594810903072,1.5519594810903072
729,Sofiane Diop,ma MAR,"MF,FW",Nice,fr Ligue 1,25.0,2000.0,33,26,2130.0,23.7,8,2,10,6,2,2,5,0,0.34,0.08,0.42,0.25,0.34,Matches,8,54,17,31.5,2.28,0.72,0.15,0.47,2,2,Matches,,,,,,,,,,,,,,,2,,,,,,Matches,,9,,,,,,,,,,,18,,,,Matches,,,,,,,,,,,,,,,,,,,,,Matches,sofiane diop,8.183862524107099,3.579524790868163,6.663672225549817,13.850084845907986,5.422367064282298
730,Andy Diouf,fr FRA,MF,Inter,it Serie A,22.0,2003.0,19,4,493.0,5.5,1,0,1,1,0,0,1,0,0.18,0.0,0.18,0.18,0.18,Matches,1,10,3,30.0,1.83,0.55,0.1,0.33,0,0,Matches,,,,,,,,,,,,,,,0,,,,,,Matches,,6,,,,,,,,,,,1,,,,Matches,,,,,,,,,,,,,,,,,,,,,Matches,andy diouf,0.9449317157268524,1.7515555750578642,0.9449317157268524,4.342409402132034,1.7893477883189917
732,El Hadji Malick Diouf,sn SEN,"DF,MF",West Ham,eng Premier League,20.0,2004.0,32,30,2707.0,30.1,0,5,5,0,0,0,6,0,0.0,0.17,0.17,0.0,0.17,Matches,0,18,4,22.2,0.6,0.13,0.0,0.0,0,0,Matches,,,,,,,,,,,,,,,5,,,,,,Matches,,19,,,,,,,,,,,32,,,,Matches,,,,,,,,,,,,,,,,,,,,,Matches,el hadji malick diouf,0.5592501647770405,3.253779597580433,0.5592501647770405,6.939549614675343,5.089005833491683
733,Yehvann Diouf,sn SEN,GK,Nice,fr Ligue 1,25.0,1999.0,26,26,2340.0,26.0,0,0,0,0,0,0,1,0,0.0,0.0,0.0,0.0,0.0,Matches,0,0,0,,0.0,0.0,,,0,0,Matches,,,,,,,,,,,,,,,0,,,,,,Matches,,0,,,,,,,,,,,2,,,,Matches,,,,,,,,,,,,,,,,,,,,,Matches,yehvann diouf,0.0,0.0,0.0,2.103915302082896,2.103915302082896
735,Axel Disasi,fr FRA,DF,West Ham,eng Premier League,27.0,1998.0,14,14,1254.0,13.9,0,0,0,0,0,0,1,0,0.0,0.0,0.0,0.0,0.0,Matches,0,5,3,60.0,0.36,0.22,0.0,0.0,0,0,Matches,,,,,,,,,,,,,,,0,,,,,,Matches,,10,,,,,,,,,,,12,,,,Matches,,,,,,,,,,,,,,,,,,,,,Matches,axel disasi,1.0807171128690245,0.0239046476781368,1.0807171128690245,3.1754897963255644,2.873131012544036
736,Matías Dituro,ar ARG,GK,Elche,es La Liga,38.0,1987.0,22,22,1980.0,22.0,0,0,0,0,0,0,1,0,0.0,0.0,0.0,0.0,0.0,Matches,0,0,0,,0.0,0.0,,,0,0,Matches,,,,,,,,,,,,,,,0,,,,,,Matches,,0,,,,,,,,,,,1,,,,Matches,,,,,,,,,,,,,,,,,,,,,Matches,matias dituro,0.0,0.1083411779254674,0.0,4.058199893683195,3.949858728796244
737,Djené,tg TOG,"DF,MF",Getafe,es La Liga,33.0,1991.0,34,32,2578.0,28.6,0,0,0,0,0,0,10,2,0.0,0.0,0.0,0.0,0.0,Matches,0,4,0,0.0,0.14,0.0,0.0,,0,0,Matches,,,,,,,,,,,,,,,0,,,,,,Matches,,24,,,,,,,,,,,38,,,,Matches,,,,,,,,,,,,,,,,,,,,,Matches,djene,0.0686510754749178,0.2225943394005298,0.0686510754749178,2.894673423841596,2.7105430271476507
739,Berat Djimsiti,al ALB,DF,Atalanta,it Serie A,32.0,1993.0,34,29,2525.0,28.1,0,0,0,0,0,0,4,0,0.0,0.0,0.0,0.0,0.0,Matches,0,16,2,12.5,0.57,0.07,0.0,0.0,0,0,Matches,,,,,,,,,,,,,,,0,,,,,,Matches,,30,,,,,,,,,,,42,,,,Matches,,,,,,,,,,,,,,,,,,,,,Matches,berat djimsiti,,,,,
740,Marko Dmitrović,rs SRB,GK,Espanyol,es La Liga,33.0,1992.0,37,37,3330.0,37.0,0,0,0,0,0,0,0,0,0.0,0.0,0.0,0.0,0.0,Matches,0,0,0,,0.0,0.0,,,0,0,Matches,,,,,,,,,,,,,,,0,,,,,,Matches,,2,,,,,,,,,,,0,,,,Matches,,,,,,,,,,,,,,,,,,,,,Matches,marko dmitrovic,0.0,0.0304153487086296,0.0,4.61260715033859,4.58219179417938
742,Ritsu Doan,jp JPN,MF,Frankfurt,de Bundesliga,27.0,1998.0,31,28,2364.0,26.3,5,5,10,5,0,0,5,0,0.19,0.19,0.38,0.19,0.38,Matches,5,41,15,36.6,1.56,0.57,0.12,0.33,0,0,Matches,,,,,,,,,,,,,,,5,,,,,,Matches,,23,,,,,,,,,,,17,,,,Matches,,,,,,,,,,,,,,,,,,,,,Matches,ritsu doan,4.125860132277012,6.517447140067816,4.125860132277012,13.874625666067004,6.948057568632066
743,Dodô,br BRA,"DF,MF",Fiorentina,it Serie A,26.0,1998.0,36,36,3134.0,34.8,1,2,3,1,0,0,7,0,0.03,0.06,0.09,0.03,0.09,Matches,1,25,4,16.0,0.72,0.11,0.04,0.25,0,0,Matches,,,,,,,,,,,,,,,2,,,,,,Matches,,18,,,,,,,,,,,31,,,,Matches,,,,,,,,,,,,,,,,,,,,,Matches,dodo,1.3770605642348528,5.387680346146226,1.3770605642348528,14.528255576267838,10.455381613224745
744,Danilho Doekhi,nl NED,DF,Union Berlin,de Bundesliga,27.0,1998.0,34,34,3060.0,34.0,5,0,5,5,0,0,4,0,0.15,0.0,0.15,0.15,0.15,Matches,5,45,11,24.4,1.32,0.32,0.11,0.45,0,0,Matches,,,,,,,,,,,,,,,0,,,,,,Matches,,31,,,,,,,,,,,42,,,,Matches,,,,,,,,,,,,,,,,,,,,,Matches,danilho doekhi,4.879229350015521,0.54770487267524,4.879229350015521,4.549193911254406,3.164020985364914
745,Matt Doherty,ie IRL,"DF,MF",Wolves,eng Premier League,33.0,1992.0,11,11,787.0,8.7,0,0,0,0,0,0,4,0,0.0,0.0,0.0,0.0,0.0,Matches,0,3,0,0.0,0.34,0.0,0.0,,0,0,Matches,,,,,,,,,,,,,,,0,,,,,,Matches,,8,,,,,,,,,,,7,,,,Matches,,,,,,,,,,,,,,,,,,,,,Matches,matt doherty,0.0822684839367866,0.172796219587326,0.0822684839367866,0.3009897619485855,0.1281935349106788
746,Josh Doig,sct SCO,DF,Sassuolo,it Serie A,23.0,2002.0,30,22,1917.0,21.3,0,0,0,0,0,0,5,0,0.0,0.0,0.0,0.0,0.0,Matches,0,11,4,36.4,0.52,0.19,0.0,0.0,0,0,Matches,,,,,,,,,,,,,,,0,,,,,,Matches,,20,,,,,,,,,,,22,,,,Matches,,,,,,,,,,,,,,,,,,,,,Matches,josh doig,0.7494111750274897,1.5034504160284996,0.7494111750274897,5.639150124043226,4.256728074979037
747,Jeremy Doku,be BEL,"MF,FW",Manchester City,eng Premier League,23.0,2002.0,30,19,1784.0,19.8,5,5,10,5,0,0,0,0,0.25,0.25,0.5,0.25,0.5,Matches,5,39,15,38.5,1.97,0.76,0.13,0.33,0,0,Matches,,,,,,,,,,,,,,,5,,,,,,Matches,,16,,,,,,,,,,,12,,,,Matches,,,,,,,,,,,,,,,,,,,,,Matches,jeremy doku,3.9999447921290994,7.553412737324834,3.9999447921290994,18.843964545056224,9.702232458628714
748,Tyrhys Dolan,eng ENG,MF,Espanyol,es La Liga,23.0,2001.0,36,28,2415.0,26.8,2,5,7,2,0,0,7,1,0.07,0.19,0.26,0.07,0.26,Matches,2,34,12,35.3,1.27,0.45,0.06,0.17,0,0,Matches,,,,,,,,,,,,,,,5,,,,,,Matches,,35,,,,,,,,,,,15,,,,Matches,,,,,,,,,,,,,,,,,,,,,Matches,tyrhys dolan,2.763452537357807,4.420420179143548,2.763452537357807,9.854958691634238,4.32685121987015
750,Benjamín Domínguez,ar ARG,MF,Bologna,it Serie A,21.0,2003.0,15,6,547.0,6.1,0,3,3,0,0,0,1,0,0.0,0.49,0.49,0.0,0.49,Matches,0,12,2,16.7,1.97,0.33,0.0,0.0,0,0,Matches,,,,,,,,,,,,,,,3,,,,,,Matches,,2,,,,,,,,,,,2,,,,Matches,,,,,,,,,,,,,,,,,,,,,Matches,benjamin dominguez,0.6471717953681946,0.2637887708842754,0.6471717953681946,2.346475001424551,1.5743254204280674
751,Carlos Dominguez,es ESP,DF,Celta Vigo,es La Liga,24.0,2001.0,8,6,610.0,6.8,0,0,0,0,0,0,1,0,0.0,0.0,0.0,0.0,0.0,Matches,0,2,1,50.0,0.3,0.15,0.0,0.0,0,0,Matches,,,,,,,,,,,,,,,0,,,,,,Matches,,8,,,,,,,,,,,5,,,,Matches,,,,,,,,,,,,,,,,,,,,,Matches,carlos dominguez,0.4936205185949802,0.0324050560593605,0.4936205185949802,2.678647793829441,2.646242737770081
752,Nicolás Domínguez,ar ARG,MF,Nottingham,eng Premier League,27.0,1998.0,27,17,1175.0,13.1,1,1,2,1,0,0,3,0,0.08,0.08,0.15,0.08,0.15,Matches,1,18,5,27.8,1.38,0.38,0.06,0.2,0,0,Matches,,,,,,,,,,,,,,,1,,,,,,Matches,,30,,,,,,,,,,,6,,,,Matches,,,,,,,,,,,,,,,,,,,,,Matches,nicolas dominguez,1.01239497307688,1.2798706572502851,1.01239497307688,5.395301561802626,4.228683076798916
753,Jean-Luc Dompé,fr FRA,"FW,MF",Hamburger SV,de Bundesliga,29.0,1995.0,20,12,1138.0,12.6,3,0,3,2,1,1,0,0,0.24,0.0,0.24,0.16,0.16,Matches,3,25,12,48.0,1.98,0.95,0.12,0.25,1,1,Matches,,,,,,,,,,,,,,,0,,,,,,Matches,,5,,,,,,,,,,,0,,,,Matches,,,,,,,,,,,,,,,,,,,,,Matches,jean luc dompe,2.179867002181709,4.045239001512528,1.4220903245732188,5.373646780848503,1.3945018351078031
754,John Donald,es ESP,"DF,MF",Elche,es La Liga,24.0,2000.0,21,6,665.0,7.4,1,0,1,1,0,0,3,0,0.14,0.0,0.14,0.14,0.14,Matches,1,6,2,33.3,0.81,0.27,0.17,0.5,0,0,Matches,,,,,,,,,,,,,,,0,,,,,,Matches,,12,,,,,,,,,,,8,,,,Matches,,,,,,,,,,,,,,,,,,,,,Matches,john donald,1.034037446603179,0.0337561890482902,1.034037446603179,4.0597220826894045,2.991928454488516
755,Gianluigi Donnarumma,it ITA,GK,Manchester City,eng Premier League,26.0,1999.0,34,34,3060.0,34.0,0,0,0,0,0,0,8,0,0.0,0.0,0.0,0.0,0.0,Matches,0,0,0,,0.0,0.0,,,0,0,Matches,,,,,,,,,,,,,,,0,,,,,,Matches,,0,,,,,,,,,,,1,,,,Matches,,,,,,,,,,,,,,,,,,,,,Matches,gianluigi donnarumma,0.0,0.0,0.0,7.177661042660475,7.177661042660475
757,Patrick Dorgu,dk DEN,MF,Manchester Utd,eng Premier League,20.0,2004.0,26,15,1449.0,16.1,4,4,8,4,0,0,5,0,0.25,0.25,0.5,0.25,0.5,Matches,4,25,11,44.0,1.55,0.68,0.16,0.36,0,0,Matches,,,,,,,,,,,,,,,4,,,,,,Matches,,30,,,,,,,,,,,16,,,,Matches,,,,,,,,,,,,,,,,,,,,,Matches,patrick dorgu,2.987284906208515,3.1112868897616863,2.987284906208515,6.977159338071942,1.9963069763034584
758,Niklas Dorsch,de GER,MF,Heidenheim,de Bundesliga,27.0,1998.0,32,27,2258.0,25.1,0,1,1,0,0,0,2,0,0.0,0.04,0.04,0.0,0.04,Matches,0,14,3,21.4,0.56,0.12,0.0,0.0,0,0,Matches,,,,,,,,,,,,,,,1,,,,,,Matches,,31,,,,,,,,,,,19,,,,Matches,,,,,,,,,,,,,,,,,,,,,Matches,niklas dorsch,0.565851017832756,2.0714712161570787,0.565851017832756,9.595492578111587,9.10862572863698
759,Alberto Dossena,it ITA,DF,Cagliari,it Serie A,26.0,1998.0,12,9,859.0,9.5,0,1,1,0,0,0,5,0,0.0,0.1,0.1,0.0,0.1,Matches,0,7,2,28.6,0.73,0.21,0.0,0.0,0,0,Matches,,,,,,,,,,,,,,,1,,,,,,Matches,,13,,,,,,,,,,,9,,,,Matches,,,,,,,,,,,,,,,,,,,,,Matches,alberto dossena,0.8983321329578757,0.6100350879132748,0.8983321329578757,1.512564353644848,1.2154917791485786
761,Fodé Doucouré,ml MLI,"MF,FW",Le Havre,fr Ligue 1,24.0,2001.0,26,15,1239.0,13.8,3,1,4,3,0,0,2,0,0.22,0.07,0.29,0.22,0.29,Matches,3,20,8,40.0,1.45,0.58,0.15,0.38,0,0,Matches,,,,,,,,,,,,,,,1,,,,,,Matches,,26,,,,,,,,,,,9,,,,Matches,,,,,,,,,,,,,,,,,,,,,Matches,fode doucoure,2.584720955230296,2.5097016375511885,2.584720955230296,7.345032512210309,2.81273215636611
764,Désiré Doué,fr FRA,"FW,MF",PSG,fr Ligue 1,20.0,2005.0,23,16,1348.0,15.0,7,4,11,7,0,1,0,0,0.47,0.27,0.73,0.47,0.73,Matches,7,55,19,34.5,3.67,1.27,0.13,0.37,0,1,Matches,,,,,,,,,,,,,,,4,,,,,,Matches,,20,,,,,,,,,,,12,,,,Matches,,,,,,,,,,,,,,,,,,,,,Matches,desire doue,8.188008099794388,3.8526204489171514,7.427912965416908,15.078180879354475,6.510691784322262
765,Guéla Doué,ci CIV,"DF,MF",Strasbourg,fr Ligue 1,22.0,2002.0,24,23,2061.0,22.9,2,6,8,2,0,0,3,0,0.09,0.26,0.35,0.09,0.35,Matches,2,12,5,41.7,0.52,0.22,0.17,0.4,0,0,Matches,,,,,,,,,,,,,,,6,,,,,,Matches,,38,,,,,,,,,,,27,,,,Matches,,,,,,,,,,,,,,,,,,,,,Matches,guela doue,1.8365227379836144,2.7406088560819626,1.8365227379836144,10.025115761905909,7.648034475743771
766,Ismaël Doukouré,fr FRA,"DF,MF",Strasbourg,fr Ligue 1,22.0,2003.0,25,25,2072.0,23.0,0,2,2,0,0,0,4,2,0.0,0.09,0.09,0.0,0.09,Matches,0,7,3,42.9,0.3,0.13,0.0,0.0,0,0,Matches,,,,,,,,,,,,,,,2,,,,,,Matches,,11,,,,,,,,,,,24,,,,Matches,,,,,,,,,,,,,,,,,,,,,Matches,ismael doukoure,0.520645690150559,0.7339983405545354,0.520645690150559,8.15952231734991,7.986851118505001
767,Kamory Doumbia,ml MLI,MF,Brest,fr Ligue 1,22.0,2003.0,24,22,1750.0,19.4,5,4,9,5,0,0,6,0,0.26,0.21,0.46,0.26,0.46,Matches,5,43,14,32.6,2.21,0.72,0.12,0.36,0,0,Matches,,,,,,,,,,,,,,,4,,,,,,Matches,,30,,,,,,,,,,,20,,,,Matches,,,,,,,,,,,,,,,,,,,,,Matches,kamory doumbia,4.997975110076368,4.44614515081048,4.997975110076368,12.94832083582878,4.904536673799157
768,Anastasios Douvikas,gr GRE,FW,Como,it Serie A,25.0,1999.0,38,25,2273.0,25.3,14,1,15,13,1,1,0,0,0.55,0.04,0.59,0.51,0.55,Matches,14,65,30,46.2,2.57,1.19,0.22,0.47,1,1,Matches,,,,,,,,,,,,,,,1,,,,,,Matches,,10,,,,,,,,,,,4,,,,Matches,,,,,,,,,,,,,,,,,,,,,Matches,anastasios douvikas,15.170707620680332,2.2419783361256123,14.409408785402777,18.061821380630136,3.230370203964412
771,Damion Downs,us USA,FW,Hamburger SV,de Bundesliga,21.0,2004.0,12,6,536.0,6.0,0,0,0,0,0,0,0,0,0.0,0.0,0.0,0.0,0.0,Matches,0,7,4,57.1,1.18,0.67,0.0,0.0,0,0,Matches,,,,,,,,,,,,,,,0,,,,,,Matches,,2,,,,,,,,,,,0,,,,Matches,,,,,,,,,,,,,,,,,,,,,Matches,damion downs,0.4918728657066822,0.7069971961900592,0.4918728657066822,1.3340397626161575,0.1351697221398353
772,Radu Drăgușin,ro ROU,DF,Tottenham,eng Premier League,23.0,2002.0,10,5,517.0,5.7,0,0,0,0,0,0,0,0,0.0,0.0,0.0,0.0,0.0,Matches,0,4,0,0.0,0.7,0.0,0.0,,0,0,Matches,,,,,,,,,,,,,,,0,,,,,,Matches,,3,,,,,,,,,,,16,,,,Matches,,,,,,,,,,,,,,,,,,,,,Matches,radu dragusin,0.2077605351805687,0.0,0.2077605351805687,0.8118065074086189,0.8118065074086189
774,Domingos Duarte,pt POR,DF,Getafe,es La Liga,30.0,1995.0,34,34,2923.0,32.5,1,1,2,1,0,0,11,0,0.03,0.03,0.06,0.03,0.06,Matches,1,13,4,30.8,0.4,0.12,0.08,0.25,0,0,Matches,,,,,,,,,,,,,,,1,,,,,,Matches,,18,,,,,,,,,,,33,,,,Matches,,,,,,,,,,,,,,,,,,,,,Matches,domingos duarte,0.8303996156901121,0.9081846736371516,0.8303996156901121,1.415994401089847,1.2935767909511924
775,Martin Dúbravka,sk SVK,GK,Burnley,eng Premier League,36.0,1989.0,35,35,3150.0,35.0,0,0,0,0,0,0,1,0,0.0,0.0,0.0,0.0,0.0,Matches,0,0,0,,0.0,0.0,,,0,0,Matches,,,,,,,,,,,,,,,0,,,,,,Matches,,1,,,,,,,,,,,0,,,,Matches,,,,,,,,,,,,,,,,,,,,,Matches,martin dubravka,0.0,0.0,0.0,2.838488420471549,2.838488420471549
776,Denzel Dumfries,nl NED,MF,Inter,it Serie A,29.0,1996.0,20,15,1325.0,14.7,3,1,4,3,0,0,2,0,0.2,0.07,0.27,0.2,0.27,Matches,3,23,5,21.7,1.56,0.34,0.13,0.6,0,0,Matches,,,,,,,,,,,,,,,1,,,,,,Matches,,9,,,,,,,,,,,7,,,,Matches,,,,,,,,,,,,,,,,,,,,,Matches,denzel dumfries,3.654471157118678,1.4058833941817284,3.654471157118678,8.609596928581595,4.1475053410977125
777,Lewis Dunk,eng ENG,DF,Brighton,eng Premier League,33.0,1991.0,33,31,2838.0,31.5,1,0,1,1,0,0,10,0,0.03,0.0,0.03,0.03,0.03,Matches,1,23,3,13.0,0.73,0.1,0.04,0.33,0,0,Matches,,,,,,,,,,,,,,,0,,,,,,Matches,,22,,,,,,,,,,,30,,,,Matches,,,,,,,,,,,,,,,,,,,,,Matches,lewis dunk,1.3368871174752712,0.5454101115465164,1.3368871174752712,12.689484484493732,12.6021059602499
778,Maxime Dupé,fr FRA,GK,Nice,fr Ligue 1,32.0,1993.0,8,8,720.0,8.0,0,0,0,0,0,0,0,0,0.0,0.0,0.0,0.0,0.0,Matches,0,0,0,,0.0,0.0,,,0,0,Matches,,,,,,,,,,,,,,,0,,,,,,Matches,,0,,,,,,,,,,,0,,,,Matches,,,,,,,,,,,,,,,,,,,,,Matches,maxime dupe,0.0,0.0287394300103187,0.0,0.6414920538663864,0.6414920538663864
779,Pablo Durán,es ESP,"FW,MF",Celta Vigo,es La Liga,24.0,2001.0,30,17,1425.0,15.8,2,2,4,2,0,0,1,0,0.13,0.13,0.25,0.13,0.25,Matches,2,37,15,40.5,2.34,0.95,0.05,0.13,0,0,Matches,,,,,,,,,,,,,,,2,,,,,,Matches,,11,,,,,,,,,,,7,,,,Matches,,,,,,,,,,,,,,,,,,,,,Matches,pablo duran,4.305393448099494,2.150256644003093,4.305393448099494,6.900707961991429,1.5438736779615283
780,Hugo Duro,es ESP,FW,Valencia,es La Liga,25.0,1999.0,36,22,1979.0,22.0,10,0,10,9,1,2,4,0,0.45,0.0,0.45,0.41,0.41,Matches,10,36,14,38.9,1.64,0.64,0.28,0.71,1,2,Matches,,,,,,,,,,,,,,,0,,,,,,Matches,,9,,,,,,,,,,,3,,,,Matches,,,,,,,,,,,,,,,,,,,,,Matches,hugo duro,10.062427267432213,1.7364629544317722,8.575872018933296,11.142762534320354,2.7996803987771277
782,Paulo Dybala,ar ARG,"MF,FW",Roma,it Serie A,31.0,1993.0,22,15,1354.0,15.0,2,6,8,2,0,1,0,0,0.13,0.4,0.53,0.13,0.53,Matches,2,43,18,41.9,2.86,1.2,0.05,0.11,0,1,Matches,,,,,,,,,,,,,,,6,,,,,,Matches,,6,,,,,,,,,,,5,,,,Matches,,,,,,,,,,,,,,,,,,,,,Matches,paulo dybala,6.285113666206598,6.363388704136014,5.523814860731363,11.41634314134717,3.380848379805684
784,Adam Dźwigała,pl POL,DF,St Pauli,de Bundesliga,29.0,1995.0,19,14,1288.0,14.3,1,1,2,1,0,0,5,0,0.07,0.07,0.14,0.07,0.14,Matches,1,4,2,50.0,0.28,0.14,0.25,0.5,0,0,Matches,,,,,,,,,,,,,,,1,,,,,,Matches,,27,,,,,,,,,,,25,,,,Matches,,,,,,,,,,,,,,,,,,,,,Matches,adam dzwiga a,,,,,
785,Aron Dønnum,no NOR,MF,Toulouse,fr Ligue 1,27.0,1998.0,28,28,2419.0,26.9,4,4,8,1,3,3,10,1,0.15,0.15,0.3,0.04,0.19,Matches,4,40,14,35.0,1.49,0.52,0.1,0.29,3,3,Matches,,,,,,,,,,,,,,,4,,,,,,Matches,,29,,,,,,,,,,,29,,,,Matches,,,,,,,,,,,,,,,,,,,,,Matches,aron d nnum,4.60387984290719,6.289067713543773,2.323594458401203,11.223862638697028,5.957076565362513
788,Simon Ebonog,cm CMR,MF,Le Havre,fr Ligue 1,20.0,2004.0,30,21,1759.0,19.5,1,0,1,1,0,0,8,0,0.05,0.0,0.05,0.05,0.05,Matches,1,22,4,18.2,1.13,0.2,0.05,0.25,0,0,Matches,,,,,,,,,,,,,,,0,,,,,,Matches,,21,,,,,,,,,,,24,,,,Matches,,,,,,,,,,,,,,,,,,,,,Matches,simon ebonog,1.9645931422710416,0.3390792347490787,1.9645931422710416,3.289260070770979,1.3946211924776435
790,Enzo Ebosse,cm CMR,DF,Torino,it Serie A,26.0,1999.0,13,13,1115.0,12.4,0,1,1,0,0,0,3,0,0.0,0.08,0.08,0.0,0.08,Matches,0,0,0,,0.0,0.0,,,0,0,Matches,,,,,,,,,,,,,,,1,,,,,,Matches,,6,,,,,,,,,,,10,,,,Matches,,,,,,,,,,,,,,,,,,,,,Matches,enzo ebosse,0.0585717372596263,0.522622860968113,0.0585717372596263,4.712129931896925,4.59448878094554
791,Claudio Echeverri,ar ARG,"FW,MF",Girona,es La Liga,19.0,2006.0,17,5,624.0,6.9,1,1,2,1,0,0,4,0,0.14,0.14,0.29,0.14,0.29,Matches,1,21,7,33.3,3.03,1.01,0.05,0.14,0,0,Matches,,,,,,,,,,,,,,,1,,,,,,Matches,,6,,,,,,,,,,,1,,,,Matches,,,,,,,,,,,,,,,,,,,,,Matches,claudio echeverri,2.120521953329444,1.088322913274169,2.120521953329444,4.070073027163744,1.4420119039714336
795,Andrias Edmundsson,fo FRO,DF,Hellas Verona,it Serie A,24.0,2000.0,15,15,1319.0,14.7,0,0,0,0,0,0,3,0,0.0,0.0,0.0,0.0,0.0,Matches,0,4,1,25.0,0.27,0.07,0.0,0.0,0,0,Matches,,,,,,,,,,,,,,,0,,,,,,Matches,,20,,,,,,,,,,,28,,,,Matches,,,,,,,,,,,,,,,,,,,,,Matches,andrias edmundsson,0.1617794651538133,0.0372264459729194,0.1617794651538133,1.4167888052761557,1.2710703536868095
797,Odsonne Édouard,fr FRA,FW,Lens,fr Ligue 1,27.0,1998.0,29,26,1796.0,20.0,12,3,15,11,1,1,2,0,0.6,0.15,0.75,0.55,0.7,Matches,12,60,31,51.7,3.01,1.55,0.2,0.39,1,1,Matches,,,,,,,,,,,,,,,3,,,,,,Matches,,4,,,,,,,,,,,4,,,,Matches,,,,,,,,,,,,,,,,,,,,,Matches,odsonne edouard,0.0,0.0,0.0,0.0,0.0
800,Marcus Edwards,eng ENG,"MF,FW",Burnley,eng Premier League,26.0,1998.0,23,11,1067.0,11.9,1,3,4,1,0,0,0,0,0.08,0.25,0.34,0.08,0.34,Matches,1,23,6,26.1,1.94,0.51,0.04,0.17,0,0,Matches,,,,,,,,,,,,,,,3,,,,,,Matches,,6,,,,,,,,,,,3,,,,Matches,,,,,,,,,,,,,,,,,,,,,Matches,marcus edwards,2.2835088558495045,2.546008862555027,2.2835088558495045,6.092996638268232,3.1580835357308388
801,CJ Egan-Riley,eng ENG,"DF,MF",Marseille,fr Ligue 1,22.0,2003.0,11,8,624.0,6.9,0,0,0,0,0,0,1,1,0.0,0.0,0.0,0.0,0.0,Matches,0,0,0,,0.0,0.0,,,0,0,Matches,,,,,,,,,,,,,,,0,,,,,,Matches,,7,,,,,,,,,,,2,,,,Matches,,,,,,,,,,,,,,,,,,,,,Matches,cj egan riley,0.0,0.5053555741906166,0.0,2.0329333720728755,1.5275778053328395
802,Maximilian Eggestein,de GER,MF,Freiburg,de Bundesliga,28.0,1996.0,34,34,3060.0,34.0,3,1,4,3,0,0,4,0,0.09,0.03,0.12,0.09,0.12,Matches,3,44,13,29.5,1.29,0.38,0.07,0.23,0,0,Matches,,,,,,,,,,,,,,,1,,,,,,Matches,,34,,,,,,,,,,,31,,,,Matches,,,,,,,,,,,,,,,,,,,,,Matches,maximilian eggestein,3.3948508631438017,1.4131045453250408,3.3948508631438017,10.904619429260492,8.16909633204341
803,Kingsley Ehizibue,nl NED,"MF,DF",Udinese,it Serie A,30.0,1995.0,32,20,1811.0,20.1,2,0,2,2,0,0,5,0,0.1,0.0,0.1,0.1,0.1,Matches,2,9,2,22.2,0.45,0.1,0.22,1.0,0,0,Matches,,,,,,,,,,,,,,,0,,,,,,Matches,,31,,,,,,,,,,,13,,,,Matches,,,,,,,,,,,,,,,,,,,,,Matches,kingsley ehizibue,1.4330500978976488,0.6929862443357706,1.4330500978976488,4.8609745390713215,2.82250913977623
805,Chidera Ejuke,ng NGA,"MF,FW",Sevilla,es La Liga,27.0,1998.0,27,6,932.0,10.4,1,1,2,1,0,0,0,0,0.1,0.1,0.19,0.1,0.19,Matches,1,23,3,13.0,2.22,0.29,0.04,0.33,0,0,Matches,,,,,,,,,,,,,,,1,,,,,,Matches,,13,,,,,,,,,,,7,,,,Matches,,,,,,,,,,,,,,,,,,,,,Matches,chidera ejuke,1.918383196927607,0.9294496746733784,1.918383196927607,4.256661459803581,2.0848007388412952
806,Hjalmar Ekdal,se SWE,DF,Burnley,eng Premier League,26.0,1998.0,19,17,1539.0,17.1,0,0,0,0,0,0,0,0,0.0,0.0,0.0,0.0,0.0,Matches,0,6,1,16.7,0.35,0.06,0.0,0.0,0,0,Matches,,,,,,,,,,,,,,,0,,,,,,Matches,,17,,,,,,,,,,,12,,,,Matches,,,,,,,,,,,,,,,,,,,,,Matches,hjalmar ekdal,0.6082124067470431,0.1681445082649588,0.6082124067470431,2.7116604670882225,2.586940612643957
807,Jeff Ekhator,it ITA,"FW,MF",Genoa,it Serie A,18.0,2006.0,30,9,956.0,10.6,3,0,3,3,0,0,3,0,0.28,0.0,0.28,0.28,0.28,Matches,3,20,5,25.0,1.88,0.47,0.15,0.6,0,0,Matches,,,,,,,,,,,,,,,0,,,,,,Matches,,8,,,,,,,,,,,2,,,,Matches,,,,,,,,,,,,,,,,,,,,,Matches,jeff ekhator,3.187806397676468,0.869433494284749,3.187806397676468,4.847302496433258,1.2906138431280851
808,Hugo Ekitike,fr FRA,FW,Liverpool,eng Premier League,23.0,2002.0,28,21,1803.0,20.0,11,4,15,11,0,0,0,0,0.55,0.2,0.75,0.55,0.75,Matches,11,65,19,29.2,3.24,0.95,0.17,0.58,0,0,Matches,,,,,,,,,,,,,,,4,,,,,,Matches,,7,,,,,,,,,,,4,,,,Matches,,,,,,,,,,,,,,,,,,,,,Matches,hugo ekitike,11.932188130915163,2.49130567535758,11.932188130915163,16.322998896241188,4.886437067762017
809,Jurgen Ekkelenkamp,nl NED,MF,Udinese,it Serie A,25.0,2000.0,31,27,2186.0,24.3,5,3,8,5,0,0,1,0,0.21,0.12,0.33,0.21,0.33,Matches,5,33,15,45.5,1.36,0.62,0.15,0.33,0,0,Matches,,,,,,,,,,,,,,,3,,,,,,Matches,,27,,,,,,,,,,,18,,,,Matches,,,,,,,,,,,,,,,,,,,,,Matches,jurgen ekkelenkamp,4.730059016495943,2.5550372377038,4.730059016495943,10.37775133550167,3.8738196790218353
810,Jacques Ekomie,ga GAB,"DF,MF",Angers,fr Ligue 1,21.0,2003.0,32,25,2239.0,24.9,0,0,0,0,0,0,3,0,0.0,0.0,0.0,0.0,0.0,Matches,0,12,3,25.0,0.48,0.12,0.0,0.0,0,0,Matches,,,,,,,,,,,,,,,0,,,,,,Matches,,32,,,,,,,,,,,31,,,,Matches,,,,,,,,,,,,,,,,,,,,,Matches,jacques ekomie,1.0237290244549513,1.394510144367814,1.0237290244549513,4.699804873205721,2.860295772086829
811,Caleb Ekuban,gh GHA,"FW,MF",Genoa,it Serie A,31.0,1994.0,31,6,994.0,11.0,4,1,5,4,0,0,0,0,0.36,0.09,0.45,0.36,0.45,Matches,4,29,10,34.5,2.63,0.91,0.14,0.4,0,0,Matches,,,,,,,,,,,,,,,1,,,,,,Matches,,1,,,,,,,,,,,5,,,,Matches,,,,,,,,,,,,,,,,,,,,,Matches,caleb ekuban,4.121994238346815,1.2507788091897964,4.121994238346815,4.971754275262356,0.5887844664976001
812,Anthony Elanga,se SWE,"FW,MF",Newcastle,eng Premier League,23.0,2002.0,32,14,1319.0,14.7,0,1,1,0,0,0,0,0,0.0,0.07,0.07,0.0,0.07,Matches,0,17,4,23.5,1.16,0.27,0.0,0.0,0,0,Matches,,,,,,,,,,,,,,,1,,,,,,Matches,,11,,,,,,,,,,,3,,,,Matches,,,,,,,,,,,,,,,,,,,,,Matches,anthony elanga,1.4534468036144972,1.749520514160395,1.4534468036144972,4.289053320884705,1.8433666191995144
813,Daniel Elfadli,ly LBY,DF,Hamburger SV,de Bundesliga,28.0,1997.0,21,15,1253.0,13.9,0,0,0,0,0,0,6,1,0.0,0.0,0.0,0.0,0.0,Matches,0,4,1,25.0,0.29,0.07,0.0,0.0,0,0,Matches,,,,,,,,,,,,,,,0,,,,,,Matches,,14,,,,,,,,,,,20,,,,Matches,,,,,,,,,,,,,,,,,,,,,Matches,daniel elfadli,0.6049705110490322,0.1704634763300418,0.6049705110490322,1.874638892710209,1.6594158932566645
814,Unai Elgezabal,es ESP,"DF,MF",Levante,es La Liga,32.0,1993.0,12,11,958.0,10.6,1,0,1,1,0,0,2,0,0.09,0.0,0.09,0.09,0.09,Matches,1,3,1,33.3,0.28,0.09,0.33,1.0,0,0,Matches,,,,,,,,,,,,,,,0,,,,,,Matches,,4,,,,,,,,,,,4,,,,Matches,,,,,,,,,,,,,,,,,,,,,Matches,unai elgezabal,0.6192532349377871,0.1339095868170261,0.6192532349377871,1.465649597346783,1.465649597346783
816,Mikael Ellertsson,is ISL,MF,Genoa,it Serie A,23.0,2002.0,36,31,2767.0,30.7,1,1,2,1,0,0,1,1,0.03,0.03,0.07,0.03,0.07,Matches,1,26,6,23.1,0.85,0.2,0.04,0.17,0,0,Matches,,,,,,,,,,,,,,,1,,,,,,Matches,,26,,,,,,,,,,,14,,,,Matches,,,,,,,,,,,,,,,,,,,,,Matches,mikael ellertsson,2.1503593772649765,2.5014033168554306,2.1503593772649765,6.250576099380851,3.155878205783665
819,Elif Elmas,mk MKD,"MF,FW",Napoli,it Serie A,25.0,1999.0,33,20,1783.0,19.8,1,3,4,1,0,0,3,0,0.05,0.15,0.2,0.05,0.2,Matches,1,27,9,33.3,1.36,0.45,0.04,0.11,0,0,Matches,,,,,,,,,,,,,,,3,,,,,,Matches,,13,,,,,,,,,,,7,,,,Matches,,,,,,,,,,,,,,,,,,,,,Matches,elif elmas,3.64168831333518,1.7521770196035504,3.64168831333518,8.190225210040808,4.126482693478465
821,Aritz Elustondo,es ESP,DF,Real Sociedad,es La Liga,31.0,1994.0,16,8,720.0,8.0,0,1,1,0,0,0,0,0,0.0,0.12,0.12,0.0,0.12,Matches,0,4,2,50.0,0.5,0.25,0.0,0.0,0,0,Matches,,,,,,,,,,,,,,,1,,,,,,Matches,,8,,,,,,,,,,,10,,,,Matches,,,,,,,,,,,,,,,,,,,,,Matches,aritz elustondo,0.5001932755112648,0.026317611336708,0.5001932755112648,2.531999623402953,2.5056820269674063
822,Nico Elvedi,ch SUI,DF,Gladbach,de Bundesliga,28.0,1996.0,33,33,2966.0,33.0,0,2,2,0,0,0,5,0,0.0,0.06,0.06,0.0,0.06,Matches,0,9,0,0.0,0.27,0.0,0.0,,0,0,Matches,,,,,,,,,,,,,,,2,,,,,,Matches,,32,,,,,,,,,,,40,,,,Matches,,,,,,,,,,,,,,,,,,,,,Matches,nico elvedi,0.3812519991770386,1.362134398892522,0.3812519991770386,8.829203316941857,7.860639678314328
823,Breel Embolo,ch SUI,FW,Rennes,fr Ligue 1,28.0,1997.0,31,20,1872.0,20.8,8,3,11,8,0,0,3,0,0.38,0.14,0.53,0.38,0.53,Matches,8,41,18,43.9,1.97,0.87,0.2,0.44,0,0,Matches,,,,,,,,,,,,,,,3,,,,,,Matches,,14,,,,,,,,,,,4,,,,Matches,,,,,,,,,,,,,,,,,,,,,Matches,breel embolo,9.035452591255307,1.4657922452315688,9.035452591255307,11.81740845553577,3.815189575776458
825,Emersonn,br BRA,FW,Toulouse,fr Ligue 1,21.0,2004.0,27,18,1499.0,16.7,6,2,8,6,0,0,5,1,0.36,0.12,0.48,0.36,0.48,Matches,6,51,19,37.3,3.06,1.14,0.12,0.32,0,0,Matches,,,,,,,,,,,,,,,2,,,,,,Matches,,8,,,,,,,,,,,7,,,,Matches,,,,,,,,,,,,,,,,,,,,,Matches,emersonn,7.415036683902144,1.8788170740008356,7.415036683902144,8.169102063402534,1.4885814795270562
826,Julio Enciso,py PAR,"MF,FW",Strasbourg,fr Ligue 1,21.0,2004.0,27,22,1883.0,20.9,3,6,9,2,1,1,2,0,0.14,0.29,0.43,0.1,0.38,Matches,3,61,22,36.1,2.92,1.05,0.05,0.14,1,1,Matches,,,,,,,,,,,,,,,6,,,,,,Matches,,10,,,,,,,,,,,7,,,,Matches,,,,,,,,,,,,,,,,,,,,,Matches,julio enciso,7.675233259797096,4.41795701906085,6.915138140320778,15.821536289528012,5.9863391406834126
829,Endrick,br BRA,"FW,MF",Lyon,fr Ligue 1,19.0,2006.0,16,14,1215.0,13.5,5,7,12,4,1,1,4,1,0.37,0.52,0.89,0.3,0.81,Matches,5,50,26,52.0,3.7,1.93,0.1,0.19,1,1,Matches,,,,,,,,,,,,,,,7,,,,,,Matches,,9,,,,,,,,,,,2,,,,Matches,,,,,,,,,,,,,,,,,,,,,Matches,endrick,0.0,0.0,0.0,0.0,0.0
830,Yannik Engelhardt,de GER,MF,Gladbach,de Bundesliga,24.0,2001.0,31,29,2487.0,27.6,2,2,4,2,0,0,7,0,0.07,0.07,0.14,0.07,0.14,Matches,2,21,5,23.8,0.76,0.18,0.1,0.4,0,0,Matches,,,,,,,,,,,,,,,2,,,,,,Matches,,23,,,,,,,,,,,36,,,,Matches,,,,,,,,,,,,,,,,,,,,,Matches,yannik engelhardt,,,,,
831,Christian Eriksen,dk DEN,MF,Wolfsburg,de Bundesliga,33.0,1992.0,31,27,2410.0,26.8,3,9,12,0,3,4,4,0,0.11,0.34,0.45,0.0,0.34,Matches,3,38,14,36.8,1.42,0.52,0.08,0.21,3,4,Matches,,,,,,,,,,,,,,,9,,,,,,Matches,,20,,,,,,,,,,,18,,,,Matches,,,,,,,,,,,,,,,,,,,,,Matches,christian eriksen,5.570981449447572,7.904180903919041,2.539874809794128,14.289100974798204,8.979044845327735
832,Aarón Escandell,es ESP,GK,Oviedo,es La Liga,29.0,1995.0,36,36,3240.0,36.0,0,1,1,0,0,0,3,0,0.0,0.03,0.03,0.0,0.03,Matches,0,0,0,,0.0,0.0,,,0,0,Matches,,,,,,,,,,,,,,,1,,,,,,Matches,,0,,,,,,,,,,,0,,,,Matches,,,,,,,,,,,,,,,,,,,,,Matches,aaron escandell,,,,,
834,Carlos Espí,es ESP,FW,Levante,es La Liga,20.0,2005.0,25,13,1343.0,14.9,11,0,11,11,0,0,3,0,0.74,0.0,0.74,0.74,0.74,Matches,11,57,24,42.1,3.82,1.61,0.19,0.46,0,0,Matches,,,,,,,,,,,,,,,0,,,,,,Matches,,7,,,,,,,,,,,9,,,,Matches,,,,,,,,,,,,,,,,,,,,,Matches,carlos espi,9.884630508720877,0.6899255998432636,9.884630508720877,9.323621347546576,0.3610123936086893
835,Alfonso Espino,uy URU,"DF,MF",Rayo Vallecano,es La Liga,33.0,1992.0,30,15,1486.0,16.5,2,0,2,2,0,0,3,0,0.12,0.0,0.12,0.12,0.12,Matches,2,20,9,45.0,1.21,0.55,0.1,0.22,0,0,Matches,,,,,,,,,,,,,,,0,,,,,,Matches,,33,,,,,,,,,,,15,,,,Matches,,,,,,,,,,,,,,,,,,,,,Matches,alfonso espino,2.0612591905519366,3.0738462451845407,2.0612591905519366,7.71520034596324,4.115802895277739
836,Francesco Esposito,it ITA,FW,Inter,it Serie A,20.0,2005.0,35,15,1571.0,17.5,7,3,10,7,0,0,1,0,0.4,0.17,0.57,0.4,0.57,Matches,7,57,23,40.4,3.27,1.32,0.12,0.3,0,0,Matches,,,,,,,,,,,,,,,3,,,,,,Matches,,5,,,,,,,,,,,5,,,,Matches,,,,,,,,,,,,,,,,,,,,,Matches,francesco esposito,9.864515269175172,2.056677933782339,9.864515269175172,13.50071531161666,3.596131581813097
837,Sebastiano Esposito,it ITA,"FW,MF",Cagliari,it Serie A,23.0,2002.0,36,34,2675.0,29.7,7,5,12,6,1,1,6,0,0.24,0.17,0.4,0.2,0.37,Matches,7,57,16,28.1,1.92,0.54,0.12,0.44,1,1,Matches,,,,,,,,,,,,,,,5,,,,,,Matches,,35,,,,,,,,,,,21,,,,Matches,,,,,,,,,,,,,,,,,,,,,Matches,sebastiano esposito,5.744417134672403,5.577771823387593,4.983118314296007,11.48640700429678,4.763355305418372
842,Maxime Estève,fr FRA,DF,Burnley,eng Premier League,23.0,2002.0,34,34,2932.0,32.6,0,0,0,0,0,0,1,0,0.0,0.0,0.0,0.0,0.0,Matches,0,10,1,10.0,0.31,0.03,0.0,0.0,0,0,Matches,,,,,,,,,,,,,,,0,,,,,,Matches,,27,,,,,,,,,,,37,,,,Matches,,,,,,,,,,,,,,,,,,,,,Matches,maxime esteve,0.4516084846109152,0.7021042061969638,0.4516084846109152,4.438025475479662,4.28961091581732
844,Nahuel Estévez,ar ARG,MF,Parma,it Serie A,29.0,1995.0,32,9,1049.0,11.7,0,1,1,0,0,0,2,0,0.0,0.09,0.09,0.0,0.09,Matches,0,9,1,11.1,0.77,0.09,0.0,0.0,0,0,Matches,,,,,,,,,,,,,,,1,,,,,,Matches,,10,,,,,,,,,,,5,,,,Matches,,,,,,,,,,,,,,,,,,,,,Matches,nahuel estevez,0.6303743990138173,1.103767991065979,0.6303743990138173,2.353299428708852,1.3416498266160488
845,Pervis Estupiñán,ec ECU,MF,Milan,it Serie A,27.0,1998.0,19,13,1034.0,11.5,1,1,2,1,0,0,5,1,0.09,0.09,0.17,0.09,0.17,Matches,1,9,1,11.1,0.78,0.09,0.11,1.0,0,0,Matches,,,,,,,,,,,,,,,1,,,,,,Matches,,9,,,,,,,,,,,11,,,,Matches,,,,,,,,,,,,,,,,,,,,,Matches,pervis estupinan,,,,,
847,Karl Etta Eyong,cm CMR,FW,Levante,es La Liga,21.0,2003.0,30,15,1416.0,15.7,6,2,8,6,0,1,3,0,0.38,0.13,0.51,0.38,0.51,Matches,6,43,21,48.8,2.73,1.33,0.14,0.29,0,1,Matches,,,,,,,,,,,,,,,2,,,,,,Matches,,11,,,,,,,,,,,6,,,,Matches,,,,,,,,,,,,,,,,,,,,,Matches,karl etta eyong,,,,,
848,Evanilson,br BRA,FW,Bournemouth,eng Premier League,25.0,1999.0,36,32,2742.0,30.5,6,1,7,6,0,0,2,0,0.2,0.03,0.23,0.2,0.23,Matches,6,72,23,31.9,2.36,0.75,0.08,0.26,0,0,Matches,,,,,,,,,,,,,,,1,,,,,,Matches,,5,,,,,,,,,,,6,,,,Matches,,,,,,,,,,,,,,,,,,,,,Matches,evanilson,11.830083925276996,3.069119781255722,11.830083925276996,15.950044002383947,3.485610034316778
849,Edu Expósito,es ESP,MF,Espanyol,es La Liga,28.0,1996.0,36,32,2523.0,28.0,1,6,7,1,0,0,9,0,0.04,0.21,0.25,0.04,0.25,Matches,1,44,13,29.5,1.57,0.46,0.02,0.08,0,0,Matches,,,,,,,,,,,,,,,6,,,,,,Matches,,29,,,,,,,,,,,24,,,,Matches,,,,,,,,,,,,,,,,,,,,,Matches,edu exposito,2.578492414671928,8.028833229094744,2.578492414671928,10.837253779172896,6.840502029284835
850,Eberechi Eze,eng ENG,"MF,FW",Arsenal,eng Premier League,27.0,1998.0,32,21,1812.0,20.1,7,2,9,7,0,0,1,0,0.35,0.1,0.45,0.35,0.45,Matches,7,57,18,31.6,2.83,0.89,0.12,0.39,0,0,Matches,,,,,,,,,,,,,,,2,,,,,,Matches,,13,,,,,,,,,,,11,,,,Matches,,,,,,,,,,,,,,,,,,,,,Matches,eberechi eze,4.807457456365228,2.63351690210402,4.807457456365228,10.355983335524796,4.074069639667869
852,Abde Ezzalzouli,ma MAR,"MF,FW",Real Betis,es La Liga,23.0,2001.0,29,26,2247.0,25.0,10,8,18,10,0,0,3,0,0.4,0.32,0.72,0.4,0.72,Matches,10,73,26,35.6,2.92,1.04,0.14,0.38,0,0,Matches,,,,,,,,,,,,,,,8,,,,,,Matches,,32,,,,,,,,,,,15,,,,Matches,,,,,,,,,,,,,,,,,,,,,Matches,abde ezzalzouli,10.301263853907583,6.2180118300020695,10.301263853907583,18.697799935936928,4.9303385354578495
853,Giovanni Fabbian,it ITA,MF,Bologna,it Serie A,22.0,2003.0,14,8,705.0,7.8,2,0,2,2,0,0,0,0,0.26,0.0,0.26,0.26,0.26,Matches,2,14,4,28.6,1.79,0.51,0.14,0.5,0,0,Matches,,,,,,,,,,,,,,,0,,,,,,Matches,,4,,,,,,,,,,,5,,,,Matches,,,,,,,,,,,,,,,,,,,,,Matches,giovanni fabbian,2.665424160659313,1.65299897454679,2.665424160659313,5.044444873929024,1.9827907886356115
854,Giovanni Fabbian,it ITA,MF,Fiorentina,it Serie A,22.0,2003.0,15,4,468.0,5.2,0,0,0,0,0,0,2,0,0.0,0.0,0.0,0.0,0.0,Matches,0,7,2,28.6,1.35,0.38,0.0,0.0,0,0,Matches,,,,,,,,,,,,,,,0,,,,,,Matches,,2,,,,,,,,,,,1,,,,Matches,,,,,,,,,,,,,,,,,,,,,Matches,giovanni fabbian,2.665424160659313,1.65299897454679,2.665424160659313,5.044444873929024,1.9827907886356115
855,Alieu Fadera,gm GAM,FW,Sassuolo,it Serie A,23.0,2001.0,28,8,987.0,11.0,2,1,3,2,0,0,5,0,0.18,0.09,0.27,0.18,0.27,Matches,2,13,4,30.8,1.19,0.36,0.15,0.5,0,0,Matches,,,,,,,,,,,,,,,1,,,,,,Matches,,23,,,,,,,,,,,5,,,,Matches,,,,,,,,,,,,,,,,,,,,,Matches,alieu fadera,2.3619886562228203,0.87881900370121,2.3619886562228203,4.041427066549659,1.7654694616794586
856,Wout Faes,be BEL,DF,Monaco,fr Ligue 1,27.0,1998.0,14,13,1141.0,12.7,0,0,0,0,0,0,3,0,0.0,0.0,0.0,0.0,0.0,Matches,0,5,1,20.0,0.39,0.08,0.0,0.0,0,0,Matches,,,,,,,,,,,,,,,0,,,,,,Matches,,12,,,,,,,,,,,14,,,,Matches,,,,,,,,,,,,,,,,,,,,,Matches,wout faes,0.559219591319561,0.040780272334814,0.559219591319561,3.3923608884215355,3.3923608884215355
857,Nicolò Fagioli,it ITA,MF,Fiorentina,it Serie A,24.0,2001.0,33,30,2554.0,28.4,2,3,5,2,0,0,5,0,0.07,0.11,0.18,0.07,0.18,Matches,2,33,7,21.2,1.16,0.25,0.06,0.29,0,0,Matches,,,,,,,,,,,,,,,3,,,,,,Matches,,31,,,,,,,,,,,18,,,,Matches,,,,,,,,,,,,,,,,,,,,,Matches,nicolo fagioli,1.9044424574822187,5.224352169781923,1.9044424574822187,15.326580483466389,11.083079390227796
858,Romain Faivre,fr FRA,"MF,FW",Auxerre,fr Ligue 1,27.0,1998.0,10,7,581.0,6.5,0,2,2,0,0,0,0,0,0.0,0.31,0.31,0.0,0.31,Matches,0,11,3,27.3,1.7,0.46,0.0,0.0,0,0,Matches,,,,,,,,,,,,,,,2,,,,,,Matches,,4,,,,,,,,,,,6,,,,Matches,,,,,,,,,,,,,,,,,,,,,Matches,romain faivre,0.4254572987556457,1.0503338649868963,0.4254572987556457,0.9647739827632904,0.6326931342482567
860,Wladimiro Falcone,it ITA,GK,Lecce,it Serie A,30.0,1995.0,38,38,3420.0,38.0,0,0,0,0,0,0,2,0,0.0,0.0,0.0,0.0,0.0,Matches,0,0,0,,0.0,0.0,,,0,0,Matches,,,,,,,,,,,,,,,0,,,,,,Matches,,2,,,,,,,,,,,0,,,,Matches,,,,,,,,,,,,,,,,,,,,,Matches,wladimiro falcone,0.0,0.0365259833633899,0.0,0.8861004188656807,0.8495744355022907
861,Ansu Fati,es ESP,"MF,FW",Monaco,fr Ligue 1,22.0,2002.0,25,10,1093.0,12.1,11,0,11,8,3,4,1,0,0.91,0.0,0.91,0.66,0.66,Matches,11,43,24,55.8,3.54,1.98,0.26,0.46,3,4,Matches,,,,,,,,,,,,,,,0,,,,,,Matches,,9,,,,,,,,,,,2,,,,Matches,,,,,,,,,,,,,,,,,,,,,Matches,ansu fati,11.288535937666891,1.9022937566041944,8.248155388981104,12.93921096622944,4.0356128960847855
862,Abdoulaye Faye,sn SEN,DF,Lorient,fr Ligue 1,20.0,2004.0,17,16,1444.0,16.0,0,0,0,0,0,0,8,0,0.0,0.0,0.0,0.0,0.0,Matches,0,8,2,25.0,0.5,0.12,0.0,0.0,0,0,Matches,,,,,,,,,,,,,,,0,,,,,,Matches,,24,,,,,,,,,,,28,,,,Matches,,,,,,,,,,,,,,,,,,,,,Matches,abdoulaye faye,0.575211126357317,0.0521239135414361,0.575211126357317,3.336865071207285,3.3101836778223515
863,Jacopo Fazzini,it ITA,"MF,FW",Fiorentina,it Serie A,22.0,2003.0,20,5,584.0,6.5,0,0,0,0,0,0,2,0,0.0,0.0,0.0,0.0,0.0,Matches,0,9,1,11.1,1.39,0.15,0.0,0.0,0,0,Matches,,,,,,,,,,,,,,,0,,,,,,Matches,,10,,,,,,,,,,,5,,,,Matches,,,,,,,,,,,,,,,,,,,,,Matches,jacopo fazzini,0.8832504265010357,0.7231574095785618,0.8832504265010357,1.994159899652004,0.4615865107625723
864,Aleix Febas,es ESP,MF,Elche,es La Liga,29.0,1996.0,36,36,3160.0,35.1,2,2,4,2,0,0,10,0,0.06,0.06,0.11,0.06,0.11,Matches,2,23,8,34.8,0.66,0.23,0.09,0.25,0,0,Matches,,,,,,,,,,,,,,,2,,,,,,Matches,,46,,,,,,,,,,,27,,,,Matches,,,,,,,,,,,,,,,,,,,,,Matches,aleix febas,2.1838237196207047,2.102244376204908,2.1838237196207047,16.84352259710431,14.49692191183567
866,Luiz Felipe,it ITA,DF,Rayo Vallecano,es La Liga,28.0,1997.0,10,7,470.0,5.2,0,0,0,0,0,0,1,0,0.0,0.0,0.0,0.0,0.0,Matches,0,3,1,33.3,0.57,0.19,0.0,0.0,0,0,Matches,,,,,,,,,,,,,,,0,,,,,,Matches,,8,,,,,,,,,,,7,,,,Matches,,,,,,,,,,,,,,,,,,,,,Matches,luiz felipe,0.2370056584477424,0.0198127329349517,0.2370056584477424,0.7661405727267265,0.7661405727267265
869,Robin Fellhauer,de GER,MF,Augsburg,de Bundesliga,27.0,1998.0,34,31,2799.0,31.1,3,2,5,3,0,0,2,0,0.1,0.06,0.16,0.1,0.16,Matches,3,30,9,30.0,0.96,0.29,0.1,0.33,0,0,Matches,,,,,,,,,,,,,,,2,,,,,,Matches,,43,,,,,,,,,,,22,,,,Matches,,,,,,,,,,,,,,,,,,,,,Matches,robin fellhauer,2.591770839877426,2.142268791794777,2.591770839877426,8.661767035722733,4.585818454623222
870,Kiko Femenía,es ESP,"DF,MF",Getafe,es La Liga,34.0,1991.0,28,25,2008.0,22.3,1,1,2,1,0,0,6,0,0.04,0.04,0.09,0.04,0.09,Matches,1,8,3,37.5,0.36,0.13,0.13,0.33,0,0,Matches,,,,,,,,,,,,,,,1,,,,,,Matches,,24,,,,,,,,,,,36,,,,Matches,,,,,,,,,,,,,,,,,,,,,Matches,kiko femenia,0.9618913042359054,1.918883431702852,0.9618913042359054,3.811133926734328,1.2898593991994858
871,Evan Ferguson,ie IRL,FW,Roma,it Serie A,20.0,2004.0,16,10,773.0,8.6,3,2,5,3,0,0,1,0,0.35,0.23,0.58,0.35,0.58,Matches,3,27,15,55.6,3.14,1.75,0.11,0.2,0,0,Matches,,,,,,,,,,,,,,,2,,,,,,Matches,,4,,,,,,,,,,,1,,,,Matches,,,,,,,,,,,,,,,,,,,,,Matches,evan ferguson,3.4807619526982307,1.686270648613572,3.4807619526982307,5.405015859752893,1.0331951715052128
872,Lewis Ferguson,sct SCO,MF,Bologna,it Serie A,25.0,1999.0,27,17,1601.0,17.8,1,0,1,1,0,0,7,1,0.06,0.0,0.06,0.06,0.06,Matches,1,13,2,15.4,0.73,0.11,0.08,0.5,0,0,Matches,,,,,,,,,,,,,,,0,,,,,,Matches,,16,,,,,,,,,,,12,,,,Matches,,,,,,,,,,,,,,,,,,,,,Matches,lewis ferguson,0.6512357760220766,1.5657932441681623,0.6512357760220766,5.200136251747608,4.374258171766996
873,Bruno Fernandes,pt POR,MF,Manchester Utd,eng Premier League,30.0,1994.0,35,35,3063.0,34.0,9,21,30,5,4,6,5,0,0.26,0.62,0.88,0.15,0.76,Matches,9,85,24,28.2,2.5,0.71,0.11,0.38,4,6,Matches,,,,,,,,,,,,,,,21,,,,,,Matches,,35,,,,,,,,,,,21,,,,Matches,,,,,,,,,,,,,,,,,,,,,Matches,bruno fernandes,11.931805820204318,17.75713463127613,7.364792761392891,25.94416971784085,11.6638073772192
874,Mateus Fernandes,pt POR,MF,West Ham,eng Premier League,21.0,2004.0,36,35,3016.0,33.5,3,4,7,3,0,0,7,0,0.09,0.12,0.21,0.09,0.21,Matches,3,28,8,28.6,0.84,0.24,0.11,0.38,0,0,Matches,,,,,,,,,,,,,,,4,,,,,,Matches,,67,,,,,,,,,,,36,,,,Matches,,,,,,,,,,,,,,,,,,,,,Matches,mateus fernandes,1.821642781607807,3.336049569770694,1.821642781607807,10.3192302826792,6.989333409816027
877,Dro Fernández,es ESP,MF,PSG,fr Ligue 1,17.0,2008.0,12,7,682.0,7.6,1,0,1,1,0,0,0,0,0.13,0.0,0.13,0.13,0.13,Matches,1,9,3,33.3,1.19,0.4,0.11,0.33,0,0,Matches,,,,,,,,,,,,,,,0,,,,,,Matches,,5,,,,,,,,,,,9,,,,Matches,,,,,,,,,,,,,,,,,,,,,Matches,dro fernandez,0.0,0.0516483634710311,0.0,0.6772245950996876,0.6255762316286564
878,Enzo Fernández,ar ARG,MF,Chelsea,eng Premier League,24.0,2001.0,36,35,3115.0,34.6,10,4,14,8,2,2,10,0,0.29,0.12,0.4,0.23,0.35,Matches,10,72,31,43.1,2.08,0.9,0.14,0.32,2,2,Matches,,,,,,,,,,,,,,,4,,,,,,Matches,,24,,,,,,,,,,,20,,,,Matches,,,,,,,,,,,,,,,,,,,,,Matches,enzo fernandez,11.91719657368958,8.865934781730175,10.394858876243234,27.90237918496132,16.159590516239405
879,Ezequiél Fernández,ar ARG,MF,Leverkusen,de Bundesliga,23.0,2002.0,20,12,984.0,10.9,0,1,1,0,0,0,4,1,0.0,0.09,0.09,0.0,0.09,Matches,0,11,1,9.1,1.01,0.09,0.0,0.0,0,0,Matches,,,,,,,,,,,,,,,1,,,,,,Matches,,17,,,,,,,,,,,14,,,,Matches,,,,,,,,,,,,,,,,,,,,,Matches,ezequiel fernandez,0.534800324589014,0.7951555736362934,0.534800324589014,7.950819112360477,7.362088220193982
880,Manu Fernández,es ESP,DF,Celta Vigo,es La Liga,24.0,2001.0,14,9,758.0,8.4,0,0,0,0,0,0,2,0,0.0,0.0,0.0,0.0,0.0,Matches,0,2,0,0.0,0.24,0.0,0.0,,0,0,Matches,,,,,,,,,,,,,,,0,,,,,,Matches,,9,,,,,,,,,,,7,,,,Matches,,,,,,,,,,,,,,,,,,,,,Matches,manu fernandez,0.0420662704855203,0.0310803558677434,0.0420662704855203,3.841555669903755,3.768409088253975
882,Roberto Férnandez,es ESP,FW,Espanyol,es La Liga,23.0,2002.0,38,25,2382.0,26.5,7,3,10,6,1,1,3,0,0.26,0.11,0.38,0.23,0.34,Matches,7,59,23,39.0,2.23,0.87,0.12,0.3,1,1,Matches,,,,,,,,,,,,,,,3,,,,,,Matches,,5,,,,,,,,,,,6,,,,Matches,,,,,,,,,,,,,,,,,,,,,Matches,roberto fernandez,9.296747288666666,3.156827750615776,8.553469679318368,12.14238354191184,2.0526475217193365
883,Thiago Fernández,ar ARG,"MF,FW",Oviedo,es La Liga,21.0,2004.0,16,9,817.0,9.1,0,4,4,0,0,0,4,0,0.0,0.44,0.44,0.0,0.44,Matches,0,13,5,38.5,1.43,0.55,0.0,0.0,0,0,Matches,,,,,,,,,,,,,,,4,,,,,,Matches,,7,,,,,,,,,,,5,,,,Matches,,,,,,,,,,,,,,,,,,,,,Matches,thiago fernandez,0.8692414863035083,2.8690570928156376,0.8692414863035083,4.160179313272238,1.7156872656196356
885,Matias Fernandez-Pardo,be BEL,"FW,MF",Lille,fr Ligue 1,20.0,2005.0,29,27,2370.0,26.3,8,5,13,6,2,2,5,0,0.3,0.19,0.49,0.23,0.42,Matches,8,68,30,44.1,2.58,1.14,0.12,0.27,2,2,Matches,,,,,,,,,,,,,,,5,,,,,,Matches,,14,,,,,,,,,,,8,,,,Matches,,,,,,,,,,,,,,,,,,,,,Matches,matias fernandez pardo,11.11183587089181,4.855040938593447,9.591645512729883,16.976635068655014,6.166970239020884
886,Álvaro Fidalgo,mx MEX,MF,Real Betis,es La Liga,28.0,1997.0,9,8,542.0,6.0,1,0,1,1,0,0,0,0,0.17,0.0,0.17,0.17,0.17,Matches,1,4,2,50.0,0.66,0.33,0.25,0.5,0,0,Matches,,,,,,,,,,,,,,,0,,,,,,Matches,,5,,,,,,,,,,,4,,,,Matches,,,,,,,,,,,,,,,,,,,,,Matches,alvaro fidalgo,0.5265598297119141,0.1963401176035404,0.5265598297119141,2.017945224419236,1.3912485651671886
888,Max Finkgräfe,de GER,DF,RB Leipzig,de Bundesliga,21.0,2004.0,13,5,504.0,5.6,1,1,2,1,0,0,2,0,0.18,0.18,0.36,0.18,0.36,Matches,1,4,2,50.0,0.71,0.36,0.25,0.5,0,0,Matches,,,,,,,,,,,,,,,1,,,,,,Matches,,12,,,,,,,,,,,8,,,,Matches,,,,,,,,,,,,,,,,,,,,,Matches,max finkgrafe,0.2259244993329048,0.6198278795927763,0.2259244993329048,4.128876706585288,3.778356781229377
889,Junior Firpo,do DOM,DF,Real Betis,es La Liga,28.0,1996.0,12,10,827.0,9.2,0,1,1,0,0,0,2,0,0.0,0.11,0.11,0.0,0.11,Matches,0,5,0,0.0,0.54,0.0,0.0,,0,0,Matches,,,,,,,,,,,,,,,1,,,,,,Matches,,14,,,,,,,,,,,10,,,,Matches,,,,,,,,,,,,,,,,,,,,,Matches,junior firpo,0.4448377713561058,0.957407258450985,0.4448377713561058,2.8417121320962906,2.3680821657180786
890,Jonathan Fischer,dk DEN,GK,Metz,fr Ligue 1,23.0,2001.0,27,26,2354.0,26.2,0,0,0,0,0,0,0,0,0.0,0.0,0.0,0.0,0.0,Matches,0,0,0,,0.0,0.0,,,0,0,Matches,,,,,,,,,,,,,,,0,,,,,,Matches,,0,,,,,,,,,,,0,,,,Matches,,,,,,,,,,,,,,,,,,,,,Matches,jonathan fischer,0.0,0.031860314309597,0.0,2.2079796250909567,2.2079796250909567
891,Kilian Fischer,de GER,DF,Wolfsburg,de Bundesliga,24.0,2000.0,11,10,800.0,8.9,0,0,0,0,0,0,0,0,0.0,0.0,0.0,0.0,0.0,Matches,0,2,0,0.0,0.23,0.0,0.0,,0,0,Matches,,,,,,,,,,,,,,,0,,,,,,Matches,,13,,,,,,,,,,,12,,,,Matches,,,,,,,,,,,,,,,,,,,,,Matches,kilian fischer,0.0871237516403198,0.4677412435412407,0.0871237516403198,1.9711496345698836,1.804927940480411
892,Mark Flekken,nl NED,GK,Leverkusen,de Bundesliga,32.0,1993.0,24,24,2129.0,23.7,0,0,0,0,0,0,2,0,0.0,0.0,0.0,0.0,0.0,Matches,0,0,0,,0.0,0.0,,,0,0,Matches,,,,,,,,,,,,,,,0,,,,,,Matches,,0,,,,,,,,,,,0,,,,Matches,,,,,,,,,,,,,,,,,,,,,Matches,mark flekken,0.0,0.0720671415328979,0.0,5.080403530970216,5.008336389437318
893,Zian Flemming,nl NED,FW,Burnley,eng Premier League,26.0,1998.0,29,21,1769.0,19.7,11,0,11,9,2,2,5,0,0.56,0.0,0.56,0.46,0.46,Matches,11,52,21,40.4,2.65,1.07,0.21,0.52,2,2,Matches,,,,,,,,,,,,,,,0,,,,,,Matches,,10,,,,,,,,,,,6,,,,Matches,,,,,,,,,,,,,,,,,,,,,Matches,zian flemming,9.554794699884951,0.6848367601633072,8.032457021065056,7.825265257619321,1.7185871880501509
896,Romano Floriani,it ITA,MF,Cremonese,it Serie A,22.0,2003.0,28,12,1168.0,13.0,0,1,1,0,0,0,2,0,0.0,0.08,0.08,0.0,0.08,Matches,0,5,1,20.0,0.39,0.08,0.0,0.0,0,0,Matches,,,,,,,,,,,,,,,1,,,,,,Matches,,14,,,,,,,,,,,6,,,,Matches,,,,,,,,,,,,,,,,,,,,,Matches,romano floriani,0.2002486418932676,1.3022935949265957,0.2002486418932676,1.9743683747947216,1.198974552564323
897,Phil Foden,eng ENG,MF,Manchester City,eng Premier League,25.0,2000.0,33,23,2086.0,23.2,7,5,12,7,0,0,4,0,0.3,0.22,0.52,0.3,0.52,Matches,7,55,19,34.5,2.37,0.82,0.13,0.37,0,0,Matches,,,,,,,,,,,,,,,5,,,,,,Matches,,16,,,,,,,,,,,10,,,,Matches,,,,,,,,,,,,,,,,,,,,,Matches,phil foden,6.688582047820091,6.107132508419454,6.688582047820091,19.91397963277996,11.249179357662795
898,Malick Fofana,be BEL,"MF,FW",Lyon,fr Ligue 1,20.0,2005.0,12,9,749.0,8.3,2,1,3,2,0,0,1,0,0.24,0.12,0.36,0.24,0.36,Matches,2,19,9,47.4,2.28,1.08,0.11,0.22,0,0,Matches,,,,,,,,,,,,,,,1,,,,,,Matches,,5,,,,,,,,,,,3,,,,Matches,,,,,,,,,,,,,,,,,,,,,Matches,malick fofana,2.7092563677579165,2.255652729421854,2.7092563677579165,6.958968311548233,2.9745498783886437
899,Rayan Fofana,fr FRA,"FW,MF",Lens,fr Ligue 1,19.0,2006.0,25,7,798.0,8.9,5,0,5,5,0,0,0,0,0.56,0.0,0.56,0.56,0.56,Matches,5,36,12,33.3,4.06,1.35,0.14,0.42,0,0,Matches,,,,,,,,,,,,,,,0,,,,,,Matches,,4,,,,,,,,,,,1,,,,Matches,,,,,,,,,,,,,,,,,,,,,Matches,rayan fofana,6.315318438224495,0.3365894369781017,6.315318438224495,7.498886909335852,1.428857408463955
901,Seko Fofana,ci CIV,MF,Rennes,fr Ligue 1,30.0,1995.0,12,7,655.0,7.3,1,0,1,1,0,0,0,0,0.14,0.0,0.14,0.14,0.14,Matches,1,9,3,33.3,1.24,0.41,0.11,0.33,0,0,Matches,,,,,,,,,,,,,,,0,,,,,,Matches,,2,,,,,,,,,,,3,,,,Matches,,,,,,,,,,,,,,,,,,,,,Matches,seko fofana,0.7612503450363874,0.6452769339084625,0.7612503450363874,3.743103414773941,2.6357836835086346
902,Wesley Fofana,fr FRA,DF,Chelsea,eng Premier League,24.0,2000.0,25,20,1722.0,19.1,0,1,1,0,0,0,9,2,0.0,0.05,0.05,0.0,0.05,Matches,0,8,1,12.5,0.42,0.05,0.0,0.0,0,0,Matches,,,,,,,,,,,,,,,1,,,,,,Matches,,11,,,,,,,,,,,38,,,,Matches,,,,,,,,,,,,,,,,,,,,,Matches,wesley fofana,0.5401721596717834,0.658527560532093,0.5401721596717834,8.765856113284826,8.73524048551917
903,Youssouf Fofana,fr FRA,MF,Milan,it Serie A,26.0,1999.0,33,28,2203.0,24.5,2,3,5,2,0,0,4,0,0.08,0.12,0.2,0.08,0.2,Matches,2,45,18,40.0,1.84,0.74,0.04,0.11,0,0,Matches,,,,,,,,,,,,,,,3,,,,,,Matches,,19,,,,,,,,,,,19,,,,Matches,,,,,,,,,,,,,,,,,,,,,Matches,youssouf fofana,4.585123873315752,3.638393623754382,4.585123873315752,13.358851363882422,6.3727181646972895
904,Jonas Föhrenbach,de GER,"DF,MF",Heidenheim,de Bundesliga,29.0,1996.0,27,25,2325.0,25.8,1,1,2,1,0,0,3,0,0.04,0.04,0.08,0.04,0.08,Matches,1,6,1,16.7,0.23,0.04,0.17,1.0,0,0,Matches,,,,,,,,,,,,,,,1,,,,,,Matches,,27,,,,,,,,,,,33,,,,Matches,,,,,,,,,,,,,,,,,,,,,Matches,jonas fohrenbach,0.6362145002931356,2.2612353581935167,0.6362145002931356,4.08684488851577,2.9511223332956438
905,Francesco Folino,it ITA,DF,Cremonese,it Serie A,23.0,2002.0,18,7,722.0,8.0,1,0,1,1,0,0,1,0,0.12,0.0,0.12,0.12,0.12,Matches,1,2,1,50.0,0.25,0.12,0.5,1.0,0,0,Matches,,,,,,,,,,,,,,,0,,,,,,Matches,,4,,,,,,,,,,,2,,,,Matches,,,,,,,,,,,,,,,,,,,,,Matches,francesco folino,0.3679794892668724,0.0160723198205232,0.3679794892668724,0.8554316479712725,0.8554316479712725
906,Michael Folorunsho,it ITA,"MF,FW",Cagliari,it Serie A,27.0,1998.0,27,24,1999.0,22.2,2,0,2,2,0,0,3,0,0.09,0.0,0.09,0.09,0.09,Matches,2,36,9,25.0,1.62,0.41,0.06,0.22,0,0,Matches,,,,,,,,,,,,,,,0,,,,,,Matches,,10,,,,,,,,,,,10,,,,Matches,,,,,,,,,,,,,,,,,,,,,Matches,michael folorunsho,2.947147471830249,0.9439696660265326,2.947147471830249,5.254418143071234,2.6885152058675885
907,Nicolas Fonseca,uy URU,MF,Oviedo,es La Liga,26.0,1998.0,19,12,1018.0,11.3,0,0,0,0,0,0,6,0,0.0,0.0,0.0,0.0,0.0,Matches,0,8,1,12.5,0.71,0.09,0.0,0.0,0,0,Matches,,,,,,,,,,,,,,,0,,,,,,Matches,,25,,,,,,,,,,,17,,,,Matches,,,,,,,,,,,,,,,,,,,,,Matches,nicolas fonseca,0.1822443902492523,0.0975932888686657,0.1822443902492523,2.805281972512603,2.65612081810832
909,Pablo Fornals,es ESP,MF,Real Betis,es La Liga,29.0,1996.0,37,34,2848.0,31.6,9,6,15,9,0,0,2,0,0.28,0.19,0.47,0.28,0.47,Matches,9,43,18,41.9,1.36,0.57,0.21,0.5,0,0,Matches,,,,,,,,,,,,,,,6,,,,,,Matches,,26,,,,,,,,,,,34,,,,Matches,,,,,,,,,,,,,,,,,,,,,Matches,pablo fornals,4.941328717395663,7.8924933429807425,4.941328717395663,23.12612571939826,12.777029509656131
910,Héctor Fort,es ESP,"DF,MF",Elche,es La Liga,18.0,2006.0,14,7,482.0,5.4,2,2,4,2,0,0,0,0,0.37,0.37,0.75,0.37,0.75,Matches,2,12,5,41.7,2.24,0.93,0.17,0.4,0,0,Matches,,,,,,,,,,,,,,,2,,,,,,Matches,,3,,,,,,,,,,,5,,,,Matches,,,,,,,,,,,,,,,,,,,,,Matches,hector fort,0.7133369892835617,0.2132606506347656,0.7133369892835617,2.068314729258418,1.3800024185329676
911,Niccolò Fortini,it ITA,MF,Fiorentina,it Serie A,19.0,2006.0,16,2,541.0,6.0,0,0,0,0,0,0,0,0,0.0,0.0,0.0,0.0,0.0,Matches,0,8,2,25.0,1.33,0.33,0.0,0.0,0,0,Matches,,,,,,,,,,,,,,,0,,,,,,Matches,,9,,,,,,,,,,,4,,,,Matches,,,,,,,,,,,,,,,,,,,,,Matches,niccolo fortini,0.2287251818925142,0.4631086196750402,0.2287251818925142,1.3271684758365154,0.7594672311097383
913,Lyle Foster,za RSA,"FW,MF",Burnley,eng Premier League,24.0,2000.0,26,15,1371.0,15.2,3,2,5,3,0,0,4,0,0.2,0.13,0.33,0.2,0.33,Matches,3,20,6,30.0,1.31,0.39,0.15,0.5,0,0,Matches,,,,,,,,,,,,,,,2,,,,,,Matches,,12,,,,,,,,,,,4,,,,Matches,,,,,,,,,,,,,,,,,,,,,Matches,lyle foster,3.592184547334909,1.145955815911293,3.592184547334909,5.975080406293273,2.130239402875304
914,Dimitri Foulquier,fr FRA,DF,Valencia,es La Liga,32.0,1993.0,15,12,1150.0,12.8,0,0,0,0,0,0,1,0,0.0,0.0,0.0,0.0,0.0,Matches,0,6,1,16.7,0.47,0.08,0.0,0.0,0,0,Matches,,,,,,,,,,,,,,,0,,,,,,Matches,,9,,,,,,,,,,,8,,,,Matches,,,,,,,,,,,,,,,,,,,,,Matches,dimitri foulquier,0.4250113200396299,0.2367486469447612,0.4250113200396299,4.307144995778799,4.124748399481177
915,Juan Foyth,ar ARG,DF,Villarreal,es La Liga,27.0,1998.0,13,12,934.0,10.4,0,0,0,0,0,0,2,0,0.0,0.0,0.0,0.0,0.0,Matches,0,2,0,0.0,0.19,0.0,0.0,,0,0,Matches,,,,,,,,,,,,,,,0,,,,,,Matches,,13,,,,,,,,,,,15,,,,Matches,,,,,,,,,,,,,,,,,,,,,Matches,juan foyth,0.0737326610833406,0.0,0.0737326610833406,4.523703388869762,4.523703388869762
916,Alejandro Francés,es ESP,DF,Girona,es La Liga,22.0,2002.0,24,11,1116.0,12.4,0,2,2,0,0,0,2,1,0.0,0.16,0.16,0.0,0.16,Matches,0,16,4,25.0,1.29,0.32,0.0,0.0,0,0,Matches,,,,,,,,,,,,,,,2,,,,,,Matches,,15,,,,,,,,,,,16,,,,Matches,,,,,,,,,,,,,,,,,,,,,Matches,alejandro frances,0.6590694738551974,1.4396104291081429,0.6590694738551974,6.060367487370968,5.5678981095552444
918,Przemysław Frankowski,pl POL,"MF,DF",Rennes,fr Ligue 1,30.0,1995.0,19,15,1210.0,13.4,1,2,3,1,0,0,5,0,0.07,0.15,0.22,0.07,0.22,Matches,1,9,3,33.3,0.67,0.22,0.11,0.33,0,0,Matches,,,,,,,,,,,,,,,2,,,,,,Matches,,25,,,,,,,,,,,9,,,,Matches,,,,,,,,,,,,,,,,,,,,,Matches,przemys aw frankowski,0.3376607820391655,2.6184137174859643,0.3376607820391655,6.106847031973302,5.379636352881789
919,Davide Frattesi,it ITA,MF,Inter,it Serie A,25.0,1999.0,22,3,569.0,6.3,0,0,0,0,0,0,0,0,0.0,0.0,0.0,0.0,0.0,Matches,0,16,4,25.0,2.53,0.63,0.0,0.0,0,0,Matches,,,,,,,,,,,,,,,0,,,,,,Matches,,7,,,,,,,,,,,3,,,,Matches,,,,,,,,,,,,,,,,,,,,,Matches,davide frattesi,2.2943487614393234,0.5991341080516577,2.2943487614393234,3.8932081889361134,1.1310180015861988
923,Morten Frendrup,dk DEN,MF,Genoa,it Serie A,24.0,2001.0,36,35,3081.0,34.2,1,0,1,1,0,0,5,0,0.03,0.0,0.03,0.03,0.03,Matches,1,8,3,37.5,0.23,0.09,0.13,0.33,0,0,Matches,,,,,,,,,,,,,,,0,,,,,,Matches,,71,,,,,,,,,,,41,,,,Matches,,,,,,,,,,,,,,,,,,,,,Matches,morten frendrup,0.2742339605465531,1.358272478915751,0.2742339605465531,6.03858286421746,4.793149305507541
924,Martin Frese,dk DEN,"MF,DF",Hellas Verona,it Serie A,27.0,1998.0,31,27,2408.0,26.8,2,0,2,2,0,0,8,0,0.07,0.0,0.07,0.07,0.07,Matches,2,21,11,52.4,0.78,0.41,0.1,0.18,0,0,Matches,,,,,,,,,,,,,,,0,,,,,,Matches,,54,,,,,,,,,,,30,,,,Matches,,,,,,,,,,,,,,,,,,,,,Matches,martin frese,1.3630766216665506,2.7661426281556487,1.3630766216665506,4.535421345382929,1.675308050587773
925,Remo Freuler,ch SUI,MF,Bologna,it Serie A,33.0,1992.0,29,26,2213.0,24.6,1,2,3,1,0,0,5,0,0.04,0.08,0.12,0.04,0.12,Matches,1,8,1,12.5,0.33,0.04,0.13,1.0,0,0,Matches,,,,,,,,,,,,,,,2,,,,,,Matches,,31,,,,,,,,,,,22,,,,Matches,,,,,,,,,,,,,,,,,,,,,Matches,remo freuler,1.6811274103820324,1.3417738927528262,1.6811274103820324,9.675127479247749,7.1491998406127095
926,Marco Friedl,at AUT,DF,Werder Bremen,de Bundesliga,27.0,1998.0,30,29,2546.0,28.3,1,0,1,1,0,0,9,1,0.04,0.0,0.04,0.04,0.04,Matches,1,8,2,25.0,0.28,0.07,0.13,0.5,0,0,Matches,,,,,,,,,,,,,,,0,,,,,,Matches,,24,,,,,,,,,,,35,,,,Matches,,,,,,,,,,,,,,,,,,,,,Matches,marco friedl,0.729124104604125,0.2931987326592207,0.729124104604125,5.801214318722487,5.562721598893404
928,Jeremie Frimpong,nl NED,"DF,MF",Liverpool,eng Premier League,24.0,2000.0,21,12,1040.0,11.6,0,1,1,0,0,0,1,0,0.0,0.09,0.09,0.0,0.09,Matches,0,10,2,20.0,0.87,0.17,0.0,0.0,0,0,Matches,,,,,,,,,,,,,,,1,,,,,,Matches,,9,,,,,,,,,,,6,,,,Matches,,,,,,,,,,,,,,,,,,,,,Matches,jeremie frimpong,0.514072947204113,2.69134059548378,0.514072947204113,5.955447107553482,4.064382215961814
929,Jorge de Frutos,es ESP,"FW,MF",Rayo Vallecano,es La Liga,28.0,1997.0,36,31,2463.0,27.4,10,1,11,9,1,1,3,0,0.37,0.04,0.4,0.33,0.37,Matches,10,62,28,45.2,2.27,1.02,0.16,0.36,1,1,Matches,,,,,,,,,,,,,,,1,,,,,,Matches,,16,,,,,,,,,,,11,,,,Matches,,,,,,,,,,,,,,,,,,,,,Matches,jorge de frutos,12.133321626111863,3.344836812466383,11.390043957158923,16.192682379856706,2.233673200942576
930,Chris Führich,de GER,MF,Stuttgart,de Bundesliga,27.0,1998.0,33,20,1698.0,18.9,7,7,14,7,0,0,2,0,0.37,0.37,0.74,0.37,0.74,Matches,7,45,23,51.1,2.39,1.22,0.16,0.3,0,0,Matches,,,,,,,,,,,,,,,7,,,,,,Matches,,9,,,,,,,,,,,3,,,,Matches,,,,,,,,,,,,,,,,,,,,,Matches,chris fuhrich,4.271757278591394,7.827977802604437,4.271757278591394,17.83286163210869,10.075685493648052
931,Joel Fujita,jp JPN,MF,St Pauli,de Bundesliga,23.0,2002.0,32,31,2665.0,29.6,1,3,4,1,0,0,6,0,0.03,0.1,0.14,0.03,0.14,Matches,1,32,7,21.9,1.08,0.24,0.03,0.14,0,0,Matches,,,,,,,,,,,,,,,3,,,,,,Matches,,36,,,,,,,,,,,34,,,,Matches,,,,,,,,,,,,,,,,,,,,,Matches,joel fujita,1.4086154643446207,4.352827329188585,1.4086154643446207,9.678257964551449,4.85630483366549
933,Niclas Füllkrug,de GER,FW,Milan,it Serie A,32.0,1993.0,20,3,659.0,7.3,1,0,1,1,0,1,0,0,0.14,0.0,0.14,0.14,0.14,Matches,1,16,5,31.3,2.19,0.68,0.06,0.2,0,1,Matches,,,,,,,,,,,,,,,0,,,,,,Matches,,2,,,,,,,,,,,3,,,,Matches,,,,,,,,,,,,,,,,,,,,,Matches,niclas fullkrug,0.9830001182854176,0.4490955099463463,0.9830001182854176,0.9092727340757848,0.1229296624660492
936,Matteo Gabbia,it ITA,DF,Milan,it Serie A,25.0,1999.0,30,28,2530.0,28.1,0,0,0,0,0,0,4,0,0.0,0.0,0.0,0.0,0.0,Matches,0,19,3,15.8,0.68,0.11,0.0,0.0,0,0,Matches,,,,,,,,,,,,,,,0,,,,,,Matches,,14,,,,,,,,,,,13,,,,Matches,,,,,,,,,,,,,,,,,,,,,Matches,matteo gabbia,1.5443233884871006,0.0519444094970822,1.5443233884871006,8.185640977695584,7.89401094801724
937,Tiago Gabriel,pt POR,DF,Lecce,it Serie A,20.0,2004.0,37,36,3219.0,35.8,2,0,2,2,0,0,7,0,0.06,0.0,0.06,0.06,0.06,Matches,2,20,4,20.0,0.56,0.11,0.1,0.5,0,0,Matches,,,,,,,,,,,,,,,0,,,,,,Matches,,40,,,,,,,,,,,46,,,,Matches,,,,,,,,,,,,,,,,,,,,,Matches,tiago gabriel,3.9836879689246416,0.0280546331778168,3.9836879689246416,2.5174613688141108,2.4253968689590693
938,Gianluca Gaetano,it ITA,"MF,FW",Cagliari,it Serie A,25.0,2000.0,33,21,1912.0,21.2,2,4,6,2,0,0,4,0,0.09,0.19,0.28,0.09,0.28,Matches,2,34,11,32.4,1.6,0.52,0.06,0.18,0,0,Matches,,,,,,,,,,,,,,,4,,,,,,Matches,,15,,,,,,,,,,,23,,,,Matches,,,,,,,,,,,,,,,,,,,,,Matches,gianluca gaetano,1.996237703599036,2.214853904210031,1.996237703599036,7.68703128490597,5.646638568490744
939,Roberto Gagliardini,it ITA,MF,Hellas Verona,it Serie A,31.0,1994.0,29,25,2272.0,25.2,1,0,1,1,0,0,9,0,0.04,0.0,0.04,0.04,0.04,Matches,1,15,3,20.0,0.59,0.12,0.07,0.33,0,0,Matches,,,,,,,,,,,,,,,0,,,,,,Matches,,40,,,,,,,,,,,56,,,,Matches,,,,,,,,,,,,,,,,,,,,,Matches,roberto gagliardini,1.3313347091898322,0.6643395144492388,1.3313347091898322,3.9453944442793727,3.128438973799348
940,Cody Gakpo,nl NED,"MF,FW",Liverpool,eng Premier League,26.0,1999.0,36,32,2737.0,30.4,7,5,12,7,0,0,3,0,0.23,0.16,0.39,0.23,0.39,Matches,7,87,21,24.1,2.86,0.69,0.08,0.33,0,0,Matches,,,,,,,,,,,,,,,5,,,,,,Matches,,15,,,,,,,,,,,12,,,,Matches,,,,,,,,,,,,,,,,,,,,,Matches,cody gakpo,9.826099138706924,6.592332137748599,9.826099138706924,18.73160722479224,5.830895097926259
941,Javi Galán,es ESP,DF,Osasuna,es La Liga,30.0,1994.0,20,19,1672.0,18.6,0,1,1,0,0,0,3,0,0.0,0.05,0.05,0.0,0.05,Matches,0,6,1,16.7,0.32,0.05,0.0,0.0,0,0,Matches,,,,,,,,,,,,,,,1,,,,,,Matches,,30,,,,,,,,,,,27,,,,Matches,,,,,,,,,,,,,,,,,,,,,Matches,javi galan,0.1987070022150874,1.9444998521357773,0.1987070022150874,6.001055222004652,4.955446168780327
943,Iñigo Ruiz de Galarreta,es ESP,MF,Athletic Club,es La Liga,31.0,1993.0,34,30,2206.0,24.5,1,2,3,1,0,0,10,0,0.04,0.08,0.12,0.04,0.12,Matches,1,20,2,10.0,0.82,0.08,0.05,0.5,0,0,Matches,,,,,,,,,,,,,,,2,,,,,,Matches,,32,,,,,,,,,,,24,,,,Matches,,,,,,,,,,,,,,,,,,,,,Matches,inigo ruiz de galarreta,0.6572877513244748,3.3264776347205043,0.6572877513244748,10.062924578785896,8.463831257075071
944,Conor Gallagher,eng ENG,MF,Tottenham,eng Premier League,25.0,2000.0,16,14,1184.0,13.2,1,1,2,1,0,0,2,0,0.08,0.08,0.15,0.08,0.15,Matches,1,11,4,36.4,0.84,0.3,0.09,0.25,0,0,Matches,,,,,,,,,,,,,,,1,,,,,,Matches,,14,,,,,,,,,,,18,,,,Matches,,,,,,,,,,,,,,,,,,,,,Matches,conor gallagher,1.512411999516189,0.8551288228482008,1.512411999516189,4.173453446477652,2.5543361753225327
945,Conor Gallagher,eng ENG,MF,Atlético Madrid,es La Liga,25.0,2000.0,19,4,679.0,7.5,2,0,2,2,0,0,2,0,0.27,0.0,0.27,0.27,0.27,Matches,2,13,5,38.5,1.72,0.66,0.15,0.4,0,0,Matches,,,,,,,,,,,,,,,0,,,,,,Matches,,12,,,,,,,,,,,11,,,,Matches,,,,,,,,,,,,,,,,,,,,,Matches,conor gallagher,1.512411999516189,0.8551288228482008,1.512411999516189,4.173453446477652,2.5543361753225327
946,Antonino Gallo,it ITA,DF,Lecce,it Serie A,25.0,2000.0,37,34,3056.0,34.0,0,4,4,0,0,0,3,0,0.0,0.12,0.12,0.0,0.12,Matches,0,6,1,16.7,0.18,0.03,0.0,0.0,0,0,Matches,,,,,,,,,,,,,,,4,,,,,,Matches,,37,,,,,,,,,,,15,,,,Matches,,,,,,,,,,,,,,,,,,,,,Matches,antonino gallo,0.8320707594975829,3.944961703382433,0.8320707594975829,5.235778709873557,3.610010246746242
947,Ignatius Ganago,cm CMR,FW,Nantes,fr Ligue 1,26.0,1999.0,13,10,839.0,9.3,3,1,4,2,1,1,1,0,0.32,0.11,0.43,0.21,0.32,Matches,3,23,7,30.4,2.47,0.75,0.13,0.43,1,1,Matches,,,,,,,,,,,,,,,1,,,,,,Matches,,3,,,,,,,,,,,2,,,,Matches,,,,,,,,,,,,,,,,,,,,,Matches,ignatius ganago,3.503245037049055,0.8179156705737114,2.7431498877704144,3.946759879589081,1.6002203933894634
948,Omri Gandelman,il ISR,"MF,FW",Lecce,it Serie A,25.0,2000.0,19,10,975.0,10.8,2,1,3,2,0,0,0,0,0.18,0.09,0.28,0.18,0.28,Matches,2,10,3,30.0,0.92,0.28,0.2,0.67,0,0,Matches,,,,,,,,,,,,,,,1,,,,,,Matches,,6,,,,,,,,,,,4,,,,Matches,,,,,,,,,,,,,,,,,,,,,Matches,omri gandelman,1.733949035406113,1.1209704279899595,1.733949035406113,3.184256792068481,1.036361239850521
949,Ismaëlo Ganiou,fr FRA,DF,Lens,fr Ligue 1,20.0,2005.0,23,22,2014.0,22.4,3,0,3,3,0,0,4,1,0.13,0.0,0.13,0.13,0.13,Matches,3,22,4,18.2,0.98,0.18,0.14,0.75,0,0,Matches,,,,,,,,,,,,,,,0,,,,,,Matches,,27,,,,,,,,,,,29,,,,Matches,,,,,,,,,,,,,,,,,,,,,Matches,ismaelo ganiou,2.156112081371248,0.5016434397548437,2.156112081371248,10.864848166704178,10.46088870614767
951,Facundo Garcés,my MAS,DF,Alavés,es La Liga,25.0,1999.0,10,8,793.0,8.8,0,0,0,0,0,0,3,0,0.0,0.0,0.0,0.0,0.0,Matches,0,8,4,50.0,0.91,0.45,0.0,0.0,0,0,Matches,,,,,,,,,,,,,,,0,,,,,,Matches,,8,,,,,,,,,,,7,,,,Matches,,,,,,,,,,,,,,,,,,,,,Matches,facundo garces,0.61756222974509,0.0,0.61756222974509,0.7101098354905844,0.6371504832059145
952,Aleix García,es ESP,MF,Leverkusen,de Bundesliga,28.0,1997.0,33,31,2667.0,29.6,3,8,11,3,0,0,6,0,0.1,0.27,0.37,0.1,0.37,Matches,3,30,5,16.7,1.01,0.17,0.1,0.6,0,0,Matches,,,,,,,,,,,,,,,8,,,,,,Matches,,20,,,,,,,,,,,22,,,,Matches,,,,,,,,,,,,,,,,,,,,,Matches,aleix garcia,2.478695845231414,6.065944831818342,2.478695845231414,21.396803221665323,18.524734436534345
953,Álvaro García,es ESP,"MF,FW",Rayo Vallecano,es La Liga,32.0,1992.0,32,23,2101.0,23.3,4,5,9,4,0,0,3,0,0.17,0.21,0.39,0.17,0.39,Matches,4,47,19,40.4,2.01,0.81,0.09,0.21,0,0,Matches,,,,,,,,,,,,,,,5,,,,,,Matches,,15,,,,,,,,,,,14,,,,Matches,,,,,,,,,,,,,,,,,,,,,Matches,alvaro garcia,6.8708263747394085,7.334621558897197,6.8708263747394085,14.599677024409177,2.0335369165986776
956,Eric García,es ESP,"DF,MF",Barcelona,es La Liga,24.0,2001.0,34,32,2721.0,30.2,1,1,2,1,0,0,6,0,0.03,0.03,0.07,0.03,0.07,Matches,1,25,7,28.0,0.83,0.23,0.04,0.14,0,0,Matches,,,,,,,,,,,,,,,1,,,,,,Matches,,44,,,,,,,,,,,50,,,,Matches,,,,,,,,,,,,,,,,,,,,,Matches,eric garcia,3.3442033734172583,1.9652331974357369,3.3442033734172583,24.66808094829321,23.55161388590932
957,Fran Garcia,es ESP,"DF,MF",Real Madrid,es La Liga,25.0,1999.0,13,10,929.0,10.3,1,1,2,1,0,0,2,1,0.1,0.1,0.19,0.1,0.19,Matches,1,6,2,33.3,0.58,0.19,0.17,0.5,0,0,Matches,,,,,,,,,,,,,,,1,,,,,,Matches,,12,,,,,,,,,,,6,,,,Matches,,,,,,,,,,,,,,,,,,,,,Matches,fran garcia,0.946589097380638,0.3020932860672474,0.946589097380638,4.634012538939714,3.96155970916152
958,Gonzalo García,es ESP,FW,Real Madrid,es La Liga,21.0,2004.0,30,9,964.0,10.7,6,1,7,6,0,0,2,0,0.56,0.09,0.65,0.56,0.65,Matches,6,21,11,52.4,1.96,1.03,0.29,0.55,0,0,Matches,,,,,,,,,,,,,,,1,,,,,,Matches,,7,,,,,,,,,,,2,,,,Matches,,,,,,,,,,,,,,,,,,,,,Matches,gonzalo garcia,5.269253443926573,1.6349990256130695,5.269253443926573,8.073908843100071,1.9430877678096292
960,Joan García,es ESP,GK,Barcelona,es La Liga,24.0,2001.0,30,30,2700.0,30.0,0,0,0,0,0,0,1,0,0.0,0.0,0.0,0.0,0.0,Matches,0,0,0,,0.0,0.0,,,0,0,Matches,,,,,,,,,,,,,,,0,,,,,,Matches,,4,,,,,,,,,,,1,,,,Matches,,,,,,,,,,,,,,,,,,,,,Matches,joan garcia,0.0,0.0,0.0,11.522286765277386,11.522286765277386
962,Rubén García,es ESP,"MF,FW",Osasuna,es La Liga,32.0,1993.0,35,28,2229.0,24.8,2,5,7,2,0,0,6,0,0.08,0.2,0.28,0.08,0.28,Matches,2,31,10,32.3,1.25,0.4,0.06,0.2,0,0,Matches,,,,,,,,,,,,,,,5,,,,,,Matches,,31,,,,,,,,,,,17,,,,Matches,,,,,,,,,,,,,,,,,,,,,Matches,ruben garcia,2.5968636460602283,5.863754561170936,2.5968636460602283,7.120284520089626,3.818244206719101
964,Ulisses Garcia,ch SUI,DF,Sassuolo,it Serie A,29.0,1996.0,13,10,943.0,10.5,1,2,3,1,0,0,3,0,0.1,0.19,0.29,0.1,0.29,Matches,1,2,1,50.0,0.19,0.1,0.5,1.0,0,0,Matches,,,,,,,,,,,,,,,2,,,,,,Matches,,10,,,,,,,,,,,8,,,,Matches,,,,,,,,,,,,,,,,,,,,,Matches,ulisses garcia,0.0658854357898235,2.2447682172060013,0.0658854357898235,4.91206818819046,3.312851198017597
965,Víctor García,es ESP,"MF,FW",Levante,es La Liga,27.0,1997.0,21,12,1040.0,11.6,2,1,3,2,0,0,1,0,0.17,0.09,0.26,0.17,0.26,Matches,2,19,8,42.1,1.64,0.69,0.11,0.25,0,0,Matches,,,,,,,,,,,,,,,1,,,,,,Matches,,15,,,,,,,,,,,7,,,,Matches,,,,,,,,,,,,,,,,,,,,,Matches,victor garcia,1.9078138787299397,1.7659303694963455,1.9078138787299397,3.2827370427548885,0.8745370730757713
966,Alejandro Garnacho,ar ARG,MF,Chelsea,eng Premier League,21.0,2004.0,24,14,1268.0,14.1,1,4,5,1,0,0,2,0,0.07,0.28,0.35,0.07,0.35,Matches,1,33,7,21.2,2.34,0.5,0.03,0.14,0,0,Matches,,,,,,,,,,,,,,,4,,,,,,Matches,,13,,,,,,,,,,,4,,,,Matches,,,,,,,,,,,,,,,,,,,,,Matches,alejandro garnacho,4.111795756965876,4.21896393597126,4.111795756965876,12.953486386686563,6.525954343378544
967,James Garner,eng ENG,"MF,DF",Everton,eng Premier League,24.0,2001.0,38,38,3413.0,37.9,2,7,9,2,0,0,12,0,0.05,0.18,0.24,0.05,0.24,Matches,2,45,14,31.1,1.19,0.37,0.04,0.14,0,0,Matches,,,,,,,,,,,,,,,7,,,,,,Matches,,72,,,,,,,,,,,57,,,,Matches,,,,,,,,,,,,,,,,,,,,,Matches,james garner,2.075645294971764,6.066574491560459,2.075645294971764,11.283361876383424,8.333431598730385
969,Federico Gatti,it ITA,DF,Juventus,it Serie A,27.0,1998.0,21,12,1093.0,12.1,2,0,2,2,0,0,3,0,0.16,0.0,0.16,0.16,0.16,Matches,2,14,6,42.9,1.15,0.49,0.14,0.33,0,0,Matches,,,,,,,,,,,,,,,0,,,,,,Matches,,10,,,,,,,,,,,12,,,,Matches,,,,,,,,,,,,,,,,,,,,,Matches,federico gatti,1.9630822036415336,0.2071938533335924,1.9630822036415336,2.420059120282531,2.065793139860034
971,Gavi,es ESP,MF,Barcelona,es La Liga,20.0,2004.0,11,7,573.0,6.4,0,1,1,0,0,0,3,0,0.0,0.16,0.16,0.0,0.16,Matches,0,0,0,,0.0,0.0,,,0,0,Matches,,,,,,,,,,,,,,,1,,,,,,Matches,,8,,,,,,,,,,,3,,,,Matches,,,,,,,,,,,,,,,,,,,,,Matches,gavi,0.0,0.68575119972229,0.0,3.056205559521913,2.558164868503809
973,Paulo Gazzaniga,ar ARG,GK,Girona,es La Liga,33.0,1992.0,35,35,3102.0,34.5,0,0,0,0,0,0,4,1,0.0,0.0,0.0,0.0,0.0,Matches,0,0,0,,0.0,0.0,,,0,0,Matches,,,,,,,,,,,,,,,0,,,,,,Matches,,1,,,,,,,,,,,0,,,,Matches,,,,,,,,,,,,,,,,,,,,,Matches,paulo gazzaniga,0.0,0.0,0.0,4.276501512154937,4.276501512154937
974,Jean-Philippe Gbamin,ci CIV,"DF,MF",Metz,fr Ligue 1,29.0,1995.0,31,30,2485.0,27.6,1,1,2,1,0,0,2,1,0.04,0.04,0.07,0.04,0.07,Matches,1,14,7,50.0,0.51,0.25,0.07,0.14,0,0,Matches,,,,,,,,,,,,,,,1,,,,,,Matches,,27,,,,,,,,,,,27,,,,Matches,,,,,,,,,,,,,,,,,,,,,Matches,jean philippe gbamin,1.949738541617989,1.4501640880480409,1.949738541617989,6.170843430794776,4.885069870389998
975,Yann Gboho,fr FRA,"MF,FW",Toulouse,fr Ligue 1,24.0,2001.0,31,30,2601.0,28.9,8,3,11,8,0,0,1,1,0.28,0.1,0.38,0.28,0.38,Matches,8,57,16,28.1,1.97,0.55,0.14,0.5,0,0,Matches,,,,,,,,,,,,,,,3,,,,,,Matches,,19,,,,,,,,,,,13,,,,Matches,,,,,,,,,,,,,,,,,,,,,Matches,yann gboho,5.64604014903307,4.147567499428988,5.64604014903307,13.230931421741843,5.129378456622362
976,David de Gea,es ESP,GK,Fiorentina,it Serie A,34.0,1990.0,37,37,3330.0,37.0,0,0,0,0,0,0,0,0,0.0,0.0,0.0,0.0,0.0,Matches,0,0,0,,0.0,0.0,,,0,0,Matches,,,,,,,,,,,,,,,0,,,,,,Matches,,0,,,,,,,,,,,0,,,,Matches,,,,,,,,,,,,,,,,,,,,,Matches,david de gea,0.0,0.0263757612556219,0.0,4.425902869552374,4.399527113884687
977,Lutsharel Geertruida,nl NED,"DF,MF",Sunderland,eng Premier League,25.0,2000.0,28,17,1693.0,18.8,0,0,0,0,0,0,2,0,0.0,0.0,0.0,0.0,0.0,Matches,0,11,3,27.3,0.58,0.16,0.0,0.0,0,0,Matches,,,,,,,,,,,,,,,0,,,,,,Matches,,22,,,,,,,,,,,20,,,,Matches,,,,,,,,,,,,,,,,,,,,,Matches,lutsharel geertruida,0.8372280839830637,0.773734993301332,0.8372280839830637,4.534097606316209,3.289936365559697
981,Yannick Gerhardt,de GER,MF,Wolfsburg,de Bundesliga,31.0,1994.0,19,12,1068.0,11.9,1,0,1,1,0,0,1,0,0.08,0.0,0.08,0.08,0.08,Matches,1,11,1,9.1,0.93,0.08,0.09,1.0,0,0,Matches,,,,,,,,,,,,,,,0,,,,,,Matches,,8,,,,,,,,,,,10,,,,Matches,,,,,,,,,,,,,,,,,,,,,Matches,yannick gerhardt,1.152172677218914,0.9047546237707138,1.152172677218914,2.5076904222369194,1.179125288501382
982,Willem Geubbels,fr FRA,FW,Paris FC,fr Ligue 1,23.0,2001.0,24,12,1013.0,11.3,5,0,5,4,1,1,0,0,0.44,0.0,0.44,0.36,0.36,Matches,5,30,9,30.0,2.67,0.8,0.17,0.56,1,1,Matches,,,,,,,,,,,,,,,0,,,,,,Matches,,2,,,,,,,,,,,6,,,,Matches,,,,,,,,,,,,,,,,,,,,,Matches,willem geubbels,5.863018184900284,0.5414527244865894,5.102923050522804,5.953760713338852,0.914133483543992
986,Daniele Ghilardi,it ITA,DF,Roma,it Serie A,22.0,2003.0,23,9,1097.0,12.2,0,0,0,0,0,0,1,0,0.0,0.0,0.0,0.0,0.0,Matches,0,3,0,0.0,0.25,0.0,0.0,,0,0,Matches,,,,,,,,,,,,,,,0,,,,,,Matches,,15,,,,,,,,,,,22,,,,Matches,,,,,,,,,,,,,,,,,,,,,Matches,daniele ghilardi,0.5609008073806763,0.4173059575259685,0.5609008073806763,2.8199229426681995,2.492456678301096
988,Dimitris Giannoulis,gr GRE,MF,Augsburg,de Bundesliga,29.0,1995.0,27,25,1888.0,21.0,2,5,7,2,0,0,8,0,0.1,0.24,0.33,0.1,0.33,Matches,2,10,6,60.0,0.48,0.29,0.2,0.33,0,0,Matches,,,,,,,,,,,,,,,5,,,,,,Matches,,20,,,,,,,,,,,21,,,,Matches,,,,,,,,,,,,,,,,,,,,,Matches,dimitris giannoulis,0.9717476665973664,3.862480258569122,0.9717476665973664,6.426895641721785,3.064006181433797
989,Morgan Gibbs-White,eng ENG,MF,Nottingham,eng Premier League,25.0,2000.0,37,35,3097.0,34.4,15,4,19,14,1,1,1,0,0.44,0.12,0.55,0.41,0.52,Matches,15,83,32,38.6,2.41,0.93,0.18,0.47,1,1,Matches,,,,,,,,,,,,,,,4,,,,,,Matches,,16,,,,,,,,,,,12,,,,Matches,,,,,,,,,,,,,,,,,,,,,Matches,morgan gibbs white,11.671697720885277,4.5044658575207,10.910528883337976,17.26536614820361,5.41371457837522
990,Bryan Gil,es ESP,"MF,FW",Girona,es La Liga,24.0,2001.0,29,20,1578.0,17.5,0,3,3,0,0,0,6,0,0.0,0.17,0.17,0.0,0.17,Matches,0,27,7,25.9,1.54,0.4,0.0,0.0,0,0,Matches,,,,,,,,,,,,,,,3,,,,,,Matches,,18,,,,,,,,,,,9,,,,Matches,,,,,,,,,,,,,,,,,,,,,Matches,bryan gil,3.14223606325686,3.625121179968119,3.14223606325686,11.089613553136587,6.996503568254411
991,Mario Gila,es ESP,DF,Lazio,it Serie A,24.0,2000.0,31,31,2472.0,27.5,0,0,0,0,0,0,4,1,0.0,0.0,0.0,0.0,0.0,Matches,0,12,3,25.0,0.44,0.11,0.0,0.0,0,0,Matches,,,,,,,,,,,,,,,0,,,,,,Matches,,34,,,,,,,,,,,26,,,,Matches,,,,,,,,,,,,,,,,,,,,,Matches,mario gila,1.6254177382215858,0.718289490789175,1.6254177382215858,6.236207589507103,5.655185416340828
992,Billy Gilmour,sct SCO,MF,Napoli,it Serie A,24.0,2001.0,17,8,805.0,8.9,1,0,1,1,0,0,1,0,0.11,0.0,0.11,0.11,0.11,Matches,1,10,3,30.0,1.12,0.34,0.1,0.33,0,0,Matches,,,,,,,,,,,,,,,0,,,,,,Matches,,8,,,,,,,,,,,11,,,,Matches,,,,,,,,,,,,,,,,,,,,,Matches,billy gilmour,0.5720022153109312,0.4836090439930558,0.5720022153109312,4.198432270437479,3.364748902618885
993,Benedikt Gimber,de GER,DF,Heidenheim,de Bundesliga,28.0,1997.0,21,18,1436.0,16.0,0,0,0,0,0,0,6,0,0.0,0.0,0.0,0.0,0.0,Matches,0,4,1,25.0,0.25,0.06,0.0,0.0,0,0,Matches,,,,,,,,,,,,,,,0,,,,,,Matches,,21,,,,,,,,,,,15,,,,Matches,,,,,,,,,,,,,,,,,,,,,Matches,benedikt gimber,0.4965052902698517,0.2124537825584411,0.4965052902698517,2.2927268696948886,2.2330755470320582
994,Santiago Giménez,mx MEX,FW,Milan,it Serie A,24.0,2001.0,16,11,892.0,9.9,0,1,1,0,0,0,2,0,0.0,0.1,0.1,0.0,0.1,Matches,0,27,9,33.3,2.72,0.91,0.0,0.0,0,0,Matches,,,,,,,,,,,,,,,1,,,,,,Matches,,5,,,,,,,,,,,1,,,,Matches,,,,,,,,,,,,,,,,,,,,,Matches,santiago gimenez,3.7894718274474144,0.5480921231210232,3.7894718274474144,4.311729162931442,1.1985082384198904
995,Gvidas Gineitis,lt LTU,MF,Torino,it Serie A,21.0,2004.0,29,23,1756.0,19.5,0,1,1,0,0,0,5,0,0.0,0.05,0.05,0.0,0.05,Matches,0,27,5,18.5,1.38,0.26,0.0,0.0,0,0,Matches,,,,,,,,,,,,,,,1,,,,,,Matches,,28,,,,,,,,,,,23,,,,Matches,,,,,,,,,,,,,,,,,,,,,Matches,gvidas gineitis,0.9363524671643972,2.6753238569945097,0.9363524671643972,5.622060902416706,4.116749364882708
996,Matthias Ginter,de GER,DF,Freiburg,de Bundesliga,31.0,1994.0,32,32,2833.0,31.5,3,3,6,3,0,0,3,0,0.1,0.1,0.19,0.1,0.19,Matches,3,19,7,36.8,0.6,0.22,0.16,0.43,0,0,Matches,,,,,,,,,,,,,,,3,,,,,,Matches,,14,,,,,,,,,,,22,,,,Matches,,,,,,,,,,,,,,,,,,,,,Matches,matthias ginter,2.0582033302634954,2.107471376657486,2.0582033302634954,11.456075862050056,9.3837448656559
997,Giovane,br BRA,"FW,MF",Hellas Verona,it Serie A,21.0,2003.0,21,19,1533.0,17.0,3,4,7,3,0,0,2,0,0.18,0.23,0.41,0.18,0.41,Matches,3,47,25,53.2,2.76,1.47,0.06,0.12,0,0,Matches,,,,,,,,,,,,,,,4,,,,,,Matches,,9,,,,,,,,,,,5,,,,Matches,,,,,,,,,,,,,,,,,,,,,Matches,giovane,4.269323905929923,4.357408100739121,4.269323905929923,8.811031891033053,2.390819819644093
999,Olivier Giroud,fr FRA,FW,Lille,fr Ligue 1,38.0,1986.0,30,17,1609.0,17.9,7,1,8,4,3,4,2,0,0.39,0.06,0.45,0.22,0.28,Matches,7,41,16,39.0,2.29,0.89,0.17,0.44,3,4,Matches,,,,,,,,,,,,,,,1,,,,,,Matches,,8,,,,,,,,,,,4,,,,Matches,,,,,,,,,,,,,,,,,,,,,Matches,olivier giroud,8.869264025241137,1.851565897464752,5.828883409500122,9.002260066568851,2.159651977941394
1000,Jamie Gittens,eng ENG,MF,Chelsea,eng Premier League,20.0,2004.0,16,5,495.0,5.5,0,2,2,0,0,0,0,0,0.0,0.36,0.36,0.0,0.36,Matches,0,10,2,20.0,1.82,0.36,0.0,0.0,0,0,Matches,,,,,,,,,,,,,,,2,,,,,,Matches,,4,,,,,,,,,,,2,,,,Matches,,,,,,,,,,,,,,,,,,,,,Matches,jamie gittens,0.8924727980047464,0.978217288851738,0.8924727980047464,2.936161085963249,1.3098940197378397
1001,Robert Glatzel,de GER,FW,Hamburger SV,de Bundesliga,31.0,1994.0,19,7,612.0,6.8,3,2,5,2,1,1,0,0,0.44,0.29,0.74,0.29,0.59,Matches,3,16,7,43.8,2.35,1.03,0.19,0.43,1,1,Matches,,,,,,,,,,,,,,,2,,,,,,Matches,,1,,,,,,,,,,,0,,,,Matches,,,,,,,,,,,,,,,,,,,,,Matches,robert glatzel,2.8448161985725164,0.8636805173009634,2.0870395209640265,3.0260464753955603,0.5884653031826019
1002,Serge Gnabry,de GER,MF,Bayern Munich,de Bundesliga,30.0,1995.0,21,16,1219.0,13.5,8,6,14,8,0,0,1,0,0.59,0.44,1.03,0.59,1.03,Matches,8,50,17,34.0,3.69,1.26,0.16,0.47,0,0,Matches,,,,,,,,,,,,,,,6,,,,,,Matches,,10,,,,,,,,,,,4,,,,Matches,,,,,,,,,,,,,,,,,,,,,Matches,serge gnabry,6.26451538130641,5.150685242377222,6.26451538130641,16.288242295384407,8.140462888404727
1003,Wilfried Gnonto,it ITA,FW,Leeds United,eng Premier League,21.0,2003.0,23,4,537.0,6.0,0,1,1,0,0,0,3,0,0.0,0.17,0.17,0.0,0.17,Matches,0,10,0,0.0,1.68,0.0,0.0,,0,0,Matches,,,,,,,,,,,,,,,1,,,,,,Matches,,13,,,,,,,,,,,3,,,,Matches,,,,,,,,,,,,,,,,,,,,,Matches,wilfried gnonto,0.4376505799591541,1.2471250221133232,0.4376505799591541,2.879379965364933,1.2366269938647747
1004,Giorgi Gocholeishvili,ge GEO,MF,Hamburger SV,de Bundesliga,24.0,2001.0,24,9,940.0,10.4,0,2,2,0,0,0,3,1,0.0,0.19,0.19,0.0,0.19,Matches,0,14,2,14.3,1.34,0.19,0.0,0.0,0,0,Matches,,,,,,,,,,,,,,,2,,,,,,Matches,,14,,,,,,,,,,,7,,,,Matches,,,,,,,,,,,,,,,,,,,,,Matches,giorgi gocholeishvili,0.9827461671084166,0.6386436335742474,0.9827461671084166,3.0658979546278715,1.6764663234353063
1005,Martial Godo,ci CIV,MF,Strasbourg,fr Ligue 1,22.0,2003.0,28,18,1584.0,17.6,10,1,11,10,0,0,2,0,0.57,0.06,0.62,0.57,0.62,Matches,10,41,17,41.5,2.33,0.97,0.24,0.59,0,0,Matches,,,,,,,,,,,,,,,1,,,,,,Matches,,13,,,,,,,,,,,15,,,,Matches,,,,,,,,,,,,,,,,,,,,,Matches,martial godo,8.613017499446869,2.2593456469476223,8.613017499446869,15.288090150803328,5.07086955755949
1009,Aleksandr Golovin,ru RUS,MF,Monaco,fr Ligue 1,29.0,1996.0,25,21,1649.0,18.3,5,5,10,5,0,0,4,1,0.27,0.27,0.55,0.27,0.55,Matches,5,34,18,52.9,1.86,0.98,0.15,0.28,0,0,Matches,,,,,,,,,,,,,,,5,,,,,,Matches,,18,,,,,,,,,,,21,,,,Matches,,,,,,,,,,,,,,,,,,,,,Matches,aleksandr golovin,4.700230384245515,2.307285126298666,4.700230384245515,11.270541843026876,5.069507037289441
1011,Angel Gomes,eng ENG,MF,Marseille,fr Ligue 1,24.0,2000.0,14,12,888.0,9.9,3,0,3,3,0,0,4,0,0.3,0.0,0.3,0.3,0.3,Matches,3,11,5,45.5,1.11,0.51,0.27,0.6,0,0,Matches,,,,,,,,,,,,,,,0,,,,,,Matches,,5,,,,,,,,,,,4,,,,Matches,,,,,,,,,,,,,,,,,,,,,Matches,angel gomes,0.1933972742408514,0.2992059402167797,0.1933972742408514,1.6750201545655727,1.3590065725147724
1012,Angel Gomes,eng ENG,"MF,FW",Wolves,eng Premier League,24.0,2000.0,12,7,461.0,5.1,0,0,0,0,0,0,1,0,0.0,0.0,0.0,0.0,0.0,Matches,0,6,2,33.3,1.17,0.39,0.0,0.0,0,0,Matches,,,,,,,,,,,,,,,0,,,,,,Matches,,5,,,,,,,,,,,1,,,,Matches,,,,,,,,,,,,,,,,,,,,,Matches,angel gomes,0.1933972742408514,0.2992059402167797,0.1933972742408514,1.6750201545655727,1.3590065725147724
1013,João Gomes,br BRA,MF,Wolves,eng Premier League,24.0,2001.0,35,32,2829.0,31.4,1,1,2,1,0,0,10,0,0.03,0.03,0.06,0.03,0.06,Matches,1,19,7,36.8,0.6,0.22,0.05,0.14,0,0,Matches,,,,,,,,,,,,,,,1,,,,,,Matches,,68,,,,,,,,,,,36,,,,Matches,,,,,,,,,,,,,,,,,,,,,Matches,joao gomes,1.2462569223716855,1.441765757277608,1.2462569223716855,6.201923135668039,5.079094551503658
1014,Rodrigo Gomes,pt POR,"MF,FW",Wolves,eng Premier League,22.0,2003.0,22,9,960.0,10.7,3,0,3,3,0,0,0,0,0.28,0.0,0.28,0.28,0.28,Matches,3,20,6,30.0,1.87,0.56,0.15,0.5,0,0,Matches,,,,,,,,,,,,,,,0,,,,,,Matches,,18,,,,,,,,,,,11,,,,Matches,,,,,,,,,,,,,,,,,,,,,Matches,rodrigo gomes,2.28443655744195,0.1513135097920894,2.28443655744195,3.37700173817575,1.008143601939082
1015,Toti Gomes,pt POR,DF,Wolves,eng Premier League,26.0,1999.0,19,17,1424.0,15.8,0,0,0,0,0,0,2,1,0.0,0.0,0.0,0.0,0.0,Matches,0,5,2,40.0,0.32,0.13,0.0,0.0,0,0,Matches,,,,,,,,,,,,,,,0,,,,,,Matches,,11,,,,,,,,,,,13,,,,Matches,,,,,,,,,,,,,,,,,,,,,Matches,toti gomes,,,,,
1016,Diego Gómez,py PAR,"MF,FW",Brighton,eng Premier League,22.0,2003.0,32,26,2120.0,23.6,5,1,6,5,0,0,9,0,0.21,0.04,0.25,0.21,0.25,Matches,5,42,14,33.3,1.78,0.59,0.12,0.36,0,0,Matches,,,,,,,,,,,,,,,1,,,,,,Matches,,49,,,,,,,,,,,19,,,,Matches,,,,,,,,,,,,,,,,,,,,,Matches,diego gomez,6.4177497662603855,2.0924463979899883,6.4177497662603855,14.40620754659176,7.100968384183943
1017,Joe Gomez,eng ENG,DF,Liverpool,eng Premier League,28.0,1997.0,21,7,607.0,6.7,0,2,2,0,0,0,4,0,0.0,0.3,0.3,0.0,0.3,Matches,0,5,1,20.0,0.74,0.15,0.0,0.0,0,0,Matches,,,,,,,,,,,,,,,2,,,,,,Matches,,7,,,,,,,,,,,8,,,,Matches,,,,,,,,,,,,,,,,,,,,,Matches,joe gomez,0.1996985450387001,1.2491662725806236,0.1996985450387001,4.338553808629513,3.096942812204361
1018,Moi Gómez,es ESP,MF,Osasuna,es La Liga,31.0,1994.0,26,12,1201.0,13.3,0,2,2,0,0,0,3,0,0.0,0.15,0.15,0.0,0.15,Matches,0,11,2,18.2,0.82,0.15,0.0,0.0,0,0,Matches,,,,,,,,,,,,,,,2,,,,,,Matches,,9,,,,,,,,,,,11,,,,Matches,,,,,,,,,,,,,,,,,,,,,Matches,moi gomez,0.4181990008801222,1.9109276719391344,0.4181990008801222,5.146273463964462,3.1553665651008487
1019,Sergio Gómez,es ESP,DF,Real Sociedad,es La Liga,24.0,2000.0,35,30,2701.0,30.0,0,6,6,0,0,0,5,1,0.0,0.2,0.2,0.0,0.2,Matches,0,12,0,0.0,0.4,0.0,0.0,,0,0,Matches,,,,,,,,,,,,,,,6,,,,,,Matches,,53,,,,,,,,,,,32,,,,Matches,,,,,,,,,,,,,,,,,,,,,Matches,sergio gomez,0.8500185953453183,7.414878661744296,0.8500185953453183,11.900510411709549,8.49614124558866
1020,Unai Gómez,es ESP,MF,Athletic Club,es La Liga,22.0,2003.0,26,12,936.0,10.4,1,1,2,1,0,0,1,0,0.1,0.1,0.19,0.1,0.19,Matches,1,23,7,30.4,2.21,0.67,0.04,0.14,0,0,Matches,,,,,,,,,,,,,,,1,,,,,,Matches,,8,,,,,,,,,,,3,,,,Matches,,,,,,,,,,,,,,,,,,,,,Matches,unai gomez,2.0704635065048933,0.6146819815039635,2.0704635065048933,3.052200043573976,0.7931436467915773
1021,Valentín Gómez,ar ARG,DF,Real Betis,es La Liga,22.0,2003.0,28,19,1882.0,20.9,1,0,1,1,0,0,5,0,0.05,0.0,0.05,0.05,0.05,Matches,1,11,5,45.5,0.53,0.24,0.09,0.2,0,0,Matches,,,,,,,,,,,,,,,0,,,,,,Matches,,25,,,,,,,,,,,23,,,,Matches,,,,,,,,,,,,,,,,,,,,,Matches,valentin gomez,0.953595282509923,2.110032780095935,0.953595282509923,5.001710316166282,3.893445262685418
1024,Rafael Gonçalves,pt POR,"MF,DF",Strasbourg,fr Ligue 1,20.0,2005.0,12,6,588.0,6.5,0,1,1,0,0,0,0,0,0.0,0.15,0.15,0.0,0.15,Matches,0,5,3,60.0,0.77,0.46,0.0,0.0,0,0,Matches,,,,,,,,,,,,,,,1,,,,,,Matches,,10,,,,,,,,,,,4,,,,Matches,,,,,,,,,,,,,,,,,,,,,Matches,rafael goncalves,,,,,
1026,Nicolás González,es ESP,MF,Manchester City,eng Premier League,23.0,2002.0,25,17,1569.0,17.4,1,0,1,1,0,0,6,0,0.06,0.0,0.06,0.06,0.06,Matches,1,14,2,14.3,0.8,0.11,0.07,0.5,0,0,Matches,,,,,,,,,,,,,,,0,,,,,,Matches,,30,,,,,,,,,,,24,,,,Matches,,,,,,,,,,,,,,,,,,,,,Matches,nicolas gonzalez,5.666498072445393,1.7241394147276878,5.666498072445393,10.485972724854946,5.266246838495135
1027,Nicolás González,ar ARG,"MF,DF",Atlético Madrid,es La Liga,27.0,1998.0,24,18,1448.0,16.1,5,0,5,5,0,0,4,1,0.31,0.0,0.31,0.31,0.31,Matches,5,43,21,48.8,2.67,1.31,0.12,0.24,0,0,Matches,,,,,,,,,,,,,,,0,,,,,,Matches,,16,,,,,,,,,,,11,,,,Matches,,,,,,,,,,,,,,,,,,,,,Matches,nicolas gonzalez,5.666498072445393,1.7241394147276878,5.666498072445393,10.485972724854946,5.266246838495135
1029,Urko González,es ESP,MF,Espanyol,es La Liga,24.0,2001.0,35,28,2623.0,29.1,0,1,1,0,0,0,7,0,0.0,0.03,0.03,0.0,0.03,Matches,0,18,1,5.6,0.62,0.03,0.0,0.0,0,0,Matches,,,,,,,,,,,,,,,1,,,,,,Matches,,33,,,,,,,,,,,29,,,,Matches,,,,,,,,,,,,,,,,,,,,,Matches,urko gonzalez,0.6285140076652169,0.3392333183437586,0.6285140076652169,5.933217795565724,5.271215932443738
1031,Anthony Gordon,eng ENG,FW,Newcastle,eng Premier League,24.0,2001.0,26,24,1795.0,19.9,6,2,8,3,3,3,3,1,0.3,0.1,0.4,0.15,0.25,Matches,6,48,20,41.7,2.41,1.0,0.13,0.3,3,3,Matches,,,,,,,,,,,,,,,2,,,,,,Matches,,13,,,,,,,,,,,3,,,,Matches,,,,,,,,,,,,,,,,,,,,,Matches,anthony gordon,8.756197515875101,3.714877739548683,6.472690913826227,10.976929228752851,4.042658658698201
1032,Leon Goretzka,de GER,MF,Bayern Munich,de Bundesliga,30.0,1995.0,31,25,1947.0,21.6,5,3,8,5,0,0,4,0,0.23,0.14,0.37,0.23,0.37,Matches,5,35,11,31.4,1.62,0.51,0.14,0.45,0,0,Matches,,,,,,,,,,,,,,,3,,,,,,Matches,,19,,,,,,,,,,,26,,,,Matches,,,,,,,,,,,,,,,,,,,,,Matches,leon goretzka,4.884574018418789,2.346890510059893,4.884574018418789,16.531479734927416,14.036005043424666
1034,Andoni Gorosabel,es ESP,DF,Athletic Club,es La Liga,28.0,1996.0,24,15,1360.0,15.1,0,1,1,0,0,0,3,0,0.0,0.07,0.07,0.0,0.07,Matches,0,5,1,20.0,0.33,0.07,0.0,0.0,0,0,Matches,,,,,,,,,,,,,,,1,,,,,,Matches,,24,,,,,,,,,,,18,,,,Matches,,,,,,,,,,,,,,,,,,,,,Matches,andoni gorosabel,0.2154859928414225,1.289799666032195,0.2154859928414225,6.460969613865018,5.660822134464979
1035,Jon Gorrotxategi,es ESP,MF,Real Sociedad,es La Liga,23.0,2002.0,30,26,2210.0,24.6,1,3,4,1,0,0,7,0,0.04,0.12,0.16,0.04,0.16,Matches,1,13,1,7.7,0.53,0.04,0.08,1.0,0,0,Matches,,,,,,,,,,,,,,,3,,,,,,Matches,,29,,,,,,,,,,,31,,,,Matches,,,,,,,,,,,,,,,,,,,,,Matches,jon gorrotxategi,0.9011643519625068,0.9900850029662251,0.9011643519625068,9.608818357810378,8.54557849932462
1037,Alimami Gory,ml MLI,"MF,DF",Paris FC,fr Ligue 1,28.0,1996.0,24,9,982.0,10.9,5,1,6,5,0,0,3,0,0.46,0.09,0.55,0.46,0.55,Matches,5,19,6,31.6,1.74,0.55,0.26,0.83,0,0,Matches,,,,,,,,,,,,,,,1,,,,,,Matches,,11,,,,,,,,,,,8,,,,Matches,,,,,,,,,,,,,,,,,,,,,Matches,alimami gory,3.891201537102461,0.6714342199265957,3.891201537102461,4.999185955151916,1.0015269126743078
1038,Robin Gosens,de GER,"DF,MF",Fiorentina,it Serie A,31.0,1994.0,26,24,1881.0,20.9,3,1,4,3,0,0,2,0,0.14,0.05,0.19,0.14,0.19,Matches,3,18,7,38.9,0.86,0.33,0.17,0.43,0,0,Matches,,,,,,,,,,,,,,,1,,,,,,Matches,,18,,,,,,,,,,,23,,,,Matches,,,,,,,,,,,,,,,,,,,,,Matches,robin gosens,2.3951865192502737,0.9613326136022806,2.3951865192502737,4.041613267734647,2.377325525507331
1040,Mario Götze,de GER,MF,Frankfurt,de Bundesliga,33.0,1992.0,21,8,886.0,9.8,0,0,0,0,0,0,1,0,0.0,0.0,0.0,0.0,0.0,Matches,0,5,0,0.0,0.51,0.0,0.0,,0,0,Matches,,,,,,,,,,,,,,,0,,,,,,Matches,,8,,,,,,,,,,,4,,,,Matches,,,,,,,,,,,,,,,,,,,,,Matches,mario gotze,0.4346178546547889,2.859270012006164,0.4346178546547889,3.92476156540215,2.630390318110585
1041,Amine Gouiri,dz ALG,"FW,MF",Marseille,fr Ligue 1,25.0,2000.0,22,15,1326.0,14.7,8,3,11,8,0,0,1,0,0.54,0.2,0.75,0.54,0.75,Matches,8,38,17,44.7,2.58,1.15,0.21,0.47,0,0,Matches,,,,,,,,,,,,,,,3,,,,,,Matches,,9,,,,,,,,,,,3,,,,Matches,,,,,,,,,,,,,,,,,,,,,Matches,amine gouiri,7.237069595605135,3.988559890538454,7.237069595605135,11.248107068240644,2.8222608156502247
1042,Lucas Gourna-Douath,fr FRA,MF,Le Havre,fr Ligue 1,21.0,2003.0,15,14,1272.0,14.1,0,0,0,0,0,0,5,0,0.0,0.0,0.0,0.0,0.0,Matches,0,9,2,22.2,0.64,0.14,0.0,0.0,0,0,Matches,,,,,,,,,,,,,,,0,,,,,,Matches,,12,,,,,,,,,,,15,,,,Matches,,,,,,,,,,,,,,,,,,,,,Matches,lucas gourna douath,0.2040942274034023,0.1832763087004423,0.2040942274034023,2.2300780918449163,1.9834622982889412
1043,Tiago Gouveia,pt POR,MF,Nice,fr Ligue 1,24.0,2001.0,15,5,532.0,5.9,0,0,0,0,0,0,3,0,0.0,0.0,0.0,0.0,0.0,Matches,0,12,4,33.3,2.03,0.68,0.0,0.0,0,0,Matches,,,,,,,,,,,,,,,0,,,,,,Matches,,3,,,,,,,,,,,9,,,,Matches,,,,,,,,,,,,,,,,,,,,,Matches,tiago gouveia,0.9029901213943958,0.6395432502031326,0.9029901213943958,1.151403535157442,0.701687641441822
1044,Jeffrey Gouweleeuw,nl NED,DF,Augsburg,de Bundesliga,34.0,1991.0,11,10,848.0,9.4,0,1,1,0,0,0,3,0,0.0,0.11,0.11,0.0,0.11,Matches,0,5,3,60.0,0.53,0.32,0.0,0.0,0,0,Matches,,,,,,,,,,,,,,,1,,,,,,Matches,,10,,,,,,,,,,,13,,,,Matches,,,,,,,,,,,,,,,,,,,,,Matches,jeffrey gouweleeuw,0.236933896318078,0.378789821639657,0.236933896318078,1.2999653723090887,1.004734518006444
1045,Kamil Grabara,pl POL,GK,Wolfsburg,de Bundesliga,26.0,1999.0,34,34,3060.0,34.0,0,0,0,0,0,0,1,0,0.0,0.0,0.0,0.0,0.0,Matches,0,1,0,0.0,0.03,0.0,0.0,,0,0,Matches,,,,,,,,,,,,,,,0,,,,,,Matches,,1,,,,,,,,,,,1,,,,Matches,,,,,,,,,,,,,,,,,,,,,Matches,kamil grabara,0.0364092700183391,0.0404902063310146,0.0364092700183391,4.599022266454995,4.5585320591926575
1046,Jonathan Gradit,fr FRA,DF,Lens,fr Ligue 1,32.0,1992.0,10,10,807.0,9.0,0,0,0,0,0,0,2,1,0.0,0.0,0.0,0.0,0.0,Matches,0,2,0,0.0,0.22,0.0,0.0,,0,0,Matches,,,,,,,,,,,,,,,0,,,,,,Matches,,12,,,,,,,,,,,16,,,,Matches,,,,,,,,,,,,,,,,,,,,,Matches,jonathan gradit,0.10594142973423,0.0885385647416114,0.10594142973423,2.78721896186471,2.739480827003717
1047,Alberto Grassi,it ITA,MF,Cremonese,it Serie A,30.0,1995.0,30,18,1753.0,19.5,0,0,0,0,0,0,4,1,0.0,0.0,0.0,0.0,0.0,Matches,0,13,4,30.8,0.67,0.21,0.0,0.0,0,0,Matches,,,,,,,,,,,,,,,0,,,,,,Matches,,11,,,,,,,,,,,35,,,,Matches,,,,,,,,,,,,,,,,,,,,,Matches,alberto grassi,0.7624318739399314,0.4524057134985924,0.7624318739399314,3.692227714695037,2.7019001794978976
1048,Ryan Gravenberch,nl NED,MF,Liverpool,eng Premier League,23.0,2002.0,36,34,2992.0,33.2,5,3,8,5,0,0,5,0,0.15,0.09,0.24,0.15,0.24,Matches,5,38,13,34.2,1.14,0.39,0.13,0.38,0,0,Matches,,,,,,,,,,,,,,,3,,,,,,Matches,,35,,,,,,,,,,,44,,,,Matches,,,,,,,,,,,,,,,,,,,,,Matches,ryan gravenberch,1.5315213510766623,2.368868850171566,1.5315213510766623,13.042155539616942,10.718840256333351
1049,Archie Gray,eng ENG,"MF,DF",Tottenham,eng Premier League,19.0,2006.0,24,18,1478.0,16.4,2,2,4,2,0,0,5,0,0.12,0.12,0.24,0.12,0.24,Matches,2,11,5,45.5,0.67,0.3,0.18,0.4,0,0,Matches,,,,,,,,,,,,,,,2,,,,,,Matches,,8,,,,,,,,,,,17,,,,Matches,,,,,,,,,,,,,,,,,,,,,Matches,archie gray,1.588539564050734,1.6584226582199335,1.588539564050734,3.5702104242518544,2.168477569706738
1050,Jack Grealish,eng ENG,MF,Everton,eng Premier League,29.0,1995.0,20,18,1627.0,18.1,2,6,8,2,0,0,5,1,0.11,0.33,0.44,0.11,0.44,Matches,2,26,8,30.8,1.44,0.44,0.08,0.25,0,0,Matches,,,,,,,,,,,,,,,6,,,,,,Matches,,15,,,,,,,,,,,11,,,,Matches,,,,,,,,,,,,,,,,,,,,,Matches,jack grealish,3.084938551299274,4.558330744504929,3.084938551299274,9.290637398138642,3.2924681939184666
1051,Mason Greenwood,eng ENG,MF,Marseille,fr Ligue 1,23.0,2001.0,32,29,2462.0,27.4,16,7,23,10,6,8,4,0,0.58,0.26,0.84,0.37,0.62,Matches,16,116,48,41.4,4.24,1.75,0.14,0.33,6,8,Matches,,,,,,,,,,,,,,,7,,,,,,Matches,,13,,,,,,,,,,,4,,,,Matches,,,,,,,,,,,,,,,,,,,,,Matches,mason greenwood,14.337145529687405,7.642338250763714,8.256384439766407,23.296432835049927,12.582058395259082
1052,Michael Gregoritsch,at AUT,FW,Augsburg,de Bundesliga,31.0,1994.0,17,11,913.0,10.1,6,2,8,5,1,1,2,0,0.59,0.2,0.79,0.49,0.69,Matches,6,29,10,34.5,2.86,0.99,0.21,0.6,1,1,Matches,,,,,,,,,,,,,,,2,,,,,,Matches,,4,,,,,,,,,,,5,,,,Matches,,,,,,,,,,,,,,,,,,,,,Matches,michael gregoritsch,6.215451763942838,1.5184729620814323,5.457675086334348,6.945263855159283,2.202855406329036
1053,Dominik Greif,sk SVK,GK,Lyon,fr Ligue 1,28.0,1997.0,29,29,2610.0,29.0,0,1,1,0,0,0,1,0,0.0,0.03,0.03,0.0,0.03,Matches,0,0,0,,0.0,0.0,,,0,0,Matches,,,,,,,,,,,,,,,1,,,,,,Matches,,0,,,,,,,,,,,0,,,,Matches,,,,,,,,,,,,,,,,,,,,,Matches,dominik greif,0.0,0.1348658353090286,0.0,5.989278774708509,5.8544129319489
1054,Antoine Griezmann,fr FRA,FW,Atlético Madrid,es La Liga,34.0,1991.0,34,13,1481.0,16.5,7,4,11,7,0,0,1,0,0.43,0.24,0.67,0.43,0.67,Matches,7,47,25,53.2,2.86,1.52,0.15,0.28,0,0,Matches,,,,,,,,,,,,,,,4,,,,,,Matches,,9,,,,,,,,,,,8,,,,Matches,,,,,,,,,,,,,,,,,,,,,Matches,antoine griezmann,8.293904645368457,4.9885023310780525,8.293904645368457,17.252844139933586,7.144089825451374
1055,Vincenzo Grifo,it ITA,MF,Freiburg,de Bundesliga,32.0,1993.0,33,21,1710.0,19.0,7,4,11,3,4,4,0,0,0.37,0.21,0.58,0.16,0.37,Matches,7,30,12,40.0,1.58,0.63,0.23,0.58,4,4,Matches,,,,,,,,,,,,,,,4,,,,,,Matches,,5,,,,,,,,,,,16,,,,Matches,,,,,,,,,,,,,,,,,,,,,Matches,vincenzo grifo,5.46098705381155,5.387601099908352,2.429960750043392,10.17651617899537,5.148983117192984
1056,Álex Grimaldo,es ESP,MF,Leverkusen,de Bundesliga,29.0,1995.0,29,29,2521.0,28.0,8,7,15,5,3,3,5,0,0.29,0.25,0.54,0.18,0.43,Matches,8,61,21,34.4,2.18,0.75,0.13,0.38,3,3,Matches,,,,,,,,,,,,,,,7,,,,,,Matches,,25,,,,,,,,,,,18,,,,Matches,,,,,,,,,,,,,,,,,,,,,Matches,alex grimaldo,6.761390760540962,10.24105754122138,4.488060817122459,19.19080664217472,13.631710644811392
1057,Pascal Groß,de GER,MF,Dortmund,de Bundesliga,34.0,1991.0,11,7,613.0,6.8,0,1,1,0,0,0,0,0,0.0,0.15,0.15,0.0,0.15,Matches,0,8,1,12.5,1.17,0.15,0.0,0.0,0,0,Matches,,,,,,,,,,,,,,,1,,,,,,Matches,,6,,,,,,,,,,,5,,,,Matches,,,,,,,,,,,,,,,,,,,,,Matches,pascal gro,1.2529933378100395,3.2941888589411974,1.2529933378100395,10.012519028037786,8.280529152601957
1058,Pascal Groß,de GER,MF,Brighton,eng Premier League,34.0,1991.0,19,18,1636.0,18.2,1,3,4,1,0,0,2,0,0.06,0.17,0.22,0.06,0.22,Matches,1,18,9,50.0,0.99,0.5,0.06,0.11,0,0,Matches,,,,,,,,,,,,,,,3,,,,,,Matches,,17,,,,,,,,,,,11,,,,Matches,,,,,,,,,,,,,,,,,,,,,Matches,pascal gro,1.2529933378100395,3.2941888589411974,1.2529933378100395,10.012519028037786,8.280529152601957
1060,Brajan Gruda,de GER,"MF,FW",RB Leipzig,de Bundesliga,21.0,2004.0,13,8,753.0,8.4,3,3,6,3,0,0,1,0,0.36,0.36,0.72,0.36,0.72,Matches,3,22,10,45.5,2.63,1.2,0.14,0.3,0,0,Matches,,,,,,,,,,,,,,,3,,,,,,Matches,,8,,,,,,,,,,,0,,,,Matches,,,,,,,,,,,,,,,,,,,,,Matches,brajan gruda,1.772459496743977,1.215459401719272,1.772459496743977,5.479941666126251,2.844237370416522
1061,Brajan Gruda,de GER,MF,Brighton,eng Premier League,21.0,2004.0,18,8,719.0,8.0,1,1,2,1,0,0,2,0,0.13,0.13,0.25,0.13,0.25,Matches,1,16,6,37.5,2.0,0.75,0.06,0.17,0,0,Matches,,,,,,,,,,,,,,,1,,,,,,Matches,,5,,,,,,,,,,,2,,,,Matches,,,,,,,,,,,,,,,,,,,,,Matches,brajan gruda,1.772459496743977,1.215459401719272,1.772459496743977,5.479941666126251,2.844237370416522
1062,Ilia Gruev,bg BUL,MF,Leeds United,eng Premier League,25.0,2000.0,23,15,1323.0,14.7,0,3,3,0,0,0,3,0,0.0,0.2,0.2,0.0,0.2,Matches,0,7,1,14.3,0.48,0.07,0.0,0.0,0,0,Matches,,,,,,,,,,,,,,,3,,,,,,Matches,,13,,,,,,,,,,,14,,,,Matches,,,,,,,,,,,,,,,,,,,,,Matches,ilia gruev,0.7337606139481068,1.4936000779271126,0.7337606139481068,3.584418125450611,2.230386760085821
1063,Marco Grüll,at AUT,"MF,FW",Werder Bremen,de Bundesliga,27.0,1998.0,33,23,2006.0,22.3,3,1,4,3,0,0,5,0,0.13,0.04,0.18,0.13,0.18,Matches,3,43,13,30.2,1.93,0.58,0.07,0.23,0,0,Matches,,,,,,,,,,,,,,,1,,,,,,Matches,,20,,,,,,,,,,,14,,,,Matches,,,,,,,,,,,,,,,,,,,,,Matches,marco grull,4.225460607558489,2.3132778629660606,4.225460607558489,9.543412220664322,4.941745131276548
1064,Albert Grønbaek,dk DEN,MF,Hamburger SV,de Bundesliga,24.0,2001.0,7,6,492.0,5.5,1,2,3,1,0,0,0,0,0.18,0.37,0.55,0.18,0.55,Matches,1,8,4,50.0,1.46,0.73,0.13,0.25,0,0,Matches,,,,,,,,,,,,,,,2,,,,,,Matches,,10,,,,,,,,,,,11,,,,Matches,,,,,,,,,,,,,,,,,,,,,Matches,albert gr nbaek,,,,,
1066,Nemanja Gudelj,rs SRB,"DF,MF",Sevilla,es La Liga,33.0,1991.0,34,26,2348.0,26.1,2,0,2,2,0,0,9,0,0.08,0.0,0.08,0.08,0.08,Matches,2,31,9,29.0,1.19,0.34,0.06,0.22,0,0,Matches,,,,,,,,,,,,,,,0,,,,,,Matches,,23,,,,,,,,,,,23,,,,Matches,,,,,,,,,,,,,,,,,,,,,Matches,nemanja gudelj,1.475432573352009,0.832065112888813,1.475432573352009,5.2675101440399885,4.190701778978109
1067,Gabriel Gudmundsson,se SWE,"DF,MF",Leeds United,eng Premier League,26.0,1999.0,32,31,2631.0,29.2,0,0,0,0,0,0,6,1,0.0,0.0,0.0,0.0,0.0,Matches,0,18,3,16.7,0.62,0.1,0.0,0.0,0,0,Matches,,,,,,,,,,,,,,,0,,,,,,Matches,,47,,,,,,,,,,,28,,,,Matches,,,,,,,,,,,,,,,,,,,,,Matches,gabriel gudmundsson,0.8777289493009448,3.1013932153582573,0.8777289493009448,6.76558150164783,4.271107049658895
1068,Gonçalo Guedes,pt POR,MF,Real Sociedad,es La Liga,28.0,1996.0,32,22,1823.0,20.3,8,4,12,8,0,0,3,0,0.39,0.2,0.59,0.39,0.59,Matches,8,46,18,39.1,2.27,0.89,0.17,0.44,0,0,Matches,,,,,,,,,,,,,,,4,,,,,,Matches,,16,,,,,,,,,,,4,,,,Matches,,,,,,,,,,,,,,,,,,,,,Matches,goncalo guedes,4.142274813726544,2.665413634851575,4.142274813726544,12.011291518807411,7.679975047707558
1069,Marc Guéhi,eng ENG,DF,Crystal Palace,eng Premier League,25.0,2000.0,20,20,1800.0,20.0,2,2,4,2,0,0,4,0,0.1,0.1,0.2,0.1,0.2,Matches,2,15,4,26.7,0.75,0.2,0.13,0.5,0,0,Matches,,,,,,,,,,,,,,,2,,,,,,Matches,,19,,,,,,,,,,,24,,,,Matches,,,,,,,,,,,,,,,,,,,,,Matches,marc guehi,4.697336498647928,2.726592278573662,4.697336498647928,17.67278046440333,15.488122279755771
1070,Marc Guéhi,eng ENG,DF,Manchester City,eng Premier League,25.0,2000.0,15,15,1350.0,15.0,1,1,2,1,0,0,2,0,0.07,0.07,0.13,0.07,0.13,Matches,1,17,5,29.4,1.13,0.33,0.06,0.2,0,0,Matches,,,,,,,,,,,,,,,1,,,,,,Matches,,12,,,,,,,,,,,25,,,,Matches,,,,,,,,,,,,,,,,,,,,,Matches,marc guehi,4.697336498647928,2.726592278573662,4.697336498647928,17.67278046440333,15.488122279755771
1071,Mattéo Guendouzi,fr FRA,MF,Lazio,it Serie A,26.0,1999.0,16,16,1428.0,15.9,2,1,3,2,0,0,5,1,0.13,0.06,0.19,0.13,0.19,Matches,2,16,8,50.0,1.01,0.5,0.13,0.25,0,0,Matches,,,,,,,,,,,,,,,1,,,,,,Matches,,8,,,,,,,,,,,11,,,,Matches,,,,,,,,,,,,,,,,,,,,,Matches,matteo guendouzi,1.22304982598871,1.0217254180461168,1.22304982598871,5.685938589274883,4.695960254408419
1072,Javier Guerra,es ESP,"MF,FW",Valencia,es La Liga,22.0,2003.0,36,25,2061.0,22.9,4,6,10,4,0,0,3,0,0.17,0.26,0.44,0.17,0.44,Matches,4,31,12,38.7,1.35,0.52,0.13,0.33,0,0,Matches,,,,,,,,,,,,,,,6,,,,,,Matches,,15,,,,,,,,,,,23,,,,Matches,,,,,,,,,,,,,,,,,,,,,Matches,javier guerra,3.004997119307518,3.467247355729341,3.004997119307518,11.069295661523938,6.21899560559541
1073,Raphaël Guerreiro,pt POR,MF,Bayern Munich,de Bundesliga,31.0,1993.0,18,8,784.0,8.7,5,2,7,5,0,0,0,0,0.57,0.23,0.8,0.57,0.8,Matches,5,12,5,41.7,1.38,0.57,0.42,1.0,0,0,Matches,,,,,,,,,,,,,,,2,,,,,,Matches,,7,,,,,,,,,,,1,,,,Matches,,,,,,,,,,,,,,,,,,,,,Matches,raphael guerreiro,3.528638795018196,2.275534149259329,3.528638795018196,9.012822458520532,4.25221517123282
1077,Evann Guessand,ci CIV,MF,Aston Villa,eng Premier League,24.0,2001.0,13,6,588.0,6.5,0,1,1,0,0,0,0,0,0.0,0.15,0.15,0.0,0.15,Matches,0,8,5,62.5,1.22,0.77,0.0,0.0,0,0,Matches,,,,,,,,,,,,,,,1,,,,,,Matches,,9,,,,,,,,,,,3,,,,Matches,,,,,,,,,,,,,,,,,,,,,Matches,evann guessand,1.8542680740356443,1.2377337515354156,1.8542680740356443,3.779372459277511,1.3025728072971106
1078,Ander Guevara,es ESP,MF,Alavés,es La Liga,28.0,1997.0,25,2,654.0,7.3,1,1,2,1,0,0,4,1,0.14,0.14,0.28,0.14,0.28,Matches,1,5,1,20.0,0.69,0.14,0.2,1.0,0,0,Matches,,,,,,,,,,,,,,,1,,,,,,Matches,,8,,,,,,,,,,,9,,,,Matches,,,,,,,,,,,,,,,,,,,,,Matches,ander guevara,0.6449843011796474,0.8938102275133133,0.6449843011796474,2.792195681482553,1.921984908170998
1079,Idrissa Gueye,sn SEN,MF,Everton,eng Premier League,35.0,1989.0,25,25,2093.0,23.3,2,3,5,2,0,0,1,1,0.09,0.13,0.22,0.09,0.22,Matches,2,29,7,24.1,1.25,0.3,0.07,0.29,0,0,Matches,,,,,,,,,,,,,,,3,,,,,,Matches,,21,,,,,,,,,,,29,,,,Matches,,,,,,,,,,,,,,,,,,,,,Matches,idrissa gueye,1.9142106398940089,1.693690698593855,1.9142106398940089,9.138687188737094,6.896284964866936
1082,Pape Gueye,sn SEN,MF,Villarreal,es La Liga,26.0,1999.0,30,26,2131.0,23.7,5,2,7,4,1,1,8,0,0.21,0.08,0.3,0.17,0.25,Matches,5,47,13,27.7,1.98,0.55,0.11,0.38,1,1,Matches,,,,,,,,,,,,,,,2,,,,,,Matches,,22,,,,,,,,,,,35,,,,Matches,,,,,,,,,,,,,,,,,,,,,Matches,pape gueye,5.21023759432137,2.2214559176936746,4.466959962621331,15.24400033056736,10.280141228809953
1083,Morgan Guilavogui,gn GUI,MF,Lens,fr Ligue 1,27.0,1998.0,16,3,491.0,5.5,1,0,1,1,0,0,3,1,0.18,0.0,0.18,0.18,0.18,Matches,1,10,2,20.0,1.83,0.37,0.1,0.5,0,0,Matches,,,,,,,,,,,,,,,0,,,,,,Matches,,10,,,,,,,,,,,3,,,,Matches,,,,,,,,,,,,,,,,,,,,,Matches,morgan guilavogui,1.7886713072657583,1.1636604741215706,1.7886713072657583,4.216861076653004,2.2034296356141567
1084,Frederic Guilbert,fr FRA,"DF,MF",Nantes,fr Ligue 1,30.0,1994.0,8,7,607.0,6.7,0,0,0,0,0,0,1,0,0.0,0.0,0.0,0.0,0.0,Matches,0,7,2,28.6,1.04,0.3,0.0,0.0,0,0,Matches,,,,,,,,,,,,,,,0,,,,,,Matches,,12,,,,,,,,,,,19,,,,Matches,,,,,,,,,,,,,,,,,,,,,Matches,frederic guilbert,0.340896600857377,1.5390042420476675,0.340896600857377,1.85949700884521,1.641930215060711
1086,Bruno Guimarães,br BRA,MF,Newcastle,eng Premier League,27.0,1997.0,29,27,2453.0,27.3,9,5,14,7,2,2,6,0,0.33,0.18,0.51,0.26,0.44,Matches,9,42,23,54.8,1.54,0.84,0.21,0.39,2,2,Matches,,,,,,,,,,,,,,,5,,,,,,Matches,,41,,,,,,,,,,,16,,,,Matches,,,,,,,,,,,,,,,,,,,,,Matches,bruno guimaraes,6.597308051772416,3.869310455396771,5.074970376677811,14.09811718389392,9.365775737911465
1087,Daouda Guindo,ml MLI,DF,Brest,fr Ligue 1,22.0,2002.0,25,19,1686.0,18.7,1,1,2,1,0,0,4,1,0.05,0.05,0.11,0.05,0.11,Matches,1,21,5,23.8,1.12,0.27,0.05,0.2,0,0,Matches,,,,,,,,,,,,,,,1,,,,,,Matches,,30,,,,,,,,,,,30,,,,Matches,,,,,,,,,,,,,,,,,,,,,Matches,daouda guindo,1.0396253047510982,0.8110729418694973,1.0396253047510982,3.2362389899790287,2.005129542201757
1088,Bahereba Guirassy,fr FRA,"FW,MF",Nantes,fr Ligue 1,18.0,2006.0,20,9,821.0,9.1,2,1,3,2,0,0,2,0,0.22,0.11,0.33,0.22,0.33,Matches,2,15,7,46.7,1.64,0.77,0.13,0.29,0,0,Matches,,,,,,,,,,,,,,,1,,,,,,Matches,,13,,,,,,,,,,,5,,,,Matches,,,,,,,,,,,,,,,,,,,,,Matches,bahereba guirassy,1.986866552382708,1.0273366682231426,1.986866552382708,3.3992551025003195,0.4723921976983547
1089,Serhou Guirassy,gn GUI,FW,Dortmund,de Bundesliga,29.0,1996.0,33,27,2337.0,26.0,17,1,18,16,1,3,3,0,0.65,0.04,0.69,0.62,0.65,Matches,17,84,40,47.6,3.23,1.54,0.2,0.43,1,3,Matches,,,,,,,,,,,,,,,1,,,,,,Matches,,1,,,,,,,,,,,0,,,,Matches,,,,,,,,,,,,,,,,,,,,,Matches,serhou guirassy,19.91118175908923,1.9295950140804048,17.63785172626376,19.162629645317796,4.181204119697213
1092,Péter Gulácsi,hu HUN,GK,RB Leipzig,de Bundesliga,35.0,1990.0,23,23,2008.0,22.3,0,0,0,0,0,0,1,0,0.0,0.0,0.0,0.0,0.0,Matches,0,0,0,,0.0,0.0,,,0,0,Matches,,,,,,,,,,,,,,,0,,,,,,Matches,,0,,,,,,,,,,,0,,,,Matches,,,,,,,,,,,,,,,,,,,,,Matches,peter gulacsi,0.0,0.0,0.0,5.831954948604107,5.831954948604107
1093,Arda Güler,tr TUR,MF,Real Madrid,es La Liga,20.0,2005.0,33,25,2014.0,22.4,4,9,13,4,0,0,1,0,0.18,0.4,0.58,0.18,0.58,Matches,4,49,19,38.8,2.19,0.85,0.08,0.21,0,0,Matches,,,,,,,,,,,,,,,9,,,,,,Matches,,28,,,,,,,,,,,8,,,,Matches,,,,,,,,,,,,,,,,,,,,,Matches,arda guler,4.8113659825176,8.848396001383662,4.8113659825176,16.119426768273115,8.680156823247671
1094,Gerard Gumbau,es ESP,MF,Rayo Vallecano,es La Liga,30.0,1994.0,28,14,1175.0,13.1,0,3,3,0,0,0,4,0,0.0,0.23,0.23,0.0,0.23,Matches,0,20,5,25.0,1.53,0.38,0.0,0.0,0,0,Matches,,,,,,,,,,,,,,,3,,,,,,Matches,,16,,,,,,,,,,,11,,,,Matches,,,,,,,,,,,,,,,,,,,,,Matches,gerard gumbau,1.1357509652152658,2.5143625792115927,1.1357509652152658,6.054331148043275,4.46986211836338
1096,Christian Günter,de GER,DF,Freiburg,de Bundesliga,32.0,1993.0,24,18,1547.0,17.2,0,3,3,0,0,0,3,0,0.0,0.17,0.17,0.0,0.17,Matches,0,9,0,0.0,0.52,0.0,0.0,,0,0,Matches,,,,,,,,,,,,,,,3,,,,,,Matches,,12,,,,,,,,,,,10,,,,Matches,,,,,,,,,,,,,,,,,,,,,Matches,christian gunter,0.3919804766774177,2.233008475974202,0.3919804766774177,5.913286862894893,4.075682835653424
1097,Jon Guridi,es ESP,"MF,FW",Alavés,es La Liga,30.0,1995.0,28,15,1238.0,13.8,0,0,0,0,0,0,1,0,0.0,0.0,0.0,0.0,0.0,Matches,0,15,4,26.7,1.09,0.29,0.0,0.0,0,0,Matches,,,,,,,,,,,,,,,0,,,,,,Matches,,19,,,,,,,,,,,10,,,,Matches,,,,,,,,,,,,,,,,,,,,,Matches,jon guridi,1.620393067598343,0.5416145175695419,1.620393067598343,5.297916954383254,3.662469517439604
1098,Gorka Guruzeta,es ESP,FW,Athletic Club,es La Liga,28.0,1996.0,35,28,2363.0,26.3,10,3,13,9,1,1,6,1,0.38,0.11,0.5,0.34,0.46,Matches,10,84,32,38.1,3.2,1.22,0.12,0.31,1,1,Matches,,,,,,,,,,,,,,,3,,,,,,Matches,,6,,,,,,,,,,,11,,,,Matches,,,,,,,,,,,,,,,,,,,,,Matches,gorka guruzeta,11.726107958704231,3.501504704356193,10.982830349355936,16.107928594574332,4.2075874749571085
1099,Malo Gusto,fr FRA,"DF,MF",Chelsea,eng Premier League,22.0,2003.0,34,26,2261.0,25.1,2,3,5,2,0,0,5,1,0.08,0.12,0.2,0.08,0.2,Matches,2,12,6,50.0,0.48,0.24,0.17,0.33,0,0,Matches,,,,,,,,,,,,,,,3,,,,,,Matches,,23,,,,,,,,,,,30,,,,Matches,,,,,,,,,,,,,,,,,,,,,Matches,malo gusto,1.941821174696088,3.805633621290326,1.941821174696088,16.337898954749107,13.553333889693022
1101,Miguel Gutiérrez,es ESP,"MF,DF",Napoli,it Serie A,24.0,2001.0,28,15,1488.0,16.5,1,1,2,1,0,0,0,0,0.06,0.06,0.12,0.06,0.12,Matches,1,15,5,33.3,0.91,0.3,0.07,0.2,0,0,Matches,,,,,,,,,,,,,,,1,,,,,,Matches,,22,,,,,,,,,,,7,,,,Matches,,,,,,,,,,,,,,,,,,,,,Matches,miguel gutierrez,0.571861126460135,1.7833779081702232,0.571861126460135,8.16924431361258,7.402092078700662
1102,Albert Guðmundsson,is ISL,"FW,MF",Fiorentina,it Serie A,28.0,1997.0,33,27,2250.0,25.0,5,4,9,2,3,3,4,1,0.2,0.16,0.36,0.08,0.24,Matches,5,41,15,36.6,1.64,0.6,0.12,0.33,3,3,Matches,,,,,,,,,,,,,,,4,,,,,,Matches,,4,,,,,,,,,,,3,,,,Matches,,,,,,,,,,,,,,,,,,,,,Matches,albert gu mundsson,,,,,
1103,Joško Gvardiol,hr CRO,DF,Manchester City,eng Premier League,23.0,2002.0,18,16,1372.0,15.2,2,2,4,2,0,0,2,0,0.13,0.13,0.26,0.13,0.26,Matches,2,17,6,35.3,1.12,0.39,0.12,0.33,0,0,Matches,,,,,,,,,,,,,,,2,,,,,,Matches,,13,,,,,,,,,,,16,,,,Matches,,,,,,,,,,,,,,,,,,,,,Matches,josko gvardiol,1.8614049591124056,0.4376047477126121,1.8614049591124056,10.09633487649262,9.54827414639294
1104,Viktor Gyökeres,se SWE,FW,Arsenal,eng Premier League,27.0,1998.0,36,26,2224.0,24.7,14,1,15,11,3,3,5,0,0.57,0.04,0.61,0.45,0.49,Matches,14,55,22,40.0,2.23,0.89,0.25,0.64,3,3,Matches,,,,,,,,,,,,,,,1,,,,,,Matches,,5,,,,,,,,,,,1,,,,Matches,,,,,,,,,,,,,,,,,,,,,Matches,viktor gyokeres,13.871430788189173,2.6537387324497104,11.58792421594262,14.77520313858986,3.259540883824229
1105,Erling Haaland,no NOR,FW,Manchester City,eng Premier League,25.0,2000.0,35,34,2953.0,32.8,27,8,35,24,3,4,2,0,0.82,0.24,1.07,0.73,0.98,Matches,27,126,59,46.8,3.84,1.8,0.21,0.46,3,4,Matches,,,,,,,,,,,,,,,8,,,,,,Matches,,7,,,,,,,,,,,4,,,,Matches,,,,,,,,,,,,,,,,,,,,,Matches,erling haaland,28.795336209237576,5.507687093690038,25.7506607696414,32.735352732241154,5.163548586890101
1106,Janik Haberer,de GER,MF,Union Berlin,de Bundesliga,31.0,1994.0,28,20,1646.0,18.3,0,1,1,0,0,0,8,0,0.0,0.05,0.05,0.0,0.05,Matches,0,11,1,9.1,0.6,0.05,0.0,0.0,0,0,Matches,,,,,,,,,,,,,,,1,,,,,,Matches,,19,,,,,,,,,,,10,,,,Matches,,,,,,,,,,,,,,,,,,,,,Matches,janik haberer,0.6165919480845332,1.4660948365926745,0.6165919480845332,2.625936538912356,1.615098069421947
1109,Albian Hajdari,xk KVX,DF,Hoffenheim,de Bundesliga,22.0,2003.0,30,28,2434.0,27.0,1,2,3,1,0,0,10,0,0.04,0.07,0.11,0.04,0.11,Matches,1,19,4,21.1,0.7,0.15,0.05,0.25,0,0,Matches,,,,,,,,,,,,,,,2,,,,,,Matches,,38,,,,,,,,,,,42,,,,Matches,,,,,,,,,,,,,,,,,,,,,Matches,albian hajdari,1.951246085576713,1.4744714088737965,1.951246085576713,9.048692982643844,7.608659699559212
1110,Achraf Hakimi,ma MAR,DF,PSG,fr Ligue 1,26.0,1998.0,18,15,1375.0,15.3,2,2,4,2,0,0,3,1,0.13,0.13,0.26,0.13,0.26,Matches,2,27,9,33.3,1.77,0.59,0.07,0.22,0,0,Matches,,,,,,,,,,,,,,,2,,,,,,Matches,,13,,,,,,,,,,,11,,,,Matches,,,,,,,,,,,,,,,,,,,,,Matches,achraf hakimi,2.801814373582601,1.457746408879757,2.801814373582601,9.875811459496616,7.461580440402031
1111,Lewis Hall,eng ENG,DF,Newcastle,eng Premier League,20.0,2004.0,30,24,2181.0,24.2,1,1,2,1,0,0,4,0,0.04,0.04,0.08,0.04,0.08,Matches,1,25,6,24.0,1.03,0.25,0.04,0.17,0,0,Matches,,,,,,,,,,,,,,,1,,,,,,Matches,,31,,,,,,,,,,,29,,,,Matches,,,,,,,,,,,,,,,,,,,,,Matches,lewis hall,1.28814219776541,2.5339094949886203,1.28814219776541,8.868408833630383,7.467507724650204
1115,Andreas Hanche-Olsen,no NOR,DF,Mainz 05,de Bundesliga,28.0,1997.0,13,8,851.0,9.5,0,1,1,0,0,0,3,0,0.0,0.11,0.11,0.0,0.11,Matches,0,6,3,50.0,0.63,0.32,0.0,0.0,0,0,Matches,,,,,,,,,,,,,,,1,,,,,,Matches,,5,,,,,,,,,,,13,,,,Matches,,,,,,,,,,,,,,,,,,,,,Matches,andreas hanche olsen,0.2357495911419391,0.709290836006403,0.2357495911419391,2.0370114482939243,1.2583506405353546
1116,Dávid Hancko,sk SVK,DF,Atlético Madrid,es La Liga,27.0,1997.0,30,27,2432.0,27.0,0,2,2,0,0,0,2,0,0.0,0.07,0.07,0.0,0.07,Matches,0,21,5,23.8,0.78,0.19,0.0,0.0,0,0,Matches,,,,,,,,,,,,,,,2,,,,,,Matches,,27,,,,,,,,,,,19,,,,Matches,,,,,,,,,,,,,,,,,,,,,Matches,david hancko,1.6438409592956305,2.1513782758265734,1.6438409592956305,12.420591298490764,10.175065614283085
1117,Florent Hanin,dz ALG,"DF,MF",Angers,fr Ligue 1,35.0,1990.0,25,9,865.0,9.6,0,0,0,0,0,0,0,0,0.0,0.0,0.0,0.0,0.0,Matches,0,3,0,0.0,0.31,0.0,0.0,,0,0,Matches,,,,,,,,,,,,,,,0,,,,,,Matches,,8,,,,,,,,,,,13,,,,Matches,,,,,,,,,,,,,,,,,,,,,Matches,florent hanin,0.0746449474245309,0.7792584672570229,0.0746449474245309,3.0628660544753075,2.31902040168643
1120,Hákon Haraldsson,is ISL,MF,Lille,fr Ligue 1,22.0,2003.0,32,29,2460.0,27.3,8,2,10,8,0,0,6,0,0.29,0.07,0.37,0.29,0.37,Matches,8,50,17,34.0,1.83,0.62,0.16,0.47,0,0,Matches,,,,,,,,,,,,,,,2,,,,,,Matches,,15,,,,,,,,,,,12,,,,Matches,,,,,,,,,,,,,,,,,,,,,Matches,hakon haraldsson,8.196693381294608,4.53067035600543,8.196693381294608,18.88669960573316,9.129945868626235
1121,Conrad Harder,dk DEN,FW,RB Leipzig,de Bundesliga,20.0,2005.0,29,8,932.0,10.4,3,3,6,3,0,0,3,0,0.29,0.29,0.58,0.29,0.58,Matches,3,42,13,31.0,4.06,1.26,0.07,0.23,0,0,Matches,,,,,,,,,,,,,,,3,,,,,,Matches,,6,,,,,,,,,,,7,,,,Matches,,,,,,,,,,,,,,,,,,,,,Matches,conrad harder,4.679239679127932,2.816276628524065,4.679239679127932,7.420943347737193,1.14351468347013
1122,Jack Harrison,eng ENG,"FW,MF",Fiorentina,it Serie A,28.0,1996.0,15,10,981.0,10.9,1,3,4,1,0,0,1,0,0.09,0.28,0.37,0.09,0.37,Matches,1,13,4,30.8,1.19,0.37,0.08,0.25,0,0,Matches,,,,,,,,,,,,,,,3,,,,,,Matches,,6,,,,,,,,,,,2,,,,Matches,,,,,,,,,,,,,,,,,,,,,Matches,jack harrison,0.4338683113455772,0.3380284607410431,0.4338683113455772,1.0663754409179091,0.3290564557537436
1124,Abdou Harroui,nl NED,MF,Hellas Verona,it Serie A,27.0,1998.0,23,11,907.0,10.1,1,0,1,0,1,1,3,0,0.1,0.0,0.1,0.0,0.0,Matches,1,12,2,16.7,1.19,0.2,0.08,0.5,1,1,Matches,,,,,,,,,,,,,,,0,,,,,,Matches,,17,,,,,,,,,,,1,,,,Matches,,,,,,,,,,,,,,,,,,,,,Matches,abdou harroui,1.1734618581831455,0.6866047256626189,0.4121630229055881,3.6475467239506543,2.7020138697698712
1125,Quilindschy Hartman,nl NED,DF,Burnley,eng Premier League,23.0,2001.0,21,21,1825.0,20.3,0,5,5,0,0,0,1,0,0.0,0.25,0.25,0.0,0.25,Matches,0,9,3,33.3,0.44,0.15,0.0,0.0,0,0,Matches,,,,,,,,,,,,,,,5,,,,,,Matches,,31,,,,,,,,,,,32,,,,Matches,,,,,,,,,,,,,,,,,,,,,Matches,quilindschy hartman,0.377465664409101,2.790129487402737,0.377465664409101,5.23548704944551,4.075551783666015
1126,Haissem Hassan,eg EGY,"MF,FW",Oviedo,es La Liga,23.0,2002.0,37,20,1942.0,21.6,0,3,3,0,0,0,1,0,0.0,0.14,0.14,0.0,0.14,Matches,0,34,8,23.5,1.58,0.37,0.0,0.0,0,0,Matches,,,,,,,,,,,,,,,3,,,,,,Matches,,26,,,,,,,,,,,6,,,,Matches,,,,,,,,,,,,,,,,,,,,,Matches,haissem hassan,1.9617184847593307,1.7974820844829082,1.9617184847593307,5.390570223331451,2.5027807988226414
1128,Hans Hateboer,nl NED,"DF,MF",Lyon,fr Ligue 1,31.0,1994.0,15,8,740.0,8.2,0,0,0,0,0,0,0,1,0.0,0.0,0.0,0.0,0.0,Matches,0,7,1,14.3,0.85,0.12,0.0,0.0,0,0,Matches,,,,,,,,,,,,,,,0,,,,,,Matches,,10,,,,,,,,,,,10,,,,Matches,,,,,,,,,,,,,,,,,,,,,Matches,hans hateboer,0.3286443073302507,0.0340640284121036,0.3286443073302507,2.8689861558377743,2.6208875365555286
1129,Jorrel Hato,nl NED,DF,Chelsea,eng Premier League,19.0,2006.0,22,12,1148.0,12.8,0,0,0,0,0,0,7,0,0.0,0.0,0.0,0.0,0.0,Matches,0,4,0,0.0,0.31,0.0,0.0,,0,0,Matches,,,,,,,,,,,,,,,0,,,,,,Matches,,19,,,,,,,,,,,17,,,,Matches,,,,,,,,,,,,,,,,,,,,,Matches,jorrel hato,0.3383092209696769,0.7095918618142605,0.3383092209696769,6.174443513154984,5.819172963500023
1131,Kai Havertz,de GER,"FW,MF",Arsenal,eng Premier League,26.0,1999.0,12,7,581.0,6.5,2,3,5,2,0,0,1,0,0.31,0.46,0.77,0.31,0.77,Matches,2,18,4,22.2,2.79,0.62,0.11,0.5,0,0,Matches,,,,,,,,,,,,,,,3,,,,,,Matches,,5,,,,,,,,,,,1,,,,Matches,,,,,,,,,,,,,,,,,,,,,Matches,kai havertz,4.895509898662567,1.456983646377921,4.895509898662567,4.521999087184668,0.751641895622015
1132,Ayden Heaven,eng ENG,DF,Manchester Utd,eng Premier League,18.0,2006.0,17,11,924.0,10.3,0,1,1,0,0,0,2,0,0.0,0.1,0.1,0.0,0.1,Matches,0,3,0,0.0,0.29,0.0,0.0,,0,0,Matches,,,,,,,,,,,,,,,1,,,,,,Matches,,13,,,,,,,,,,,1,,,,Matches,,,,,,,,,,,,,,,,,,,,,Matches,ayden heaven,0.2150531085208058,0.365470789372921,0.2150531085208058,4.165300289168954,3.7110456619411702
1133,Jan Paul van Hecke,nl NED,DF,Brighton,eng Premier League,25.0,2000.0,36,36,3210.0,35.7,3,3,6,3,0,0,9,0,0.08,0.08,0.17,0.08,0.17,Matches,3,23,10,43.5,0.64,0.28,0.13,0.3,0,0,Matches,,,,,,,,,,,,,,,3,,,,,,Matches,,31,,,,,,,,,,,45,,,,Matches,,,,,,,,,,,,,,,,,,,,,Matches,jan paul van hecke,3.358578664250672,1.0255657620728016,3.358578664250672,14.122217744588852,13.213500533252954
1134,Hwang Hee-chan,kr KOR,"FW,MF",Wolves,eng Premier League,29.0,1996.0,26,18,1446.0,16.1,2,2,4,1,1,1,5,0,0.12,0.12,0.25,0.06,0.19,Matches,2,19,6,31.6,1.18,0.37,0.11,0.33,1,1,Matches,,,,,,,,,,,,,,,2,,,,,,Matches,,4,,,,,,,,,,,12,,,,Matches,,,,,,,,,,,,,,,,,,,,,Matches,hwang hee chan,,,,,
1135,Torbjørn Heggem,no NOR,DF,Bologna,it Serie A,26.0,1999.0,27,23,2113.0,23.5,0,0,0,0,0,0,0,1,0.0,0.0,0.0,0.0,0.0,Matches,0,11,2,18.2,0.47,0.09,0.0,0.0,0,0,Matches,,,,,,,,,,,,,,,0,,,,,,Matches,,19,,,,,,,,,,,25,,,,Matches,,,,,,,,,,,,,,,,,,,,,Matches,torbj rn heggem,1.0151279531419275,0.050894595682621,1.0151279531419275,4.1579109420999885,4.145889705978334
1136,Gauthier Hein,fr FRA,"MF,FW",Metz,fr Ligue 1,28.0,1996.0,29,26,2351.0,26.1,8,7,15,3,5,5,3,1,0.31,0.27,0.57,0.11,0.38,Matches,8,44,13,29.5,1.68,0.5,0.18,0.62,5,5,Matches,,,,,,,,,,,,,,,7,,,,,,Matches,,10,,,,,,,,,,,9,,,,Matches,,,,,,,,,,,,,,,,,,,,,Matches,gauthier hein,7.256195746362209,4.457953127101064,3.4557200483977795,9.394331835210323,4.18543278798461
1138,Eivind Helland,no NOR,DF,Bologna,it Serie A,20.0,2005.0,6,6,484.0,5.4,0,0,0,0,0,0,2,0,0.0,0.0,0.0,0.0,0.0,Matches,0,1,0,0.0,0.19,0.0,0.0,,0,0,Matches,,,,,,,,,,,,,,,0,,,,,,Matches,,5,,,,,,,,,,,7,,,,Matches,,,,,,,,,,,,,,,,,,,,,Matches,eivind helland,0.0996828228235244,0.1498643718659877,0.0996828228235244,0.8593118786811829,0.7094475030899048
1140,Dean Henderson,eng ENG,GK,Crystal Palace,eng Premier League,28.0,1997.0,37,37,3330.0,37.0,0,0,0,0,0,0,5,0,0.0,0.0,0.0,0.0,0.0,Matches,0,0,0,,0.0,0.0,,,0,0,Matches,,,,,,,,,,,,,,,0,,,,,,Matches,,0,,,,,,,,,,,1,,,,Matches,,,,,,,,,,,,,,,,,,,,,Matches,dean henderson,0.0,0.0154756419360637,0.0,3.761154722422362,3.761154722422362
1141,Jordan Henderson,eng ENG,MF,Brentford,eng Premier League,35.0,1990.0,32,22,1919.0,21.3,1,3,4,1,0,0,6,0,0.05,0.14,0.19,0.05,0.19,Matches,1,6,1,16.7,0.28,0.05,0.17,1.0,0,0,Matches,,,,,,,,,,,,,,,3,,,,,,Matches,,14,,,,,,,,,,,16,,,,Matches,,,,,,,,,,,,,,,,,,,,,Matches,jordan henderson,0.5513727776706219,3.320531530305743,0.5513727776706219,8.78984696418047,6.131646819412708
1142,Ramon Hendriks,nl NED,DF,Stuttgart,de Bundesliga,24.0,2001.0,31,22,2025.0,22.5,0,3,3,0,0,0,3,0,0.0,0.13,0.13,0.0,0.13,Matches,0,5,0,0.0,0.22,0.0,0.0,,0,0,Matches,,,,,,,,,,,,,,,3,,,,,,Matches,,15,,,,,,,,,,,22,,,,Matches,,,,,,,,,,,,,,,,,,,,,Matches,ramon hendriks,0.2131752036511898,0.5864755865186453,0.2131752036511898,9.381356485188007,9.077877201139929
1144,Caio Henrique,br BRA,"DF,MF",Monaco,fr Ligue 1,28.0,1997.0,22,17,1536.0,17.1,0,2,2,0,0,0,2,0,0.0,0.12,0.12,0.0,0.12,Matches,0,2,0,0.0,0.12,0.0,0.0,,0,0,Matches,,,,,,,,,,,,,,,2,,,,,,Matches,,11,,,,,,,,,,,12,,,,Matches,,,,,,,,,,,,,,,,,,,,,Matches,caio henrique,0.1910106763243675,3.198100356385112,0.1910106763243675,4.503836177289486,3.891177363693714
1145,Luis Henrique,br BRA,MF,Inter,it Serie A,23.0,2001.0,30,18,1624.0,18.0,1,2,3,1,0,0,1,0,0.06,0.11,0.17,0.06,0.17,Matches,1,15,7,46.7,0.83,0.39,0.07,0.14,0,0,Matches,,,,,,,,,,,,,,,2,,,,,,Matches,,16,,,,,,,,,,,7,,,,Matches,,,,,,,,,,,,,,,,,,,,,Matches,luis henrique,1.1519507393240929,2.1901443749666214,1.1519507393240929,8.63915280252695,5.7535695768892765
1146,Rico Henry,jm JAM,DF,Brentford,eng Premier League,28.0,1997.0,25,14,1328.0,14.8,0,1,1,0,0,0,2,0,0.0,0.07,0.07,0.0,0.07,Matches,0,5,0,0.0,0.34,0.0,0.0,,0,0,Matches,,,,,,,,,,,,,,,1,,,,,,Matches,,11,,,,,,,,,,,7,,,,Matches,,,,,,,,,,,,,,,,,,,,,Matches,rico henry,0.1456592017784714,0.3161719217896461,0.1456592017784714,2.418498318642378,2.231708014383912
1148,Mads Hermansen,dk DEN,GK,West Ham,eng Premier League,25.0,2000.0,18,18,1620.0,18.0,0,1,1,0,0,0,0,0,0.0,0.06,0.06,0.0,0.06,Matches,0,0,0,,0.0,0.0,,,0,0,Matches,,,,,,,,,,,,,,,1,,,,,,Matches,,0,,,,,,,,,,,0,,,,Matches,,,,,,,,,,,,,,,,,,,,,Matches,mads hermansen,0.0,0.0371963791549205,0.0,2.0422262623906136,2.0050298795104027
1149,Mario Hermoso,es ESP,DF,Roma,it Serie A,30.0,1995.0,27,25,2085.0,23.2,3,2,5,3,0,0,9,0,0.13,0.09,0.22,0.13,0.22,Matches,3,20,6,30.0,0.86,0.26,0.15,0.5,0,0,Matches,,,,,,,,,,,,,,,2,,,,,,Matches,,20,,,,,,,,,,,30,,,,Matches,,,,,,,,,,,,,,,,,,,,,Matches,mario hermoso,2.192820576019585,0.8591896975412965,2.192820576019585,7.192078398540616,5.719124445691705
1150,Lucas Hernández,fr FRA,DF,PSG,fr Ligue 1,29.0,1996.0,25,20,1747.0,19.4,0,3,3,0,0,0,4,0,0.0,0.15,0.15,0.0,0.15,Matches,0,11,3,27.3,0.57,0.15,0.0,0.0,0,0,Matches,,,,,,,,,,,,,,,3,,,,,,Matches,,14,,,,,,,,,,,21,,,,Matches,,,,,,,,,,,,,,,,,,,,,Matches,lucas hernandez,0.641115945763886,1.280301958322525,0.641115945763886,13.89805230870843,12.697192337363958
1152,Jorge Herrando,es ESP,DF,Osasuna,es La Liga,24.0,2001.0,28,17,1600.0,17.8,0,1,1,0,0,0,3,0,0.0,0.06,0.06,0.0,0.06,Matches,0,3,0,0.0,0.17,0.0,0.0,,0,0,Matches,,,,,,,,,,,,,,,1,,,,,,Matches,,15,,,,,,,,,,,22,,,,Matches,,,,,,,,,,,,,,,,,,,,,Matches,jorge herrando,0.1706695649772882,0.6935188174247742,0.1706695649772882,1.8340701051056385,1.8011348769068718
1153,Sergio Herrera,es ESP,GK,Osasuna,es La Liga,32.0,1993.0,37,37,3284.0,36.5,0,0,0,0,0,0,3,1,0.0,0.0,0.0,0.0,0.0,Matches,0,0,0,,0.0,0.0,,,0,0,Matches,,,,,,,,,,,,,,,0,,,,,,Matches,,0,,,,,,,,,,,0,,,,Matches,,,,,,,,,,,,,,,,,,,,,Matches,sergio herrera,0.0,0.0,0.0,2.1348039116710424,2.1348039116710424
1155,Yangel Herrera,ve VEN,MF,Real Sociedad,es La Liga,27.0,1998.0,12,6,526.0,5.8,0,0,0,0,0,0,2,0,0.0,0.0,0.0,0.0,0.0,Matches,0,5,1,20.0,0.86,0.17,0.0,0.0,0,0,Matches,,,,,,,,,,,,,,,0,,,,,,Matches,,6,,,,,,,,,,,1,,,,Matches,,,,,,,,,,,,,,,,,,,,,Matches,yangel herrera,0.689001614227891,0.0548966005444526,0.689001614227891,1.6791701149195433,1.4945150688290596
1157,Daniel Heuer Fernandes,pt POR,GK,Hamburger SV,de Bundesliga,32.0,1992.0,33,33,2970.0,33.0,0,0,0,0,0,0,3,0,0.0,0.0,0.0,0.0,0.0,Matches,0,1,0,0.0,0.03,0.0,0.0,,0,0,Matches,,,,,,,,,,,,,,,0,,,,,,Matches,,0,,,,,,,,,,,0,,,,Matches,,,,,,,,,,,,,,,,,,,,,Matches,daniel heuer fernandes,0.1280906349420547,0.0,0.1280906349420547,5.012303248047829,5.012303248047829
1158,Aaron Hickey,sct SCO,"DF,MF",Brentford,eng Premier League,23.0,2002.0,21,8,691.0,7.7,0,0,0,0,0,0,1,0,0.0,0.0,0.0,0.0,0.0,Matches,0,6,1,16.7,0.78,0.13,0.0,0.0,0,0,Matches,,,,,,,,,,,,,,,0,,,,,,Matches,,7,,,,,,,,,,,8,,,,Matches,,,,,,,,,,,,,,,,,,,,,Matches,aaron hickey,0.5498570688068867,0.6038424372673035,0.5498570688068867,2.695782231166959,2.2481193635612726
1159,Santiago Hidalgo,ar ARG,"MF,FW",Toulouse,fr Ligue 1,20.0,2005.0,28,14,1306.0,14.5,4,6,10,4,0,0,4,0,0.28,0.41,0.69,0.28,0.69,Matches,4,33,13,39.4,2.27,0.9,0.12,0.31,0,0,Matches,,,,,,,,,,,,,,,6,,,,,,Matches,,20,,,,,,,,,,,8,,,,Matches,,,,,,,,,,,,,,,,,,,,,Matches,santiago hidalgo,4.3010341711342335,2.72281704004854,4.3010341711342335,6.958296973258257,2.094240222126245
1160,Isak Hien,se SWE,DF,Atalanta,it Serie A,26.0,1999.0,28,20,1970.0,21.9,1,0,1,1,0,0,5,0,0.05,0.0,0.05,0.05,0.05,Matches,1,9,3,33.3,0.41,0.14,0.11,0.33,0,0,Matches,,,,,,,,,,,,,,,0,,,,,,Matches,,34,,,,,,,,,,,29,,,,Matches,,,,,,,,,,,,,,,,,,,,,Matches,isak hien,1.0833443198353052,0.1072509177029132,1.0833443198353052,6.416519846767187,6.356766816228628
1162,Omar El Hilali,ma MAR,DF,Espanyol,es La Liga,21.0,2003.0,36,32,2826.0,31.4,0,2,2,0,0,0,9,0,0.0,0.06,0.06,0.0,0.06,Matches,0,1,0,0.0,0.03,0.0,0.0,,0,0,Matches,,,,,,,,,,,,,,,2,,,,,,Matches,,55,,,,,,,,,,,39,,,,Matches,,,,,,,,,,,,,,,,,,,,,Matches,omar el hilali,0.0136713292449712,1.6936176465824246,0.0136713292449712,5.094719165936112,3.9731050971895456
1163,James Hill,eng ENG,DF,Bournemouth,eng Premier League,23.0,2002.0,29,22,2106.0,23.4,0,3,3,0,0,0,5,0,0.0,0.13,0.13,0.0,0.13,Matches,0,12,2,16.7,0.51,0.09,0.0,0.0,0,0,Matches,,,,,,,,,,,,,,,3,,,,,,Matches,,20,,,,,,,,,,,37,,,,Matches,,,,,,,,,,,,,,,,,,,,,Matches,james hill,0.9502518232911824,1.4291670992970469,0.9502518232911824,7.55955524276942,7.176162118092179
1165,Piero Hincapié,ec ECU,DF,Arsenal,eng Premier League,23.0,2002.0,25,20,1792.0,19.9,1,2,3,1,0,0,2,0,0.05,0.1,0.15,0.05,0.15,Matches,1,3,2,66.7,0.15,0.1,0.33,0.5,0,0,Matches,,,,,,,,,,,,,,,2,,,,,,Matches,,26,,,,,,,,,,,26,,,,Matches,,,,,,,,,,,,,,,,,,,,,Matches,piero hincapie,0.4126348299905658,2.1274072602391243,0.4126348299905658,8.479371219873428,6.883014105260372
1167,Jack Hinshelwood,eng ENG,MF,Brighton,eng Premier League,20.0,2005.0,27,20,1741.0,19.3,4,3,7,4,0,0,0,0,0.21,0.16,0.36,0.21,0.36,Matches,4,37,15,40.5,1.91,0.78,0.11,0.27,0,0,Matches,,,,,,,,,,,,,,,3,,,,,,Matches,,13,,,,,,,,,,,6,,,,Matches,,,,,,,,,,,,,,,,,,,,,Matches,jack hinshelwood,4.76202392950654,2.3572685150429606,4.76202392950654,11.615752866491675,5.945451917126775
1171,Jonas Hofmann,de GER,MF,Leverkusen,de Bundesliga,33.0,1992.0,23,11,1013.0,11.3,2,2,4,2,0,0,3,0,0.18,0.18,0.36,0.18,0.36,Matches,2,23,7,30.4,2.04,0.62,0.09,0.29,0,0,Matches,,,,,,,,,,,,,,,2,,,,,,Matches,,10,,,,,,,,,,,2,,,,Matches,,,,,,,,,,,,,,,,,,,,,Matches,jonas hofmann,2.1885164361447096,2.7552873007953167,2.1885164361447096,9.790684130042791,5.792823223397136
1172,Malthe Hojholt,dk DEN,MF,Pisa,it Serie A,24.0,2001.0,17,9,850.0,9.4,0,0,0,0,0,0,2,0,0.0,0.0,0.0,0.0,0.0,Matches,0,4,2,50.0,0.42,0.21,0.0,0.0,0,0,Matches,,,,,,,,,,,,,,,0,,,,,,Matches,,8,,,,,,,,,,,9,,,,Matches,,,,,,,,,,,,,,,,,,,,,Matches,malthe hojholt,,,,,
1173,Lucas Höler,de GER,"FW,MF",Freiburg,de Bundesliga,31.0,1994.0,33,25,2037.0,22.6,3,1,4,3,0,0,4,0,0.13,0.04,0.18,0.13,0.18,Matches,3,33,15,45.5,1.46,0.66,0.09,0.2,0,0,Matches,,,,,,,,,,,,,,,1,,,,,,Matches,,12,,,,,,,,,,,11,,,,Matches,,,,,,,,,,,,,,,,,,,,,Matches,lucas holer,5.246343094855547,2.082939330488444,5.246343094855547,8.25760810635984,2.614948822185397
1174,Benedict Hollerbach,de GER,"FW,MF",Mainz 05,de Bundesliga,24.0,2001.0,14,13,872.0,9.7,1,3,4,1,0,0,0,0,0.1,0.31,0.41,0.1,0.41,Matches,1,22,6,27.3,2.27,0.62,0.05,0.17,0,0,Matches,,,,,,,,,,,,,,,3,,,,,,Matches,,8,,,,,,,,,,,1,,,,Matches,,,,,,,,,,,,,,,,,,,,,Matches,benedict hollerbach,2.9790893960744143,1.8817622810602188,2.9790893960744143,4.888501934707165,1.3094587735831738
1175,Emil Holm,se SWE,DF,Bologna,it Serie A,25.0,2000.0,11,8,655.0,7.3,1,4,5,1,0,0,3,1,0.14,0.55,0.69,0.14,0.69,Matches,1,8,1,12.5,1.1,0.14,0.13,1.0,0,0,Matches,,,,,,,,,,,,,,,4,,,,,,Matches,,13,,,,,,,,,,,7,,,,Matches,,,,,,,,,,,,,,,,,,,,,Matches,emil holm,1.1488585537299514,2.278636334463954,1.1488585537299514,4.335210639052093,3.059872541576624
1177,Franck Honorat,fr FRA,"MF,FW",Gladbach,de Bundesliga,28.0,1996.0,28,24,1977.0,22.0,2,6,8,2,0,0,0,0,0.09,0.27,0.36,0.09,0.36,Matches,2,17,5,29.4,0.77,0.23,0.12,0.4,0,0,Matches,,,,,,,,,,,,,,,6,,,,,,Matches,,13,,,,,,,,,,,5,,,,Matches,,,,,,,,,,,,,,,,,,,,,Matches,franck honorat,0.8942651934921741,7.341735703870654,0.8942651934921741,9.130235239863396,3.1209773272275925
1178,Mathias Honsak,at AUT,"MF,FW",Heidenheim,de Bundesliga,28.0,1996.0,27,15,1249.0,13.9,2,1,3,2,0,0,1,0,0.14,0.07,0.22,0.14,0.22,Matches,2,31,8,25.8,2.23,0.58,0.06,0.25,0,0,Matches,,,,,,,,,,,,,,,1,,,,,,Matches,,12,,,,,,,,,,,17,,,,Matches,,,,,,,,,,,,,,,,,,,,,Matches,mathias honsak,3.318507017567754,1.4457622598856688,3.318507017567754,6.105871044099331,1.940842181444168
1180,Andreas Hountondji,bj BEN,FW,St Pauli,de Bundesliga,23.0,2002.0,21,15,1067.0,11.9,4,0,4,4,0,1,2,0,0.34,0.0,0.34,0.34,0.34,Matches,4,21,13,61.9,1.77,1.1,0.19,0.31,0,1,Matches,,,,,,,,,,,,,,,0,,,,,,Matches,,0,,,,,,,,,,,0,,,,Matches,,,,,,,,,,,,,,,,,,,,,Matches,andreas hountondji,4.958361548837274,0.7058144751936197,4.200584930833429,3.75940072350204,0.1124955490231514
1182,Lukáš Hrádecký,fi FIN,GK,Monaco,fr Ligue 1,35.0,1989.0,17,17,1439.0,16.0,0,0,0,0,0,0,1,0,0.0,0.0,0.0,0.0,0.0,Matches,0,0,0,,0.0,0.0,,,0,0,Matches,,,,,,,,,,,,,,,0,,,,,,Matches,,1,,,,,,,,,,,0,,,,Matches,,,,,,,,,,,,,,,,,,,,,Matches,lukas hradecky,0.0,0.0,0.0,2.8517859540879726,2.8517859540879726
1183,Robin Hranáč,cz CZE,DF,Hoffenheim,de Bundesliga,25.0,2000.0,29,26,2251.0,25.0,1,0,1,1,0,0,5,0,0.04,0.0,0.04,0.04,0.04,Matches,1,8,3,37.5,0.32,0.12,0.13,0.33,0,0,Matches,,,,,,,,,,,,,,,0,,,,,,Matches,,15,,,,,,,,,,,20,,,,Matches,,,,,,,,,,,,,,,,,,,,,Matches,robin hranac,2.0698564872145653,0.1279042270034551,2.0698564872145653,7.542697021737695,7.542697021737695
1184,Timo Hübers,de GER,DF,Köln,de Bundesliga,29.0,1996.0,8,8,675.0,7.5,0,0,0,0,0,0,0,0,0.0,0.0,0.0,0.0,0.0,Matches,0,0,0,,0.0,0.0,,,0,0,Matches,,,,,,,,,,,,,,,0,,,,,,Matches,,9,,,,,,,,,,,10,,,,Matches,,,,,,,,,,,,,,,,,,,,,Matches,timo hubers,0.0,0.0,0.0,2.0205610003322363,2.0205610003322363
1185,Callum Hudson-Odoi,eng ENG,MF,Nottingham,eng Premier League,24.0,2000.0,30,21,1841.0,20.5,3,4,7,3,0,0,0,0,0.15,0.2,0.34,0.15,0.34,Matches,3,30,10,33.3,1.47,0.49,0.1,0.3,0,0,Matches,,,,,,,,,,,,,,,4,,,,,,Matches,,7,,,,,,,,,,,8,,,,Matches,,,,,,,,,,,,,,,,,,,,,Matches,callum hudson odoi,2.9516881722956896,3.933808506466448,2.9516881722956896,11.127739728428423,5.728919830173254
1186,Will Hughes,eng ENG,MF,Crystal Palace,eng Premier League,30.0,1995.0,31,19,1571.0,17.5,0,0,0,0,0,0,7,0,0.0,0.0,0.0,0.0,0.0,Matches,0,17,0,0.0,0.97,0.0,0.0,,0,0,Matches,,,,,,,,,,,,,,,0,,,,,,Matches,,16,,,,,,,,,,,15,,,,Matches,,,,,,,,,,,,,,,,,,,,,Matches,will hughes,1.2812513932585716,1.9265618100762367,1.2812513932585716,7.058678660541773,5.38273361325264
1187,Dean Huijsen,es ESP,DF,Real Madrid,es La Liga,20.0,2005.0,28,24,2034.0,22.6,2,2,4,2,0,0,7,1,0.09,0.09,0.18,0.09,0.18,Matches,2,20,5,25.0,0.88,0.22,0.1,0.4,0,0,Matches,,,,,,,,,,,,,,,2,,,,,,Matches,,18,,,,,,,,,,,18,,,,Matches,,,,,,,,,,,,,,,,,,,,,Matches,dean huijsen,2.327382738701999,1.1454473715275526,2.327382738701999,10.47981822490692,10.072807345539331
1188,Trai Hume,nir NIR,"DF,MF",Sunderland,eng Premier League,23.0,2002.0,38,34,3036.0,33.7,2,1,3,2,0,0,9,0,0.06,0.03,0.09,0.06,0.09,Matches,2,34,7,20.6,1.01,0.21,0.06,0.29,0,0,Matches,,,,,,,,,,,,,,,1,,,,,,Matches,,46,,,,,,,,,,,25,,,,Matches,,,,,,,,,,,,,,,,,,,,,Matches,trai hume,2.7079745400696997,2.0842118076980114,2.7079745400696997,8.229747292585671,4.202485715970397
1189,Bashir Humphreys,eng ENG,"DF,MF",Burnley,eng Premier League,22.0,2003.0,20,17,1578.0,17.5,0,0,0,0,0,0,6,0,0.0,0.0,0.0,0.0,0.0,Matches,0,9,3,33.3,0.51,0.17,0.0,0.0,0,0,Matches,,,,,,,,,,,,,,,0,,,,,,Matches,,17,,,,,,,,,,,11,,,,Matches,,,,,,,,,,,,,,,,,,,,,Matches,bashir humphreys,0.5261353980749846,0.8644249252974987,0.5261353980749846,3.3381601544097066,2.934175559319556
1190,Denis Huseinbasic,ba BIH,MF,Köln,de Bundesliga,24.0,2001.0,15,9,726.0,8.1,0,0,0,0,0,0,1,0,0.0,0.0,0.0,0.0,0.0,Matches,0,6,0,0.0,0.74,0.0,0.0,,0,0,Matches,,,,,,,,,,,,,,,0,,,,,,Matches,,9,,,,,,,,,,,5,,,,Matches,,,,,,,,,,,,,,,,,,,,,Matches,denis huseinbasic,0.2053355174139142,0.2871539294719696,0.2053355174139142,1.7169383829459548,1.3208936033770442
1191,Omari Hutchinson,eng ENG,MF,Nottingham,eng Premier League,21.0,2003.0,31,17,1688.0,18.8,1,5,6,1,0,0,1,0,0.05,0.27,0.32,0.05,0.32,Matches,1,25,11,44.0,1.33,0.59,0.04,0.09,0,0,Matches,,,,,,,,,,,,,,,5,,,,,,Matches,,11,,,,,,,,,,,11,,,,Matches,,,,,,,,,,,,,,,,,,,,,Matches,omari hutchinson,2.1777186449617147,4.931529551744461,2.1777186449617147,10.328581249341369,5.619018649682403
1192,Kwon Hyeokkyu,kr KOR,MF,Nantes,fr Ligue 1,24.0,2001.0,12,9,753.0,8.4,0,0,0,0,0,0,2,0,0.0,0.0,0.0,0.0,0.0,Matches,0,3,0,0.0,0.36,0.0,0.0,,0,0,Matches,,,,,,,,,,,,,,,0,,,,,,Matches,,6,,,,,,,,,,,6,,,,Matches,,,,,,,,,,,,,,,,,,,,,Matches,kwon hyeokkyu,,,,,
1195,Lucas Høgsberg,dk DEN,DF,Strasbourg,fr Ligue 1,19.0,2006.0,24,21,1792.0,19.9,0,0,0,0,0,0,4,1,0.0,0.0,0.0,0.0,0.0,Matches,0,4,1,25.0,0.2,0.05,0.0,0.0,0,0,Matches,,,,,,,,,,,,,,,0,,,,,,Matches,,9,,,,,,,,,,,13,,,,Matches,,,,,,,,,,,,,,,,,,,,,Matches,lucas h gsberg,0.2162238508462906,0.0,0.2162238508462906,5.591882798820734,5.591882798820734
1196,Pierre Højbjerg,dk DEN,MF,Marseille,fr Ligue 1,29.0,1995.0,32,30,2712.0,30.1,4,5,9,4,0,0,4,0,0.13,0.17,0.3,0.13,0.3,Matches,4,46,14,30.4,1.53,0.46,0.09,0.29,0,0,Matches,,,,,,,,,,,,,,,5,,,,,,Matches,,24,,,,,,,,,,,26,,,,Matches,,,,,,,,,,,,,,,,,,,,,Matches,pierre h jbjerg,3.916560214012861,4.429353263229132,3.916560214012861,19.90152898989618,15.455716629512608
1197,Oscar Højlund,dk DEN,MF,Frankfurt,de Bundesliga,20.0,2005.0,24,12,1089.0,12.1,1,1,2,1,0,0,4,1,0.08,0.08,0.17,0.08,0.17,Matches,1,7,3,42.9,0.58,0.25,0.14,0.33,0,0,Matches,,,,,,,,,,,,,,,1,,,,,,Matches,,17,,,,,,,,,,,7,,,,Matches,,,,,,,,,,,,,,,,,,,,,Matches,oscar h jlund,0.6138702277094126,1.0660392343997955,0.6138702277094126,3.1818068362772465,1.8266832381486893
1198,Rasmus Højlund,dk DEN,FW,Napoli,it Serie A,22.0,2003.0,33,32,2750.0,30.6,12,5,17,11,1,1,1,0,0.39,0.16,0.56,0.36,0.52,Matches,12,60,25,41.7,1.96,0.82,0.2,0.48,1,1,Matches,,,,,,,,,,,,,,,5,,,,,,Matches,,1,,,,,,,,,,,0,,,,Matches,,,,,,,,,,,,,,,,,,,,,Matches,rasmus h jlund,13.312345487996936,3.267297463491559,12.551046593114734,19.513361055403948,4.611839467659593
1200,Pablo Ibáñez,es ESP,MF,Alavés,es La Liga,26.0,1998.0,37,28,2236.0,24.8,1,1,2,1,0,0,7,0,0.04,0.04,0.08,0.04,0.08,Matches,1,47,13,27.7,1.89,0.52,0.02,0.08,0,0,Matches,,,,,,,,,,,,,,,1,,,,,,Matches,,37,,,,,,,,,,,21,,,,Matches,,,,,,,,,,,,,,,,,,,,,Matches,pablo ibanez,3.925581350922585,1.288511484861374,3.925581350922585,7.198592909611762,4.9182582553476095
1201,Arijon Ibrahimović,de GER,"MF,FW",Heidenheim,de Bundesliga,19.0,2005.0,32,25,2169.0,24.1,2,4,6,1,1,1,2,0,0.08,0.17,0.25,0.04,0.21,Matches,2,47,19,40.4,1.95,0.79,0.04,0.11,1,1,Matches,,,,,,,,,,,,,,,4,,,,,,Matches,,18,,,,,,,,,,,23,,,,Matches,,,,,,,,,,,,,,,,,,,,,Matches,arijon ibrahimovic,5.665725396946073,6.767920413985848,4.907948734238744,12.540066696703434,3.623182998038829
1202,Riyad Idrissi,it ITA,"MF,DF",Cagliari,it Serie A,20.0,2005.0,23,4,783.0,8.7,2,0,2,2,0,0,3,0,0.23,0.0,0.23,0.23,0.23,Matches,2,6,6,100.0,0.69,0.69,0.33,0.33,0,0,Matches,,,,,,,,,,,,,,,0,,,,,,Matches,,15,,,,,,,,,,,9,,,,Matches,,,,,,,,,,,,,,,,,,,,,Matches,riyad idrissi,0.7890109941363335,0.2484424067661166,0.7890109941363335,3.7340927477926016,3.2926744939759374
1205,Jay Idzes,id IDN,DF,Sassuolo,it Serie A,25.0,2000.0,35,35,3061.0,34.0,0,0,0,0,0,0,2,0,0.0,0.0,0.0,0.0,0.0,Matches,0,5,0,0.0,0.15,0.0,0.0,,0,0,Matches,,,,,,,,,,,,,,,0,,,,,,Matches,,15,,,,,,,,,,,38,,,,Matches,,,,,,,,,,,,,,,,,,,,,Matches,jay idzes,0.2000958640128374,0.744381345808506,0.2000958640128374,5.868906051851809,5.347237028181553
1207,Iglesias,es ESP,DF,Getafe,es La Liga,27.0,1998.0,37,36,3185.0,35.4,1,2,3,1,0,0,4,0,0.03,0.06,0.08,0.03,0.08,Matches,1,26,5,19.2,0.73,0.14,0.04,0.2,0,0,Matches,,,,,,,,,,,,,,,2,,,,,,Matches,,72,,,,,,,,,,,28,,,,Matches,,,,,,,,,,,,,,,,,,,,,Matches,iglesias,1.226545930840075,2.002802025526762,1.226545930840075,7.210621759295464,5.044199001044035
1208,Borja Iglesias,es ESP,FW,Celta Vigo,es La Liga,32.0,1993.0,35,21,1900.0,21.1,14,2,16,10,4,4,7,0,0.66,0.09,0.76,0.47,0.57,Matches,14,46,26,56.5,2.18,1.23,0.3,0.54,4,4,Matches,,,,,,,,,,,,,,,2,,,,,,Matches,,5,,,,,,,,,,,0,,,,Matches,,,,,,,,,,,,,,,,,,,,,Matches,borja iglesias,11.60863982141018,1.6599800884723663,8.635529387742281,13.605882365256548,4.463654295541346
1210,Jonathan Ikone,fr FRA,"MF,FW",Paris FC,fr Ligue 1,27.0,1998.0,23,13,1100.0,12.2,3,1,4,3,0,0,2,0,0.25,0.08,0.33,0.25,0.33,Matches,3,25,6,24.0,2.05,0.49,0.12,0.5,0,0,Matches,,,,,,,,,,,,,,,1,,,,,,Matches,,15,,,,,,,,,,,5,,,,Matches,,,,,,,,,,,,,,,,,,,,,Matches,jonathan ikone,3.6328962482512,2.535602707415819,3.6328962482512,7.337351243942976,2.210764056071639
1212,Andrej Ilic,rs SRB,FW,Union Berlin,de Bundesliga,25.0,2000.0,32,24,2257.0,25.1,5,10,15,5,0,1,5,0,0.2,0.4,0.6,0.2,0.6,Matches,5,71,26,36.6,2.83,1.04,0.07,0.19,0,1,Matches,,,,,,,,,,,,,,,10,,,,,,Matches,,3,,,,,,,,,,,2,,,,Matches,,,,,,,,,,,,,,,,,,,,,Matches,andrej ilic,11.113924760371448,4.753498738631606,10.356148082762957,13.322315469384192,2.385981469415128
1214,Luka Ilić,rs SRB,"MF,FW",Oviedo,es La Liga,26.0,1999.0,19,8,742.0,8.2,1,0,1,1,0,0,4,1,0.12,0.0,0.12,0.12,0.12,Matches,1,9,5,55.6,1.09,0.61,0.11,0.2,0,0,Matches,,,,,,,,,,,,,,,0,,,,,,Matches,,5,,,,,,,,,,,7,,,,Matches,,,,,,,,,,,,,,,,,,,,,Matches,luka ilic,1.7625892590731382,0.419754147529602,1.7625892590731382,2.6002833172678947,1.0306000001728537
1216,Emirhan İlkhan,tr TUR,MF,Torino,it Serie A,21.0,2004.0,19,13,1001.0,11.1,1,2,3,1,0,0,2,1,0.09,0.18,0.27,0.09,0.27,Matches,1,13,3,23.1,1.17,0.27,0.08,0.33,0,0,Matches,,,,,,,,,,,,,,,2,,,,,,Matches,,19,,,,,,,,,,,13,,,,Matches,,,,,,,,,,,,,,,,,,,,,Matches,emirhan ilkhan,2.3624519193544984,1.2235390963032842,2.3624519193544984,3.558742105960846,2.168549509719014
1217,Ciro Immobile,it ITA,FW,Paris FC,fr Ligue 1,35.0,1990.0,12,9,705.0,7.8,2,2,4,2,0,0,2,0,0.26,0.26,0.51,0.26,0.51,Matches,2,15,5,33.3,1.91,0.64,0.13,0.4,0,0,Matches,,,,,,,,,,,,,,,2,,,,,,Matches,,0,,,,,,,,,,,1,,,,Matches,,,,,,,,,,,,,,,,,,,,,Matches,ciro immobile,0.062911570072174,0.0633853375911712,0.062911570072174,0.2141840010881424,0.1259481459856033
1221,Tim Iroegbunam,eng ENG,MF,Everton,eng Premier League,22.0,2003.0,29,17,1487.0,16.5,0,2,2,0,0,0,9,0,0.0,0.12,0.12,0.0,0.12,Matches,0,12,1,8.3,0.73,0.06,0.0,0.0,0,0,Matches,,,,,,,,,,,,,,,2,,,,,,Matches,,44,,,,,,,,,,,22,,,,Matches,,,,,,,,,,,,,,,,,,,,,Matches,tim iroegbunam,0.5109043149277568,1.847727376036346,0.5109043149277568,4.414639215916395,2.8447110541164875
1222,Jackson Irvine,au AUS,MF,St Pauli,de Bundesliga,32.0,1993.0,24,18,1624.0,18.0,0,1,1,0,0,0,2,1,0.0,0.06,0.06,0.0,0.06,Matches,0,19,4,21.1,1.05,0.22,0.0,0.0,0,0,Matches,,,,,,,,,,,,,,,1,,,,,,Matches,,17,,,,,,,,,,,28,,,,Matches,,,,,,,,,,,,,,,,,,,,,Matches,jackson irvine,1.6277177091687918,0.908556679263711,1.6277177091687918,4.692420791834593,2.735986944288016
1225,Alexander Isak,se SWE,FW,Liverpool,eng Premier League,25.0,1999.0,14,8,699.0,7.8,3,1,4,3,0,0,0,0,0.39,0.13,0.52,0.39,0.52,Matches,3,17,6,35.3,2.19,0.77,0.18,0.5,0,0,Matches,,,,,,,,,,,,,,,1,,,,,,Matches,,6,,,,,,,,,,,0,,,,Matches,,,,,,,,,,,,,,,,,,,,,Matches,alexander isak,3.2453083600848918,0.8461103290319443,3.2453083600848918,4.25296457670629,0.9801311492919922
1226,Gustav Isaksen,dk DEN,FW,Lazio,it Serie A,24.0,2001.0,30,18,1593.0,17.7,5,1,6,5,0,0,0,0,0.28,0.06,0.34,0.28,0.34,Matches,5,48,19,39.6,2.71,1.07,0.1,0.26,0,0,Matches,,,,,,,,,,,,,,,1,,,,,,Matches,,8,,,,,,,,,,,7,,,,Matches,,,,,,,,,,,,,,,,,,,,,Matches,gustav isaksen,5.408482110127807,0.8823539484292269,5.408482110127807,7.817846435122192,2.5441228905692697
1228,Wilson Isidor,ht HAI,FW,Sunderland,eng Premier League,24.0,2000.0,32,11,1165.0,12.9,6,0,6,6,0,0,1,0,0.46,0.0,0.46,0.46,0.46,Matches,6,43,17,39.5,3.32,1.31,0.14,0.35,0,0,Matches,,,,,,,,,,,,,,,0,,,,,,Matches,,8,,,,,,,,,,,2,,,,Matches,,,,,,,,,,,,,,,,,,,,,Matches,wilson isidor,5.619414385408163,0.0,5.619414385408163,6.032191339880228,0.6748491153120995
1229,Ardian Ismajli,al ALB,DF,Torino,it Serie A,28.0,1996.0,25,21,1906.0,21.2,0,1,1,0,0,0,5,0,0.0,0.05,0.05,0.0,0.05,Matches,0,6,4,66.7,0.28,0.19,0.0,0.0,0,0,Matches,,,,,,,,,,,,,,,1,,,,,,Matches,,14,,,,,,,,,,,36,,,,Matches,,,,,,,,,,,,,,,,,,,,,Matches,ardian ismajli,0.7488318141549826,0.5390323810279369,0.7488318141549826,3.390311038121581,2.8379868511110544
1230,Franco Israel,uy URU,GK,Torino,it Serie A,25.0,2000.0,9,9,810.0,9.0,0,0,0,0,0,0,1,0,0.0,0.0,0.0,0.0,0.0,Matches,0,0,0,,0.0,0.0,,,0,0,Matches,,,,,,,,,,,,,,,0,,,,,,Matches,,0,,,,,,,,,,,0,,,,Matches,,,,,,,,,,,,,,,,,,,,,Matches,franco israel,0.0,0.0,0.0,1.5392499398440125,1.5392499398440125
1231,Hiroki Ito,jp JPN,DF,Bayern Munich,de Bundesliga,26.0,1999.0,16,10,920.0,10.2,1,2,3,1,0,0,0,0,0.1,0.2,0.29,0.1,0.29,Matches,1,10,3,30.0,0.98,0.29,0.1,0.33,0,0,Matches,,,,,,,,,,,,,,,2,,,,,,Matches,,3,,,,,,,,,,,13,,,,Matches,,,,,,,,,,,,,,,,,,,,,Matches,hiroki ito,1.4966442808508873,1.0980801191180944,1.4966442808508873,5.908010467886925,5.104044854640961
1232,Alex Iwobi,ng NGA,MF,Fulham,eng Premier League,29.0,1996.0,29,29,2419.0,26.9,4,3,7,4,0,0,3,0,0.15,0.11,0.26,0.15,0.26,Matches,4,39,15,38.5,1.45,0.56,0.1,0.27,0,0,Matches,,,,,,,,,,,,,,,3,,,,,,Matches,,18,,,,,,,,,,,15,,,,Matches,,,,,,,,,,,,,,,,,,,,,Matches,alex iwobi,2.403212903998792,3.629966888576746,2.403212903998792,10.424585027620196,6.602384243160486
1235,Nicolas Jackson,sn SEN,FW,Bayern Munich,de Bundesliga,24.0,2001.0,23,12,1007.0,11.2,8,1,9,8,0,0,2,1,0.71,0.09,0.8,0.71,0.8,Matches,8,38,21,55.3,3.4,1.88,0.21,0.38,0,0,Matches,,,,,,,,,,,,,,,1,,,,,,Matches,,4,,,,,,,,,,,4,,,,Matches,,,,,,,,,,,,,,,,,,,,,Matches,nicolas jackson,8.492001624777913,2.0896335784345865,8.492001624777913,13.03456012159586,3.193916742689908
1236,Jérémy Jacquet,fr FRA,DF,Rennes,fr Ligue 1,20.0,2005.0,19,19,1671.0,18.6,0,0,0,0,0,0,6,1,0.0,0.0,0.0,0.0,0.0,Matches,0,11,3,27.3,0.59,0.16,0.0,0.0,0,0,Matches,,,,,,,,,,,,,,,0,,,,,,Matches,,17,,,,,,,,,,,22,,,,Matches,,,,,,,,,,,,,,,,,,,,,Matches,jeremy jacquet,0.7883376181125641,0.5708747990429401,0.7883376181125641,7.01008303463459,6.824784852564335
1237,Lee Jae-sung,kr KOR,"MF,FW",Mainz 05,de Bundesliga,32.0,1992.0,28,26,2185.0,24.3,4,2,6,4,0,0,4,0,0.16,0.08,0.25,0.16,0.25,Matches,4,30,9,30.0,1.24,0.37,0.13,0.44,0,0,Matches,,,,,,,,,,,,,,,2,,,,,,Matches,,21,,,,,,,,,,,25,,,,Matches,,,,,,,,,,,,,,,,,,,,,Matches,lee jae sung,4.2225238950923085,3.3260836768895388,4.2225238950923085,9.91366148367524,3.64221465587616
1238,Kristijan Jakić,hr CRO,"MF,DF",Augsburg,de Bundesliga,28.0,1997.0,26,18,1653.0,18.4,2,1,3,2,0,0,5,0,0.11,0.05,0.16,0.11,0.16,Matches,2,18,6,33.3,0.98,0.33,0.11,0.33,0,0,Matches,,,,,,,,,,,,,,,1,,,,,,Matches,,25,,,,,,,,,,,17,,,,Matches,,,,,,,,,,,,,,,,,,,,,Matches,kristijan jakic,1.4403803190216422,1.360763007774949,1.4403803190216422,4.3531388053670526,3.167064012028277
1240,Daniel James,wls WAL,"FW,MF",Leeds United,eng Premier League,27.0,1997.0,19,6,559.0,6.2,0,0,0,0,0,0,0,0,0.0,0.0,0.0,0.0,0.0,Matches,0,14,3,21.4,2.25,0.48,0.0,0.0,0,0,Matches,,,,,,,,,,,,,,,0,,,,,,Matches,,5,,,,,,,,,,,1,,,,Matches,,,,,,,,,,,,,,,,,,,,,Matches,daniel james,0.799863189458847,0.4895355738699436,0.799863189458847,1.5797358211129904,0.3267992343753576
1241,Reece James,eng ENG,"DF,MF",Chelsea,eng Premier League,25.0,1999.0,29,20,1963.0,21.8,2,4,6,2,0,0,4,0,0.09,0.18,0.28,0.09,0.28,Matches,2,22,7,31.8,1.01,0.32,0.09,0.29,0,0,Matches,,,,,,,,,,,,,,,4,,,,,,Matches,,33,,,,,,,,,,,32,,,,Matches,,,,,,,,,,,,,,,,,,,,,Matches,reece james,1.2280184961855412,3.9933422207832336,1.2280184961855412,11.531630601733925,9.75475050136447
1242,Vitaly Janelt,de GER,MF,Brentford,eng Premier League,27.0,1998.0,25,15,1443.0,16.0,1,4,5,1,0,0,8,0,0.06,0.25,0.31,0.06,0.31,Matches,1,12,3,25.0,0.75,0.19,0.08,0.33,0,0,Matches,,,,,,,,,,,,,,,4,,,,,,Matches,,17,,,,,,,,,,,27,,,,Matches,,,,,,,,,,,,,,,,,,,,,Matches,vitaly janelt,0.7498585553839803,3.811057908460498,0.7498585553839803,6.326032001525164,3.632891008630395
1244,Isak Jansson,se SWE,"FW,MF",Nice,fr Ligue 1,23.0,2002.0,22,7,644.0,7.2,1,0,1,1,0,0,3,0,0.14,0.0,0.14,0.14,0.14,Matches,1,17,11,64.7,2.38,1.54,0.06,0.09,0,0,Matches,,,,,,,,,,,,,,,0,,,,,,Matches,,8,,,,,,,,,,,5,,,,Matches,,,,,,,,,,,,,,,,,,,,,Matches,isak jansson,1.4099341221153736,0.9481424372643232,1.4099341221153736,2.826853290200233,1.280724035575986
1246,Luca Jaquez,ch SUI,DF,Stuttgart,de Bundesliga,22.0,2003.0,14,10,898.0,10.0,0,1,1,0,0,0,1,0,0.0,0.1,0.1,0.0,0.1,Matches,0,4,0,0.0,0.4,0.0,0.0,,0,0,Matches,,,,,,,,,,,,,,,1,,,,,,Matches,,7,,,,,,,,,,,11,,,,Matches,,,,,,,,,,,,,,,,,,,,,Matches,luca jaquez,0.1529901893809437,0.4413405451923609,0.1529901893809437,3.8481910564005375,3.353291839361191
1247,Ardon Jashari,ch SUI,MF,Milan,it Serie A,23.0,2002.0,14,7,701.0,7.8,0,1,1,0,0,0,0,0,0.0,0.13,0.13,0.0,0.13,Matches,0,7,2,28.6,0.9,0.26,0.0,0.0,0,0,Matches,,,,,,,,,,,,,,,1,,,,,,Matches,,11,,,,,,,,,,,5,,,,Matches,,,,,,,,,,,,,,,,,,,,,Matches,ardon jashari,0.2434516996145248,1.1303722113370895,0.2434516996145248,3.5845713447779417,2.445791095495224
1248,Bakery Jatta,gm GAM,MF,Hamburger SV,de Bundesliga,27.0,1998.0,15,12,911.0,10.1,1,1,2,1,0,0,1,0,0.1,0.1,0.2,0.1,0.2,Matches,1,11,4,36.4,1.09,0.4,0.09,0.25,0,0,Matches,,,,,,,,,,,,,,,1,,,,,,Matches,,11,,,,,,,,,,,8,,,,Matches,,,,,,,,,,,,,,,,,,,,,Matches,bakery jatta,1.5474212262779474,0.2965631820261478,1.5474212262779474,2.998817972838878,1.4511013012379408
1249,Mikel Jauregizar,es ESP,MF,Athletic Club,es La Liga,21.0,2003.0,36,34,2831.0,31.5,2,0,2,2,0,0,6,1,0.06,0.0,0.06,0.06,0.06,Matches,2,39,11,28.2,1.24,0.35,0.05,0.18,0,0,Matches,,,,,,,,,,,,,,,0,,,,,,Matches,,45,,,,,,,,,,,48,,,,Matches,,,,,,,,,,,,,,,,,,,,,Matches,mikel jauregizar,1.4105862826108932,1.5787495290860534,1.4105862826108932,8.875733049586415,6.796195255592465
1251,Finn Jeltsch,de GER,DF,Stuttgart,de Bundesliga,19.0,2006.0,23,17,1511.0,16.8,0,1,1,0,0,0,3,0,0.0,0.06,0.06,0.0,0.06,Matches,0,3,0,0.0,0.18,0.0,0.0,,0,0,Matches,,,,,,,,,,,,,,,1,,,,,,Matches,,14,,,,,,,,,,,19,,,,Matches,,,,,,,,,,,,,,,,,,,,,Matches,finn jeltsch,0.1950984485447406,0.1018767990171909,0.1950984485447406,5.332050487399101,5.174723267555237
1252,Mathias Jensen,dk DEN,MF,Brentford,eng Premier League,29.0,1996.0,36,26,2247.0,25.0,3,1,4,3,0,0,3,0,0.12,0.04,0.16,0.12,0.16,Matches,3,29,8,27.6,1.16,0.32,0.1,0.38,0,0,Matches,,,,,,,,,,,,,,,1,,,,,,Matches,,23,,,,,,,,,,,21,,,,Matches,,,,,,,,,,,,,,,,,,,,,Matches,mathias jensen,1.5882399883121252,5.333177657797933,1.5882399883121252,10.393253115937114,7.005861360579729
1253,Oliver Jensen,dk DEN,MF,Parma,it Serie A,23.0,2002.0,34,19,1840.0,20.4,1,1,2,1,0,0,2,0,0.05,0.05,0.1,0.05,0.1,Matches,1,15,3,20.0,0.73,0.15,0.07,0.33,0,0,Matches,,,,,,,,,,,,,,,1,,,,,,Matches,,8,,,,,,,,,,,17,,,,Matches,,,,,,,,,,,,,,,,,,,,,Matches,oliver jensen,,,,,
1254,Moritz Jenz,de GER,DF,Wolfsburg,de Bundesliga,26.0,1999.0,22,20,1787.0,19.9,1,0,1,1,0,0,8,1,0.05,0.0,0.05,0.05,0.05,Matches,1,5,1,20.0,0.25,0.05,0.2,1.0,0,0,Matches,,,,,,,,,,,,,,,0,,,,,,Matches,,22,,,,,,,,,,,12,,,,Matches,,,,,,,,,,,,,,,,,,,,,Matches,moritz jenz,0.6638292074203491,0.068161042407155,0.6638292074203491,3.456455777399242,3.388294734992087
1256,Igor Jesus,br BRA,FW,Nottingham,eng Premier League,24.0,2001.0,37,28,2298.0,25.5,6,4,10,5,1,1,2,0,0.23,0.16,0.39,0.2,0.35,Matches,6,70,21,30.0,2.74,0.82,0.09,0.29,1,1,Matches,,,,,,,,,,,,,,,4,,,,,,Matches,,16,,,,,,,,,,,2,,,,Matches,,,,,,,,,,,,,,,,,,,,,Matches,igor jesus,7.199080093763769,2.280350387096405,6.437911256216466,8.53495698235929,1.848353571258485
1257,Juan Jesus,br BRA,DF,Napoli,it Serie A,34.0,1991.0,24,19,1675.0,18.6,0,0,0,0,0,0,10,1,0.0,0.0,0.0,0.0,0.0,Matches,0,3,0,0.0,0.16,0.0,0.0,,0,0,Matches,,,,,,,,,,,,,,,0,,,,,,Matches,,22,,,,,,,,,,,26,,,,Matches,,,,,,,,,,,,,,,,,,,,,Matches,juan jesus,0.2074212320148944,0.2721040360629558,0.2074212320148944,6.624128991737962,6.383525187149644
1258,Álex Jiménez,es ESP,"DF,MF",Bournemouth,eng Premier League,20.0,2005.0,31,26,2317.0,25.7,1,0,1,1,0,0,10,0,0.04,0.0,0.04,0.04,0.04,Matches,1,21,4,19.0,0.82,0.16,0.05,0.25,0,0,Matches,,,,,,,,,,,,,,,0,,,,,,Matches,,45,,,,,,,,,,,27,,,,Matches,,,,,,,,,,,,,,,,,,,,,Matches,alex jimenez,1.210428036749363,1.7028822358697653,1.210428036749363,7.322333555668592,4.869594149291515
1261,Raúl Jiménez,mx MEX,FW,Fulham,eng Premier League,34.0,1991.0,36,27,2189.0,24.3,9,3,12,5,4,4,5,0,0.37,0.12,0.49,0.21,0.33,Matches,9,73,18,24.7,3.0,0.74,0.12,0.5,4,4,Matches,,,,,,,,,,,,,,,3,,,,,,Matches,,20,,,,,,,,,,,7,,,,Matches,,,,,,,,,,,,,,,,,,,,,Matches,raul jimenez,12.016586696729064,1.944130852818489,8.971911305561662,10.551293056458237,1.5579581297934055
1263,João Pedro,br BRA,"FW,MF",Chelsea,eng Premier League,23.0,2001.0,35,31,2661.0,29.6,15,5,20,15,0,0,5,0,0.51,0.17,0.68,0.51,0.68,Matches,15,73,28,38.4,2.47,0.95,0.21,0.54,0,0,Matches,,,,,,,,,,,,,,,5,,,,,,Matches,,17,,,,,,,,,,,6,,,,Matches,,,,,,,,,,,,,,,,,,,,,Matches,joao pedro,15.723741941154003,3.983569510281086,15.723741941154003,19.279914382845163,4.795918667688966
1264,Joelinton,br BRA,MF,Newcastle,eng Premier League,28.0,1996.0,27,23,1951.0,21.7,2,1,3,2,0,0,10,0,0.09,0.05,0.14,0.09,0.14,Matches,2,32,11,34.4,1.48,0.51,0.06,0.18,0,0,Matches,,,,,,,,,,,,,,,1,,,,,,Matches,,23,,,,,,,,,,,28,,,,Matches,,,,,,,,,,,,,,,,,,,,,Matches,joelinton,2.178690475411713,1.8613738622516396,2.178690475411713,10.018592189997436,7.250156426802278
1265,Jofre,es ESP,MF,Espanyol,es La Liga,24.0,2001.0,26,9,930.0,10.3,1,0,1,1,0,0,1,0,0.1,0.0,0.1,0.1,0.1,Matches,1,23,7,30.4,2.23,0.68,0.04,0.14,0,0,Matches,,,,,,,,,,,,,,,0,,,,,,Matches,,6,,,,,,,,,,,6,,,,Matches,,,,,,,,,,,,,,,,,,,,,Matches,jofre,2.1467764284461737,1.4310225043445826,2.1467764284461737,4.282202575355768,1.191993448883295
1267,Ísak Jóhannesson,is ISL,MF,Köln,de Bundesliga,22.0,2003.0,31,21,1809.0,20.1,1,2,3,1,0,0,6,0,0.05,0.1,0.15,0.05,0.15,Matches,1,14,5,35.7,0.7,0.25,0.07,0.2,0,0,Matches,,,,,,,,,,,,,,,2,,,,,,Matches,,15,,,,,,,,,,,8,,,,Matches,,,,,,,,,,,,,,,,,,,,,Matches,isak johannesson,,,,,
1270,Brennan Johnson,wls WAL,"MF,FW",Tottenham,eng Premier League,24.0,2001.0,16,6,610.0,6.8,2,0,2,2,0,0,2,0,0.3,0.0,0.3,0.3,0.3,Matches,2,6,2,33.3,0.89,0.3,0.33,1.0,0,0,Matches,,,,,,,,,,,,,,,0,,,,,,Matches,,9,,,,,,,,,,,2,,,,Matches,,,,,,,,,,,,,,,,,,,,,Matches,brennan johnson,2.5934192165732384,1.281047284603119,2.5934192165732384,5.23962683416903,1.934015018865466
1271,Brennan Johnson,wls WAL,"MF,FW",Crystal Palace,eng Premier League,24.0,2001.0,18,13,1112.0,12.4,0,1,1,0,0,0,4,0,0.0,0.08,0.08,0.0,0.08,Matches,0,17,3,17.6,1.38,0.24,0.0,0.0,0,0,Matches,,,,,,,,,,,,,,,1,,,,,,Matches,,7,,,,,,,,,,,2,,,,Matches,,,,,,,,,,,,,,,,,,,,,Matches,brennan johnson,2.5934192165732384,1.281047284603119,2.5934192165732384,5.23962683416903,1.934015018865466
1273,Sam Johnstone,eng ENG,GK,Wolves,eng Premier League,32.0,1993.0,12,12,1080.0,12.0,0,0,0,0,0,0,0,0,0.0,0.0,0.0,0.0,0.0,Matches,0,0,0,,0.0,0.0,,,0,0,Matches,,,,,,,,,,,,,,,0,,,,,,Matches,,1,,,,,,,,,,,0,,,,Matches,,,,,,,,,,,,,,,,,,,,,Matches,sam johnstone,0.0,0.0,0.0,0.3188386699184775,0.3188386699184775
1274,Curtis Jones,eng ENG,"MF,DF",Liverpool,eng Premier League,24.0,2001.0,34,18,1937.0,21.5,1,2,3,1,0,0,2,0,0.05,0.09,0.14,0.05,0.14,Matches,1,22,7,31.8,1.02,0.33,0.05,0.14,0,0,Matches,,,,,,,,,,,,,,,2,,,,,,Matches,,23,,,,,,,,,,,18,,,,Matches,,,,,,,,,,,,,,,,,,,,,Matches,curtis jones,2.4063171884045005,2.8340956876054406,2.4063171884045005,10.620183551684022,7.237103626132011
1276,Frenkie de Jong,nl NED,MF,Barcelona,es La Liga,28.0,1997.0,25,16,1636.0,18.2,1,5,6,1,0,0,4,1,0.06,0.28,0.33,0.06,0.33,Matches,1,7,2,28.6,0.39,0.11,0.14,0.5,0,0,Matches,,,,,,,,,,,,,,,5,,,,,,Matches,,19,,,,,,,,,,,17,,,,Matches,,,,,,,,,,,,,,,,,,,,,Matches,frenkie de jong,1.0822599418461325,5.096247639507055,1.0822599418461325,20.46468347683549,16.202723745256662
1278,Josan,es ESP,"MF,DF",Elche,es La Liga,35.0,1989.0,19,4,565.0,6.3,0,3,3,0,0,0,2,0,0.0,0.48,0.48,0.0,0.48,Matches,0,3,1,33.3,0.48,0.16,0.0,0.0,0,0,Matches,,,,,,,,,,,,,,,3,,,,,,Matches,,8,,,,,,,,,,,6,,,,Matches,,,,,,,,,,,,,,,,,,,,,Matches,josan,0.2787706330418587,2.917447838932276,0.2787706330418587,4.811085230670869,2.106689431704581
1279,Mateo Joseph,es ESP,"MF,FW",Mallorca,es La Liga,21.0,2003.0,29,19,1699.0,18.9,2,3,5,2,0,0,2,0,0.11,0.16,0.26,0.11,0.26,Matches,2,33,14,42.4,1.75,0.74,0.06,0.14,0,0,Matches,,,,,,,,,,,,,,,3,,,,,,Matches,,19,,,,,,,,,,,13,,,,Matches,,,,,,,,,,,,,,,,,,,,,Matches,mateo joseph,5.396834125742316,1.590326721780002,5.396834125742316,7.219164989888668,1.723413680680096
1282,Abdulai Juma Bah,sl SLE,DF,Nice,fr Ligue 1,19.0,2006.0,26,22,1958.0,21.8,0,0,0,0,0,0,7,0,0.0,0.0,0.0,0.0,0.0,Matches,0,7,2,28.6,0.32,0.09,0.0,0.0,0,0,Matches,,,,,,,,,,,,,,,0,,,,,,Matches,,18,,,,,,,,,,,30,,,,Matches,,,,,,,,,,,,,,,,,,,,,Matches,abdulai juma bah,1.1328875198960304,1.5613946039229631,1.1328875198960304,5.29360275901854,4.628072407096624
1283,Anthony Jung,de GER,DF,Freiburg,de Bundesliga,33.0,1991.0,12,4,526.0,5.8,0,0,0,0,0,0,2,0,0.0,0.0,0.0,0.0,0.0,Matches,0,1,0,0.0,0.17,0.0,0.0,,0,0,Matches,,,,,,,,,,,,,,,0,,,,,,Matches,,1,,,,,,,,,,,10,,,,Matches,,,,,,,,,,,,,,,,,,,,,Matches,anthony jung,0.036658052355051,0.2247737990692258,0.036658052355051,1.299984865821898,1.1594009175896645
1284,Eli Junior Kroupi,fr FRA,"MF,FW",Bournemouth,eng Premier League,19.0,2006.0,33,21,1672.0,18.6,13,0,13,11,2,2,5,0,0.7,0.0,0.7,0.59,0.59,Matches,13,52,22,42.3,2.8,1.18,0.25,0.59,2,2,Matches,,,,,,,,,,,,,,,0,,,,,,Matches,,6,,,,,,,,,,,9,,,,Matches,,,,,,,,,,,,,,,,,,,,,Matches,eli junior kroupi,8.849121669307351,1.81576990429312,7.326783983036876,11.65668847411871,5.08306846767664
1285,Luiz Lúcio Reis Júnior,br BRA,GK,Villarreal,es La Liga,24.0,2001.0,28,28,2520.0,28.0,0,0,0,0,0,0,3,0,0.0,0.0,0.0,0.0,0.0,Matches,0,0,0,,0.0,0.0,,,0,0,Matches,,,,,,,,,,,,,,,0,,,,,,Matches,,0,,,,,,,,,,,1,,,,Matches,,,,,,,,,,,,,,,,,,,,,Matches,luiz lucio reis junior,0.0,0.0,0.0,6.171994894742966,6.171994894742966
1287,Hamed Junior Traorè,ci CIV,MF,Marseille,fr Ligue 1,25.0,2000.0,13,7,619.0,6.9,2,1,3,2,0,0,1,0,0.29,0.15,0.44,0.29,0.44,Matches,2,13,6,46.2,1.89,0.87,0.15,0.33,0,0,Matches,,,,,,,,,,,,,,,1,,,,,,Matches,,7,,,,,,,,,,,5,,,,Matches,,,,,,,,,,,,,,,,,,,,,Matches,hamed junior traore,0.0,0.0955900996923446,0.0,0.0955900996923446,0.0
1288,Vinicius Júnior,br BRA,"FW,MF",Real Madrid,es La Liga,25.0,2000.0,36,32,2815.0,31.3,16,5,21,12,4,5,8,0,0.51,0.16,0.67,0.38,0.54,Matches,16,100,46,46.0,3.2,1.47,0.16,0.35,4,5,Matches,,,,,,,,,,,,,,,5,,,,,,Matches,,15,,,,,,,,,,,2,,,,Matches,,,,,,,,,,,,,,,,,,,,,Matches,vinicius junior,14.403762575238945,7.155190063640475,10.687374416738749,23.04617050290108,8.551076833158731
1290,James Justin,eng ENG,"DF,MF",Leeds United,eng Premier League,27.0,1998.0,29,21,1901.0,21.1,2,1,3,2,0,0,4,0,0.09,0.05,0.14,0.09,0.14,Matches,2,24,6,25.0,1.14,0.28,0.08,0.33,0,0,Matches,,,,,,,,,,,,,,,1,,,,,,Matches,,38,,,,,,,,,,,26,,,,Matches,,,,,,,,,,,,,,,,,,,,,Matches,james justin,2.5627669915556908,2.572751060128212,2.5627669915556908,5.141626592725515,2.756110928952694
1291,Ferran Jutglà,es ESP,FW,Celta Vigo,es La Liga,26.0,1999.0,30,21,1652.0,18.4,9,3,12,9,0,0,4,0,0.49,0.16,0.65,0.49,0.65,Matches,9,45,26,57.8,2.45,1.42,0.2,0.35,0,0,Matches,,,,,,,,,,,,,,,3,,,,,,Matches,,3,,,,,,,,,,,8,,,,Matches,,,,,,,,,,,,,,,,,,,,,Matches,ferran jutgla,6.59795877058059,1.5541915334761145,6.59795877058059,8.991645194590092,2.8614895455539227
1293,Martijn Kaars,nl NED,FW,St Pauli,de Bundesliga,26.0,1999.0,29,14,1348.0,15.0,3,1,4,2,1,1,2,0,0.2,0.07,0.27,0.13,0.2,Matches,3,23,10,43.5,1.54,0.67,0.13,0.3,1,1,Matches,,,,,,,,,,,,,,,1,,,,,,Matches,,5,,,,,,,,,,,0,,,,Matches,,,,,,,,,,,,,,,,,,,,,Matches,martijn kaars,3.80478292517364,1.339794876985252,3.047006232663989,6.194270332343876,3.194861490279436
1294,Mohamed Kaba,gn GUI,MF,Nantes,fr Ligue 1,23.0,2001.0,12,11,918.0,10.2,0,2,2,0,0,0,2,0,0.0,0.2,0.2,0.0,0.2,Matches,0,11,6,54.5,1.08,0.59,0.0,0.0,0,0,Matches,,,,,,,,,,,,,,,2,,,,,,Matches,,15,,,,,,,,,,,14,,,,Matches,,,,,,,,,,,,,,,,,,,,,Matches,mohamed kaba,0.4404364861547947,0.2189672160893678,0.4404364861547947,1.6230159662663937,1.139161642640829
1295,Mohamed Kaba,gn GUI,MF,Lecce,it Serie A,23.0,2001.0,15,5,633.0,7.0,0,0,0,0,0,0,1,0,0.0,0.0,0.0,0.0,0.0,Matches,0,9,4,44.4,1.28,0.57,0.0,0.0,0,0,Matches,,,,,,,,,,,,,,,0,,,,,,Matches,,7,,,,,,,,,,,4,,,,Matches,,,,,,,,,,,,,,,,,,,,,Matches,mohamed kaba,0.4404364861547947,0.2189672160893678,0.4404364861547947,1.6230159662663937,1.139161642640829
1296,Ozan Kabak,tr TUR,DF,Hoffenheim,de Bundesliga,25.0,2000.0,25,18,1751.0,19.5,4,0,4,4,0,0,5,0,0.21,0.0,0.21,0.21,0.21,Matches,4,35,12,34.3,1.8,0.62,0.11,0.33,0,0,Matches,,,,,,,,,,,,,,,0,,,,,,Matches,,17,,,,,,,,,,,26,,,,Matches,,,,,,,,,,,,,,,,,,,,,Matches,ozan kabak,4.639676934108138,0.4478818494826555,4.639676934108138,8.401237551122904,5.430384643375874
1298,Christian Kabasele,be BEL,DF,Udinese,it Serie A,34.0,1991.0,30,28,2247.0,25.0,3,0,3,3,0,0,5,1,0.12,0.0,0.12,0.12,0.12,Matches,3,9,6,66.7,0.36,0.24,0.33,0.5,0,0,Matches,,,,,,,,,,,,,,,0,,,,,,Matches,,13,,,,,,,,,,,33,,,,Matches,,,,,,,,,,,,,,,,,,,,,Matches,christian kabasele,1.673705168068409,0.0634109750390052,1.673705168068409,2.382569535635412,2.2685341257601976
1299,Anton Kade,de GER,"MF,FW",Augsburg,de Bundesliga,21.0,2004.0,28,18,1743.0,19.4,6,0,6,6,0,0,3,0,0.31,0.0,0.31,0.31,0.31,Matches,6,48,21,43.8,2.48,1.08,0.13,0.29,0,0,Matches,,,,,,,,,,,,,,,0,,,,,,Matches,,14,,,,,,,,,,,13,,,,Matches,,,,,,,,,,,,,,,,,,,,,Matches,anton kade,6.7122930232435465,3.0941985473036766,6.7122930232435465,10.916635751724243,1.8429135736078024
1300,Ferdi Kadioglu,tr TUR,"DF,MF",Brighton,eng Premier League,25.0,1999.0,37,34,3133.0,34.8,1,0,1,1,0,0,6,0,0.03,0.0,0.03,0.03,0.03,Matches,1,28,13,46.4,0.8,0.37,0.04,0.08,0,0,Matches,,,,,,,,,,,,,,,0,,,,,,Matches,,39,,,,,,,,,,,25,,,,Matches,,,,,,,,,,,,,,,,,,,,,Matches,ferdi kadioglu,2.019620954990387,2.244557812809944,2.019620954990387,14.008788719773293,11.695813551545143
1304,Arnaud Kalimuendo,fr FRA,"FW,MF",Frankfurt,de Bundesliga,23.0,2002.0,19,17,1417.0,15.7,6,1,7,6,0,0,4,0,0.38,0.06,0.44,0.38,0.44,Matches,6,30,16,53.3,1.91,1.02,0.2,0.38,0,0,Matches,,,,,,,,,,,,,,,1,,,,,,Matches,,4,,,,,,,,,,,3,,,,Matches,,,,,,,,,,,,,,,,,,,,,Matches,arnaud kalimuendo,,,,,
1305,Pierre Kalulu,fr FRA,"DF,MF",Juventus,it Serie A,25.0,2000.0,37,37,3281.0,36.5,2,4,6,2,0,0,4,1,0.05,0.11,0.16,0.05,0.16,Matches,2,13,4,30.8,0.36,0.11,0.15,0.5,0,0,Matches,,,,,,,,,,,,,,,4,,,,,,Matches,,35,,,,,,,,,,,24,,,,Matches,,,,,,,,,,,,,,,,,,,,,Matches,pierre kalulu,1.4482845412567258,5.537243762984872,1.4482845412567258,18.309088526293635,14.873174672946334
1308,Daichi Kamada,jp JPN,MF,Crystal Palace,eng Premier League,28.0,1996.0,28,22,1902.0,21.1,0,0,0,0,0,0,3,0,0.0,0.0,0.0,0.0,0.0,Matches,0,19,4,21.1,0.9,0.19,0.0,0.0,0,0,Matches,,,,,,,,,,,,,,,0,,,,,,Matches,,35,,,,,,,,,,,14,,,,Matches,,,,,,,,,,,,,,,,,,,,,Matches,daichi kamada,1.4871895518153906,2.585762256756425,1.4871895518153906,9.884232659824193,7.305970148183405
1309,Warren Kamanzi,no NOR,MF,Toulouse,fr Ligue 1,24.0,2000.0,24,7,870.0,9.7,1,1,2,1,0,0,1,0,0.1,0.1,0.21,0.1,0.21,Matches,1,12,2,16.7,1.24,0.21,0.08,0.5,0,0,Matches,,,,,,,,,,,,,,,1,,,,,,Matches,,11,,,,,,,,,,,7,,,,Matches,,,,,,,,,,,,,,,,,,,,,Matches,warren kamanzi,1.5046230126172304,0.5564930234104395,1.5046230126172304,3.678338922560215,1.8030570596456528
1312,Boubacar Kamara,fr FRA,MF,Aston Villa,eng Premier League,25.0,1999.0,18,17,1411.0,15.7,1,3,4,1,0,0,5,0,0.06,0.19,0.26,0.06,0.26,Matches,1,7,4,57.1,0.45,0.26,0.14,0.25,0,0,Matches,,,,,,,,,,,,,,,3,,,,,,Matches,,16,,,,,,,,,,,15,,,,Matches,,,,,,,,,,,,,,,,,,,,,Matches,boubacar kamara,1.0521572744473815,0.7290232917293906,1.0521572744473815,5.69795267097652,4.270241666585207
1314,Hassane Kamara,ci CIV,"MF,DF",Udinese,it Serie A,31.0,1994.0,26,22,1861.0,20.7,0,2,2,0,0,0,5,0,0.0,0.1,0.1,0.0,0.1,Matches,0,16,5,31.3,0.77,0.24,0.0,0.0,0,0,Matches,,,,,,,,,,,,,,,2,,,,,,Matches,,20,,,,,,,,,,,25,,,,Matches,,,,,,,,,,,,,,,,,,,,,Matches,hassane kamara,0.8897657804191113,2.513818873092532,0.8897657804191113,6.378122080117464,4.113270306959748
1317,Jakub Kamiński,pl POL,"MF,FW",Köln,de Bundesliga,23.0,2002.0,34,34,3016.0,33.5,7,3,10,7,0,0,4,0,0.21,0.09,0.3,0.21,0.3,Matches,7,62,25,40.3,1.85,0.75,0.11,0.28,0,0,Matches,,,,,,,,,,,,,,,3,,,,,,Matches,,27,,,,,,,,,,,25,,,,Matches,,,,,,,,,,,,,,,,,,,,,Matches,jakub kaminski,7.96647222340107,5.589305056259036,7.96647222340107,18.4370434358716,9.42793507874012
1320,Harry Kane,eng ENG,"FW,MF",Bayern Munich,de Bundesliga,32.0,1993.0,31,25,2377.0,26.4,36,5,41,26,10,11,1,0,1.36,0.19,1.55,0.98,1.17,Matches,36,119,67,56.3,4.51,2.54,0.3,0.54,10,11,Matches,,,,,,,,,,,,,,,5,,,,,,Matches,,13,,,,,,,,,,,8,,,,Matches,,,,,,,,,,,,,,,,,,,,,Matches,harry kane,29.57998568098992,7.403329385444522,21.244441921822727,34.28957922756672,10.577369537204504
1321,Lee Kang-in,kr KOR,"MF,FW",PSG,fr Ligue 1,24.0,2001.0,27,18,1519.0,16.9,3,4,7,3,0,0,3,0,0.18,0.24,0.41,0.18,0.41,Matches,3,37,15,40.5,2.19,0.89,0.08,0.2,0,0,Matches,,,,,,,,,,,,,,,4,,,,,,Matches,,9,,,,,,,,,,,1,,,,Matches,,,,,,,,,,,,,,,,,,,,,Matches,lee kang in,3.1583685893565416,6.6062276884913445,3.1583685893565416,13.055885864421723,7.922523466870189
1325,Adam Karabec,cz CZE,"MF,FW",Lyon,fr Ligue 1,22.0,2003.0,21,11,922.0,10.2,1,0,1,1,0,0,3,0,0.1,0.0,0.1,0.1,0.1,Matches,1,9,5,55.6,0.88,0.49,0.11,0.2,0,0,Matches,,,,,,,,,,,,,,,0,,,,,,Matches,,3,,,,,,,,,,,1,,,,Matches,,,,,,,,,,,,,,,,,,,,,Matches,adam karabec,1.5626697093248367,2.095198465511203,1.5626697093248367,5.530647456645966,3.182189006358385
1326,Atakan Karazor,tr TUR,MF,Stuttgart,de Bundesliga,28.0,1996.0,28,22,1884.0,20.9,0,1,1,0,0,0,5,1,0.0,0.05,0.05,0.0,0.05,Matches,0,7,2,28.6,0.33,0.1,0.0,0.0,0,0,Matches,,,,,,,,,,,,,,,1,,,,,,Matches,,27,,,,,,,,,,,15,,,,Matches,,,,,,,,,,,,,,,,,,,,,Matches,atakan karazor,1.0594271700829268,1.621204137802124,1.0594271700829268,11.42892475426197,8.954623859375715
1327,Dermane Karim,tg TOG,MF,Lorient,fr Ligue 1,21.0,2003.0,30,15,1365.0,15.2,1,2,3,1,0,0,3,0,0.07,0.13,0.2,0.07,0.2,Matches,1,16,2,12.5,1.05,0.13,0.06,0.5,0,0,Matches,,,,,,,,,,,,,,,2,,,,,,Matches,,17,,,,,,,,,,,10,,,,Matches,,,,,,,,,,,,,,,,,,,,,Matches,dermane karim,1.3594817034900188,2.476931821554899,1.3594817034900188,6.1817604545503855,3.060548465698957
1328,Lennart Karl,de GER,MF,Bayern Munich,de Bundesliga,17.0,2008.0,26,16,1281.0,14.2,5,5,10,5,0,0,1,0,0.35,0.35,0.7,0.35,0.7,Matches,5,42,21,50.0,2.95,1.48,0.12,0.24,0,0,Matches,,,,,,,,,,,,,,,5,,,,,,Matches,,15,,,,,,,,,,,11,,,,Matches,,,,,,,,,,,,,,,,,,,,,Matches,lennart karl,7.12136466614902,2.79079039208591,7.12136466614902,17.725263914093375,9.104842718690634
1329,Jesper Karlström,se SWE,MF,Udinese,it Serie A,30.0,1995.0,36,36,3146.0,35.0,1,0,1,1,0,0,6,0,0.03,0.0,0.03,0.03,0.03,Matches,1,20,3,15.0,0.57,0.09,0.05,0.33,0,0,Matches,,,,,,,,,,,,,,,0,,,,,,Matches,,34,,,,,,,,,,,37,,,,Matches,,,,,,,,,,,,,,,,,,,,,Matches,jesper karlstrom,0.94436174351722,0.8986503640189767,0.94436174351722,7.85272366181016,6.5668018367141485
1333,Panos Katseris,gr GRE,"MF,DF",Lorient,fr Ligue 1,24.0,2001.0,16,8,747.0,8.3,1,2,3,1,0,0,3,0,0.12,0.24,0.36,0.12,0.36,Matches,1,7,4,57.1,0.84,0.48,0.14,0.25,0,0,Matches,,,,,,,,,,,,,,,2,,,,,,Matches,,9,,,,,,,,,,,11,,,,Matches,,,,,,,,,,,,,,,,,,,,,Matches,panos katseris,0.8765109218657017,2.371944934129715,0.8765109218657017,4.036447171121836,2.3180487267673016
1334,Mikkel Kaufmann,dk DEN,FW,Heidenheim,de Bundesliga,24.0,2001.0,16,6,537.0,6.0,1,1,2,1,0,0,2,0,0.17,0.17,0.34,0.17,0.34,Matches,1,11,3,27.3,1.84,0.5,0.09,0.33,0,0,Matches,,,,,,,,,,,,,,,1,,,,,,Matches,,2,,,,,,,,,,,1,,,,Matches,,,,,,,,,,,,,,,,,,,,,Matches,mikkel kaufmann,1.3755719233304262,1.2740651369094849,1.3755719233304262,1.907257506623864,0.1608265489339828
1336,Michael Kayode,it ITA,DF,Brentford,eng Premier League,21.0,2004.0,37,37,3258.0,36.2,1,1,2,1,0,0,8,0,0.03,0.03,0.06,0.03,0.06,Matches,1,9,3,33.3,0.25,0.08,0.11,0.33,0,0,Matches,,,,,,,,,,,,,,,1,,,,,,Matches,,47,,,,,,,,,,,39,,,,Matches,,,,,,,,,,,,,,,,,,,,,Matches,michael kayode,1.169110944494605,3.184721387922764,1.169110944494605,13.046297889202831,9.568754518404605
1337,Moise Kean,it ITA,FW,Fiorentina,it Serie A,25.0,2000.0,26,23,2036.0,22.6,8,1,9,6,2,2,4,0,0.35,0.04,0.4,0.27,0.31,Matches,8,98,27,27.6,4.33,1.19,0.08,0.3,2,2,Matches,,,,,,,,,,,,,,,1,,,,,,Matches,,4,,,,,,,,,,,7,,,,Matches,,,,,,,,,,,,,,,,,,,,,Matches,moise kean,15.379306508228185,0.0630031991750001,13.856708897277713,11.769600430503488,0.8457555938512087
1338,Michael Keane,eng ENG,DF,Everton,eng Premier League,32.0,1993.0,33,29,2591.0,28.8,3,1,4,3,0,0,1,1,0.1,0.03,0.14,0.1,0.14,Matches,3,27,7,25.9,0.94,0.24,0.11,0.43,0,0,Matches,,,,,,,,,,,,,,,1,,,,,,Matches,,24,,,,,,,,,,,37,,,,Matches,,,,,,,,,,,,,,,,,,,,,Matches,michael keane,3.569063669070601,0.1301262713968753,3.569063669070601,5.3534705666825175,4.28355781827122
1339,Ilan Kebbal,dz ALG,"MF,FW",Paris FC,fr Ligue 1,27.0,1998.0,29,26,2222.0,24.7,9,4,13,6,3,4,7,0,0.36,0.16,0.53,0.24,0.41,Matches,9,49,20,40.8,1.98,0.81,0.18,0.45,3,4,Matches,,,,,,,,,,,,,,,4,,,,,,Matches,,15,,,,,,,,,,,7,,,,Matches,,,,,,,,,,,,,,,,,,,,,Matches,ilan kebbal,6.201891345903277,5.013933707028627,3.1615764759480958,13.746420331299303,7.55346611700952
1340,Yassine Kechta,ma MAR,MF,Le Havre,fr Ligue 1,23.0,2002.0,30,14,1332.0,14.8,2,1,3,2,0,0,3,0,0.14,0.07,0.2,0.14,0.2,Matches,2,21,9,42.9,1.42,0.61,0.1,0.22,0,0,Matches,,,,,,,,,,,,,,,1,,,,,,Matches,,18,,,,,,,,,,,18,,,,Matches,,,,,,,,,,,,,,,,,,,,,Matches,yassine kechta,1.540558686479926,1.839314803481102,1.540558686479926,5.696476763114333,2.616341471672058
1341,Thilo Kehrer,de GER,DF,Monaco,fr Ligue 1,28.0,1996.0,28,28,2353.0,26.1,0,0,0,0,0,0,8,2,0.0,0.0,0.0,0.0,0.0,Matches,0,16,1,6.3,0.61,0.04,0.0,0.0,0,0,Matches,,,,,,,,,,,,,,,0,,,,,,Matches,,39,,,,,,,,,,,31,,,,Matches,,,,,,,,,,,,,,,,,,,,,Matches,thilo kehrer,1.5215591192245483,0.3930577524006367,1.5215591192245483,8.062811072915792,8.046329613775015
1342,Mandela Keita,be BEL,MF,Parma,it Serie A,23.0,2002.0,37,36,2979.0,33.1,1,1,2,1,0,0,1,0,0.03,0.03,0.06,0.03,0.06,Matches,1,16,5,31.3,0.48,0.15,0.06,0.2,0,0,Matches,,,,,,,,,,,,,,,1,,,,,,Matches,,48,,,,,,,,,,,43,,,,Matches,,,,,,,,,,,,,,,,,,,,,Matches,mandela keita,0.4839648194611072,0.2838953603059053,0.4839648194611072,2.960139892995357,2.3855352448299527
1344,Caoimhín Kelleher,ie IRL,GK,Brentford,eng Premier League,26.0,1998.0,37,37,3330.0,37.0,0,0,0,0,0,0,1,0,0.0,0.0,0.0,0.0,0.0,Matches,0,0,0,,0.0,0.0,,,0,0,Matches,,,,,,,,,,,,,,,0,,,,,,Matches,,0,,,,,,,,,,,1,,,,Matches,,,,,,,,,,,,,,,,,,,,,Matches,caoimhin kelleher,0.0,0.1064014490693807,0.0,5.348196176812053,5.241794735193253
1346,Lloyd Kelly,eng ENG,DF,Juventus,it Serie A,26.0,1998.0,35,33,2996.0,33.3,1,1,2,1,0,0,4,0,0.03,0.03,0.06,0.03,0.06,Matches,1,17,3,17.6,0.51,0.09,0.06,0.33,0,0,Matches,,,,,,,,,,,,,,,1,,,,,,Matches,,33,,,,,,,,,,,14,,,,Matches,,,,,,,,,,,,,,,,,,,,,Matches,lloyd kelly,0.9669282408431172,1.061808668076992,0.9669282408431172,12.84868349507451,12.28440174087882
1347,Aljoscha Kemlein,de GER,MF,Union Berlin,de Bundesliga,20.0,2004.0,30,23,1959.0,21.8,0,2,2,0,0,0,4,0,0.0,0.09,0.09,0.0,0.09,Matches,0,17,2,11.8,0.78,0.09,0.0,0.0,0,0,Matches,,,,,,,,,,,,,,,2,,,,,,Matches,,25,,,,,,,,,,,18,,,,Matches,,,,,,,,,,,,,,,,,,,,,Matches,aljoscha kemlein,1.4002653919160366,1.5705977864563463,1.4002653919160366,6.956056768074632,5.00193196348846
1348,Marc-Oliver Kempf,de GER,DF,Como,it Serie A,30.0,1995.0,34,27,2326.0,25.8,4,1,5,4,0,0,3,0,0.15,0.04,0.19,0.15,0.19,Matches,4,21,6,28.6,0.81,0.23,0.19,0.67,0,0,Matches,,,,,,,,,,,,,,,1,,,,,,Matches,,12,,,,,,,,,,,13,,,,Matches,,,,,,,,,,,,,,,,,,,,,Matches,marc oliver kempf,3.2830319171771407,1.0999353304505348,3.2830319171771407,8.622972431592643,8.481748702004552
1349,Luca Kerber,de GER,MF,Heidenheim,de Bundesliga,23.0,2002.0,18,8,682.0,7.6,2,0,2,2,0,0,3,0,0.26,0.0,0.26,0.26,0.26,Matches,2,9,3,33.3,1.19,0.4,0.22,0.67,0,0,Matches,,,,,,,,,,,,,,,0,,,,,,Matches,,11,,,,,,,,,,,3,,,,Matches,,,,,,,,,,,,,,,,,,,,,Matches,luca kerber,1.526185255497694,0.1521664950996637,1.526185255497694,1.823819350451231,0.5324585903435946
1350,Milos Kerkez,hu HUN,DF,Liverpool,eng Premier League,21.0,2003.0,34,27,2257.0,25.1,2,1,3,2,0,0,4,0,0.08,0.04,0.12,0.08,0.12,Matches,2,9,2,22.2,0.36,0.08,0.22,1.0,0,0,Matches,,,,,,,,,,,,,,,1,,,,,,Matches,,26,,,,,,,,,,,15,,,,Matches,,,,,,,,,,,,,,,,,,,,,Matches,milos kerkez,1.3935871431604028,1.8634965866804123,1.3935871431604028,9.48909960873425,6.859379429370165
1351,Kevin,br BRA,MF,Fulham,eng Premier League,22.0,2003.0,26,9,1041.0,11.6,1,1,2,1,0,0,1,0,0.09,0.09,0.17,0.09,0.17,Matches,1,25,10,40.0,2.16,0.86,0.04,0.1,0,0,Matches,,,,,,,,,,,,,,,1,,,,,,Matches,,10,,,,,,,,,,,9,,,,Matches,,,,,,,,,,,,,,,,,,,,,Matches,kevin,1.334008033387363,1.240381198003888,1.334008033387363,4.820031132549048,2.8916280269622803
1353,Bilal El Khannouss,ma MAR,"MF,FW",Stuttgart,de Bundesliga,21.0,2004.0,25,19,1630.0,18.1,4,5,9,4,0,0,6,0,0.22,0.28,0.5,0.22,0.5,Matches,4,42,15,35.7,2.32,0.83,0.1,0.27,0,0,Matches,,,,,,,,,,,,,,,5,,,,,,Matches,,21,,,,,,,,,,,10,,,,Matches,,,,,,,,,,,,,,,,,,,,,Matches,bilal el khannouss,3.092769087292254,5.275783350691199,3.092769087292254,11.292239958420396,5.437266502529383
1354,Rani Khedira,tn TUN,MF,Union Berlin,de Bundesliga,31.0,1994.0,32,32,2830.0,31.4,5,1,6,5,0,0,7,0,0.16,0.03,0.19,0.16,0.19,Matches,5,23,10,43.5,0.73,0.32,0.22,0.5,0,0,Matches,,,,,,,,,,,,,,,1,,,,,,Matches,,35,,,,,,,,,,,37,,,,Matches,,,,,,,,,,,,,,,,,,,,,Matches,rani khedira,2.2710952758789062,2.3157351221889257,2.2710952758789062,6.596783770248294,3.21970677934587
1355,Abdukodir Khusanov,uz UZB,DF,Manchester City,eng Premier League,21.0,2004.0,21,15,1432.0,15.9,0,0,0,0,0,0,2,0,0.0,0.0,0.0,0.0,0.0,Matches,0,7,1,14.3,0.44,0.06,0.0,0.0,0,0,Matches,,,,,,,,,,,,,,,0,,,,,,Matches,,20,,,,,,,,,,,29,,,,Matches,,,,,,,,,,,,,,,,,,,,,Matches,abdukodir khusanov,0.6727990191429853,0.5715384930372238,0.6727990191429853,7.6340554766356945,7.126731883734465
1357,Kialonda,ao ANG,DF,Lecce,it Serie A,27.0,1997.0,23,21,1830.0,20.3,0,0,0,0,0,0,6,1,0.0,0.0,0.0,0.0,0.0,Matches,0,9,1,11.1,0.44,0.05,0.0,0.0,0,0,Matches,,,,,,,,,,,,,,,0,,,,,,Matches,,9,,,,,,,,,,,19,,,,Matches,,,,,,,,,,,,,,,,,,,,,Matches,kialonda,0.7932648342102766,0.0,0.7932648342102766,2.6573333460837603,2.6573333460837603
1358,Kiké,es ESP,FW,Espanyol,es La Liga,35.0,1989.0,37,17,1734.0,19.3,8,1,9,7,1,2,3,0,0.42,0.05,0.47,0.36,0.42,Matches,8,60,27,45.0,3.11,1.4,0.13,0.3,1,2,Matches,,,,,,,,,,,,,,,1,,,,,,Matches,,8,,,,,,,,,,,4,,,,Matches,,,,,,,,,,,,,,,,,,,,,Matches,kike,10.003981161862612,2.6575004514306784,8.517553839832544,12.71857414022088,2.124022038653493
1359,Semih Kılıçsoy,tr TUR,FW,Cagliari,it Serie A,19.0,2005.0,22,11,975.0,10.8,4,0,4,4,0,0,1,0,0.37,0.0,0.37,0.37,0.37,Matches,4,17,8,47.1,1.57,0.74,0.24,0.5,0,0,Matches,,,,,,,,,,,,,,,0,,,,,,Matches,,4,,,,,,,,,,,1,,,,Matches,,,,,,,,,,,,,,,,,,,,,Matches,semih k l csoy,,,,,
1360,Max Kilman,eng ENG,DF,West Ham,eng Premier League,28.0,1997.0,21,17,1561.0,17.3,0,0,0,0,0,0,4,0,0.0,0.0,0.0,0.0,0.0,Matches,0,7,1,14.3,0.4,0.06,0.0,0.0,0,0,Matches,,,,,,,,,,,,,,,0,,,,,,Matches,,8,,,,,,,,,,,6,,,,Matches,,,,,,,,,,,,,,,,,,,,,Matches,max kilman,1.1671122973784804,0.2077075242996215,1.1671122973784804,1.233875660225749,1.128087779507041
1361,Joshua Kimmich,de GER,MF,Bayern Munich,de Bundesliga,30.0,1995.0,29,24,2280.0,25.3,2,8,10,2,0,0,4,0,0.08,0.32,0.39,0.08,0.39,Matches,2,28,10,35.7,1.11,0.39,0.07,0.2,0,0,Matches,,,,,,,,,,,,,,,8,,,,,,Matches,,26,,,,,,,,,,,24,,,,Matches,,,,,,,,,,,,,,,,,,,,,Matches,joshua kimmich,2.3646036218851805,7.569489678367972,2.3646036218851805,27.785482317209244,21.9056276679039
1362,Joshua King,eng ENG,MF,Fulham,eng Premier League,18.0,2007.0,32,15,1308.0,14.5,1,2,3,1,0,0,4,0,0.07,0.14,0.21,0.07,0.21,Matches,1,26,11,42.3,1.79,0.76,0.04,0.09,0,0,Matches,,,,,,,,,,,,,,,2,,,,,,Matches,,12,,,,,,,,,,,3,,,,Matches,,,,,,,,,,,,,,,,,,,,,Matches,joshua king,3.79960710555315,1.0395643608644605,3.79960710555315,6.186926681548357,2.6014943681657314
1363,Antonín Kinský,cz CZE,GK,Tottenham,eng Premier League,22.0,2003.0,7,7,630.0,7.0,0,0,0,0,0,0,1,0,0.0,0.0,0.0,0.0,0.0,Matches,0,0,0,,0.0,0.0,,,0,0,Matches,,,,,,,,,,,,,,,0,,,,,,Matches,,0,,,,,,,,,,,0,,,,Matches,,,,,,,,,,,,,,,,,,,,,Matches,antonin kinsky,0.0,0.0,0.0,0.0540115609765052,0.0540115609765052
1367,Justin Kluivert,nl NED,MF,Bournemouth,eng Premier League,26.0,1999.0,20,10,952.0,10.6,2,0,2,2,0,0,5,0,0.19,0.0,0.19,0.19,0.19,Matches,2,17,4,23.5,1.61,0.38,0.12,0.5,0,0,Matches,,,,,,,,,,,,,,,0,,,,,,Matches,,7,,,,,,,,,,,4,,,,Matches,,,,,,,,,,,,,,,,,,,,,Matches,justin kluivert,2.293420127592981,2.294822184368968,2.293420127592981,5.311763904988766,2.3175806514918804
1368,Ruben Kluivert,nl NED,DF,Lyon,fr Ligue 1,24.0,2001.0,16,9,772.0,8.6,1,2,3,1,0,0,4,0,0.12,0.23,0.35,0.12,0.35,Matches,1,2,1,50.0,0.23,0.12,0.5,1.0,0,0,Matches,,,,,,,,,,,,,,,2,,,,,,Matches,,10,,,,,,,,,,,8,,,,Matches,,,,,,,,,,,,,,,,,,,,,Matches,ruben kluivert,0.556617259979248,0.7292618155479431,0.556617259979248,2.847681365907192,2.847681365907192
1369,Ansgar Knauff,de GER,"MF,FW",Frankfurt,de Bundesliga,23.0,2002.0,28,12,1326.0,14.7,4,1,5,4,0,0,3,0,0.27,0.07,0.34,0.27,0.34,Matches,4,34,14,41.2,2.31,0.95,0.12,0.29,0,0,Matches,,,,,,,,,,,,,,,1,,,,,,Matches,,10,,,,,,,,,,,9,,,,Matches,,,,,,,,,,,,,,,,,,,,,Matches,ansgar knauff,3.700697695836425,2.9085339084267616,3.700697695836425,9.420183572918177,3.920056432485581
1371,Gregor Kobel,ch SUI,GK,Dortmund,de Bundesliga,27.0,1997.0,34,34,3060.0,34.0,0,0,0,0,0,0,3,0,0.0,0.0,0.0,0.0,0.0,Matches,0,0,0,,0.0,0.0,,,0,0,Matches,,,,,,,,,,,,,,,0,,,,,,Matches,,0,,,,,,,,,,,0,,,,Matches,,,,,,,,,,,,,,,,,,,,,Matches,gregor kobel,0.0,0.0,0.0,5.751318110153079,5.751318110153079
1372,Robin Koch,de GER,DF,Frankfurt,de Bundesliga,29.0,1996.0,32,32,2833.0,31.5,3,1,4,3,0,0,3,1,0.1,0.03,0.13,0.1,0.13,Matches,3,15,5,33.3,0.48,0.16,0.2,0.6,0,0,Matches,,,,,,,,,,,,,,,1,,,,,,Matches,,27,,,,,,,,,,,47,,,,Matches,,,,,,,,,,,,,,,,,,,,,Matches,robin koch,1.926746228709817,0.7194755170494318,1.926746228709817,8.281017616391182,7.552546437829733
1373,Christian Kofane,cm CMR,FW,Leverkusen,de Bundesliga,19.0,2006.0,29,12,1239.0,13.8,5,4,9,5,0,0,3,0,0.36,0.29,0.65,0.36,0.65,Matches,5,46,19,41.3,3.34,1.38,0.11,0.26,0,0,Matches,,,,,,,,,,,,,,,4,,,,,,Matches,,7,,,,,,,,,,,2,,,,Matches,,,,,,,,,,,,,,,,,,,,,Matches,christian kofane,8.046371582895517,2.242532966658473,8.046371582895517,11.18430045247078,1.869088165462017
1374,Hervé Koffi,bf BFA,GK,Angers,fr Ligue 1,28.0,1996.0,30,30,2658.0,29.5,0,0,0,0,0,0,1,0,0.0,0.0,0.0,0.0,0.0,Matches,0,0,0,,0.0,0.0,,,0,0,Matches,,,,,,,,,,,,,,,0,,,,,,Matches,,2,,,,,,,,,,,0,,,,Matches,,,,,,,,,,,,,,,,,,,,,Matches,herve koffi,0.0,0.0,0.0,4.953274139203131,4.953274139203131
1376,Derrick Köhn,gh GHA,"MF,DF",Union Berlin,de Bundesliga,26.0,1999.0,29,21,1899.0,21.1,1,2,3,0,1,1,5,1,0.05,0.09,0.14,0.0,0.09,Matches,1,28,5,17.9,1.33,0.24,0.04,0.2,1,1,Matches,,,,,,,,,,,,,,,2,,,,,,Matches,,22,,,,,,,,,,,8,,,,Matches,,,,,,,,,,,,,,,,,,,,,Matches,derrick kohn,2.375174617394805,3.0893841087818146,1.6173979174345732,4.535877007059753,2.7453682981431484
1377,Philipp Köhn,ch SUI,GK,Monaco,fr Ligue 1,27.0,1998.0,19,17,1621.0,18.0,0,0,0,0,0,0,1,0,0.0,0.0,0.0,0.0,0.0,Matches,0,0,0,,0.0,0.0,,,0,0,Matches,,,,,,,,,,,,,,,0,,,,,,Matches,,0,,,,,,,,,,,1,,,,Matches,,,,,,,,,,,,,,,,,,,,,Matches,philipp kohn,0.0,0.0,0.0,2.2199502903968096,2.2199502903968096
1378,Dominik Kohr,de GER,DF,Mainz 05,de Bundesliga,31.0,1994.0,29,28,2338.0,26.0,2,0,2,2,0,0,11,2,0.08,0.0,0.08,0.08,0.08,Matches,2,15,4,26.7,0.58,0.15,0.13,0.5,0,0,Matches,,,,,,,,,,,,,,,0,,,,,,Matches,,35,,,,,,,,,,,44,,,,Matches,,,,,,,,,,,,,,,,,,,,,Matches,dominik kohr,1.8827898502349851,1.911913337185979,1.8827898502349851,7.240472108125687,6.1323061883449554
1379,Koke,es ESP,MF,Atlético Madrid,es La Liga,33.0,1992.0,34,24,2219.0,24.7,2,2,4,2,0,0,6,0,0.08,0.08,0.16,0.08,0.16,Matches,2,14,4,28.6,0.57,0.16,0.14,0.5,0,0,Matches,,,,,,,,,,,,,,,2,,,,,,Matches,,30,,,,,,,,,,,19,,,,Matches,,,,,,,,,,,,,,,,,,,,,Matches,koke,0.96241644769907,3.4411915335804224,0.96241644769907,15.892835207283497,14.468499155715108
1380,Sead Kolašinac,ba BIH,DF,Atalanta,it Serie A,32.0,1993.0,19,15,1212.0,13.5,0,0,0,0,0,0,3,0,0.0,0.0,0.0,0.0,0.0,Matches,0,3,0,0.0,0.22,0.0,0.0,,0,0,Matches,,,,,,,,,,,,,,,0,,,,,,Matches,,18,,,,,,,,,,,11,,,,Matches,,,,,,,,,,,,,,,,,,,,,Matches,sead kolasinac,0.122791800647974,0.0,0.122791800647974,4.200706224888563,4.168808490037918
1381,Luca Koleosho,it ITA,MF,Paris FC,fr Ligue 1,20.0,2004.0,16,3,554.0,6.2,3,1,4,3,0,0,0,0,0.49,0.16,0.65,0.49,0.65,Matches,3,17,10,58.8,2.76,1.62,0.18,0.3,0,0,Matches,,,,,,,,,,,,,,,1,,,,,,Matches,,15,,,,,,,,,,,3,,,,Matches,,,,,,,,,,,,,,,,,,,,,Matches,luca koleosho,0.024271871894598,0.0189368296414613,0.024271871894598,0.2459692731499672,0.2027605772018432
1384,Randal Kolo Muani,fr FRA,"FW,MF",Tottenham,eng Premier League,26.0,1998.0,30,21,1664.0,18.5,1,1,2,1,0,0,3,0,0.05,0.05,0.11,0.05,0.11,Matches,1,20,4,20.0,1.08,0.22,0.05,0.25,0,0,Matches,,,,,,,,,,,,,,,1,,,,,,Matches,,16,,,,,,,,,,,2,,,,Matches,,,,,,,,,,,,,,,,,,,,,Matches,randal kolo muani,2.700563416816294,1.8472137674689293,2.700563416816294,4.246069150045514,0.7896932736039162
1385,Timothée Kolodziejczak,fr FRA,DF,Paris FC,fr Ligue 1,33.0,1991.0,11,7,662.0,7.4,0,0,0,0,0,0,2,0,0.0,0.0,0.0,0.0,0.0,Matches,0,1,1,100.0,0.14,0.14,0.0,0.0,0,0,Matches,,,,,,,,,,,,,,,0,,,,,,Matches,,6,,,,,,,,,,,7,,,,Matches,,,,,,,,,,,,,,,,,,,,,Matches,timothee kolodziejczak,0.0428484007716178,0.0367399360984563,0.0428484007716178,1.1362606137990952,1.0995206870138643
1386,Mert Kömür,de GER,"MF,FW",Augsburg,de Bundesliga,20.0,2005.0,28,17,1464.0,16.3,2,4,6,2,0,0,1,0,0.12,0.25,0.37,0.12,0.37,Matches,2,41,16,39.0,2.52,0.98,0.05,0.13,0,0,Matches,,,,,,,,,,,,,,,4,,,,,,Matches,,13,,,,,,,,,,,8,,,,Matches,,,,,,,,,,,,,,,,,,,,,Matches,mert komur,4.645504482090473,2.76681075245142,4.645504482090473,7.051191717386246,1.7611310807988048
1387,Ibrahima Konaté,fr FRA,DF,Liverpool,eng Premier League,26.0,1999.0,36,36,3090.0,34.3,1,0,1,1,0,0,7,0,0.03,0.0,0.03,0.03,0.03,Matches,1,12,4,33.3,0.35,0.12,0.08,0.25,0,0,Matches,,,,,,,,,,,,,,,0,,,,,,Matches,,31,,,,,,,,,,,28,,,,Matches,,,,,,,,,,,,,,,,,,,,,Matches,ibrahima konate,1.9586246628314257,0.7252839719876647,1.9586246628314257,11.115987345576286,10.797563448548315
1389,Geoffrey Kondogbia,cf CTA,"MF,DF",Marseille,fr Ligue 1,32.0,1993.0,10,9,587.0,6.5,0,0,0,0,0,0,3,0,0.0,0.0,0.0,0.0,0.0,Matches,0,4,1,25.0,0.61,0.15,0.0,0.0,0,0,Matches,,,,,,,,,,,,,,,0,,,,,,Matches,,9,,,,,,,,,,,11,,,,Matches,,,,,,,,,,,,,,,,,,,,,Matches,geoffrey kondogbia,0.2751816101372242,0.0944272764027118,0.2751816101372242,2.983300684019923,2.946565704420209
1390,Ismaël Koné,ca CAN,MF,Sassuolo,it Serie A,23.0,2002.0,35,33,2737.0,30.4,6,0,6,6,0,0,5,1,0.2,0.0,0.2,0.2,0.2,Matches,6,23,10,43.5,0.76,0.33,0.26,0.6,0,0,Matches,,,,,,,,,,,,,,,0,,,,,,Matches,,18,,,,,,,,,,,12,,,,Matches,,,,,,,,,,,,,,,,,,,,,Matches,ismael kone,5.083259547129273,1.759748755954206,5.083259547129273,12.1725369929336,7.844343296717852
1391,Manu Koné,fr FRA,MF,Roma,it Serie A,24.0,2001.0,29,28,2456.0,27.3,2,3,5,2,0,0,2,0,0.07,0.11,0.18,0.07,0.18,Matches,2,21,5,23.8,0.77,0.18,0.1,0.4,0,0,Matches,,,,,,,,,,,,,,,3,,,,,,Matches,,27,,,,,,,,,,,20,,,,Matches,,,,,,,,,,,,,,,,,,,,,Matches,manu kone,1.937675543129444,3.4994950499385595,1.937675543129444,14.520286563783884,10.869493629783392
1392,Ransford Königsdörffer,gh GHA,"FW,MF",Hamburger SV,de Bundesliga,23.0,2001.0,33,29,2329.0,25.9,5,1,6,5,0,1,2,0,0.19,0.04,0.23,0.19,0.23,Matches,5,65,22,33.8,2.51,0.85,0.08,0.23,0,1,Matches,,,,,,,,,,,,,,,1,,,,,,Matches,,4,,,,,,,,,,,6,,,,Matches,,,,,,,,,,,,,,,,,,,,,Matches,ransford konigsdorffer,8.097989899106324,1.2930769845843315,7.340213228948414,10.459908859804273,2.80921021476388
1393,Ezri Konsa,eng ENG,DF,Aston Villa,eng Premier League,27.0,1997.0,34,34,3035.0,33.7,0,0,0,0,0,0,0,1,0.0,0.0,0.0,0.0,0.0,Matches,0,11,2,18.2,0.33,0.06,0.0,0.0,0,0,Matches,,,,,,,,,,,,,,,0,,,,,,Matches,,8,,,,,,,,,,,22,,,,Matches,,,,,,,,,,,,,,,,,,,,,Matches,ezri konsa,1.0740509293973446,0.6014871783554554,1.0740509293973446,9.361096058040856,8.838568899780512
1394,Teun Koopmeiners,nl NED,"MF,DF",Juventus,it Serie A,27.0,1998.0,33,18,1827.0,20.3,0,0,0,0,0,0,5,0,0.0,0.0,0.0,0.0,0.0,Matches,0,28,7,25.0,1.38,0.34,0.0,0.0,0,0,Matches,,,,,,,,,,,,,,,0,,,,,,Matches,,13,,,,,,,,,,,18,,,,Matches,,,,,,,,,,,,,,,,,,,,,Matches,teun koopmeiners,1.7949654590338469,0.7337323613464832,1.7949654590338469,8.081720914691687,6.76489283144474
1396,Odilon Kossounou,ci CIV,DF,Atalanta,it Serie A,24.0,2001.0,19,10,988.0,11.0,1,0,1,1,0,0,1,0,0.09,0.0,0.09,0.09,0.09,Matches,1,5,1,20.0,0.46,0.09,0.2,1.0,0,0,Matches,,,,,,,,,,,,,,,0,,,,,,Matches,,14,,,,,,,,,,,10,,,,Matches,,,,,,,,,,,,,,,,,,,,,Matches,odilon kossounou,0.2642052415758371,0.2571885026991367,0.2642052415758371,4.142970737069845,3.8508499525487423
1397,Filip Kostić,rs SRB,MF,Juventus,it Serie A,32.0,1992.0,18,4,479.0,5.3,3,1,4,3,0,0,1,0,0.56,0.19,0.75,0.56,0.75,Matches,3,9,4,44.4,1.69,0.75,0.33,0.75,0,0,Matches,,,,,,,,,,,,,,,1,,,,,,Matches,,10,,,,,,,,,,,4,,,,Matches,,,,,,,,,,,,,,,,,,,,,Matches,filip kostic,0.6743299197405577,0.6833733469247818,0.6743299197405577,3.385763455182314,2.3905558809638023
1401,Koffi Kouao,ci CIV,"DF,MF",Metz,fr Ligue 1,27.0,1998.0,27,27,2265.0,25.2,2,1,3,2,0,0,10,0,0.08,0.04,0.12,0.08,0.12,Matches,2,23,10,43.5,0.91,0.4,0.09,0.2,0,0,Matches,,,,,,,,,,,,,,,1,,,,,,Matches,,46,,,,,,,,,,,28,,,,Matches,,,,,,,,,,,,,,,,,,,,,Matches,koffi kouao,1.6477266969159243,1.2461658138781786,1.6477266969159243,5.849459524266422,3.4310527173802257
1402,Arsène Kouassi,bf BFA,MF,Lorient,fr Ligue 1,20.0,2004.0,31,30,2605.0,28.9,2,6,8,2,0,0,4,0,0.07,0.21,0.28,0.07,0.28,Matches,2,9,5,55.6,0.31,0.17,0.22,0.4,0,0,Matches,,,,,,,,,,,,,,,6,,,,,,Matches,,18,,,,,,,,,,,24,,,,Matches,,,,,,,,,,,,,,,,,,,,,Matches,arsene kouassi,0.644349536858499,4.931435273960233,0.644349536858499,8.279572056606412,6.358415907248855
1404,Konstantinos Koulierakis,gr GRE,DF,Wolfsburg,de Bundesliga,21.0,2003.0,29,27,2482.0,27.6,4,1,5,4,0,0,5,0,0.15,0.04,0.18,0.15,0.18,Matches,4,26,12,46.2,0.94,0.44,0.15,0.33,0,0,Matches,,,,,,,,,,,,,,,1,,,,,,Matches,,25,,,,,,,,,,,35,,,,Matches,,,,,,,,,,,,,,,,,,,,,Matches,konstantinos koulierakis,3.5553980004042387,1.7689252914860845,3.5553980004042387,7.746201686561108,6.606250849552453
1406,Jules Koundé,fr FRA,DF,Barcelona,es La Liga,26.0,1998.0,30,24,2261.0,25.1,1,3,4,1,0,0,6,0,0.04,0.12,0.16,0.04,0.16,Matches,1,14,4,28.6,0.56,0.16,0.07,0.25,0,0,Matches,,,,,,,,,,,,,,,3,,,,,,Matches,,24,,,,,,,,,,,31,,,,Matches,,,,,,,,,,,,,,,,,,,,,Matches,jules kounde,2.200108475983143,4.6446145586669445,2.200108475983143,21.09683826193213,18.555321093648672
1410,Goduine Koyalipou,cf CTA,FW,Angers,fr Ligue 1,25.0,2000.0,13,7,668.0,7.4,2,1,3,1,1,1,0,0,0.27,0.13,0.4,0.13,0.27,Matches,2,22,9,40.9,2.96,1.21,0.09,0.22,1,1,Matches,,,,,,,,,,,,,,,1,,,,,,Matches,,2,,,,,,,,,,,1,,,,Matches,,,,,,,,,,,,,,,,,,,,,Matches,goduine koyalipou,1.2652598228305578,0.358752429485321,1.2652598228305578,1.43799864128232,0.0
1413,Alex Král,cz CZE,MF,Union Berlin,de Bundesliga,27.0,1998.0,20,2,459.0,5.1,0,0,0,0,0,0,1,0,0.0,0.0,0.0,0.0,0.0,Matches,0,7,3,42.9,1.37,0.59,0.0,0.0,0,0,Matches,,,,,,,,,,,,,,,0,,,,,,Matches,,5,,,,,,,,,,,2,,,,Matches,,,,,,,,,,,,,,,,,,,,,Matches,alex kral,0.3584795072674751,0.272127328440547,0.3584795072674751,1.076263951137662,0.6060352418571711
1414,Andrej Kramarić,hr CRO,"MF,FW",Hoffenheim,de Bundesliga,34.0,1991.0,34,26,2207.0,24.5,14,6,20,9,5,5,2,0,0.57,0.24,0.82,0.37,0.61,Matches,14,64,33,51.6,2.61,1.35,0.22,0.42,5,5,Matches,,,,,,,,,,,,,,,6,,,,,,Matches,,5,,,,,,,,,,,7,,,,Matches,,,,,,,,,,,,,,,,,,,,,Matches,andrej kramaric,13.078245226293802,4.530489624477923,9.289361868053676,18.172342345118523,7.810636706650257
1416,Jean-Philippe Krasso,ci CIV,FW,Paris FC,fr Ligue 1,28.0,1997.0,25,12,1092.0,12.1,2,2,4,1,1,1,0,0,0.16,0.16,0.33,0.08,0.25,Matches,2,27,10,37.0,2.23,0.82,0.07,0.2,1,1,Matches,,,,,,,,,,,,,,,2,,,,,,Matches,,8,,,,,,,,,,,1,,,,Matches,,,,,,,,,,,,,,,,,,,,,Matches,jean philippe krasso,4.304056554101408,3.1578205032274127,3.5439614383503795,7.954925827682018,1.9078789902850983
1417,Tom Krauß,de GER,"MF,DF",Köln,de Bundesliga,24.0,2001.0,26,19,1780.0,19.8,0,2,2,0,0,0,4,0,0.0,0.1,0.1,0.0,0.1,Matches,0,9,2,22.2,0.46,0.1,0.0,0.0,0,0,Matches,,,,,,,,,,,,,,,2,,,,,,Matches,,43,,,,,,,,,,,26,,,,Matches,,,,,,,,,,,,,,,,,,,,,Matches,tom krau,0.3886736305430531,1.2642290331423285,0.3886736305430531,7.146091844886541,6.019498575478792
1418,Ladislav Krejčí,cz CZE,"DF,MF",Wolves,eng Premier League,26.0,1999.0,28,27,2356.0,26.2,2,1,3,2,0,0,5,1,0.08,0.04,0.11,0.08,0.11,Matches,2,21,10,47.6,0.8,0.38,0.1,0.2,0,0,Matches,,,,,,,,,,,,,,,1,,,,,,Matches,,21,,,,,,,,,,,32,,,,Matches,,,,,,,,,,,,,,,,,,,,,Matches,ladislav krejci,1.724472633562982,1.4908780492842195,1.724472633562982,4.148910779505968,2.5917173959314823
1420,Rasmus Kristensen,dk DEN,"DF,MF",Frankfurt,de Bundesliga,28.0,1997.0,22,19,1538.0,17.1,2,0,2,2,0,0,6,1,0.12,0.0,0.12,0.12,0.12,Matches,2,15,6,40.0,0.88,0.35,0.13,0.33,0,0,Matches,,,,,,,,,,,,,,,0,,,,,,Matches,,33,,,,,,,,,,,19,,,,Matches,,,,,,,,,,,,,,,,,,,,,Matches,rasmus kristensen,1.1268442515283823,1.3801484052091837,1.1268442515283823,6.246252434328198,5.263705998659134
1421,Thomas Kristensen,dk DEN,DF,Udinese,it Serie A,23.0,2002.0,28,28,2472.0,27.5,3,0,3,3,0,0,4,0,0.11,0.0,0.11,0.11,0.11,Matches,3,11,6,54.5,0.4,0.22,0.27,0.5,0,0,Matches,,,,,,,,,,,,,,,0,,,,,,Matches,,15,,,,,,,,,,,27,,,,Matches,,,,,,,,,,,,,,,,,,,,,Matches,thomas kristensen,1.8784828763455157,0.2243683580309152,1.8784828763455157,4.511372737586498,4.0950743574649096
1422,Nikola Krstović,me MNE,FW,Atalanta,it Serie A,25.0,2000.0,33,18,1791.0,19.9,10,5,15,10,0,0,4,0,0.5,0.25,0.75,0.5,0.75,Matches,10,99,34,34.3,4.97,1.71,0.1,0.29,0,0,Matches,,,,,,,,,,,,,,,5,,,,,,Matches,,12,,,,,,,,,,,3,,,,Matches,,,,,,,,,,,,,,,,,,,,,Matches,nikola krstovic,15.67498453706503,3.230607645586133,15.67498453706503,19.62596950680017,3.146167431026697
1423,Lukas Kübler,de GER,DF,Freiburg,de Bundesliga,32.0,1992.0,23,19,1587.0,17.6,2,2,4,2,0,0,3,0,0.11,0.11,0.23,0.11,0.23,Matches,2,19,5,26.3,1.08,0.28,0.11,0.4,0,0,Matches,,,,,,,,,,,,,,,2,,,,,,Matches,,25,,,,,,,,,,,31,,,,Matches,,,,,,,,,,,,,,,,,,,,,Matches,lukas kubler,2.6487669441848998,1.39156642742455,2.6487669441848998,4.891823662444949,3.227331643924117
1424,Takefusa Kubo,jp JPN,MF,Real Sociedad,es La Liga,24.0,2001.0,24,17,1503.0,16.7,2,4,6,2,0,0,2,0,0.12,0.24,0.36,0.12,0.36,Matches,2,28,12,42.9,1.68,0.72,0.07,0.17,0,0,Matches,,,,,,,,,,,,,,,4,,,,,,Matches,,18,,,,,,,,,,,10,,,,Matches,,,,,,,,,,,,,,,,,,,,,Matches,takefusa kubo,2.659126302227378,4.556258842349052,2.659126302227378,7.780967563390732,3.3929872550070286
1425,Mohammed Kudus,gh GHA,"MF,FW",Tottenham,eng Premier League,24.0,2000.0,19,19,1535.0,17.1,2,5,7,2,0,0,3,0,0.12,0.29,0.41,0.12,0.41,Matches,2,26,9,34.6,1.52,0.53,0.08,0.22,0,0,Matches,,,,,,,,,,,,,,,5,,,,,,Matches,,17,,,,,,,,,,,3,,,,Matches,,,,,,,,,,,,,,,,,,,,,Matches,mohammed kudus,2.362326920963824,2.574139247648418,2.362326920963824,4.9626108556985855,1.4065115749835968
1426,Nicolas-Gerrit Kühn,de GER,MF,Como,it Serie A,25.0,2000.0,23,6,665.0,7.4,1,1,2,1,0,0,0,0,0.14,0.14,0.27,0.14,0.27,Matches,1,8,3,37.5,1.08,0.41,0.13,0.33,0,0,Matches,,,,,,,,,,,,,,,1,,,,,,Matches,,6,,,,,,,,,,,5,,,,Matches,,,,,,,,,,,,,,,,,,,,,Matches,nicolas gerrit kuhn,0.9032431282103062,1.4387495424598455,0.9032431282103062,4.039138616994023,1.8611475694924595
1428,Sael Kumbedi,fr FRA,"DF,MF",Wolfsburg,de Bundesliga,20.0,2005.0,24,20,1804.0,20.0,0,5,5,0,0,0,2,0,0.0,0.25,0.25,0.0,0.25,Matches,0,5,0,0.0,0.25,0.0,0.0,,0,0,Matches,,,,,,,,,,,,,,,5,,,,,,Matches,,33,,,,,,,,,,,14,,,,Matches,,,,,,,,,,,,,,,,,,,,,Matches,sael kumbedi,0.4646370662376284,3.120423424988985,0.4646370662376284,6.11135661881417,4.07589796371758
1433,Khvicha Kvaratskhelia,ge GEO,FW,PSG,fr Ligue 1,24.0,2001.0,28,18,1479.0,16.4,8,4,12,7,1,1,1,0,0.49,0.24,0.73,0.43,0.67,Matches,8,65,29,44.6,3.96,1.76,0.12,0.28,1,1,Matches,,,,,,,,,,,,,,,4,,,,,,Matches,,13,,,,,,,,,,,10,,,,Matches,,,,,,,,,,,,,,,,,,,,,Matches,khvicha kvaratskhelia,7.978250507265329,5.74300504103303,7.218155387789011,17.08897763863206,8.842163369059563
1434,Giorgi Kvilitaia,ge GEO,FW,Metz,fr Ligue 1,31.0,1993.0,10,5,495.0,5.5,2,0,2,2,0,0,1,0,0.36,0.0,0.36,0.36,0.36,Matches,2,12,7,58.3,2.18,1.27,0.17,0.29,0,0,Matches,,,,,,,,,,,,,,,0,,,,,,Matches,,6,,,,,,,,,,,0,,,,Matches,,,,,,,,,,,,,,,,,,,,,Matches,giorgi kvilitaia,1.3176763448864222,1.193804420530796,1.3176763448864222,1.1540779788047075,0.2850138414651155
1436,Adrián de la Fuente,es ESP,DF,Levante,es La Liga,26.0,1999.0,33,30,2711.0,30.1,3,1,4,2,1,3,5,0,0.1,0.03,0.13,0.07,0.1,Matches,3,39,9,23.1,1.29,0.3,0.08,0.33,1,3,Matches,,,,,,,,,,,,,,,1,,,,,,Matches,,18,,,,,,,,,,,48,,,,Matches,,,,,,,,,,,,,,,,,,,,,Matches,adrian de la fuente,4.289415382780135,1.4081206684932113,2.0595825174823403,6.009899263270199,5.362125953659415
1437,Rémy Labeau Lascary,gp GLP,"MF,FW",Brest,fr Ligue 1,22.0,2003.0,27,12,1200.0,13.3,5,1,6,5,0,0,2,0,0.37,0.07,0.45,0.37,0.45,Matches,5,34,16,47.1,2.55,1.2,0.15,0.31,0,0,Matches,,,,,,,,,,,,,,,1,,,,,,Matches,,11,,,,,,,,,,,4,,,,Matches,,,,,,,,,,,,,,,,,,,,,Matches,remy labeau lascary,5.339445449411869,2.657169260084629,5.339445449411869,8.572859641164541,1.6721731591969728
1439,Maxence Lacroix,fr FRA,DF,Crystal Palace,eng Premier League,25.0,2000.0,35,35,3085.0,34.3,1,2,3,1,0,0,4,1,0.03,0.06,0.09,0.03,0.09,Matches,1,25,7,28.0,0.73,0.2,0.04,0.14,0,0,Matches,,,,,,,,,,,,,,,2,,,,,,Matches,,38,,,,,,,,,,,45,,,,Matches,,,,,,,,,,,,,,,,,,,,,Matches,maxence lacroix,3.006834846921265,1.2868863735347986,3.006834846921265,10.744279656559227,9.981197169981897
1442,Yoel Lago,es ESP,DF,Celta Vigo,es La Liga,21.0,2004.0,12,11,938.0,10.4,0,0,0,0,0,0,4,0,0.0,0.0,0.0,0.0,0.0,Matches,0,1,0,0.0,0.1,0.0,0.0,,0,0,Matches,,,,,,,,,,,,,,,0,,,,,,Matches,,10,,,,,,,,,,,7,,,,Matches,,,,,,,,,,,,,,,,,,,,,Matches,yoel lago,0.0578714646399021,0.0766500122845172,0.0578714646399021,2.9164676181972027,2.892027758061886
1444,Konrad Laimer,at AUT,DF,Bayern Munich,de Bundesliga,28.0,1997.0,29,22,1994.0,22.2,3,9,12,3,0,0,9,0,0.14,0.41,0.54,0.14,0.54,Matches,3,17,8,47.1,0.77,0.36,0.18,0.38,0,0,Matches,,,,,,,,,,,,,,,9,,,,,,Matches,,25,,,,,,,,,,,17,,,,Matches,,,,,,,,,,,,,,,,,,,,,Matches,konrad laimer,2.826949080452323,4.989689355716109,2.826949080452323,20.52084405720234,14.751735255122185
1445,Kenny Lala,mg MAD,DF,Brest,fr Ligue 1,33.0,1991.0,32,31,2791.0,31.0,0,3,3,0,0,0,4,0,0.0,0.1,0.1,0.0,0.1,Matches,0,8,1,12.5,0.26,0.03,0.0,0.0,0,0,Matches,,,,,,,,,,,,,,,3,,,,,,Matches,,26,,,,,,,,,,,26,,,,Matches,,,,,,,,,,,,,,,,,,,,,Matches,kenny lala,0.2368002831935882,3.7020830307155848,0.2368002831935882,10.935884578153493,8.608638597652316
1447,Senne Lammens,be BEL,GK,Manchester Utd,eng Premier League,23.0,2002.0,32,32,2880.0,32.0,0,0,0,0,0,0,0,0,0.0,0.0,0.0,0.0,0.0,Matches,0,0,0,,0.0,0.0,,,0,0,Matches,,,,,,,,,,,,,,,0,,,,,,Matches,,1,,,,,,,,,,,0,,,,Matches,,,,,,,,,,,,,,,,,,,,,Matches,senne lammens,0.0,0.0,0.0,5.00017312541604,5.00017312541604
1449,Noa Lang,nl NED,"FW,MF",Napoli,it Serie A,26.0,1999.0,18,7,666.0,7.4,1,2,3,1,0,0,2,0,0.14,0.27,0.41,0.14,0.41,Matches,1,9,4,44.4,1.22,0.54,0.11,0.25,0,0,Matches,,,,,,,,,,,,,,,2,,,,,,Matches,,8,,,,,,,,,,,2,,,,Matches,,,,,,,,,,,,,,,,,,,,,Matches,noa lang,1.3651904631406069,1.9749588575214148,1.3651904631406069,4.173819866031408,2.764019284397364
1450,Aymeric Laporte,es ESP,DF,Athletic Club,es La Liga,31.0,1994.0,25,24,2058.0,22.9,0,1,1,0,0,0,4,0,0.0,0.04,0.04,0.0,0.04,Matches,0,15,5,33.3,0.66,0.22,0.0,0.0,0,0,Matches,,,,,,,,,,,,,,,1,,,,,,Matches,,17,,,,,,,,,,,27,,,,Matches,,,,,,,,,,,,,,,,,,,,,Matches,aymeric laporte,1.8204883504658935,0.4414121750742197,1.8204883504658935,5.202450418844819,4.778625398874283
1451,Hugo Larsson,se SWE,MF,Frankfurt,de Bundesliga,21.0,2004.0,25,21,1812.0,20.1,2,2,4,2,0,0,0,0,0.1,0.1,0.2,0.1,0.2,Matches,2,13,6,46.2,0.65,0.3,0.15,0.33,0,0,Matches,,,,,,,,,,,,,,,2,,,,,,Matches,,9,,,,,,,,,,,27,,,,Matches,,,,,,,,,,,,,,,,,,,,,Matches,hugo larsson,1.4220624901354313,1.1869177855551245,1.4220624901354313,5.631294704973698,3.755781836807728
1453,Toni Lato,es ESP,"DF,MF",Mallorca,es La Liga,27.0,1997.0,12,7,583.0,6.5,0,1,1,0,0,0,3,0,0.0,0.15,0.15,0.0,0.15,Matches,0,0,0,,0.0,0.0,,,0,0,Matches,,,,,,,,,,,,,,,1,,,,,,Matches,,8,,,,,,,,,,,6,,,,Matches,,,,,,,,,,,,,,,,,,,,,Matches,toni lato,0.0,0.4910133834928274,0.0,1.7519583329558372,1.357103642076254
1454,Josh Laurent,eng ENG,"DF,MF",Burnley,eng Premier League,30.0,1995.0,33,18,1764.0,19.6,1,0,1,1,0,0,7,1,0.05,0.0,0.05,0.05,0.05,Matches,1,15,4,26.7,0.77,0.2,0.07,0.25,0,0,Matches,,,,,,,,,,,,,,,0,,,,,,Matches,,25,,,,,,,,,,,28,,,,Matches,,,,,,,,,,,,,,,,,,,,,Matches,josh laurent,1.0436750873923302,0.7355106780305505,1.0436750873923302,3.1661211233586077,1.6837338991463184
1455,Armand Lauriente,fr FRA,FW,Sassuolo,it Serie A,26.0,1998.0,38,33,2592.0,28.8,7,9,16,7,0,0,4,0,0.24,0.31,0.56,0.24,0.56,Matches,7,71,26,36.6,2.47,0.9,0.1,0.27,0,0,Matches,,,,,,,,,,,,,,,9,,,,,,Matches,,15,,,,,,,,,,,7,,,,Matches,,,,,,,,,,,,,,,,,,,,,Matches,armand lauriente,4.392248864285648,8.514929416589439,4.392248864285648,14.82768054679036,7.808049842715263
1458,Valentino Lazaro,at AUT,MF,Torino,it Serie A,29.0,1996.0,31,26,2252.0,25.0,0,2,2,0,0,0,4,0,0.0,0.08,0.08,0.0,0.08,Matches,0,8,2,25.0,0.32,0.08,0.0,0.0,0,0,Matches,,,,,,,,,,,,,,,2,,,,,,Matches,,25,,,,,,,,,,,22,,,,Matches,,,,,,,,,,,,,,,,,,,,,Matches,valentino lazaro,0.4233721131458878,3.7035163436084986,0.4233721131458878,6.316612107679248,4.944833934307098
1459,Manuel Lazzari,it ITA,DF,Lazio,it Serie A,31.0,1993.0,23,9,938.0,10.4,0,0,0,0,0,0,2,0,0.0,0.0,0.0,0.0,0.0,Matches,0,4,2,50.0,0.38,0.19,0.0,0.0,0,0,Matches,,,,,,,,,,,,,,,0,,,,,,Matches,,9,,,,,,,,,,,6,,,,Matches,,,,,,,,,,,,,,,,,,,,,Matches,manuel lazzari,0.1093258569017052,0.12791617680341,0.1093258569017052,1.957939920015633,1.7328816344961524
1461,Théo Le Bris,fr FRA,MF,Lorient,fr Ligue 1,22.0,2002.0,28,22,1893.0,21.0,2,2,4,2,0,0,0,0,0.1,0.1,0.19,0.1,0.19,Matches,2,17,7,41.2,0.81,0.33,0.12,0.29,0,0,Matches,,,,,,,,,,,,,,,2,,,,,,Matches,,28,,,,,,,,,,,17,,,,Matches,,,,,,,,,,,,,,,,,,,,,Matches,theo le bris,1.935364414472133,1.3978275619447231,1.935364414472133,4.595136150252074,2.6511300066486
1463,Enzo Le Fée,fr FRA,"MF,FW",Sunderland,eng Premier League,25.0,2000.0,36,33,2930.0,32.6,5,6,11,2,3,4,5,0,0.15,0.18,0.34,0.06,0.25,Matches,5,36,12,33.3,1.11,0.37,0.14,0.42,3,4,Matches,,,,,,,,,,,,,,,6,,,,,,Matches,,56,,,,,,,,,,,28,,,,Matches,,,,,,,,,,,,,,,,,,,,,Matches,enzo le fee,5.268677884712815,7.54641820769757,2.224039314314723,13.179932279512286,7.138605147600174
1465,Robin Le Normand,es ESP,DF,Atlético Madrid,es La Liga,28.0,1996.0,28,17,1789.0,19.9,1,1,2,1,0,0,5,0,0.05,0.05,0.1,0.05,0.1,Matches,1,6,1,16.7,0.3,0.05,0.17,1.0,0,0,Matches,,,,,,,,,,,,,,,1,,,,,,Matches,,20,,,,,,,,,,,20,,,,Matches,,,,,,,,,,,,,,,,,,,,,Matches,robin le normand,1.2779291793704033,0.3418054245412349,1.2779291793704033,10.35181195102632,9.952938174828889
1466,Nicola Leali,it ITA,GK,Genoa,it Serie A,32.0,1993.0,22,21,1847.0,20.5,0,0,0,0,0,0,2,1,0.0,0.0,0.0,0.0,0.0,Matches,0,0,0,,0.0,0.0,,,0,0,Matches,,,,,,,,,,,,,,,0,,,,,,Matches,,0,,,,,,,,,,,1,,,,Matches,,,,,,,,,,,,,,,,,,,,,Matches,nicola leali,0.0,0.1997857615351677,0.0,1.4363188985735178,1.2365331295877695
1467,Rafael Leão,pt POR,FW,Milan,it Serie A,26.0,1999.0,29,23,1851.0,20.6,9,3,12,7,2,2,5,0,0.44,0.15,0.58,0.34,0.49,Matches,9,63,24,38.1,3.06,1.17,0.14,0.38,2,2,Matches,,,,,,,,,,,,,,,3,,,,,,Matches,,3,,,,,,,,,,,5,,,,Matches,,,,,,,,,,,,,,,,,,,,,Matches,rafael leao,9.601861637085676,4.9774565836414695,8.079263962805271,15.73306704312563,4.835623417049646
1468,Pierre Lees-Melou,fr FRA,MF,Paris FC,fr Ligue 1,32.0,1993.0,22,20,1782.0,19.8,1,3,4,1,0,0,7,1,0.05,0.15,0.2,0.05,0.2,Matches,1,27,6,22.2,1.36,0.3,0.04,0.17,0,0,Matches,,,,,,,,,,,,,,,3,,,,,,Matches,,35,,,,,,,,,,,20,,,,Matches,,,,,,,,,,,,,,,,,,,,,Matches,pierre lees melou,1.580171943642199,2.861335970461369,1.580171943642199,8.927949897944927,6.179184839129448
1470,Jordan Lefort,mr MTN,DF,Angers,fr Ligue 1,31.0,1993.0,34,34,3060.0,34.0,0,2,2,0,0,0,2,0,0.0,0.06,0.06,0.0,0.06,Matches,0,11,2,18.2,0.32,0.06,0.0,0.0,0,0,Matches,,,,,,,,,,,,,,,2,,,,,,Matches,,33,,,,,,,,,,,47,,,,Matches,,,,,,,,,,,,,,,,,,,,,Matches,jordan lefort,0.6379672419279814,0.8968721181154251,0.6379672419279814,8.235661486163735,7.759192215278745
1472,Diogo Leite,pt POR,DF,Union Berlin,de Bundesliga,26.0,1999.0,23,23,1963.0,21.8,0,0,0,0,0,0,4,0,0.0,0.0,0.0,0.0,0.0,Matches,0,10,1,10.0,0.46,0.05,0.0,0.0,0,0,Matches,,,,,,,,,,,,,,,0,,,,,,Matches,,15,,,,,,,,,,,44,,,,Matches,,,,,,,,,,,,,,,,,,,,,Matches,diogo leite,0.7947779260575771,0.4625474046915769,0.7947779260575771,4.022552821785212,3.751455467194319
1475,Florian Lejeune,fr FRA,DF,Rayo Vallecano,es La Liga,34.0,1991.0,36,36,3230.0,35.9,2,1,3,2,0,0,7,0,0.06,0.03,0.08,0.06,0.08,Matches,2,50,18,36.0,1.39,0.5,0.04,0.11,0,0,Matches,,,,,,,,,,,,,,,1,,,,,,Matches,,47,,,,,,,,,,,47,,,,Matches,,,,,,,,,,,,,,,,,,,,,Matches,florian lejeune,2.6121565653011203,1.1719966726377606,2.6121565653011203,10.796885312534869,9.678738729096947
1476,Youssef Lekhedim,es ESP,"DF,MF",Alavés,es La Liga,19.0,2005.0,25,13,1335.0,14.8,0,1,1,0,0,0,7,0,0.0,0.07,0.07,0.0,0.07,Matches,0,11,3,27.3,0.74,0.2,0.0,0.0,0,0,Matches,,,,,,,,,,,,,,,1,,,,,,Matches,,10,,,,,,,,,,,12,,,,Matches,,,,,,,,,,,,,,,,,,,,,Matches,youssef lekhedim,0.7915327316150069,2.768648535013199,0.7915327316150069,5.751958949491382,3.135219857096672
1477,Iñigo Lekue,es ESP,DF,Athletic Club,es La Liga,32.0,1993.0,11,8,600.0,6.7,0,0,0,0,0,0,2,2,0.0,0.0,0.0,0.0,0.0,Matches,0,3,1,33.3,0.45,0.15,0.0,0.0,0,0,Matches,,,,,,,,,,,,,,,0,,,,,,Matches,,10,,,,,,,,,,,4,,,,Matches,,,,,,,,,,,,,,,,,,,,,Matches,inigo lekue,0.1312863305211067,0.0452195592224597,0.1312863305211067,2.2843863498419523,2.107880437746644
1478,Thomas Lemar,fr FRA,MF,Girona,es La Liga,29.0,1995.0,27,14,1258.0,14.0,3,1,4,3,0,0,4,0,0.21,0.07,0.29,0.21,0.29,Matches,3,17,8,47.1,1.22,0.57,0.18,0.38,0,0,Matches,,,,,,,,,,,,,,,1,,,,,,Matches,,15,,,,,,,,,,,5,,,,Matches,,,,,,,,,,,,,,,,,,,,,Matches,thomas lemar,1.774252887815237,1.3809418808668852,1.774252887815237,6.247596652712673,3.81582584278658
1479,Félix Lemaréchal,fr FRA,"MF,FW",Strasbourg,fr Ligue 1,21.0,2003.0,11,7,555.0,6.2,0,2,2,0,0,0,1,0,0.0,0.32,0.32,0.0,0.32,Matches,0,10,2,20.0,1.62,0.32,0.0,0.0,0,0,Matches,,,,,,,,,,,,,,,2,,,,,,Matches,,6,,,,,,,,,,,3,,,,Matches,,,,,,,,,,,,,,,,,,,,,Matches,felix lemarechal,0.911349218338728,1.2359443046152592,0.911349218338728,3.2352783121168613,1.358577482402325
1481,Tim Lemperle,de GER,FW,Hoffenheim,de Bundesliga,23.0,2002.0,29,24,1944.0,21.6,8,2,10,7,1,1,3,1,0.37,0.09,0.46,0.32,0.42,Matches,8,53,21,39.6,2.45,0.97,0.15,0.38,1,1,Matches,,,,,,,,,,,,,,,2,,,,,,Matches,,16,,,,,,,,,,,6,,,,Matches,,,,,,,,,,,,,,,,,,,,,Matches,tim lemperle,9.412074415013194,2.5754604805260897,8.654297707602382,13.365150267258286,2.924194620922208
1483,Clément Lenglet,fr FRA,DF,Atlético Madrid,es La Liga,30.0,1995.0,19,17,1391.0,15.5,0,1,1,0,0,0,6,1,0.0,0.06,0.06,0.0,0.06,Matches,0,5,0,0.0,0.32,0.0,0.0,,0,0,Matches,,,,,,,,,,,,,,,1,,,,,,Matches,,10,,,,,,,,,,,20,,,,Matches,,,,,,,,,,,,,,,,,,,,,Matches,clement lenglet,0.3035862017422914,0.3937023878097534,0.3035862017422914,6.491023430600762,6.36877671815455
1484,Bernd Leno,de GER,GK,Fulham,eng Premier League,33.0,1992.0,38,38,3420.0,38.0,0,0,0,0,0,0,3,0,0.0,0.0,0.0,0.0,0.0,Matches,0,0,0,,0.0,0.0,,,0,0,Matches,,,,,,,,,,,,,,,0,,,,,,Matches,,1,,,,,,,,,,,1,,,,Matches,,,,,,,,,,,,,,,,,,,,,Matches,bernd leno,0.0,0.0,0.0,4.902563899755478,4.902563899755478
1485,Donovan Léon,gf GUF,GK,Auxerre,fr Ligue 1,32.0,1992.0,29,29,2460.0,27.3,0,0,0,0,0,0,1,2,0.0,0.0,0.0,0.0,0.0,Matches,0,0,0,,0.0,0.0,,,0,0,Matches,,,,,,,,,,,,,,,0,,,,,,Matches,,2,,,,,,,,,,,0,,,,Matches,,,,,,,,,,,,,,,,,,,,,Matches,donovan leon,0.0,0.0648864954710006,0.0,1.6310187000781298,1.5661322008818388
1487,Esteban Lepaul,fr FRA,FW,Rennes,fr Ligue 1,25.0,2000.0,32,31,2511.0,27.9,20,5,25,17,3,4,3,0,0.72,0.18,0.9,0.61,0.79,Matches,20,84,37,44.0,3.01,1.33,0.24,0.54,3,4,Matches,,,,,,,,,,,,,,,5,,,,,,Matches,,5,,,,,,,,,,,3,,,,Matches,,,,,,,,,,,,,,,,,,,,,Matches,esteban lepaul,15.734724316745996,3.3852440919727087,12.694475065916777,17.0145684145391,4.0013463869690895
1488,Johann Lepenant,fr FRA,MF,Nantes,fr Ligue 1,22.0,2002.0,27,23,2173.0,24.1,0,1,1,0,0,0,4,0,0.0,0.04,0.04,0.0,0.04,Matches,0,22,7,31.8,0.91,0.29,0.0,0.0,0,0,Matches,,,,,,,,,,,,,,,1,,,,,,Matches,,47,,,,,,,,,,,26,,,,Matches,,,,,,,,,,,,,,,,,,,,,Matches,johann lepenant,0.8502923585474491,2.2118827141821384,0.8502923585474491,5.685858994722366,4.117297636345029
1489,Mehdi Léris,dz ALG,MF,Pisa,it Serie A,27.0,1998.0,34,21,1900.0,21.1,2,3,5,2,0,0,2,0,0.09,0.14,0.24,0.09,0.24,Matches,2,25,7,28.0,1.18,0.33,0.08,0.29,0,0,Matches,,,,,,,,,,,,,,,3,,,,,,Matches,,37,,,,,,,,,,,23,,,,Matches,,,,,,,,,,,,,,,,,,,,,Matches,mehdi leris,1.973102173767984,2.4453976545482874,1.973102173767984,5.055834978818893,1.8889753613621
1490,Jefferson Lerma,co COL,"MF,DF",Crystal Palace,eng Premier League,30.0,1994.0,31,18,1733.0,19.3,0,2,2,0,0,0,7,0,0.0,0.1,0.1,0.0,0.1,Matches,0,19,7,36.8,0.99,0.36,0.0,0.0,0,0,Matches,,,,,,,,,,,,,,,2,,,,,,Matches,,18,,,,,,,,,,,25,,,,Matches,,,,,,,,,,,,,,,,,,,,,Matches,jefferson lerma,2.208588045090437,1.7842966839671135,2.208588045090437,7.616084651090205,6.042748659849167
1491,Louis Leroux,fr FRA,"MF,DF",Nantes,fr Ligue 1,19.0,2006.0,23,16,1441.0,16.0,1,1,2,1,0,0,2,0,0.06,0.06,0.12,0.06,0.12,Matches,1,15,3,20.0,0.94,0.19,0.07,0.33,0,0,Matches,,,,,,,,,,,,,,,1,,,,,,Matches,,23,,,,,,,,,,,5,,,,Matches,,,,,,,,,,,,,,,,,,,,,Matches,louis leroux,1.6188924480229616,0.7465226091444492,1.6188924480229616,3.097193729132414,1.815334405750036
1492,Robert Lewandowski,pl POL,FW,Barcelona,es La Liga,36.0,1988.0,31,17,1664.0,18.5,14,2,16,13,1,3,2,0,0.76,0.11,0.87,0.7,0.81,Matches,14,63,29,46.0,3.41,1.57,0.22,0.48,1,3,Matches,,,,,,,,,,,,,,,2,,,,,,Matches,,3,,,,,,,,,,,3,,,,Matches,,,,,,,,,,,,,,,,,,,,,Matches,robert lewandowski,16.066804450005293,2.279528703540564,13.836971666663883,19.4469972550869,6.116905840113759
1493,Jamie Leweling,de GER,MF,Stuttgart,de Bundesliga,24.0,2001.0,32,26,2367.0,26.3,7,9,16,7,0,0,4,0,0.27,0.34,0.61,0.27,0.61,Matches,7,49,18,36.7,1.86,0.68,0.14,0.39,0,0,Matches,,,,,,,,,,,,,,,9,,,,,,Matches,,12,,,,,,,,,,,13,,,,Matches,,,,,,,,,,,,,,,,,,,,,Matches,jamie leweling,4.102848822250962,6.05470309779048,4.102848822250962,17.34269355610013,9.02036947198212
1495,Keane Lewis-Potter,eng ENG,"DF,MF",Brentford,eng Premier League,24.0,2001.0,36,22,1972.0,21.9,3,3,6,3,0,0,1,0,0.14,0.14,0.27,0.14,0.27,Matches,3,31,9,29.0,1.41,0.41,0.1,0.33,0,0,Matches,,,,,,,,,,,,,,,3,,,,,,Matches,,14,,,,,,,,,,,10,,,,Matches,,,,,,,,,,,,,,,,,,,,,Matches,keane lewis potter,3.214926864951849,2.714283775538206,3.214926864951849,7.842858789488673,3.1916828025132418
1496,Myles Lewis-Skelly,eng ENG,"MF,DF",Arsenal,eng Premier League,18.0,2006.0,20,5,709.0,7.9,0,0,0,0,0,0,3,0,0.0,0.0,0.0,0.0,0.0,Matches,0,2,0,0.0,0.25,0.0,0.0,,0,0,Matches,,,,,,,,,,,,,,,0,,,,,,Matches,,5,,,,,,,,,,,5,,,,Matches,,,,,,,,,,,,,,,,,,,,,Matches,myles lewis skelly,0.1256939582526683,0.1785307899117469,0.1256939582526683,2.1258894726634026,1.9670009650290008
1498,Philipp Lienhart,at AUT,DF,Freiburg,de Bundesliga,29.0,1996.0,20,14,1302.0,14.5,1,0,1,1,0,0,4,1,0.07,0.0,0.07,0.07,0.07,Matches,1,8,2,25.0,0.55,0.14,0.13,0.5,0,0,Matches,,,,,,,,,,,,,,,0,,,,,,Matches,,13,,,,,,,,,,,13,,,,Matches,,,,,,,,,,,,,,,,,,,,,Matches,philipp lienhart,0.9484050497412682,0.1434269901365041,0.9484050497412682,5.8486660327762365,5.743671094998717
1499,Matthijs de Ligt,nl NED,DF,Manchester Utd,eng Premier League,25.0,1999.0,13,13,1170.0,13.0,1,0,1,1,0,0,0,0,0.08,0.0,0.08,0.08,0.08,Matches,1,11,3,27.3,0.85,0.23,0.09,0.33,0,0,Matches,,,,,,,,,,,,,,,0,,,,,,Matches,,13,,,,,,,,,,,11,,,,Matches,,,,,,,,,,,,,,,,,,,,,Matches,matthijs de ligt,1.3233719654381275,0.4281761646270752,1.3233719654381275,2.8319015204906464,2.3887862116098404
1501,Victor Lindelöf,se SWE,"DF,MF",Aston Villa,eng Premier League,31.0,1994.0,17,11,948.0,10.5,0,1,1,0,0,0,0,0,0.0,0.09,0.09,0.0,0.09,Matches,0,3,0,0.0,0.28,0.0,0.0,,0,0,Matches,,,,,,,,,,,,,,,1,,,,,,Matches,,3,,,,,,,,,,,8,,,,Matches,,,,,,,,,,,,,,,,,,,,,Matches,victor lindelof,0.1561275906860828,0.5980998799204826,0.1561275906860828,2.5445900056511164,2.527874367311597
1503,Luca Lipani,it ITA,MF,Sassuolo,it Serie A,20.0,2005.0,24,10,1034.0,11.5,0,1,1,0,0,0,3,0,0.0,0.09,0.09,0.0,0.09,Matches,0,12,3,25.0,1.04,0.26,0.0,0.0,0,0,Matches,,,,,,,,,,,,,,,1,,,,,,Matches,,17,,,,,,,,,,,15,,,,Matches,,,,,,,,,,,,,,,,,,,,,Matches,luca lipani,0.9187592826783656,1.1096705137751997,0.9187592826783656,4.823387278243899,3.3149657156318426
1506,Adrián Liso,es ESP,"FW,MF",Getafe,es La Liga,20.0,2005.0,28,21,1702.0,18.9,3,0,3,3,0,0,5,1,0.16,0.0,0.16,0.16,0.16,Matches,3,26,10,38.5,1.37,0.53,0.12,0.3,0,0,Matches,,,,,,,,,,,,,,,0,,,,,,Matches,,22,,,,,,,,,,,4,,,,Matches,,,,,,,,,,,,,,,,,,,,,Matches,adrian liso,2.757198302075267,0.1507773920893669,2.757198302075267,3.0900558568537235,0.3200403545051813
1508,Tino Livramento,eng ENG,DF,Newcastle,eng Premier League,22.0,2002.0,17,14,1328.0,14.8,0,1,1,0,0,0,1,0,0.0,0.07,0.07,0.0,0.07,Matches,0,3,0,0.0,0.2,0.0,0.0,,0,0,Matches,,,,,,,,,,,,,,,1,,,,,,Matches,,14,,,,,,,,,,,2,,,,Matches,,,,,,,,,,,,,,,,,,,,,Matches,tino livramento,,,,,
1511,Diego Llorente,es ESP,DF,Real Betis,es La Liga,31.0,1993.0,18,14,1229.0,13.7,1,0,1,1,0,0,5,0,0.07,0.0,0.07,0.07,0.07,Matches,1,4,3,75.0,0.29,0.22,0.25,0.33,0,0,Matches,,,,,,,,,,,,,,,0,,,,,,Matches,,15,,,,,,,,,,,27,,,,Matches,,,,,,,,,,,,,,,,,,,,,Matches,diego llorente,1.1309194639325142,0.0534076169133186,1.1309194639325142,3.991023997310549,3.7352525391615927
1512,Marcos Llorente,es ESP,"DF,MF",Atlético Madrid,es La Liga,30.0,1995.0,29,25,2181.0,24.2,0,4,4,0,0,0,7,1,0.0,0.17,0.17,0.0,0.17,Matches,0,18,6,33.3,0.74,0.25,0.0,0.0,0,0,Matches,,,,,,,,,,,,,,,4,,,,,,Matches,,41,,,,,,,,,,,13,,,,Matches,,,,,,,,,,,,,,,,,,,,,Matches,marcos llorente,2.2122418731451035,4.202356196939945,2.2122418731451035,17.013618292286992,12.5181664545089
1513,Gautier Lloris,fr FRA,DF,Le Havre,fr Ligue 1,30.0,1995.0,29,28,2398.0,26.6,1,1,2,1,0,0,2,1,0.04,0.04,0.08,0.04,0.08,Matches,1,12,4,33.3,0.45,0.15,0.08,0.25,0,0,Matches,,,,,,,,,,,,,,,1,,,,,,Matches,,24,,,,,,,,,,,43,,,,Matches,,,,,,,,,,,,,,,,,,,,,Matches,gautier lloris,1.2026095436885953,1.0743397623300552,1.2026095436885953,4.047221319749951,3.9577493350952864
1514,Giovani Lo Celso,ar ARG,MF,Real Betis,es La Liga,29.0,1996.0,24,15,1393.0,15.5,2,3,5,2,0,0,4,0,0.13,0.19,0.32,0.13,0.32,Matches,2,30,11,36.7,1.94,0.71,0.07,0.18,0,0,Matches,,,,,,,,,,,,,,,3,,,,,,Matches,,13,,,,,,,,,,,6,,,,Matches,,,,,,,,,,,,,,,,,,,,,Matches,giovani lo celso,2.9037401657551527,2.8784077670425177,2.9037401657551527,10.672939863055944,6.766227323561907
1515,Danny Loader,cm CMR,"MF,FW",Auxerre,fr Ligue 1,24.0,2000.0,30,29,2517.0,28.0,3,3,6,3,0,0,9,0,0.11,0.11,0.21,0.11,0.21,Matches,3,62,17,27.4,2.22,0.61,0.05,0.18,0,0,Matches,,,,,,,,,,,,,,,3,,,,,,Matches,,25,,,,,,,,,,,9,,,,Matches,,,,,,,,,,,,,,,,,,,,,Matches,danny loader,,,,,
1516,Stanislav Lobotka,sk SVK,MF,Napoli,it Serie A,30.0,1994.0,32,29,2431.0,27.0,1,1,2,1,0,0,3,0,0.04,0.04,0.07,0.04,0.07,Matches,1,8,4,50.0,0.3,0.15,0.13,0.25,0,0,Matches,,,,,,,,,,,,,,,1,,,,,,Matches,,16,,,,,,,,,,,16,,,,Matches,,,,,,,,,,,,,,,,,,,,,Matches,stanislav lobotka,0.4109657760709524,1.0618614703416824,0.4109657760709524,9.941714700311422,8.96990124695003
1517,Manuel Locatelli,it ITA,MF,Juventus,it Serie A,27.0,1998.0,36,36,2994.0,33.3,1,2,3,1,0,1,9,0,0.03,0.06,0.09,0.03,0.09,Matches,1,46,12,26.1,1.38,0.36,0.02,0.08,0,1,Matches,,,,,,,,,,,,,,,2,,,,,,Matches,,66,,,,,,,,,,,38,,,,Matches,,,,,,,,,,,,,,,,,,,,,Matches,manuel locatelli,2.4154798155650496,3.826732565648854,1.6541809802874925,21.80190648883581,18.526978565379977
1518,Bradley Locko,fr FRA,DF,Brest,fr Ligue 1,23.0,2002.0,21,14,1286.0,14.3,0,2,2,0,0,0,0,0,0.0,0.14,0.14,0.0,0.14,Matches,0,2,1,50.0,0.14,0.07,0.0,0.0,0,0,Matches,,,,,,,,,,,,,,,2,,,,,,Matches,,28,,,,,,,,,,,10,,,,Matches,,,,,,,,,,,,,,,,,,,,,Matches,bradley locko,0.0710438583046197,1.333613121882081,0.0710438583046197,3.9428437734022737,3.614086621440947
1519,Ruben Loftus-Cheek,eng ENG,"MF,FW",Milan,it Serie A,29.0,1996.0,28,12,1133.0,12.6,3,1,4,3,0,0,2,0,0.24,0.08,0.32,0.24,0.32,Matches,3,29,6,20.7,2.3,0.48,0.1,0.5,0,0,Matches,,,,,,,,,,,,,,,1,,,,,,Matches,,8,,,,,,,,,,,5,,,,Matches,,,,,,,,,,,,,,,,,,,,,Matches,ruben loftus cheek,4.139354669488967,1.0412129200994968,4.139354669488967,7.335022354498506,4.437150865793228
1520,Sean Longstaff,eng ENG,MF,Leeds United,eng Premier League,27.0,1997.0,23,10,1011.0,11.2,2,2,4,2,0,0,2,0,0.18,0.18,0.36,0.18,0.36,Matches,2,16,4,25.0,1.42,0.36,0.13,0.5,0,0,Matches,,,,,,,,,,,,,,,2,,,,,,Matches,,24,,,,,,,,,,,12,,,,Matches,,,,,,,,,,,,,,,,,,,,,Matches,sean longstaff,1.3776587545871737,2.7682253569364548,1.3776587545871737,3.445849686861038,1.8182370737195013
1521,Ademola Lookman,ng NGA,"FW,MF",Atalanta,it Serie A,27.0,1997.0,12,9,795.0,8.8,2,0,2,2,0,0,0,0,0.23,0.0,0.23,0.23,0.23,Matches,2,27,8,29.6,3.06,0.91,0.07,0.25,0,0,Matches,,,,,,,,,,,,,,,0,,,,,,Matches,,3,,,,,,,,,,,3,,,,Matches,,,,,,,,,,,,,,,,,,,,,Matches,ademola lookman,4.462655797600746,1.687983624637127,3.719378188252449,6.548684094101191,2.55514994263649
1522,Ademola Lookman,ng NGA,"FW,MF",Atlético Madrid,es La Liga,27.0,1997.0,12,9,617.0,6.9,4,0,4,3,1,1,1,0,0.58,0.0,0.58,0.44,0.44,Matches,4,21,5,23.8,3.06,0.73,0.19,0.8,1,1,Matches,,,,,,,,,,,,,,,0,,,,,,Matches,,3,,,,,,,,,,,1,,,,Matches,,,,,,,,,,,,,,,,,,,,,Matches,ademola lookman,4.462655797600746,1.687983624637127,3.719378188252449,6.548684094101191,2.55514994263649
1523,Anthony Lopes,pt POR,GK,Nantes,fr Ligue 1,34.0,1990.0,31,31,2788.0,31.0,0,0,0,0,0,0,4,0,0.0,0.0,0.0,0.0,0.0,Matches,0,2,0,0.0,0.06,0.0,0.0,,0,0,Matches,,,,,,,,,,,,,,,0,,,,,,Matches,,1,,,,,,,,,,,1,,,,Matches,,,,,,,,,,,,,,,,,,,,,Matches,anthony lopes,0.1900636162608862,0.0,0.1900636162608862,1.477401552721858,1.373960392549634
1525,David López,es ESP,DF,Mallorca,es La Liga,22.0,2003.0,14,9,837.0,9.3,0,0,0,0,0,0,2,0,0.0,0.0,0.0,0.0,0.0,Matches,0,4,0,0.0,0.43,0.0,0.0,,0,0,Matches,,,,,,,,,,,,,,,0,,,,,,Matches,,7,,,,,,,,,,,9,,,,Matches,,,,,,,,,,,,,,,,,,,,,Matches,david lopez,0.6544463038444519,0.0,0.6544463038444519,0.7772146426141262,0.7772146426141262
1526,Diego López,es ESP,"MF,FW",Valencia,es La Liga,23.0,2002.0,34,20,1762.0,19.6,4,1,5,4,0,0,2,0,0.2,0.05,0.26,0.2,0.26,Matches,4,28,8,28.6,1.43,0.41,0.14,0.5,0,0,Matches,,,,,,,,,,,,,,,1,,,,,,Matches,,16,,,,,,,,,,,14,,,,Matches,,,,,,,,,,,,,,,,,,,,,Matches,diego lopez,3.476579644717276,2.03228465653956,3.476579644717276,8.334774944931269,3.1896458361297846
1528,Fer López,es ESP,"MF,FW",Celta Vigo,es La Liga,21.0,2004.0,17,13,1170.0,13.0,1,1,2,1,0,0,3,0,0.08,0.08,0.15,0.08,0.15,Matches,1,13,5,38.5,1.0,0.38,0.08,0.2,0,0,Matches,,,,,,,,,,,,,,,1,,,,,,Matches,,11,,,,,,,,,,,6,,,,Matches,,,,,,,,,,,,,,,,,,,,,Matches,fer lopez,1.83419968560338,1.3501867074519396,1.83419968560338,6.000391744077206,3.702056234702468
1529,Fermin López,es ESP,MF,Barcelona,es La Liga,22.0,2003.0,30,19,1797.0,20.0,6,9,15,6,0,0,3,0,0.3,0.45,0.75,0.3,0.75,Matches,6,68,25,36.8,3.41,1.25,0.09,0.24,0,0,Matches,,,,,,,,,,,,,,,9,,,,,,Matches,,22,,,,,,,,,,,7,,,,Matches,,,,,,,,,,,,,,,,,,,,,Matches,fermin lopez,7.523078422993421,7.6479049026966095,7.523078422993421,24.60513487458229,12.423649363219738
1531,Javi López,es ESP,DF,Oviedo,es La Liga,23.0,2002.0,25,20,1711.0,19.0,0,1,1,0,0,0,3,1,0.0,0.05,0.05,0.0,0.05,Matches,0,7,1,14.3,0.37,0.05,0.0,0.0,0,0,Matches,,,,,,,,,,,,,,,1,,,,,,Matches,,23,,,,,,,,,,,20,,,,Matches,,,,,,,,,,,,,,,,,,,,,Matches,javi lopez,,,,,
1533,Maxime Lopez,fr FRA,MF,Paris FC,fr Ligue 1,27.0,1997.0,26,22,1960.0,21.8,0,3,3,0,0,0,11,0,0.0,0.14,0.14,0.0,0.14,Matches,0,13,6,46.2,0.6,0.28,0.0,0.0,0,0,Matches,,,,,,,,,,,,,,,3,,,,,,Matches,,17,,,,,,,,,,,11,,,,Matches,,,,,,,,,,,,,,,,,,,,,Matches,maxime lopez,1.19584228284657,5.305629551410675,1.19584228284657,15.837323753163218,11.921094071120024
1534,Pau López,es ESP,GK,Real Betis,es La Liga,30.0,1994.0,9,9,810.0,9.0,0,0,0,0,0,0,1,0,0.0,0.0,0.0,0.0,0.0,Matches,0,0,0,,0.0,0.0,,,0,0,Matches,,,,,,,,,,,,,,,0,,,,,,Matches,,1,,,,,,,,,,,0,,,,Matches,,,,,,,,,,,,,,,,,,,,,Matches,pau lopez,0.0,0.0,0.0,0.5678549129515886,0.5678549129515886
1535,Unai López,es ESP,MF,Rayo Vallecano,es La Liga,29.0,1995.0,28,19,1612.0,17.9,0,4,4,0,0,0,8,1,0.0,0.22,0.22,0.0,0.22,Matches,0,22,4,18.2,1.23,0.22,0.0,0.0,0,0,Matches,,,,,,,,,,,,,,,4,,,,,,Matches,,16,,,,,,,,,,,21,,,,Matches,,,,,,,,,,,,,,,,,,,,,Matches,unai lopez,1.0071794828400016,2.520821467973292,1.0071794828400016,7.014563919045031,5.052038587629795
1538,Iker Losada,es ESP,MF,Levante,es La Liga,23.0,2001.0,23,10,902.0,10.0,3,1,4,3,0,0,1,0,0.3,0.1,0.4,0.3,0.4,Matches,3,14,4,28.6,1.4,0.4,0.21,0.75,0,0,Matches,,,,,,,,,,,,,,,1,,,,,,Matches,,12,,,,,,,,,,,10,,,,Matches,,,,,,,,,,,,,,,,,,,,,Matches,iker losada,2.140321670100093,0.5301704537123442,2.140321670100093,2.3661416564136744,0.4045812226831913
1540,Tom Louchet,fr FRA,MF,Nice,fr Ligue 1,22.0,2003.0,27,14,1367.0,15.2,3,2,5,3,0,0,1,1,0.2,0.13,0.33,0.2,0.33,Matches,3,21,6,28.6,1.38,0.4,0.14,0.5,0,0,Matches,,,,,,,,,,,,,,,2,,,,,,Matches,,17,,,,,,,,,,,9,,,,Matches,,,,,,,,,,,,,,,,,,,,,Matches,tom louchet,3.120163287036121,3.325116191059351,3.120163287036121,7.88985560555011,3.209448383189738
1541,Marius Louer,fr FRA,DF,Angers,fr Ligue 1,18.0,2007.0,9,6,543.0,6.0,0,0,0,0,0,0,1,0,0.0,0.0,0.0,0.0,0.0,Matches,0,0,0,,0.0,0.0,,,0,0,Matches,,,,,,,,,,,,,,,0,,,,,,Matches,,16,,,,,,,,,,,2,,,,Matches,,,,,,,,,,,,,,,,,,,,,Matches,marius louer,,,,,
1544,Felipe Loyola,cl CHI,MF,Pisa,it Serie A,24.0,2000.0,11,6,538.0,6.0,1,0,1,1,0,0,0,1,0.17,0.0,0.17,0.17,0.17,Matches,1,9,1,11.1,1.51,0.17,0.11,1.0,0,0,Matches,,,,,,,,,,,,,,,0,,,,,,Matches,,7,,,,,,,,,,,6,,,,Matches,,,,,,,,,,,,,,,,,,,,,Matches,felipe loyola,0.7549186209216714,0.543415728956461,0.7549186209216714,1.633445955812931,0.501453809440136
1545,Pol Lozano,es ESP,MF,Espanyol,es La Liga,25.0,1999.0,33,28,2157.0,24.0,2,1,3,2,0,0,12,1,0.08,0.04,0.13,0.08,0.13,Matches,2,17,5,29.4,0.71,0.21,0.12,0.4,0,0,Matches,,,,,,,,,,,,,,,1,,,,,,Matches,,19,,,,,,,,,,,23,,,,Matches,,,,,,,,,,,,,,,,,,,,,Matches,pol lozano,0.7202332802116871,1.3134498577564957,0.7202332802116871,7.324701470322907,6.574305829592049
1547,Lucas,br BRA,"MF,DF",Burnley,eng Premier League,24.0,2001.0,20,15,1409.0,15.7,0,0,0,0,0,0,1,1,0.0,0.0,0.0,0.0,0.0,Matches,0,16,4,25.0,1.02,0.26,0.0,0.0,0,0,Matches,,,,,,,,,,,,,,,0,,,,,,Matches,,22,,,,,,,,,,,19,,,,Matches,,,,,,,,,,,,,,,,,,,,,Matches,lucas,0.9026442989706992,1.5199418039992452,0.9026442989706992,3.833500165492296,2.3545368826016784
1551,Jhon Lucumí,co COL,DF,Bologna,it Serie A,27.0,1998.0,29,26,2287.0,25.4,1,0,1,1,0,0,5,0,0.04,0.0,0.04,0.04,0.04,Matches,1,8,2,25.0,0.31,0.08,0.13,0.5,0,0,Matches,,,,,,,,,,,,,,,0,,,,,,Matches,,22,,,,,,,,,,,30,,,,Matches,,,,,,,,,,,,,,,,,,,,,Matches,jhon lucumi,1.3786265589296818,0.7872928977012634,1.3786265589296818,7.493933078367263,6.784966338891536
1553,Florentino Luís,pt POR,MF,Burnley,eng Premier League,25.0,1999.0,31,25,2105.0,23.4,0,2,2,0,0,0,6,0,0.0,0.09,0.09,0.0,0.09,Matches,0,13,2,15.4,0.56,0.09,0.0,0.0,0,0,Matches,,,,,,,,,,,,,,,2,,,,,,Matches,,49,,,,,,,,,,,40,,,,Matches,,,,,,,,,,,,,,,,,,,,,Matches,florentino luis,1.0381876304745674,0.5375469047576189,1.0381876304745674,4.911807460710406,4.165495180524886
1554,José Luis Gayà,es ESP,DF,Valencia,es La Liga,30.0,1995.0,32,31,2448.0,27.2,1,2,3,1,0,0,6,1,0.04,0.07,0.11,0.04,0.11,Matches,1,13,3,23.1,0.48,0.11,0.08,0.33,0,0,Matches,,,,,,,,,,,,,,,2,,,,,,Matches,,44,,,,,,,,,,,23,,,,Matches,,,,,,,,,,,,,,,,,,,,,Matches,jose luis gaya,0.7618178110569715,2.337341061793268,0.7618178110569715,7.108978026546538,4.710423985496163
1556,Douglas Luiz,br BRA,MF,Aston Villa,eng Premier League,27.0,1998.0,13,7,604.0,6.7,1,0,1,1,0,0,1,0,0.15,0.0,0.15,0.15,0.15,Matches,1,6,4,66.7,0.89,0.6,0.17,0.25,0,0,Matches,,,,,,,,,,,,,,,0,,,,,,Matches,,11,,,,,,,,,,,7,,,,Matches,,,,,,,,,,,,,,,,,,,,,Matches,douglas luiz,0.70245710760355,1.822941738180816,0.70245710760355,4.070820711553097,2.810907289385796
1559,Castello Lukeba,fr FRA,DF,RB Leipzig,de Bundesliga,22.0,2002.0,26,24,2176.0,24.2,1,0,1,1,0,0,3,0,0.04,0.0,0.04,0.04,0.04,Matches,1,8,2,25.0,0.33,0.08,0.13,0.5,0,0,Matches,,,,,,,,,,,,,,,0,,,,,,Matches,,14,,,,,,,,,,,31,,,,Matches,,,,,,,,,,,,,,,,,,,,,Matches,castello lukeba,0.8890010062605143,0.2401187624782323,0.8890010062605143,13.522159865126014,13.34397491067648
1561,Saša Lukić,rs SRB,MF,Fulham,eng Premier League,28.0,1996.0,26,20,1734.0,19.3,1,2,3,1,0,0,9,0,0.05,0.1,0.16,0.05,0.16,Matches,1,18,6,33.3,0.93,0.31,0.06,0.17,0,0,Matches,,,,,,,,,,,,,,,2,,,,,,Matches,,28,,,,,,,,,,,16,,,,Matches,,,,,,,,,,,,,,,,,,,,,Matches,sasa lukic,2.339236881583929,2.163257449865341,2.339236881583929,6.226264594122768,3.358000723645091
1562,Kristoffer Lund,us USA,"DF,MF",Köln,de Bundesliga,23.0,2002.0,33,26,2276.0,25.3,0,2,2,0,0,0,2,0,0.0,0.08,0.08,0.0,0.08,Matches,0,20,3,15.0,0.79,0.12,0.0,0.0,0,0,Matches,,,,,,,,,,,,,,,2,,,,,,Matches,,26,,,,,,,,,,,28,,,,Matches,,,,,,,,,,,,,,,,,,,,,Matches,kristoffer lund,0.631946531124413,1.743918489664793,0.631946531124413,8.249548189342022,6.765429270453751
1563,Andriy Lunin,ua UKR,GK,Real Madrid,es La Liga,26.0,1999.0,6,6,540.0,6.0,0,0,0,0,0,0,0,1,0.0,0.0,0.0,0.0,0.0,Matches,0,0,0,,0.0,0.0,,,0,0,Matches,,,,,,,,,,,,,,,0,,,,,,Matches,,0,,,,,,,,,,,0,,,,Matches,,,,,,,,,,,,,,,,,,,,,Matches,andriy lunin,0.0,0.0,0.0,0.967596147209406,0.967596147209406
1564,Sebastiano Luperto,it ITA,DF,Cremonese,it Serie A,28.0,1996.0,15,15,1307.0,14.5,0,1,1,0,0,0,1,0,0.0,0.07,0.07,0.0,0.07,Matches,0,5,2,40.0,0.34,0.14,0.0,0.0,0,0,Matches,,,,,,,,,,,,,,,1,,,,,,Matches,,9,,,,,,,,,,,12,,,,Matches,,,,,,,,,,,,,,,,,,,,,Matches,sebastiano luperto,0.9484533411450684,1.270846989005804,0.9484533411450684,5.05174197955057,4.660151047632098
1565,Sebastiano Luperto,it ITA,DF,Cagliari,it Serie A,28.0,1996.0,19,19,1706.0,19.0,1,0,1,1,0,0,3,0,0.05,0.0,0.05,0.05,0.05,Matches,1,7,3,42.9,0.37,0.16,0.14,0.33,0,0,Matches,,,,,,,,,,,,,,,0,,,,,,Matches,,12,,,,,,,,,,,19,,,,Matches,,,,,,,,,,,,,,,,,,,,,Matches,sebastiano luperto,0.9484533411450684,1.270846989005804,0.9484533411450684,5.05174197955057,4.660151047632098
1568,Zito Luvumbo,ao ANG,"FW,MF",Mallorca,es La Liga,23.0,2002.0,10,6,508.0,5.6,0,2,2,0,0,0,2,0,0.0,0.35,0.35,0.0,0.35,Matches,0,9,7,77.8,1.59,1.24,0.0,0.0,0,0,Matches,,,,,,,,,,,,,,,2,,,,,,Matches,,0,,,,,,,,,,,0,,,,Matches,,,,,,,,,,,,,,,,,,,,,Matches,zito luvumbo,0.9731584936380386,0.9998054932802916,0.9731584936380386,2.6188953332602978,0.6459314078092575
1570,Babis Lykogiannis,gr GRE,DF,Bologna,it Serie A,31.0,1993.0,10,7,627.0,7.0,0,1,1,0,0,0,3,0,0.0,0.14,0.14,0.0,0.14,Matches,0,7,2,28.6,1.0,0.29,0.0,0.0,0,0,Matches,,,,,,,,,,,,,,,1,,,,,,Matches,,10,,,,,,,,,,,6,,,,Matches,,,,,,,,,,,,,,,,,,,,,Matches,babis lykogiannis,0.2231357134878635,1.4965692646801472,0.2231357134878635,1.564978839829564,0.9745610002428292
1571,Senne Lynen,be BEL,MF,Werder Bremen,de Bundesliga,26.0,1999.0,31,31,2752.0,30.6,0,0,0,0,0,0,4,0,0.0,0.0,0.0,0.0,0.0,Matches,0,25,4,16.0,0.82,0.13,0.0,0.0,0,0,Matches,,,,,,,,,,,,,,,0,,,,,,Matches,,33,,,,,,,,,,,77,,,,Matches,,,,,,,,,,,,,,,,,,,,,Matches,senne lynen,1.0010085487738252,1.2373423893004656,1.0010085487738252,9.094095415435731,7.418055593036115
1572,Mathias Løvik,no NOR,MF,Parma,it Serie A,21.0,2003.0,9,5,471.0,5.2,0,0,0,0,0,0,0,0,0.0,0.0,0.0,0.0,0.0,Matches,0,3,0,0.0,0.57,0.0,0.0,,0,0,Matches,,,,,,,,,,,,,,,0,,,,,,Matches,,8,,,,,,,,,,,7,,,,Matches,,,,,,,,,,,,,,,,,,,,,Matches,mathias l vik,0.1799541944637894,0.1421054899692535,0.1799541944637894,0.5624273736029863,0.3316205590963363
1573,Ian Maatsen,nl NED,DF,Aston Villa,eng Premier League,23.0,2002.0,30,17,1605.0,17.8,0,1,1,0,0,0,2,0,0.0,0.06,0.06,0.0,0.06,Matches,0,20,5,25.0,1.12,0.28,0.0,0.0,0,0,Matches,,,,,,,,,,,,,,,1,,,,,,Matches,,31,,,,,,,,,,,18,,,,Matches,,,,,,,,,,,,,,,,,,,,,Matches,ian maatsen,1.2995175179094076,2.966688236221671,1.2995175179094076,5.083011580631137,3.724703008309007
1574,Alexis Mac Allister,ar ARG,MF,Liverpool,eng Premier League,26.0,1998.0,37,31,2658.0,29.5,2,4,6,2,0,0,7,0,0.07,0.14,0.2,0.07,0.2,Matches,2,52,12,23.1,1.76,0.41,0.04,0.17,0,0,Matches,,,,,,,,,,,,,,,4,,,,,,Matches,,27,,,,,,,,,,,18,,,,Matches,,,,,,,,,,,,,,,,,,,,,Matches,alexis mac allister,4.071707676164806,2.849602391012013,4.071707676164806,13.185968162491918,8.344642542302608
1576,Deiver Machado,co COL,"DF,MF",Nantes,fr Ligue 1,31.0,1993.0,14,12,907.0,10.1,0,1,1,0,0,0,2,0,0.0,0.1,0.1,0.0,0.1,Matches,0,7,1,14.3,0.69,0.1,0.0,0.0,0,0,Matches,,,,,,,,,,,,,,,1,,,,,,Matches,,16,,,,,,,,,,,8,,,,Matches,,,,,,,,,,,,,,,,,,,,,Matches,deiver machado,0.9087755605578424,1.3946983963251114,0.9087755605578424,4.014362066984177,1.735212780535221
1579,Lanroy Machine,fr FRA,FW,Angers,fr Ligue 1,19.0,2005.0,22,3,519.0,5.8,1,0,1,1,0,0,1,0,0.17,0.0,0.17,0.17,0.17,Matches,1,15,4,26.7,2.6,0.69,0.07,0.25,0,0,Matches,,,,,,,,,,,,,,,0,,,,,,Matches,,4,,,,,,,,,,,0,,,,Matches,,,,,,,,,,,,,,,,,,,,,Matches,lanroy machine,1.794658513739705,0.187988013960421,1.794658513739705,2.86862790863961,0.990886607207358
1580,Shuto Machino,jp JPN,"FW,MF",Gladbach,de Bundesliga,25.0,1999.0,32,9,1076.0,12.0,3,1,4,3,0,0,2,0,0.25,0.08,0.33,0.25,0.33,Matches,3,25,11,44.0,2.09,0.92,0.12,0.27,0,0,Matches,,,,,,,,,,,,,,,1,,,,,,Matches,,5,,,,,,,,,,,3,,,,Matches,,,,,,,,,,,,,,,,,,,,,Matches,shuto machino,3.816984537988901,1.0832749512046576,3.816984537988901,6.017082850448787,1.487306335940957
1584,Noni Madueke,eng ENG,"FW,MF",Arsenal,eng Premier League,23.0,2002.0,26,16,1211.0,13.5,3,1,4,3,0,0,0,0,0.22,0.07,0.3,0.22,0.3,Matches,3,25,9,36.0,1.86,0.67,0.12,0.33,0,0,Matches,,,,,,,,,,,,,,,1,,,,,,Matches,,10,,,,,,,,,,,5,,,,Matches,,,,,,,,,,,,,,,,,,,,,Matches,noni madueke,1.9964179322123528,4.010977517813444,1.9964179322123528,6.728137206286192,3.293942168354988
1585,Pablo Maffeo,es ESP,DF,Mallorca,es La Liga,28.0,1997.0,31,30,2662.0,29.6,1,2,3,1,0,0,11,0,0.03,0.07,0.1,0.03,0.1,Matches,1,7,1,14.3,0.24,0.03,0.14,1.0,0,0,Matches,,,,,,,,,,,,,,,2,,,,,,Matches,,34,,,,,,,,,,,33,,,,Matches,,,,,,,,,,,,,,,,,,,,,Matches,pablo maffeo,0.2975822696462273,1.7551907701417804,0.2975822696462273,8.127348667941988,6.862479947507381
1586,Gabriel Magalhães,br BRA,DF,Arsenal,eng Premier League,27.0,1997.0,32,30,2751.0,30.6,3,4,7,3,0,0,4,0,0.1,0.13,0.23,0.1,0.23,Matches,3,27,7,25.9,0.88,0.23,0.11,0.43,0,0,Matches,,,,,,,,,,,,,,,4,,,,,,Matches,,20,,,,,,,,,,,22,,,,Matches,,,,,,,,,,,,,,,,,,,,,Matches,gabriel magalhaes,4.649077512323856,2.7250300347805023,4.649077512323856,8.894044917076826,8.309922948479652
1587,Soungoutou Magassa,fr FRA,MF,West Ham,eng Premier League,21.0,2003.0,22,11,981.0,10.9,1,0,1,1,0,0,4,0,0.09,0.0,0.09,0.09,0.09,Matches,1,7,2,28.6,0.64,0.18,0.14,0.5,0,0,Matches,,,,,,,,,,,,,,,0,,,,,,Matches,,23,,,,,,,,,,,17,,,,Matches,,,,,,,,,,,,,,,,,,,,,Matches,soungoutou magassa,0.6193040320649743,0.7463846588507295,0.6193040320649743,2.418648761697113,1.531560224480927
1588,Hugo Magnetti,fr FRA,MF,Brest,fr Ligue 1,27.0,1998.0,33,31,2688.0,29.9,1,1,2,1,0,0,4,1,0.03,0.03,0.07,0.03,0.07,Matches,1,22,5,22.7,0.74,0.17,0.05,0.2,0,0,Matches,,,,,,,,,,,,,,,1,,,,,,Matches,,45,,,,,,,,,,,44,,,,Matches,,,,,,,,,,,,,,,,,,,,,Matches,hugo magnetti,0.59883688762784,1.2192494422197342,0.59883688762784,8.628967057913542,7.482888407073915
1589,Frank Magri,cm CMR,"FW,MF",Toulouse,fr Ligue 1,25.0,1999.0,17,16,1253.0,13.9,5,1,6,5,0,1,3,0,0.36,0.07,0.43,0.36,0.43,Matches,5,33,12,36.4,2.37,0.86,0.15,0.42,0,1,Matches,,,,,,,,,,,,,,,1,,,,,,Matches,,3,,,,,,,,,,,3,,,,Matches,,,,,,,,,,,,,,,,,,,,,Matches,frank magri,4.1963038221001625,0.8383028265088797,3.436208687722683,3.482685424387455,1.0790665484964848
1590,Harry Maguire,eng ENG,DF,Manchester Utd,eng Premier League,32.0,1993.0,23,19,1653.0,18.4,1,2,3,1,0,0,3,1,0.05,0.11,0.16,0.05,0.16,Matches,1,14,4,28.6,0.76,0.22,0.07,0.25,0,0,Matches,,,,,,,,,,,,,,,2,,,,,,Matches,,17,,,,,,,,,,,12,,,,Matches,,,,,,,,,,,,,,,,,,,,,Matches,harry maguire,1.1766096334904432,0.7251138463616371,1.1766096334904432,5.068902220577002,5.068902220577002
1592,Mike Maignan,fr FRA,GK,Milan,it Serie A,30.0,1995.0,37,37,3295.0,36.6,0,0,0,0,0,0,4,0,0.0,0.0,0.0,0.0,0.0,Matches,0,0,0,,0.0,0.0,,,0,0,Matches,,,,,,,,,,,,,,,0,,,,,,Matches,,0,,,,,,,,,,,1,,,,Matches,,,,,,,,,,,,,,,,,,,,,Matches,mike maignan,0.0,0.0,0.0,5.275465501472354,5.275465501472354
1593,Linton Maina,de GER,"MF,FW",Köln,de Bundesliga,26.0,1999.0,24,9,1023.0,11.4,2,0,2,2,0,0,0,0,0.18,0.0,0.18,0.18,0.18,Matches,2,20,8,40.0,1.76,0.7,0.1,0.25,0,0,Matches,,,,,,,,,,,,,,,0,,,,,,Matches,,6,,,,,,,,,,,4,,,,Matches,,,,,,,,,,,,,,,,,,,,,Matches,linton maina,1.2888539992272854,3.1843907181173563,1.2888539992272854,6.206527906470001,2.01717865280807
1594,Patrick Mainka,de GER,DF,Heidenheim,de Bundesliga,30.0,1994.0,34,34,3060.0,34.0,2,2,4,2,0,0,1,0,0.06,0.06,0.12,0.06,0.12,Matches,2,37,9,24.3,1.09,0.26,0.05,0.22,0,0,Matches,,,,,,,,,,,,,,,2,,,,,,Matches,,30,,,,,,,,,,,36,,,,Matches,,,,,,,,,,,,,,,,,,,,,Matches,patrick mainka,3.0282052140682936,1.7703800983726978,3.0282052140682936,8.954858318902552,7.189261053688824
1595,Kobbie Mainoo,eng ENG,MF,Manchester Utd,eng Premier League,20.0,2005.0,28,16,1662.0,18.5,1,2,3,1,0,0,2,0,0.05,0.11,0.16,0.05,0.16,Matches,1,13,3,23.1,0.7,0.16,0.08,0.33,0,0,Matches,,,,,,,,,,,,,,,2,,,,,,Matches,,20,,,,,,,,,,,19,,,,Matches,,,,,,,,,,,,,,,,,,,,,Matches,kobbie mainoo,0.5174760585650802,1.190059178508818,0.5174760585650802,10.352579969912767,9.777145149186254
1596,Ainsley Maitland-Niles,eng ENG,"DF,MF",Lyon,fr Ligue 1,27.0,1997.0,30,28,2483.0,27.6,1,4,5,1,0,1,7,1,0.04,0.14,0.18,0.04,0.18,Matches,1,14,7,50.0,0.51,0.25,0.07,0.14,0,1,Matches,,,,,,,,,,,,,,,4,,,,,,Matches,,36,,,,,,,,,,,33,,,,Matches,,,,,,,,,,,,,,,,,,,,,Matches,ainsley maitland niles,2.553889507427812,3.50098211504519,1.7937943432480097,11.776218626648188,7.495480893179774
1597,Radosław Majecki,pl POL,GK,Brest,fr Ligue 1,25.0,1999.0,10,10,864.0,9.6,0,0,0,0,0,0,0,1,0.0,0.0,0.0,0.0,0.0,Matches,0,0,0,,0.0,0.0,,,0,0,Matches,,,,,,,,,,,,,,,0,,,,,,Matches,,0,,,,,,,,,,,0,,,,Matches,,,,,,,,,,,,,,,,,,,,,Matches,rados aw majecki,0.0,0.0,0.0,0.7219709865748882,0.7219709865748882
1598,Lovro Majer,hr CRO,MF,Wolfsburg,de Bundesliga,27.0,1998.0,28,16,1371.0,15.2,2,3,5,2,0,0,5,0,0.13,0.2,0.33,0.13,0.33,Matches,2,27,6,22.2,1.77,0.39,0.07,0.33,0,0,Matches,,,,,,,,,,,,,,,3,,,,,,Matches,,18,,,,,,,,,,,8,,,,Matches,,,,,,,,,,,,,,,,,,,,,Matches,lovro majer,3.5951214293017983,2.931819343939424,3.5951214293017983,8.230100117623806,2.8397826477885246
1600,Jean-Victor Makengo,fr FRA,MF,Lorient,fr Ligue 1,27.0,1998.0,31,23,1800.0,20.0,4,2,6,4,0,0,2,0,0.2,0.1,0.3,0.2,0.3,Matches,4,39,14,35.9,1.95,0.7,0.1,0.29,0,0,Matches,,,,,,,,,,,,,,,2,,,,,,Matches,,16,,,,,,,,,,,14,,,,Matches,,,,,,,,,,,,,,,,,,,,,Matches,jean victor makengo,3.3909959215670824,1.9122456898912787,3.3909959215670824,6.606918966397643,3.9485616013407703
1601,Jordy Makengo,fr FRA,DF,Freiburg,de Bundesliga,23.0,2001.0,20,12,1178.0,13.1,0,1,1,0,0,0,1,0,0.0,0.08,0.08,0.0,0.08,Matches,0,0,0,,0.0,0.0,,,0,0,Matches,,,,,,,,,,,,,,,1,,,,,,Matches,,10,,,,,,,,,,,14,,,,Matches,,,,,,,,,,,,,,,,,,,,,Matches,jordy makengo,0.0,0.7270807102322578,0.0,3.012997498735785,2.975373087450862
1603,Said El Mala,de GER,"FW,MF",Köln,de Bundesliga,18.0,2006.0,34,20,1956.0,21.7,13,4,17,12,1,1,4,0,0.6,0.18,0.78,0.55,0.74,Matches,13,74,30,40.5,3.4,1.38,0.18,0.43,1,1,Matches,,,,,,,,,,,,,,,4,,,,,,Matches,,14,,,,,,,,,,,8,,,,Matches,,,,,,,,,,,,,,,,,,,,,Matches,said el mala,12.582745539024472,4.186228644102812,11.824968876317143,17.244747333228588,3.3356826342642307
1605,Julián Malatini,ar ARG,DF,Werder Bremen,de Bundesliga,24.0,2001.0,11,5,516.0,5.7,0,0,0,0,0,0,3,0,0.0,0.0,0.0,0.0,0.0,Matches,0,2,0,0.0,0.35,0.0,0.0,,0,0,Matches,,,,,,,,,,,,,,,0,,,,,,Matches,,6,,,,,,,,,,,6,,,,Matches,,,,,,,,,,,,,,,,,,,,,Matches,julian malatini,0.0284452866762876,0.1550656594336033,0.0284452866762876,1.295384829863906,1.235657211393118
1606,Daniel Maldini,it ITA,FW,Lazio,it Serie A,23.0,2001.0,12,9,687.0,7.6,2,1,3,2,0,0,0,0,0.26,0.13,0.39,0.26,0.39,Matches,2,15,5,33.3,1.97,0.66,0.13,0.4,0,0,Matches,,,,,,,,,,,,,,,1,,,,,,Matches,,9,,,,,,,,,,,4,,,,Matches,,,,,,,,,,,,,,,,,,,,,Matches,daniel maldini,2.8131038434803486,1.1871156906709075,2.8131038434803486,4.705114088952541,1.7460139524191618
1608,Youssef Maleh,ma MAR,MF,Cremonese,it Serie A,26.0,1998.0,14,14,1100.0,12.2,1,0,1,1,0,0,2,1,0.08,0.0,0.08,0.08,0.08,Matches,1,15,3,20.0,1.23,0.25,0.07,0.33,0,0,Matches,,,,,,,,,,,,,,,0,,,,,,Matches,,11,,,,,,,,,,,9,,,,Matches,,,,,,,,,,,,,,,,,,,,,Matches,youssef maleh,1.2885206770151854,0.6452810652554035,1.2885206770151854,2.969324486330152,1.825092279352248
1609,Youssef Maleh,ma MAR,MF,Lecce,it Serie A,26.0,1998.0,9,5,460.0,5.1,0,0,0,0,0,0,2,0,0.0,0.0,0.0,0.0,0.0,Matches,0,7,1,14.3,1.37,0.2,0.0,0.0,0,0,Matches,,,,,,,,,,,,,,,0,,,,,,Matches,,4,,,,,,,,,,,7,,,,Matches,,,,,,,,,,,,,,,,,,,,,Matches,youssef maleh,1.2885206770151854,0.6452810652554035,1.2885206770151854,2.969324486330152,1.825092279352248
1610,Donyell Malen,nl NED,"FW,MF",Aston Villa,eng Premier League,26.0,1999.0,21,5,656.0,7.3,4,1,5,4,0,0,0,0,0.55,0.14,0.69,0.55,0.69,Matches,4,27,9,33.3,3.7,1.23,0.15,0.44,0,0,Matches,,,,,,,,,,,,,,,1,,,,,,Matches,,2,,,,,,,,,,,0,,,,Matches,,,,,,,,,,,,,,,,,,,,,Matches,donyell malen,4.73893653601408,0.3693819381296634,4.73893653601408,6.387579720467329,1.917095586657524
1611,Donyell Malen,nl NED,FW,Roma,it Serie A,26.0,1999.0,18,18,1467.0,16.3,14,2,16,11,3,4,1,0,0.86,0.12,0.98,0.67,0.8,Matches,14,70,31,44.3,4.29,1.9,0.2,0.45,3,4,Matches,,,,,,,,,,,,,,,2,,,,,,Matches,,3,,,,,,,,,,,3,,,,Matches,,,,,,,,,,,,,,,,,,,,,Matches,donyell malen,4.73893653601408,0.3693819381296634,4.73893653601408,6.387579720467329,1.917095586657524
1612,Ruslan Malinovskyi,ua UKR,MF,Genoa,it Serie A,32.0,1993.0,34,28,2235.0,24.8,6,3,9,3,3,3,10,0,0.24,0.12,0.36,0.12,0.24,Matches,6,55,15,27.3,2.21,0.6,0.11,0.4,3,3,Matches,,,,,,,,,,,,,,,3,,,,,,Matches,,19,,,,,,,,,,,16,,,,Matches,,,,,,,,,,,,,,,,,,,,,Matches,ruslan malinovskyi,,,,,
1613,Lennard Maloney,us USA,"DF,MF",Mainz 05,de Bundesliga,25.0,1999.0,21,4,485.0,5.4,0,0,0,0,0,0,1,0,0.0,0.0,0.0,0.0,0.0,Matches,0,5,1,20.0,0.93,0.19,0.0,0.0,0,0,Matches,,,,,,,,,,,,,,,0,,,,,,Matches,,8,,,,,,,,,,,8,,,,Matches,,,,,,,,,,,,,,,,,,,,,Matches,lennard maloney,0.5511733032763004,0.0430457219481468,0.5511733032763004,0.2704647099599242,0.2606308832764625
1614,Pape Mamadou Sy,sn SEN,GK,Metz,fr Ligue 1,28.0,1997.0,8,8,706.0,7.8,0,0,0,0,0,0,0,0,0.0,0.0,0.0,0.0,0.0,Matches,0,0,0,,0.0,0.0,,,0,0,Matches,,,,,,,,,,,,,,,0,,,,,,Matches,,0,,,,,,,,,,,0,,,,Matches,,,,,,,,,,,,,,,,,,,,,Matches,pape mamadou sy,0.0,0.0,0.0,0.5357143543660641,0.5357143543660641
1615,Giorgi Mamardashvili,ge GEO,GK,Liverpool,eng Premier League,24.0,2000.0,10,10,867.0,9.6,0,0,0,0,0,0,0,0,0.0,0.0,0.0,0.0,0.0,Matches,0,0,0,,0.0,0.0,,,0,0,Matches,,,,,,,,,,,,,,,0,,,,,,Matches,,1,,,,,,,,,,,1,,,,Matches,,,,,,,,,,,,,,,,,,,,,Matches,giorgi mamardashvili,0.0,0.0,0.0,2.2863197792321444,2.2863197792321444
1616,Felix Mambimbi,ch SUI,"FW,MF",Le Havre,fr Ligue 1,24.0,2001.0,17,7,530.0,5.9,1,0,1,1,0,0,1,0,0.17,0.0,0.17,0.17,0.17,Matches,1,6,2,33.3,1.02,0.34,0.17,0.5,0,0,Matches,,,,,,,,,,,,,,,0,,,,,,Matches,,10,,,,,,,,,,,4,,,,Matches,,,,,,,,,,,,,,,,,,,,,Matches,felix mambimbi,0.5050474088639021,0.6854475047439337,0.5050474088639021,1.5925639206543565,0.5822047553956509
1618,Gianluca Mancini,it ITA,DF,Roma,it Serie A,29.0,1996.0,36,36,3059.0,34.0,4,2,6,4,0,0,9,0,0.12,0.06,0.18,0.12,0.18,Matches,4,20,8,40.0,0.59,0.24,0.2,0.5,0,0,Matches,,,,,,,,,,,,,,,2,,,,,,Matches,,28,,,,,,,,,,,47,,,,Matches,,,,,,,,,,,,,,,,,,,,,Matches,gianluca mancini,2.39453985914588,2.720187921077013,2.39453985914588,12.404685972258449,11.154921559616923
1619,Reinildo Mandava,mz MOZ,DF,Sunderland,eng Premier League,31.0,1994.0,25,23,1966.0,21.8,0,1,1,0,0,0,7,1,0.0,0.05,0.05,0.0,0.05,Matches,0,4,0,0.0,0.18,0.0,0.0,,0,0,Matches,,,,,,,,,,,,,,,1,,,,,,Matches,,23,,,,,,,,,,,29,,,,Matches,,,,,,,,,,,,,,,,,,,,,Matches,reinildo mandava,0.1700047692283988,0.2958913259208202,0.1700047692283988,3.946844458580017,3.70530366525054
1620,Aïssa Mandi,dz ALG,DF,Lille,fr Ligue 1,33.0,1991.0,29,28,2424.0,26.9,1,0,1,1,0,0,8,0,0.04,0.0,0.04,0.04,0.04,Matches,1,14,4,28.6,0.52,0.15,0.07,0.25,0,0,Matches,,,,,,,,,,,,,,,0,,,,,,Matches,,21,,,,,,,,,,,44,,,,Matches,,,,,,,,,,,,,,,,,,,,,Matches,aissa mandi,0.8599839098751545,1.0037057306617498,0.8599839098751545,10.866545291617513,10.554649014025928
1621,Rolando Mandragora,it ITA,MF,Fiorentina,it Serie A,28.0,1997.0,34,30,2421.0,26.9,7,3,10,6,1,1,7,0,0.26,0.11,0.37,0.22,0.33,Matches,7,64,18,28.1,2.38,0.67,0.11,0.39,1,1,Matches,,,,,,,,,,,,,,,3,,,,,,Matches,,24,,,,,,,,,,,15,,,,Matches,,,,,,,,,,,,,,,,,,,,,Matches,rolando mandragora,4.695387580431998,2.880523666739464,3.934088763780892,9.77954494766891,5.925872426480055
1623,Mateus Mane,pt POR,MF,Wolves,eng Premier League,17.0,2007.0,27,19,1795.0,19.9,3,1,4,3,0,0,0,0,0.15,0.05,0.2,0.15,0.2,Matches,3,41,17,41.5,2.06,0.85,0.07,0.18,0,0,Matches,,,,,,,,,,,,,,,1,,,,,,Matches,,13,,,,,,,,,,,5,,,,Matches,,,,,,,,,,,,,,,,,,,,,Matches,mateus mane,1.9724454693496227,3.281726311892271,1.9724454693496227,5.257462016772479,2.4831578764133155
1627,Johan Manzambi,ch SUI,MF,Freiburg,de Bundesliga,19.0,2005.0,27,26,2077.0,23.1,5,4,9,5,0,0,4,2,0.22,0.17,0.39,0.22,0.39,Matches,5,51,13,25.5,2.21,0.56,0.1,0.38,0,0,Matches,,,,,,,,,,,,,,,4,,,,,,Matches,,14,,,,,,,,,,,27,,,,Matches,,,,,,,,,,,,,,,,,,,,,Matches,johan manzambi,4.023786528035998,3.578555628657341,4.023786528035998,12.458620447665451,7.704472800716758
1628,Sekou Mara,fr FRA,FW,Auxerre,fr Ligue 1,23.0,2002.0,27,14,1226.0,13.6,3,2,5,3,0,0,0,0,0.22,0.15,0.37,0.22,0.37,Matches,3,33,12,36.4,2.42,0.88,0.09,0.25,0,0,Matches,,,,,,,,,,,,,,,2,,,,,,Matches,,7,,,,,,,,,,,3,,,,Matches,,,,,,,,,,,,,,,,,,,,,Matches,sekou mara,3.05426874384284,1.0970151722431185,3.05426874384284,5.127975841984153,1.3498488226905463
1629,Alessandro Marcandalli,it ITA,DF,Genoa,it Serie A,22.0,2002.0,32,29,2597.0,28.9,0,2,2,0,0,0,4,0,0.0,0.07,0.07,0.0,0.07,Matches,0,5,2,40.0,0.17,0.07,0.0,0.0,0,0,Matches,,,,,,,,,,,,,,,2,,,,,,Matches,,24,,,,,,,,,,,18,,,,Matches,,,,,,,,,,,,,,,,,,,,,Matches,alessandro marcandalli,0.2700923178344965,0.6531431395560503,0.2700923178344965,4.446402177214623,4.021648896858096
1630,Marcão,br BRA,DF,Sevilla,es La Liga,29.0,1996.0,13,11,938.0,10.4,1,0,1,1,0,0,5,1,0.1,0.0,0.1,0.1,0.1,Matches,1,10,2,20.0,0.96,0.19,0.1,0.5,0,0,Matches,,,,,,,,,,,,,,,0,,,,,,Matches,,4,,,,,,,,,,,4,,,,Matches,,,,,,,,,,,,,,,,,,,,,Matches,marcao,0.9158304017037152,0.0,0.9158304017037152,2.0380470361560583,2.0380470361560583
1632,Vincent Marchetti,fr FRA,MF,Paris FC,fr Ligue 1,28.0,1997.0,23,9,825.0,9.2,2,1,3,2,0,0,1,0,0.22,0.11,0.33,0.22,0.33,Matches,2,24,7,29.2,2.62,0.76,0.08,0.29,0,0,Matches,,,,,,,,,,,,,,,1,,,,,,Matches,,13,,,,,,,,,,,5,,,,Matches,,,,,,,,,,,,,,,,,,,,,Matches,vincent marchetti,2.1302939681336284,0.5922490283846855,2.1302939681336284,5.424442227929831,2.774930212646723
1633,Pablo Marí,es ESP,DF,Fiorentina,it Serie A,31.0,1993.0,11,9,808.0,9.0,0,0,0,0,0,0,3,0,0.0,0.0,0.0,0.0,0.0,Matches,0,2,0,0.0,0.22,0.0,0.0,,0,0,Matches,,,,,,,,,,,,,,,0,,,,,,Matches,,8,,,,,,,,,,,19,,,,Matches,,,,,,,,,,,,,,,,,,,,,Matches,pablo mari,0.0482517899945378,0.1127859242260456,0.0482517899945378,1.7687735836952925,1.667766323313117
1634,José María Giménez,uy URU,DF,Atlético Madrid,es La Liga,30.0,1995.0,16,13,1178.0,13.1,0,1,1,0,0,0,3,0,0.0,0.08,0.08,0.0,0.08,Matches,0,13,3,23.1,0.99,0.23,0.0,0.0,0,0,Matches,,,,,,,,,,,,,,,1,,,,,,Matches,,12,,,,,,,,,,,15,,,,Matches,,,,,,,,,,,,,,,,,,,,,Matches,jose maria gimenez,1.5400749556720257,0.5037803649902344,1.5400749556720257,3.9388817995786662,3.3341927975416183
1636,Luca Marianucci,it ITA,DF,Torino,it Serie A,21.0,2004.0,10,6,575.0,6.4,0,0,0,0,0,0,2,0,0.0,0.0,0.0,0.0,0.0,Matches,0,1,0,0.0,0.16,0.0,0.0,,0,0,Matches,,,,,,,,,,,,,,,0,,,,,,Matches,,5,,,,,,,,,,,8,,,,Matches,,,,,,,,,,,,,,,,,,,,,Matches,luca marianucci,0.0295138517394661,0.9746939558535814,0.0295138517394661,4.4013040494173765,3.42620730958879
1639,Marius Marin,ro ROU,MF,Pisa,it Serie A,26.0,1998.0,23,18,1281.0,14.2,0,0,0,0,0,0,7,0,0.0,0.0,0.0,0.0,0.0,Matches,0,3,0,0.0,0.21,0.0,0.0,,0,0,Matches,,,,,,,,,,,,,,,0,,,,,,Matches,,26,,,,,,,,,,,14,,,,Matches,,,,,,,,,,,,,,,,,,,,,Matches,marius marin,0.0855703866109252,0.0219777524471282,0.0855703866109252,3.226825973019004,3.1192778795957565
1640,Pablo Marín,es ESP,MF,Real Sociedad,es La Liga,22.0,2003.0,34,15,1502.0,16.7,0,1,1,0,0,0,2,0,0.0,0.06,0.06,0.0,0.06,Matches,0,13,4,30.8,0.78,0.24,0.0,0.0,0,0,Matches,,,,,,,,,,,,,,,1,,,,,,Matches,,18,,,,,,,,,,,9,,,,Matches,,,,,,,,,,,,,,,,,,,,,Matches,pablo marin,1.247849544510245,1.8537570256739853,1.247849544510245,7.044556712731719,4.112739890813828
1641,Rafa Marín,es ESP,DF,Villarreal,es La Liga,23.0,2002.0,23,21,1979.0,22.0,1,0,1,1,0,0,1,0,0.05,0.0,0.05,0.05,0.05,Matches,1,5,1,20.0,0.23,0.05,0.2,1.0,0,0,Matches,,,,,,,,,,,,,,,0,,,,,,Matches,,22,,,,,,,,,,,20,,,,Matches,,,,,,,,,,,,,,,,,,,,,Matches,rafa marin,0.2321406872943043,0.9869795441627502,0.2321406872943043,8.320692155510187,7.3985674269497395
1643,João Mário Lopes,pt POR,"DF,MF",Bologna,it Serie A,25.0,2000.0,10,10,735.0,8.2,1,0,1,1,0,0,1,0,0.12,0.0,0.12,0.12,0.12,Matches,1,4,2,50.0,0.49,0.24,0.25,0.5,0,0,Matches,,,,,,,,,,,,,,,0,,,,,,Matches,,4,,,,,,,,,,,10,,,,Matches,,,,,,,,,,,,,,,,,,,,,Matches,joao mario lopes,,,,,
1645,Guillermo Maripán,cl CHI,DF,Torino,it Serie A,31.0,1994.0,27,24,2145.0,23.8,2,0,2,2,0,0,4,0,0.08,0.0,0.08,0.08,0.08,Matches,2,18,8,44.4,0.76,0.34,0.11,0.25,0,0,Matches,,,,,,,,,,,,,,,0,,,,,,Matches,,28,,,,,,,,,,,27,,,,Matches,,,,,,,,,,,,,,,,,,,,,Matches,guillermo maripan,2.4348368234932423,0.3447793498635292,2.4348368234932423,5.110838394612074,4.668472915887833
1646,Omar Marmoush,eg EGY,"FW,MF",Manchester City,eng Premier League,26.0,1999.0,21,8,700.0,7.8,3,3,6,3,0,0,3,0,0.39,0.39,0.77,0.39,0.77,Matches,3,30,9,30.0,3.86,1.16,0.1,0.33,0,0,Matches,,,,,,,,,,,,,,,3,,,,,,Matches,,8,,,,,,,,,,,2,,,,Matches,,,,,,,,,,,,,,,,,,,,,Matches,omar marmoush,3.76536438241601,2.126938968896866,3.76536438241601,6.192776508629322,0.7863435056060553
1648,Marquinhos,br BRA,DF,PSG,fr Ligue 1,31.0,1994.0,14,11,1052.0,11.7,0,0,0,0,0,0,0,0,0.0,0.0,0.0,0.0,0.0,Matches,0,3,0,0.0,0.26,0.0,0.0,,0,0,Matches,,,,,,,,,,,,,,,0,,,,,,Matches,,9,,,,,,,,,,,7,,,,Matches,,,,,,,,,,,,,,,,,,,,,Matches,marquinhos,0.0568516142666339,0.0329714883118867,0.0568516142666339,5.328810071572661,5.295838570222259
1651,Eric Martel,de GER,"MF,DF",Köln,de Bundesliga,23.0,2002.0,31,30,2559.0,28.4,2,2,4,2,0,0,12,1,0.07,0.07,0.14,0.07,0.14,Matches,2,23,4,17.4,0.81,0.14,0.09,0.5,0,0,Matches,,,,,,,,,,,,,,,2,,,,,,Matches,,32,,,,,,,,,,,35,,,,Matches,,,,,,,,,,,,,,,,,,,,,Matches,eric martel,1.814234547317028,2.0577999372035265,1.814234547317028,9.843018800020218,7.845337048172951
1652,Aarón Martín,es ESP,"MF,DF",Genoa,it Serie A,28.0,1997.0,33,26,2156.0,24.0,1,5,6,1,0,1,2,0,0.04,0.21,0.25,0.04,0.25,Matches,1,11,4,36.4,0.46,0.17,0.09,0.25,0,1,Matches,,,,,,,,,,,,,,,5,,,,,,Matches,,28,,,,,,,,,,,10,,,,Matches,,,,,,,,,,,,,,,,,,,,,Matches,aaron martin,1.317988371476531,6.568098125047982,0.5566895511001348,6.554186085239053,3.749794667586684
1653,Carlos Martín,es ESP,"MF,FW",Rayo Vallecano,es La Liga,23.0,2002.0,11,7,450.0,5.0,0,0,0,0,0,0,1,0,0.0,0.0,0.0,0.0,0.0,Matches,0,9,4,44.4,1.8,0.8,0.0,0.0,0,0,Matches,,,,,,,,,,,,,,,0,,,,,,Matches,,7,,,,,,,,,,,0,,,,Matches,,,,,,,,,,,,,,,,,,,,,Matches,carlos martin,1.149516565725207,0.5790477748960257,1.149516565725207,2.493734013289213,0.8341227322816849
1654,Gerard Martín,es ESP,DF,Barcelona,es La Liga,23.0,2002.0,32,26,2119.0,23.5,0,0,0,0,0,0,6,0,0.0,0.0,0.0,0.0,0.0,Matches,0,7,4,57.1,0.3,0.17,0.0,0.0,0,0,Matches,,,,,,,,,,,,,,,0,,,,,,Matches,,29,,,,,,,,,,,31,,,,Matches,,,,,,,,,,,,,,,,,,,,,Matches,gerard martin,0.304868983104825,0.7627371614798903,0.304868983104825,14.44864018075168,13.939255250617862
1655,Iván Martín,es ESP,MF,Girona,es La Liga,26.0,1999.0,35,29,2532.0,28.1,0,1,1,0,0,0,5,1,0.0,0.04,0.04,0.0,0.04,Matches,0,13,5,38.5,0.46,0.18,0.0,0.0,0,0,Matches,,,,,,,,,,,,,,,1,,,,,,Matches,,39,,,,,,,,,,,17,,,,Matches,,,,,,,,,,,,,,,,,,,,,Matches,ivan martin,1.1094311196357012,2.176630087196827,1.1094311196357012,10.834588035941124,8.479688461869955
1656,Jon Martin,es ESP,DF,Real Sociedad,es La Liga,19.0,2006.0,25,25,2250.0,25.0,2,0,2,2,0,0,6,0,0.08,0.0,0.08,0.08,0.08,Matches,2,15,5,33.3,0.6,0.2,0.13,0.4,0,0,Matches,,,,,,,,,,,,,,,0,,,,,,Matches,,16,,,,,,,,,,,35,,,,Matches,,,,,,,,,,,,,,,,,,,,,Matches,jon martin,2.422728887759149,0.1884760037064552,2.422728887759149,8.53424921259284,8.280994322150946
1657,Mario Martín,es ESP,"MF,FW",Getafe,es La Liga,21.0,2004.0,35,26,2125.0,23.6,2,1,3,2,0,0,11,0,0.08,0.04,0.13,0.08,0.13,Matches,2,26,6,23.1,1.1,0.25,0.08,0.33,0,0,Matches,,,,,,,,,,,,,,,1,,,,,,Matches,,32,,,,,,,,,,,16,,,,Matches,,,,,,,,,,,,,,,,,,,,,Matches,mario martin,2.951042834669352,0.916083893738687,2.951042834669352,3.979537969455123,1.4174842182546854
1658,Gabriel Martinelli,br BRA,"FW,MF",Arsenal,eng Premier League,24.0,2001.0,30,11,1081.0,12.0,1,4,5,1,0,0,3,0,0.08,0.33,0.42,0.08,0.42,Matches,1,29,13,44.8,2.41,1.08,0.03,0.08,0,0,Matches,,,,,,,,,,,,,,,4,,,,,,Matches,,8,,,,,,,,,,,1,,,,Matches,,,,,,,,,,,,,,,,,,,,,Matches,gabriel martinelli,5.357063241302967,2.569171307608485,5.357063241302967,10.0232590213418,3.6065212953835726
1659,Arnau Martinez,es ESP,"DF,MF",Girona,es La Liga,22.0,2003.0,35,33,2666.0,29.6,2,3,5,2,0,0,6,0,0.07,0.1,0.17,0.07,0.17,Matches,2,19,4,21.1,0.64,0.14,0.11,0.5,0,0,Matches,,,,,,,,,,,,,,,3,,,,,,Matches,,39,,,,,,,,,,,37,,,,Matches,,,,,,,,,,,,,,,,,,,,,Matches,arnau martinez,2.124434665776789,2.70481881685555,2.124434665776789,10.917901353910564,8.976429961621761
1661,Emiliano Martínez,ar ARG,GK,Aston Villa,eng Premier League,32.0,1992.0,32,32,2835.0,31.5,0,1,1,0,0,0,2,0,0.0,0.03,0.03,0.0,0.03,Matches,0,0,0,,0.0,0.0,,,0,0,Matches,,,,,,,,,,,,,,,1,,,,,,Matches,,0,,,,,,,,,,,0,,,,Matches,,,,,,,,,,,,,,,,,,,,,Matches,emiliano martinez,0.0,0.3538400158286094,0.0,4.597850669175386,4.244010683149099
1662,Joaquín Martínez Gauna,es ESP,"MF,DF",Sevilla,es La Liga,22.0,2003.0,21,14,1408.0,15.6,2,3,5,2,0,0,1,0,0.13,0.19,0.32,0.13,0.32,Matches,2,17,8,47.1,1.09,0.51,0.12,0.25,0,0,Matches,,,,,,,,,,,,,,,3,,,,,,Matches,,20,,,,,,,,,,,8,,,,Matches,,,,,,,,,,,,,,,,,,,,,Matches,joaquin martinez gauna,,,,,
1663,Josep Martinez,es ESP,GK,Inter,it Serie A,27.0,1998.0,5,5,450.0,5.0,0,0,0,0,0,0,0,0,0.0,0.0,0.0,0.0,0.0,Matches,0,0,0,,0.0,0.0,,,0,0,Matches,,,,,,,,,,,,,,,0,,,,,,Matches,,0,,,,,,,,,,,0,,,,Matches,,,,,,,,,,,,,,,,,,,,,Matches,josep martinez,0.0,0.0,0.0,1.1353245675563812,1.1353245675563812
1664,Lautaro Martínez,ar ARG,FW,Inter,it Serie A,27.0,1997.0,30,27,2159.0,24.0,17,6,23,17,0,0,4,0,0.71,0.25,0.96,0.71,0.96,Matches,17,92,39,42.4,3.84,1.63,0.18,0.44,0,0,Matches,,,,,,,,,,,,,,,6,,,,,,Matches,,13,,,,,,,,,,,6,,,,Matches,,,,,,,,,,,,,,,,,,,,,Matches,lautaro martinez,17.13883000984788,6.291475351899862,17.13883000984788,27.78616793453693,9.802525106817484
1665,Lisandro Martínez,ar ARG,DF,Manchester Utd,eng Premier League,27.0,1998.0,18,13,1233.0,13.7,0,0,0,0,0,0,0,1,0.0,0.0,0.0,0.0,0.0,Matches,0,5,0,0.0,0.36,0.0,0.0,,0,0,Matches,,,,,,,,,,,,,,,0,,,,,,Matches,,11,,,,,,,,,,,12,,,,Matches,,,,,,,,,,,,,,,,,,,,,Matches,lisandro martinez,0.1134660253301262,0.4642033223062753,0.1134660253301262,6.68968091532588,6.568602550774813
1666,Pablo Martínez,es ESP,MF,Levante,es La Liga,27.0,1998.0,27,21,1857.0,20.6,1,5,6,1,0,0,3,0,0.05,0.24,0.29,0.05,0.29,Matches,1,28,4,14.3,1.36,0.19,0.04,0.25,0,0,Matches,,,,,,,,,,,,,,,5,,,,,,Matches,,10,,,,,,,,,,,19,,,,Matches,,,,,,,,,,,,,,,,,,,,,Matches,pablo martinez,1.9152403939515352,5.476440030150116,1.9152403939515352,8.163186241872609,4.934909150004387
1668,Toni Martínez,es ESP,FW,Alavés,es La Liga,28.0,1997.0,37,32,2714.0,30.2,14,3,17,13,1,1,2,0,0.46,0.1,0.56,0.43,0.53,Matches,14,93,36,38.7,3.08,1.19,0.15,0.39,1,1,Matches,,,,,,,,,,,,,,,3,,,,,,Matches,,15,,,,,,,,,,,4,,,,Matches,,,,,,,,,,,,,,,,,,,,,Matches,toni martinez,12.836471602320673,3.8200031016021967,12.09319394826889,15.361863365396855,3.4809861443936825
1669,Adam Marušić,me MNE,DF,Lazio,it Serie A,32.0,1992.0,33,32,2778.0,30.9,1,2,3,1,0,0,1,1,0.03,0.06,0.1,0.03,0.1,Matches,1,16,7,43.8,0.52,0.23,0.06,0.14,0,0,Matches,,,,,,,,,,,,,,,2,,,,,,Matches,,16,,,,,,,,,,,33,,,,Matches,,,,,,,,,,,,,,,,,,,,,Matches,adam marusic,1.743161248974502,1.5355632733553648,1.743161248974502,7.536833369173109,5.5209521651268005
1670,Omar Mascarell,gq EQG,"MF,DF",Mallorca,es La Liga,32.0,1993.0,30,26,2239.0,24.9,2,2,4,2,0,0,5,0,0.08,0.08,0.16,0.08,0.16,Matches,2,7,3,42.9,0.28,0.12,0.29,0.67,0,0,Matches,,,,,,,,,,,,,,,2,,,,,,Matches,,28,,,,,,,,,,,35,,,,Matches,,,,,,,,,,,,,,,,,,,,,Matches,omar mascarell,0.3696496002376079,0.6136066876351833,0.3696496002376079,6.234465690329671,5.480494217947125
1672,Patrizio Masini,it ITA,MF,Genoa,it Serie A,24.0,2001.0,28,13,1413.0,15.7,0,1,1,0,0,0,5,0,0.0,0.06,0.06,0.0,0.06,Matches,0,18,5,27.8,1.15,0.32,0.0,0.0,0,0,Matches,,,,,,,,,,,,,,,1,,,,,,Matches,,39,,,,,,,,,,,26,,,,Matches,,,,,,,,,,,,,,,,,,,,,Matches,patrizio masini,2.03008303232491,1.2380426349118352,2.03008303232491,4.957104844972491,2.670099798589945
1673,Han-Noah Massengo,fr FRA,MF,Augsburg,de Bundesliga,24.0,2001.0,33,29,2427.0,27.0,2,1,3,2,0,0,5,0,0.07,0.04,0.11,0.07,0.11,Matches,2,20,6,30.0,0.74,0.22,0.1,0.33,0,0,Matches,,,,,,,,,,,,,,,1,,,,,,Matches,,18,,,,,,,,,,,36,,,,Matches,,,,,,,,,,,,,,,,,,,,,Matches,han noah massengo,1.7316314969211817,1.635585960932076,1.7316314969211817,8.934063652530313,5.818135930225253
1674,Franco Mastantuono,ar ARG,"MF,FW",Real Madrid,es La Liga,17.0,2007.0,23,11,1037.0,11.5,1,0,1,1,0,0,5,1,0.09,0.0,0.09,0.09,0.09,Matches,1,30,7,23.3,2.6,0.61,0.03,0.14,0,0,Matches,,,,,,,,,,,,,,,0,,,,,,Matches,,12,,,,,,,,,,,3,,,,Matches,,,,,,,,,,,,,,,,,,,,,Matches,franco mastantuono,2.6822766698896885,2.86138834618032,2.6822766698896885,7.648913703858852,4.390332970768213
1677,Clinton Mata,ao ANG,DF,Lyon,fr Ligue 1,32.0,1992.0,32,32,2833.0,31.5,0,0,0,0,0,0,5,0,0.0,0.0,0.0,0.0,0.0,Matches,0,5,0,0.0,0.16,0.0,0.0,,0,0,Matches,,,,,,,,,,,,,,,0,,,,,,Matches,,21,,,,,,,,,,,26,,,,Matches,,,,,,,,,,,,,,,,,,,,,Matches,clinton mata,0.1720375660806894,0.0863934475928545,0.1720375660806894,11.681384408846498,11.58082594908774
1678,Igor Matanović,hr CRO,FW,Freiburg,de Bundesliga,22.0,2003.0,31,14,1571.0,17.5,11,2,13,10,1,2,0,0,0.63,0.11,0.74,0.57,0.69,Matches,11,51,19,37.3,2.92,1.09,0.22,0.58,1,2,Matches,,,,,,,,,,,,,,,2,,,,,,Matches,,11,,,,,,,,,,,9,,,,Matches,,,,,,,,,,,,,,,,,,,,,Matches,igor matanovic,9.582080019637942,2.236247749999165,8.066526612266898,9.787673662416635,1.3800859227776527
1679,Pape Matar Sarr,sn SEN,MF,Tottenham,eng Premier League,22.0,2002.0,26,13,1398.0,15.5,2,4,6,2,0,0,3,0,0.13,0.26,0.39,0.13,0.39,Matches,2,17,6,35.3,1.09,0.39,0.12,0.33,0,0,Matches,,,,,,,,,,,,,,,4,,,,,,Matches,,21,,,,,,,,,,,14,,,,Matches,,,,,,,,,,,,,,,,,,,,,Matches,pape matar sarr,2.047363305464387,2.433566828258336,2.047363305464387,7.017087802290916,4.9591697268188
1680,Jean-Philippe Mateta,fr FRA,FW,Crystal Palace,eng Premier League,28.0,1997.0,32,25,2218.0,24.6,12,0,12,8,4,4,2,0,0.49,0.0,0.49,0.32,0.32,Matches,12,63,32,50.8,2.56,1.3,0.19,0.38,4,4,Matches,,,,,,,,,,,,,,,0,,,,,,Matches,,4,,,,,,,,,,,6,,,,Matches,,,,,,,,,,,,,,,,,,,,,Matches,jean philippe mateta,15.977427493780851,1.2496193014085293,12.93275199458003,15.170770466327667,2.393757389858365
1681,Nemanja Matić,rs SRB,MF,Sassuolo,it Serie A,36.0,1988.0,34,31,2660.0,29.6,1,1,2,1,0,0,7,1,0.03,0.03,0.07,0.03,0.07,Matches,1,11,4,36.4,0.37,0.14,0.09,0.25,0,0,Matches,,,,,,,,,,,,,,,1,,,,,,Matches,,28,,,,,,,,,,,27,,,,Matches,,,,,,,,,,,,,,,,,,,,,Matches,nemanja matic,0.329651664942503,0.9152271281927824,0.329651664942503,11.574611898511648,10.903733760118484
1682,Rudy Matondo,fr FRA,MF,Paris FC,fr Ligue 1,17.0,2008.0,11,8,743.0,8.3,2,0,2,2,0,0,1,1,0.24,0.0,0.24,0.24,0.24,Matches,2,9,5,55.6,1.09,0.61,0.22,0.4,0,0,Matches,,,,,,,,,,,,,,,0,,,,,,Matches,,14,,,,,,,,,,,5,,,,Matches,,,,,,,,,,,,,,,,,,,,,Matches,rudy matondo,1.8190970439463852,0.2419236395508051,1.8190970439463852,3.063255394808948,2.4010575069114566
1683,Rudy Matondo,fr FRA,MF,Auxerre,fr Ligue 1,17.0,2008.0,16,6,614.0,6.8,0,0,0,0,0,0,3,0,0.0,0.0,0.0,0.0,0.0,Matches,0,4,0,0.0,0.59,0.0,0.0,,0,0,Matches,,,,,,,,,,,,,,,0,,,,,,Matches,,7,,,,,,,,,,,7,,,,Matches,,,,,,,,,,,,,,,,,,,,,Matches,rudy matondo,1.8190970439463852,0.2419236395508051,1.8190970439463852,3.063255394808948,2.4010575069114566
1684,Chrislain Matsima,fr FRA,DF,Augsburg,de Bundesliga,23.0,2002.0,18,17,1489.0,16.5,1,1,2,1,0,0,5,0,0.06,0.06,0.12,0.06,0.12,Matches,1,7,1,14.3,0.42,0.06,0.14,1.0,0,0,Matches,,,,,,,,,,,,,,,1,,,,,,Matches,,11,,,,,,,,,,,30,,,,Matches,,,,,,,,,,,,,,,,,,,,,Matches,chrislain matsima,0.5652054697275162,0.5844853427261114,0.5652054697275162,2.247604363597929,2.1535102361813188
1685,Jean Mattéo Bahoya,fr FRA,"MF,FW",Frankfurt,de Bundesliga,20.0,2005.0,27,15,1331.0,14.8,3,4,7,3,0,0,2,0,0.2,0.27,0.47,0.2,0.47,Matches,3,29,9,31.0,1.96,0.61,0.1,0.33,0,0,Matches,,,,,,,,,,,,,,,4,,,,,,Matches,,14,,,,,,,,,,,12,,,,Matches,,,,,,,,,,,,,,,,,,,,,Matches,jean matteo bahoya,,,,,
1686,Alan Matturro,uy URU,DF,Levante,es La Liga,20.0,2004.0,19,10,947.0,10.5,1,1,2,1,0,0,0,1,0.1,0.1,0.19,0.1,0.19,Matches,1,8,1,12.5,0.76,0.1,0.13,1.0,0,0,Matches,,,,,,,,,,,,,,,1,,,,,,Matches,,13,,,,,,,,,,,6,,,,Matches,,,,,,,,,,,,,,,,,,,,,Matches,alan matturro,0.9369660560041666,1.1987895714119077,0.9369660560041666,3.3469478487968445,1.891314934939146
1688,Neal Maupay,fr FRA,FW,Sevilla,es La Liga,28.0,1996.0,12,10,865.0,9.6,2,1,3,2,0,0,2,0,0.21,0.1,0.31,0.21,0.31,Matches,2,17,7,41.2,1.77,0.73,0.12,0.29,0,0,Matches,,,,,,,,,,,,,,,1,,,,,,Matches,,1,,,,,,,,,,,1,,,,Matches,,,,,,,,,,,,,,,,,,,,,Matches,neal maupay,2.1214609295129776,0.566957282833755,2.1214609295129776,3.811862051486969,1.2760496363043785
1689,Konstantinos Mavropanos,gr GRE,DF,West Ham,eng Premier League,27.0,1997.0,31,27,2534.0,28.2,3,0,3,3,0,0,2,0,0.11,0.0,0.11,0.11,0.11,Matches,3,23,8,34.8,0.82,0.28,0.13,0.38,0,0,Matches,,,,,,,,,,,,,,,0,,,,,,Matches,,24,,,,,,,,,,,47,,,,Matches,,,,,,,,,,,,,,,,,,,,,Matches,konstantinos mavropanos,2.791105939541012,0.4895833916962147,2.791105939541012,4.458088889718056,4.093825729563832
1690,Christian Mawissa,fr FRA,"DF,MF",Monaco,fr Ligue 1,20.0,2005.0,18,13,1191.0,13.2,0,0,0,0,0,0,4,0,0.0,0.0,0.0,0.0,0.0,Matches,0,2,1,50.0,0.15,0.08,0.0,0.0,0,0,Matches,,,,,,,,,,,,,,,0,,,,,,Matches,,25,,,,,,,,,,,15,,,,Matches,,,,,,,,,,,,,,,,,,,,,Matches,christian mawissa,0.3248561099171638,0.3562596291303634,0.3248561099171638,3.712346743792296,3.0805793963372707
1691,Eliezer Mayenda,es ESP,"FW,MF",Sunderland,eng Premier League,20.0,2005.0,20,8,759.0,8.4,2,0,2,2,0,0,0,0,0.24,0.0,0.24,0.24,0.24,Matches,2,13,6,46.2,1.54,0.71,0.15,0.33,0,0,Matches,,,,,,,,,,,,,,,0,,,,,,Matches,,3,,,,,,,,,,,1,,,,Matches,,,,,,,,,,,,,,,,,,,,,Matches,eliezer mayenda,2.0108928252011538,0.7425303682684898,2.0108928252011538,2.4835963249206543,0.4882403369992971
1693,Borja Mayoral,es ESP,FW,Getafe,es La Liga,28.0,1997.0,16,12,1058.0,11.8,4,1,5,4,0,1,0,0,0.34,0.09,0.43,0.34,0.43,Matches,4,15,7,46.7,1.28,0.6,0.27,0.57,0,1,Matches,,,,,,,,,,,,,,,1,,,,,,Matches,,5,,,,,,,,,,,4,,,,Matches,,,,,,,,,,,,,,,,,,,,,Matches,borja mayoral,3.4905536491423845,0.560979638248682,2.747275995090604,2.6726806866936386,0.4403858962468803
1694,Senny Mayulu,fr FRA,"MF,FW",PSG,fr Ligue 1,19.0,2006.0,26,21,1672.0,18.6,4,4,8,4,0,0,3,0,0.22,0.22,0.43,0.22,0.43,Matches,4,35,11,31.4,1.88,0.59,0.11,0.36,0,0,Matches,,,,,,,,,,,,,,,4,,,,,,Matches,,31,,,,,,,,,,,12,,,,Matches,,,,,,,,,,,,,,,,,,,,,Matches,senny mayulu,4.818055000156164,4.020334480330348,4.818055000156164,11.622840972617269,5.123189397156239
1695,Ibrahim Maza,dz ALG,MF,Leverkusen,de Bundesliga,19.0,2005.0,28,20,1849.0,20.5,3,4,7,3,0,0,2,0,0.15,0.19,0.34,0.15,0.34,Matches,3,54,17,31.5,2.63,0.83,0.06,0.18,0,0,Matches,,,,,,,,,,,,,,,4,,,,,,Matches,,24,,,,,,,,,,,16,,,,Matches,,,,,,,,,,,,,,,,,,,,,Matches,ibrahim maza,6.0146804098039865,4.390553383156657,6.0146804098039865,17.926695466041565,9.699600376188757
1696,Noussair Mazraoui,ma MAR,"DF,MF",Manchester Utd,eng Premier League,27.0,1997.0,20,11,985.0,10.9,0,0,0,0,0,0,3,0,0.0,0.0,0.0,0.0,0.0,Matches,0,5,0,0.0,0.46,0.0,0.0,,0,0,Matches,,,,,,,,,,,,,,,0,,,,,,Matches,,15,,,,,,,,,,,11,,,,Matches,,,,,,,,,,,,,,,,,,,,,Matches,noussair mazraoui,0.1968064438551664,0.2094872146844864,0.1968064438551664,5.648671459406614,5.40038712322712
1697,Luca Mazzitelli,it ITA,MF,Cagliari,it Serie A,29.0,1995.0,18,9,767.0,8.5,2,2,4,2,0,0,3,0,0.23,0.23,0.47,0.23,0.47,Matches,2,15,5,33.3,1.76,0.59,0.13,0.4,0,0,Matches,,,,,,,,,,,,,,,2,,,,,,Matches,,11,,,,,,,,,,,10,,,,Matches,,,,,,,,,,,,,,,,,,,,,Matches,luca mazzitelli,0.7084781415760517,1.069239970296621,0.7084781415760517,3.09368846565485,2.3530206037685275
1700,Samuel Mbangula,be BEL,"MF,FW",Werder Bremen,de Bundesliga,21.0,2004.0,26,12,1171.0,13.0,3,2,5,3,0,0,0,0,0.23,0.15,0.38,0.23,0.38,Matches,3,17,8,47.1,1.31,0.61,0.18,0.38,0,0,Matches,,,,,,,,,,,,,,,2,,,,,,Matches,,10,,,,,,,,,,,3,,,,Matches,,,,,,,,,,,,,,,,,,,,,Matches,samuel mbangula,1.8366767894476648,1.0369327440857887,1.8366767894476648,4.303910743445158,1.90781073551625
1701,Ethan Mbappé,fr FRA,"MF,FW",Lille,fr Ligue 1,18.0,2006.0,18,4,567.0,6.3,3,1,4,3,0,0,1,0,0.48,0.16,0.63,0.48,0.63,Matches,3,14,7,50.0,2.22,1.11,0.21,0.43,0,0,Matches,,,,,,,,,,,,,,,1,,,,,,Matches,,7,,,,,,,,,,,2,,,,Matches,,,,,,,,,,,,,,,,,,,,,Matches,ethan mbappe,1.8669115900993347,1.4914258159697056,1.8669115900993347,3.409807451069355,1.0010536201298237
1702,Kylian Mbappé,fr FRA,FW,Real Madrid,es La Liga,26.0,1998.0,31,29,2599.0,28.9,25,5,30,17,8,9,4,0,0.87,0.17,1.04,0.59,0.76,Matches,25,146,63,43.2,5.06,2.18,0.17,0.4,8,9,Matches,,,,,,,,,,,,,,,5,,,,,,Matches,,1,,,,,,,,,,,3,,,,Matches,,,,,,,,,,,,,,,,,,,,,Matches,kylian mbappe,25.796528611332175,7.240631651133299,19.107029650360342,27.866944551467896,7.233587654307485
1703,Ibrahim Mbaye,sn SEN,"FW,MF",PSG,fr Ligue 1,17.0,2008.0,24,10,1006.0,11.2,3,2,5,3,0,0,0,0,0.27,0.18,0.45,0.27,0.45,Matches,3,24,10,41.7,2.15,0.89,0.13,0.3,0,0,Matches,,,,,,,,,,,,,,,2,,,,,,Matches,,7,,,,,,,,,,,4,,,,Matches,,,,,,,,,,,,,,,,,,,,,Matches,ibrahim mbaye,3.4287336245179176,2.3628985602408648,3.4287336245179176,8.629046227782965,3.1470533721148968
1705,Chancel Mbemba,cd COD,DF,Lille,fr Ligue 1,30.0,1994.0,13,9,954.0,10.6,0,0,0,0,0,0,3,0,0.0,0.0,0.0,0.0,0.0,Matches,0,7,3,42.9,0.66,0.28,0.0,0.0,0,0,Matches,,,,,,,,,,,,,,,0,,,,,,Matches,,8,,,,,,,,,,,13,,,,Matches,,,,,,,,,,,,,,,,,,,,,Matches,chancel mbemba,0.3366753682494163,0.5853789737448096,0.3366753682494163,4.433986961841583,4.335267826914787
1706,Bryan Mbeumo,cm CMR,"MF,FW",Manchester Utd,eng Premier League,25.0,1999.0,33,31,2609.0,29.0,11,3,14,11,0,0,4,0,0.38,0.1,0.48,0.38,0.48,Matches,11,73,32,43.8,2.52,1.1,0.15,0.34,0,0,Matches,,,,,,,,,,,,,,,3,,,,,,Matches,,11,,,,,,,,,,,7,,,,Matches,,,,,,,,,,,,,,,,,,,,,Matches,bryan mbeumo,13.309208107180892,5.091009698808193,13.309208107180892,22.316140696406364,6.068183907307684
1707,Michel Mboula,ga GAB,"DF,MF",Metz,fr Ligue 1,22.0,2003.0,14,10,746.0,8.3,0,0,0,0,0,0,2,0,0.0,0.0,0.0,0.0,0.0,Matches,0,2,1,50.0,0.24,0.12,0.0,0.0,0,0,Matches,,,,,,,,,,,,,,,0,,,,,,Matches,,10,,,,,,,,,,,15,,,,Matches,,,,,,,,,,,,,,,,,,,,,Matches,michel mboula,0.1100235544145107,0.0,0.1100235544145107,2.052970141172409,2.004369828850031
1708,Pathé Mboup,sn SEN,MF,Brest,fr Ligue 1,21.0,2003.0,28,9,1054.0,11.7,1,0,1,1,0,0,6,0,0.09,0.0,0.09,0.09,0.09,Matches,1,23,10,43.5,1.96,0.85,0.04,0.1,0,0,Matches,,,,,,,,,,,,,,,0,,,,,,Matches,,18,,,,,,,,,,,12,,,,Matches,,,,,,,,,,,,,,,,,,,,,Matches,pathe mboup,3.5491064712405205,1.455665335059166,3.5491064712405205,7.232004079967737,2.2468214193359017
1709,Moustapha Mbow,sn SEN,DF,Paris FC,fr Ligue 1,25.0,2000.0,31,30,2717.0,30.2,0,1,1,0,0,0,5,0,0.0,0.03,0.03,0.0,0.03,Matches,0,10,3,30.0,0.33,0.1,0.0,0.0,0,0,Matches,,,,,,,,,,,,,,,1,,,,,,Matches,,33,,,,,,,,,,,38,,,,Matches,,,,,,,,,,,,,,,,,,,,,Matches,moustapha mbow,0.5624838881194592,0.5212737750262022,0.5624838881194592,8.553314772434533,8.509468046016991
1711,John McGinn,sct SCO,MF,Aston Villa,eng Premier League,30.0,1994.0,30,28,2137.0,23.7,5,4,9,5,0,0,5,0,0.21,0.17,0.38,0.21,0.38,Matches,5,28,12,42.9,1.18,0.51,0.18,0.42,0,0,Matches,,,,,,,,,,,,,,,4,,,,,,Matches,,17,,,,,,,,,,,12,,,,Matches,,,,,,,,,,,,,,,,,,,,,Matches,john mcginn,2.999398436397314,4.862495846115053,2.999398436397314,10.930921144783497,5.892162735573947
1712,Weston McKennie,us USA,MF,Juventus,it Serie A,26.0,1998.0,36,32,2835.0,31.5,5,5,10,5,0,0,5,0,0.16,0.16,0.32,0.16,0.32,Matches,5,43,16,37.2,1.37,0.51,0.12,0.31,0,0,Matches,,,,,,,,,,,,,,,5,,,,,,Matches,,24,,,,,,,,,,,26,,,,Matches,,,,,,,,,,,,,,,,,,,,,Matches,weston mckennie,8.643968606367707,5.391984527930617,8.643968606367707,21.191430151462555,12.14923783019185
1713,Mark McKenzie,us USA,DF,Toulouse,fr Ligue 1,26.0,1999.0,29,27,2404.0,26.7,0,2,2,0,0,0,7,1,0.0,0.07,0.07,0.0,0.07,Matches,0,6,1,16.7,0.22,0.04,0.0,0.0,0,0,Matches,,,,,,,,,,,,,,,2,,,,,,Matches,,30,,,,,,,,,,,25,,,,Matches,,,,,,,,,,,,,,,,,,,,,Matches,mark mckenzie,0.2593727596104145,2.299533972516656,0.2593727596104145,7.279053285717964,5.792841300368309
1714,Dwight McNeil,eng ENG,MF,Everton,eng Premier League,25.0,1999.0,22,14,1168.0,13.0,0,1,1,0,0,0,1,0,0.0,0.08,0.08,0.0,0.08,Matches,0,24,5,20.8,1.85,0.39,0.0,0.0,0,0,Matches,,,,,,,,,,,,,,,1,,,,,,Matches,,16,,,,,,,,,,,10,,,,Matches,,,,,,,,,,,,,,,,,,,,,Matches,dwight mcneil,1.4632735215127468,1.7390878200531006,1.4632735215127468,4.620902612805367,2.5291305258870125
1715,Scott McTominay,sct SCO,MF,Napoli,it Serie A,28.0,1996.0,33,31,2791.0,31.0,10,3,13,10,0,1,1,0,0.32,0.1,0.42,0.32,0.42,Matches,10,101,34,33.7,3.26,1.1,0.1,0.29,0,1,Matches,,,,,,,,,,,,,,,3,,,,,,Matches,,13,,,,,,,,,,,23,,,,Matches,,,,,,,,,,,,,,,,,,,,,Matches,scott mctominay,12.429753053933382,2.005369659513235,11.66845427826047,15.440493501722813,8.038824290037155
1716,Facundo Medina,ar ARG,DF,Marseille,fr Ligue 1,26.0,1999.0,17,16,1365.0,15.2,0,1,1,0,0,0,7,0,0.0,0.07,0.07,0.0,0.07,Matches,0,4,1,25.0,0.26,0.07,0.0,0.0,0,0,Matches,,,,,,,,,,,,,,,1,,,,,,Matches,,16,,,,,,,,,,,24,,,,Matches,,,,,,,,,,,,,,,,,,,,,Matches,facundo medina,0.4502068478614092,1.3081317506730556,0.4502068478614092,9.715698964893818,9.559939444065094
1718,Henrik Meister,dk DEN,FW,Pisa,it Serie A,21.0,2003.0,28,15,1515.0,16.8,2,0,2,2,0,0,2,0,0.12,0.0,0.12,0.12,0.12,Matches,2,20,8,40.0,1.19,0.48,0.1,0.25,0,0,Matches,,,,,,,,,,,,,,,0,,,,,,Matches,,3,,,,,,,,,,,1,,,,Matches,,,,,,,,,,,,,,,,,,,,,Matches,henrik meister,5.318537840619683,0.6497459821403027,5.318537840619683,7.32625531591475,1.3786405008286238
1719,Bamo Meïté,ci CIV,DF,Lorient,fr Ligue 1,23.0,2001.0,25,22,1979.0,22.0,0,3,3,0,0,0,5,0,0.0,0.14,0.14,0.0,0.14,Matches,0,8,1,12.5,0.36,0.05,0.0,0.0,0,0,Matches,,,,,,,,,,,,,,,3,,,,,,Matches,,15,,,,,,,,,,,13,,,,Matches,,,,,,,,,,,,,,,,,,,,,Matches,bamo meite,0.87373461201787,1.2407074691727755,0.87373461201787,3.8321797102689743,3.398215990513563
1720,Kader Meïté,fr FRA,FW,Rennes,fr Ligue 1,17.0,2007.0,17,6,535.0,5.9,3,2,5,3,0,0,0,0,0.5,0.34,0.84,0.5,0.84,Matches,3,22,7,31.8,3.7,1.18,0.14,0.43,0,0,Matches,,,,,,,,,,,,,,,2,,,,,,Matches,,2,,,,,,,,,,,1,,,,Matches,,,,,,,,,,,,,,,,,,,,,Matches,kader meite,4.262058779597282,1.3208915255963802,4.262058779597282,5.048720572143793,1.39393512904644
1721,Hannibal Mejbri,tn TUN,MF,Burnley,eng Premier League,22.0,2003.0,27,15,1229.0,13.7,1,4,5,1,0,0,10,0,0.07,0.29,0.37,0.07,0.37,Matches,1,19,5,26.3,1.39,0.37,0.05,0.2,0,0,Matches,,,,,,,,,,,,,,,4,,,,,,Matches,,17,,,,,,,,,,,7,,,,Matches,,,,,,,,,,,,,,,,,,,,,Matches,hannibal mejbri,0.7498194272629917,2.838189367204905,0.7498194272629917,5.953092758543789,3.3755732849240303
1723,Nuno Mendes,pt POR,DF,PSG,fr Ligue 1,23.0,2002.0,20,13,1256.0,14.0,4,5,9,3,1,1,1,0,0.29,0.36,0.64,0.21,0.57,Matches,4,30,15,50.0,2.15,1.07,0.13,0.27,1,1,Matches,,,,,,,,,,,,,,,5,,,,,,Matches,,20,,,,,,,,,,,14,,,,Matches,,,,,,,,,,,,,,,,,,,,,Matches,nuno mendes,3.810142569243908,5.055273981764913,3.0500474497675896,11.64341450855136,9.271545879542828
1724,Brais Méndez,es ESP,"MF,FW",Real Sociedad,es La Liga,28.0,1997.0,29,21,1660.0,18.4,6,2,8,5,1,2,4,1,0.33,0.11,0.43,0.27,0.38,Matches,6,36,16,44.4,1.95,0.87,0.17,0.38,1,2,Matches,,,,,,,,,,,,,,,2,,,,,,Matches,,18,,,,,,,,,,,8,,,,Matches,,,,,,,,,,,,,,,,,,,,,Matches,brais mendez,6.033863070420921,3.3276691418141127,4.547307777218521,12.2444488145411,5.582106248475611
1725,Rodrigo Mendoza,es ESP,"MF,FW",Elche,es La Liga,20.0,2005.0,16,6,794.0,8.8,1,0,1,1,0,0,4,0,0.11,0.0,0.11,0.11,0.11,Matches,1,11,2,18.2,1.25,0.23,0.09,0.5,0,0,Matches,,,,,,,,,,,,,,,0,,,,,,Matches,,9,,,,,,,,,,,5,,,,Matches,,,,,,,,,,,,,,,,,,,,,Matches,rodrigo mendoza,1.1190941371023655,1.3093878580257297,1.1190941371023655,4.651535008102655,2.700410184450448
1727,Antoine Mendy,sn SEN,DF,Nice,fr Ligue 1,21.0,2004.0,25,24,2097.0,23.3,1,0,1,1,0,0,5,0,0.04,0.0,0.04,0.04,0.04,Matches,1,17,7,41.2,0.73,0.3,0.06,0.14,0,0,Matches,,,,,,,,,,,,,,,0,,,,,,Matches,,35,,,,,,,,,,,19,,,,Matches,,,,,,,,,,,,,,,,,,,,,Matches,antoine mendy,2.194048591889441,0.0372293330729007,2.194048591889441,6.499726684764028,5.918382707983255
1728,Batista Mendy,fr FRA,MF,Sevilla,es La Liga,25.0,2000.0,27,19,1617.0,18.0,1,0,1,1,0,0,6,0,0.06,0.0,0.06,0.06,0.06,Matches,1,17,5,29.4,0.95,0.28,0.06,0.2,0,0,Matches,,,,,,,,,,,,,,,0,,,,,,Matches,,23,,,,,,,,,,,18,,,,Matches,,,,,,,,,,,,,,,,,,,,,Matches,batista mendy,0.8640541210770607,0.4901229040697217,0.8640541210770607,4.13434686139226,3.504842003807425
1731,Nobel Mendy,sn SEN,DF,Rayo Vallecano,es La Liga,20.0,2004.0,24,22,1797.0,20.0,2,0,2,2,0,0,9,2,0.1,0.0,0.1,0.1,0.1,Matches,2,11,3,27.3,0.55,0.15,0.18,0.67,0,0,Matches,,,,,,,,,,,,,,,0,,,,,,Matches,,15,,,,,,,,,,,23,,,,Matches,,,,,,,,,,,,,,,,,,,,,Matches,nobel mendy,2.1846237517893314,0.3597838692367077,2.1846237517893314,3.957274748012424,3.546960476785898
1733,Gideon Mensah,gh GHA,DF,Auxerre,fr Ligue 1,27.0,1998.0,30,26,2327.0,25.9,0,2,2,0,0,0,8,0,0.0,0.08,0.08,0.0,0.08,Matches,0,1,0,0.0,0.04,0.0,0.0,,0,0,Matches,,,,,,,,,,,,,,,2,,,,,,Matches,,37,,,,,,,,,,,23,,,,Matches,,,,,,,,,,,,,,,,,,,,,Matches,gideon mensah,0.0131184523925185,1.6474777832627296,0.0131184523925185,5.018066395074129,4.069401972927153
1734,Khalis Merah,fr FRA,"MF,FW",Lyon,fr Ligue 1,18.0,2007.0,22,15,1130.0,12.6,0,1,1,0,0,0,2,0,0.0,0.08,0.08,0.0,0.08,Matches,0,6,3,50.0,0.48,0.24,0.0,0.0,0,0,Matches,,,,,,,,,,,,,,,1,,,,,,Matches,,19,,,,,,,,,,,6,,,,Matches,,,,,,,,,,,,,,,,,,,,,Matches,khalis merah,1.3525805659592152,1.5075017232447865,1.3525805659592152,6.724210884422064,5.000600062310696
1735,Alex Meret,it ITA,GK,Napoli,it Serie A,28.0,1997.0,11,11,979.0,10.9,0,1,1,0,0,0,1,0,0.0,0.09,0.09,0.0,0.09,Matches,0,0,0,,0.0,0.0,,,0,0,Matches,,,,,,,,,,,,,,,1,,,,,,Matches,,0,,,,,,,,,,,1,,,,Matches,,,,,,,,,,,,,,,,,,,,,Matches,alex meret,0.0,0.2711901664733886,0.0,1.5828552544116974,1.5828552544116974
1736,Mikel Merino,es ESP,"MF,FW",Arsenal,eng Premier League,29.0,1996.0,22,10,1036.0,11.5,4,3,7,4,0,0,1,0,0.35,0.26,0.61,0.35,0.61,Matches,4,22,8,36.4,1.91,0.69,0.18,0.5,0,0,Matches,,,,,,,,,,,,,,,3,,,,,,Matches,,13,,,,,,,,,,,9,,,,Matches,,,,,,,,,,,,,,,,,,,,,Matches,mikel merino,5.217843644320965,2.2901399955153465,5.217843644320965,8.36886066198349,3.812133368104696
1737,Quentin Merlin,fr FRA,"DF,MF",Rennes,fr Ligue 1,23.0,2002.0,33,27,2533.0,28.1,1,5,6,1,0,0,2,0,0.04,0.18,0.21,0.04,0.21,Matches,1,26,7,26.9,0.92,0.25,0.04,0.14,0,0,Matches,,,,,,,,,,,,,,,5,,,,,,Matches,,38,,,,,,,,,,,29,,,,Matches,,,,,,,,,,,,,,,,,,,,,Matches,quentin merlin,1.84683189727366,4.493204697966576,1.84683189727366,12.003213994204998,8.729623379185796
1738,Rafik Messali,fr FRA,MF,Toulouse,fr Ligue 1,22.0,2003.0,12,5,502.0,5.6,0,0,0,0,0,0,2,0,0.0,0.0,0.0,0.0,0.0,Matches,0,0,0,,0.0,0.0,,,0,0,Matches,,,,,,,,,,,,,,,0,,,,,,Matches,,6,,,,,,,,,,,12,,,,Matches,,,,,,,,,,,,,,,,,,,,,Matches,rafik messali,0.0,0.6397527754306793,0.0,1.0807295013219118,0.4409767556935549
1739,Junior Messias,br BRA,MF,Genoa,it Serie A,34.0,1991.0,20,5,685.0,7.6,3,1,4,2,1,1,1,0,0.39,0.13,0.53,0.26,0.39,Matches,3,19,7,36.8,2.5,0.92,0.16,0.43,1,1,Matches,,,,,,,,,,,,,,,1,,,,,,Matches,,10,,,,,,,,,,,5,,,,Matches,,,,,,,,,,,,,,,,,,,,,Matches,junior messias,1.863460099324584,1.0571954362094402,1.102161256596446,3.028691776096821,1.5729247871786356
1741,Connor Metcalfe,au AUS,"MF,FW",St Pauli,de Bundesliga,25.0,1999.0,25,3,592.0,6.6,0,2,2,0,0,0,2,0,0.0,0.3,0.3,0.0,0.3,Matches,0,16,4,25.0,2.43,0.61,0.0,0.0,0,0,Matches,,,,,,,,,,,,,,,2,,,,,,Matches,,9,,,,,,,,,,,6,,,,Matches,,,,,,,,,,,,,,,,,,,,,Matches,connor metcalfe,0.7382826870307326,1.1607451755553484,0.7382826870307326,1.9794561108574271,0.7128131743520498
1742,Dayann Methalie,fr FRA,MF,Toulouse,fr Ligue 1,19.0,2006.0,27,22,1871.0,20.8,2,1,3,2,0,0,9,0,0.1,0.05,0.14,0.1,0.14,Matches,2,15,7,46.7,0.72,0.34,0.13,0.29,0,0,Matches,,,,,,,,,,,,,,,1,,,,,,Matches,,30,,,,,,,,,,,23,,,,Matches,,,,,,,,,,,,,,,,,,,,,Matches,dayann methalie,1.47647943533957,2.0381923392415047,1.47647943533957,6.005196031183004,3.231016034260392
1743,Karol Mets,ee EST,DF,St Pauli,de Bundesliga,32.0,1993.0,23,22,1932.0,21.5,1,0,1,1,0,0,3,0,0.05,0.0,0.05,0.05,0.05,Matches,1,7,1,14.3,0.33,0.05,0.14,1.0,0,0,Matches,,,,,,,,,,,,,,,0,,,,,,Matches,,22,,,,,,,,,,,22,,,,Matches,,,,,,,,,,,,,,,,,,,,,Matches,karol mets,0.7716115931980312,0.1689066644757986,0.7716115931980312,3.623257830739021,3.603599851019681
1744,Thomas Meunier,be BEL,DF,Lille,fr Ligue 1,33.0,1991.0,25,21,1909.0,21.2,2,2,4,2,0,0,3,0,0.09,0.09,0.19,0.09,0.19,Matches,2,19,5,26.3,0.9,0.24,0.11,0.4,0,0,Matches,,,,,,,,,,,,,,,2,,,,,,Matches,,18,,,,,,,,,,,17,,,,Matches,,,,,,,,,,,,,,,,,,,,,Matches,thomas meunier,1.4096983447670937,2.757778810337186,1.4096983447670937,10.962973842397332,8.176924237981439
1748,Georges Mikautadze,ge GEO,FW,Villarreal,es La Liga,24.0,2000.0,32,23,2109.0,23.4,13,6,19,13,0,0,1,0,0.55,0.26,0.81,0.55,0.81,Matches,13,65,32,49.2,2.77,1.37,0.2,0.41,0,0,Matches,,,,,,,,,,,,,,,6,,,,,,Matches,,4,,,,,,,,,,,5,,,,Matches,,,,,,,,,,,,,,,,,,,,,Matches,georges mikautadze,15.062094315886496,4.149701787158847,15.062094315886496,19.971632717177272,2.1160078616812825
1751,William Mikelbrencis,fr FRA,"MF,DF",Hamburger SV,de Bundesliga,21.0,2004.0,26,15,1372.0,15.2,0,4,4,0,0,0,3,0,0.0,0.26,0.26,0.0,0.26,Matches,0,12,6,50.0,0.79,0.39,0.0,0.0,0,0,Matches,,,,,,,,,,,,,,,4,,,,,,Matches,,22,,,,,,,,,,,6,,,,Matches,,,,,,,,,,,,,,,,,,,,,Matches,william mikelbrencis,1.4683683505281806,2.816693114116788,1.4683683505281806,4.9622572138905525,0.8413018770515919
1754,Nikola Milenković,rs SRB,DF,Nottingham,eng Premier League,27.0,1997.0,38,37,3375.0,37.5,0,0,0,0,0,0,6,0,0.0,0.0,0.0,0.0,0.0,Matches,0,16,1,6.3,0.43,0.03,0.0,0.0,0,0,Matches,,,,,,,,,,,,,,,0,,,,,,Matches,,19,,,,,,,,,,,29,,,,Matches,,,,,,,,,,,,,,,,,,,,,Matches,nikola milenkovic,0.5094143021851778,0.2675842642784118,0.5094143021851778,8.06967337243259,7.998386854305863
1755,Lewis Miley,eng ENG,"MF,DF",Newcastle,eng Premier League,19.0,2006.0,23,15,1496.0,16.6,1,4,5,1,0,0,0,0,0.06,0.24,0.3,0.06,0.3,Matches,1,12,4,33.3,0.72,0.24,0.08,0.25,0,0,Matches,,,,,,,,,,,,,,,4,,,,,,Matches,,18,,,,,,,,,,,20,,,,Matches,,,,,,,,,,,,,,,,,,,,,Matches,lewis miley,1.3760087750852108,2.321293480694294,1.3760087750852108,7.045767506584525,5.918216675519943
1757,Vanja Milinković-Savić,rs SRB,GK,Napoli,it Serie A,28.0,1997.0,27,27,2430.0,27.0,0,1,1,0,0,0,0,0,0.0,0.04,0.04,0.0,0.04,Matches,0,0,0,,0.0,0.0,,,0,0,Matches,,,,,,,,,,,,,,,1,,,,,,Matches,,0,,,,,,,,,,,0,,,,Matches,,,,,,,,,,,,,,,,,,,,,Matches,vanja milinkovic savic,0.0,0.3024167791008949,0.0,4.887410014867783,4.58499326556921
1758,Éder Militão,br BRA,DF,Real Madrid,es La Liga,27.0,1998.0,16,14,1139.0,12.7,2,1,3,2,0,0,2,0,0.16,0.08,0.24,0.16,0.24,Matches,2,21,9,42.9,1.66,0.71,0.1,0.22,0,0,Matches,,,,,,,,,,,,,,,1,,,,,,Matches,,16,,,,,,,,,,,10,,,,Matches,,,,,,,,,,,,,,,,,,,,,Matches,eder militao,1.8924340261146424,1.1158691756427288,1.8924340261146424,6.2966620568186045,5.192408312112093
1759,Luis Milla,es ESP,MF,Getafe,es La Liga,30.0,1994.0,37,37,3271.0,36.3,1,10,11,1,0,0,5,1,0.03,0.28,0.3,0.03,0.3,Matches,1,27,4,14.8,0.74,0.11,0.04,0.25,0,0,Matches,,,,,,,,,,,,,,,10,,,,,,Matches,,33,,,,,,,,,,,42,,,,Matches,,,,,,,,,,,,,,,,,,,,,Matches,luis milla,1.4706194661557674,6.843989523127675,1.4706194661557674,7.731246910057962,4.78044979646802
1760,Pere Milla,es ESP,"MF,FW",Espanyol,es La Liga,32.0,1992.0,33,24,1973.0,21.9,7,1,8,7,0,0,6,1,0.32,0.05,0.36,0.32,0.36,Matches,7,59,21,35.6,2.69,0.96,0.12,0.33,0,0,Matches,,,,,,,,,,,,,,,1,,,,,,Matches,,24,,,,,,,,,,,18,,,,Matches,,,,,,,,,,,,,,,,,,,,,Matches,pere milla,7.654542326927185,4.100008985027671,7.654542326927185,11.191884029656649,3.3394176652655005
1761,Lennon Miller,sct SCO,MF,Udinese,it Serie A,18.0,2006.0,24,9,996.0,11.1,0,2,2,0,0,0,4,0,0.0,0.18,0.18,0.0,0.18,Matches,0,9,1,11.1,0.81,0.09,0.0,0.0,0,0,Matches,,,,,,,,,,,,,,,2,,,,,,Matches,,12,,,,,,,,,,,9,,,,Matches,,,,,,,,,,,,,,,,,,,,,Matches,lennon miller,0.3062051609158516,1.345477968454361,0.3062051609158516,2.4090506574139,1.2458066623657942
1762,James Milner,eng ENG,MF,Brighton,eng Premier League,39.0,1986.0,20,7,784.0,8.7,1,1,2,0,1,1,2,0,0.11,0.11,0.23,0.0,0.11,Matches,1,8,2,25.0,0.92,0.23,0.13,0.5,1,1,Matches,,,,,,,,,,,,,,,1,,,,,,Matches,,9,,,,,,,,,,,5,,,,Matches,,,,,,,,,,,,,,,,,,,,,Matches,james milner,0.9794258084148167,0.6549300253391266,0.2182569708675146,3.97909065335989,3.7933117747306815
1764,Jovan Milošević,rs SRB,FW,Werder Bremen,de Bundesliga,20.0,2005.0,13,5,488.0,5.4,3,1,4,3,0,0,2,0,0.55,0.18,0.74,0.55,0.74,Matches,3,12,4,33.3,2.21,0.74,0.25,0.75,0,0,Matches,,,,,,,,,,,,,,,1,,,,,,Matches,,2,,,,,,,,,,,0,,,,Matches,,,,,,,,,,,,,,,,,,,,,Matches,jovan milosevic,2.319580804556608,0.2436453625559806,2.319580804556608,2.8273107409477234,0.4218983128666878
1765,Kim Min-jae,kr KOR,DF,Bayern Munich,de Bundesliga,28.0,1996.0,25,19,1602.0,17.8,1,1,2,1,0,0,1,0,0.06,0.06,0.11,0.06,0.11,Matches,1,5,3,60.0,0.28,0.17,0.2,0.33,0,0,Matches,,,,,,,,,,,,,,,1,,,,,,Matches,,19,,,,,,,,,,,38,,,,Matches,,,,,,,,,,,,,,,,,,,,,Matches,kim min jae,0.7258729934692383,0.4743431285023689,0.7258729934692383,14.77258349210024,14.365923717617989
1766,Yerry Mina,co COL,DF,Cagliari,it Serie A,30.0,1994.0,26,26,2150.0,23.9,2,0,2,2,0,0,5,1,0.08,0.0,0.08,0.08,0.08,Matches,2,10,3,30.0,0.42,0.13,0.2,0.67,0,0,Matches,,,,,,,,,,,,,,,0,,,,,,Matches,,18,,,,,,,,,,,26,,,,Matches,,,,,,,,,,,,,,,,,,,,,Matches,yerry mina,1.761018111370504,0.4277909696102142,1.761018111370504,4.631761448457837,4.594839323312044
1767,Takumi Minamino,jp JPN,MF,Monaco,fr Ligue 1,30.0,1995.0,15,11,944.0,10.5,3,2,5,3,0,0,4,0,0.29,0.19,0.48,0.29,0.48,Matches,3,21,7,33.3,2.0,0.67,0.14,0.43,0,0,Matches,,,,,,,,,,,,,,,2,,,,,,Matches,,3,,,,,,,,,,,3,,,,Matches,,,,,,,,,,,,,,,,,,,,,Matches,takumi minamino,3.37246372550726,2.100285714492202,3.37246372550726,6.809733860194683,1.606742171570659
1768,Tyrone Mings,eng ENG,DF,Aston Villa,eng Premier League,32.0,1993.0,17,15,1324.0,14.7,0,0,0,0,0,0,1,0,0.0,0.0,0.0,0.0,0.0,Matches,0,9,1,11.1,0.61,0.07,0.0,0.0,0,0,Matches,,,,,,,,,,,,,,,0,,,,,,Matches,,2,,,,,,,,,,,11,,,,Matches,,,,,,,,,,,,,,,,,,,,,Matches,tyrone mings,1.492117453366518,0.7093149498105049,1.492117453366518,3.90316248126328,3.59125361405313
1769,Óscar Mingueza,es ESP,MF,Celta Vigo,es La Liga,26.0,1999.0,34,21,1968.0,21.9,1,4,5,1,0,0,4,0,0.05,0.18,0.23,0.05,0.23,Matches,1,14,5,35.7,0.64,0.23,0.07,0.2,0,0,Matches,,,,,,,,,,,,,,,4,,,,,,Matches,,20,,,,,,,,,,,9,,,,Matches,,,,,,,,,,,,,,,,,,,,,Matches,oscar mingueza,0.4965645000338554,4.096559967845678,0.4965645000338554,13.00799715705216,10.55303399823606
1770,Yankuba Minteh,gm GAM,MF,Brighton,eng Premier League,21.0,2004.0,34,26,2391.0,26.6,3,4,7,3,0,0,3,0,0.11,0.15,0.26,0.11,0.26,Matches,3,41,11,26.8,1.54,0.41,0.07,0.27,0,0,Matches,,,,,,,,,,,,,,,4,,,,,,Matches,,37,,,,,,,,,,,15,,,,Matches,,,,,,,,,,,,,,,,,,,,,Matches,yankuba minteh,4.752463513985276,5.841520894318819,4.752463513985276,16.411175997927785,8.573732296004891
1772,Rafa Mir,es ESP,"FW,MF",Elche,es La Liga,28.0,1997.0,27,21,1803.0,20.0,8,0,8,7,1,2,4,0,0.4,0.0,0.4,0.35,0.35,Matches,8,69,36,52.2,3.44,1.8,0.12,0.22,1,2,Matches,,,,,,,,,,,,,,,0,,,,,,Matches,,7,,,,,,,,,,,4,,,,Matches,,,,,,,,,,,,,,,,,,,,,Matches,rafa mir,8.264916526153684,1.7095182929188013,6.778489189222455,11.559987911954522,4.549745937809348
1773,Juan Miranda,es ESP,DF,Bologna,it Serie A,25.0,2000.0,32,29,2573.0,28.6,1,3,4,1,0,0,6,0,0.03,0.1,0.14,0.03,0.14,Matches,1,13,5,38.5,0.45,0.17,0.08,0.2,0,0,Matches,,,,,,,,,,,,,,,3,,,,,,Matches,,31,,,,,,,,,,,33,,,,Matches,,,,,,,,,,,,,,,,,,,,,Matches,juan miranda,0.5171072538942099,4.504574298858643,0.5171072538942099,11.67654135497287,9.17404536018148
1774,Fabio Miretti,it ITA,MF,Juventus,it Serie A,21.0,2003.0,23,5,617.0,6.9,1,2,3,1,0,0,1,0,0.15,0.29,0.44,0.15,0.44,Matches,1,18,5,27.8,2.63,0.73,0.06,0.2,0,0,Matches,,,,,,,,,,,,,,,2,,,,,,Matches,,9,,,,,,,,,,,4,,,,Matches,,,,,,,,,,,,,,,,,,,,,Matches,fabio miretti,1.6279976330697536,1.2492126505821943,1.6279976330697536,5.114803681150079,2.6715952157974243
1775,Tyrick Mitchell,eng ENG,MF,Crystal Palace,eng Premier League,25.0,1999.0,38,36,3251.0,36.1,1,2,3,1,0,0,6,0,0.03,0.06,0.08,0.03,0.08,Matches,1,19,7,36.8,0.53,0.19,0.05,0.14,0,0,Matches,,,,,,,,,,,,,,,2,,,,,,Matches,,65,,,,,,,,,,,33,,,,Matches,,,,,,,,,,,,,,,,,,,,,Matches,tyrick mitchell,1.9847235046327116,3.036134548485279,1.9847235046327116,13.15546108223498,9.87049151957035
1776,Kaoru Mitoma,jp JPN,"MF,FW",Brighton,eng Premier League,28.0,1997.0,25,19,1721.0,19.1,3,1,4,3,0,0,5,0,0.16,0.05,0.21,0.16,0.21,Matches,3,32,13,40.6,1.67,0.68,0.09,0.23,0,0,Matches,,,,,,,,,,,,,,,1,,,,,,Matches,,12,,,,,,,,,,,8,,,,Matches,,,,,,,,,,,,,,,,,,,,,Matches,kaoru mitoma,4.789182621985674,3.54316034540534,4.789182621985674,11.286602273583412,4.618424783460796
1777,Maximilian Mittelstädt,de GER,"DF,MF",Stuttgart,de Bundesliga,28.0,1997.0,32,24,2186.0,24.3,6,4,10,2,4,4,4,0,0.25,0.16,0.41,0.08,0.25,Matches,6,31,16,51.6,1.28,0.66,0.19,0.38,4,4,Matches,,,,,,,,,,,,,,,4,,,,,,Matches,,42,,,,,,,,,,,35,,,,Matches,,,,,,,,,,,,,,,,,,,,,Matches,maximilian mittelstadt,4.954262416809797,5.520105980336666,1.9231557194143531,16.285320289433002,12.091185672208669
1778,Henrikh Mkhitaryan,am ARM,MF,Inter,it Serie A,36.0,1989.0,30,16,1560.0,17.3,4,1,5,4,0,0,5,0,0.23,0.06,0.29,0.23,0.29,Matches,4,43,14,32.6,2.48,0.81,0.09,0.29,0,0,Matches,,,,,,,,,,,,,,,1,,,,,,Matches,,27,,,,,,,,,,,15,,,,Matches,,,,,,,,,,,,,,,,,,,,,Matches,henrikh mkhitaryan,6.040000427514315,3.310718573629856,6.040000427514315,18.362661907449365,12.080620812252164
1782,Luka Modrić,hr CRO,MF,Milan,it Serie A,39.0,1985.0,34,32,2811.0,31.2,2,3,5,2,0,0,4,0,0.06,0.1,0.16,0.06,0.16,Matches,2,20,8,40.0,0.64,0.26,0.1,0.25,0,0,Matches,,,,,,,,,,,,,,,3,,,,,,Matches,,27,,,,,,,,,,,35,,,,Matches,,,,,,,,,,,,,,,,,,,,,Matches,luka modric,1.2469155695289371,4.025909835472703,1.2469155695289371,15.23719035461545,13.89836597442627
1784,Terem Moffi,ng NGA,FW,Nice,fr Ligue 1,26.0,1999.0,10,6,488.0,5.4,2,0,2,2,0,0,0,0,0.37,0.0,0.37,0.37,0.37,Matches,2,16,8,50.0,2.95,1.48,0.13,0.25,0,0,Matches,,,,,,,,,,,,,,,0,,,,,,Matches,,1,,,,,,,,,,,0,,,,Matches,,,,,,,,,,,,,,,,,,,,,Matches,terem moffi,2.451147548854351,0.6640479266643524,2.451147548854351,3.3552748262882237,0.5393990576267242
1785,Mostafa Mohamed,eg EGY,FW,Nantes,fr Ligue 1,27.0,1997.0,24,13,1152.0,12.8,4,0,4,4,0,0,1,0,0.31,0.0,0.31,0.31,0.31,Matches,4,35,8,22.9,2.73,0.62,0.11,0.5,0,0,Matches,,,,,,,,,,,,,,,0,,,,,,Matches,,7,,,,,,,,,,,7,,,,Matches,,,,,,,,,,,,,,,,,,,,,Matches,mostafa mohamed,3.018826650455594,1.1388814579695463,3.018826650455594,2.9717396833002567,0.2210416812449693
1786,Wael Mohya,de GER,"MF,FW",Gladbach,de Bundesliga,16.0,2008.0,15,6,552.0,6.1,2,1,3,2,0,0,1,0,0.33,0.16,0.49,0.33,0.49,Matches,2,11,5,45.5,1.79,0.82,0.18,0.4,0,0,Matches,,,,,,,,,,,,,,,1,,,,,,Matches,,7,,,,,,,,,,,2,,,,Matches,,,,,,,,,,,,,,,,,,,,,Matches,wael mohya,1.0975704565644264,0.1975120026618242,1.0975704565644264,1.5268700160086155,0.8649591617286205
1787,Johan Mojica,co COL,DF,Mallorca,es La Liga,32.0,1992.0,35,30,2724.0,30.3,0,4,4,0,0,0,6,1,0.0,0.13,0.13,0.0,0.13,Matches,0,17,2,11.8,0.56,0.07,0.0,0.0,0,0,Matches,,,,,,,,,,,,,,,4,,,,,,Matches,,30,,,,,,,,,,,24,,,,Matches,,,,,,,,,,,,,,,,,,,,,Matches,johan mojica,0.8061857065185905,3.927842003293336,0.8061857065185905,9.051305999979377,5.788199552334845
1790,Alberto Moleiro,es ESP,MF,Villarreal,es La Liga,21.0,2003.0,37,30,2478.0,27.5,10,5,15,10,0,0,4,0,0.36,0.18,0.54,0.36,0.54,Matches,10,46,20,43.5,1.67,0.73,0.22,0.5,0,0,Matches,,,,,,,,,,,,,,,5,,,,,,Matches,,21,,,,,,,,,,,14,,,,Matches,,,,,,,,,,,,,,,,,,,,,Matches,alberto moleiro,5.6144147682935,5.77781119197607,5.6144147682935,15.232634784653785,5.500843932852149
1791,Nahuel Molina,ar ARG,"DF,MF",Atlético Madrid,es La Liga,27.0,1998.0,26,13,1331.0,14.8,2,2,4,2,0,0,4,0,0.14,0.14,0.27,0.14,0.27,Matches,2,14,4,28.6,0.95,0.27,0.14,0.5,0,0,Matches,,,,,,,,,,,,,,,2,,,,,,Matches,,24,,,,,,,,,,,14,,,,Matches,,,,,,,,,,,,,,,,,,,,,Matches,nahuel molina,0.4005685858428478,3.0108713675290346,0.4005685858428478,8.971317809075117,6.135595750063658
1792,Jon Moncayola,es ESP,MF,Osasuna,es La Liga,27.0,1998.0,36,35,3016.0,33.5,0,4,4,0,0,0,9,0,0.0,0.12,0.12,0.0,0.12,Matches,0,23,5,21.7,0.69,0.15,0.0,0.0,0,0,Matches,,,,,,,,,,,,,,,4,,,,,,Matches,,26,,,,,,,,,,,27,,,,Matches,,,,,,,,,,,,,,,,,,,,,Matches,jon moncayola,2.3341868557035923,4.85785942338407,2.3341868557035923,10.213275477290154,5.148858282715082
1795,Lorenzo Montipò,it ITA,GK,Hellas Verona,it Serie A,29.0,1996.0,35,35,3150.0,35.0,0,1,1,0,0,0,0,0,0.0,0.03,0.03,0.0,0.03,Matches,0,0,0,,0.0,0.0,,,0,0,Matches,,,,,,,,,,,,,,,1,,,,,,Matches,,0,,,,,,,,,,,0,,,,Matches,,,,,,,,,,,,,,,,,,,,,Matches,lorenzo montipo,0.0,0.218423243612051,0.0,2.1883213939145207,1.9698981354013083
1796,Álvaro Morata,es ESP,FW,Como,it Serie A,32.0,1992.0,26,9,930.0,10.3,0,1,1,0,0,1,4,1,0.0,0.1,0.1,0.0,0.1,Matches,0,23,8,34.8,2.23,0.77,0.0,0.0,0,1,Matches,,,,,,,,,,,,,,,1,,,,,,Matches,,11,,,,,,,,,,,1,,,,Matches,,,,,,,,,,,,,,,,,,,,,Matches,alvaro morata,4.910666534677148,0.7771521378308535,4.149367729201913,3.673953918740153,0.6550146443769336
1797,Morato,br BRA,DF,Nottingham,eng Premier League,24.0,2001.0,21,14,1345.0,14.9,1,0,1,1,0,0,5,0,0.07,0.0,0.07,0.07,0.07,Matches,1,5,2,40.0,0.33,0.13,0.2,0.5,0,0,Matches,,,,,,,,,,,,,,,0,,,,,,Matches,,18,,,,,,,,,,,11,,,,Matches,,,,,,,,,,,,,,,,,,,,,Matches,morato,1.8853958677500489,0.0936890179291367,1.8853958677500489,4.478383164852858,3.847307574003935
1800,Afonso Moreira,pt POR,"MF,FW",Lyon,fr Ligue 1,20.0,2005.0,27,18,1722.0,19.1,4,7,11,4,0,0,3,0,0.21,0.37,0.57,0.21,0.57,Matches,4,40,14,35.0,2.09,0.73,0.1,0.29,0,0,Matches,,,,,,,,,,,,,,,7,,,,,,Matches,,22,,,,,,,,,,,12,,,,Matches,,,,,,,,,,,,,,,,,,,,,Matches,afonso moreira,3.1612205244600773,5.9273083889856935,3.1612205244600773,13.23570010252297,5.611478790640831
1801,Diego Moreira,be BEL,MF,Strasbourg,fr Ligue 1,20.0,2004.0,27,23,2034.0,22.6,4,6,10,4,0,0,4,0,0.18,0.27,0.44,0.18,0.44,Matches,4,29,11,37.9,1.28,0.49,0.14,0.36,0,0,Matches,,,,,,,,,,,,,,,6,,,,,,Matches,,25,,,,,,,,,,,20,,,,Matches,,,,,,,,,,,,,,,,,,,,,Matches,diego moreira,2.222741227596998,6.940216278657317,2.222741227596998,14.191159365698695,8.783062366768718
1802,Alberto Moreno,es ESP,DF,Como,it Serie A,33.0,1992.0,19,13,1233.0,13.7,2,1,3,2,0,0,4,0,0.15,0.07,0.22,0.15,0.22,Matches,2,11,4,36.4,0.8,0.29,0.18,0.5,0,0,Matches,,,,,,,,,,,,,,,1,,,,,,Matches,,12,,,,,,,,,,,7,,,,Matches,,,,,,,,,,,,,,,,,,,,,Matches,alberto moreno,1.5935251340270042,1.9240656215697527,1.5935251340270042,6.835680209100246,4.881311055272818
1803,Álex Moreno,es ESP,DF,Girona,es La Liga,32.0,1993.0,31,28,2559.0,28.4,0,3,3,0,0,0,5,0,0.0,0.11,0.11,0.0,0.11,Matches,0,17,5,29.4,0.6,0.18,0.0,0.0,0,0,Matches,,,,,,,,,,,,,,,3,,,,,,Matches,,28,,,,,,,,,,,29,,,,Matches,,,,,,,,,,,,,,,,,,,,,Matches,alex moreno,1.5723254941403866,2.917876537889242,1.5723254941403866,10.622359491884708,6.971142928581685
1805,Gerard Moreno,es ESP,FW,Villarreal,es La Liga,33.0,1992.0,22,16,1343.0,14.9,10,0,10,7,3,3,0,0,0.67,0.0,0.67,0.47,0.47,Matches,10,39,16,41.0,2.61,1.07,0.26,0.63,3,3,Matches,,,,,,,,,,,,,,,0,,,,,,Matches,,8,,,,,,,,,,,3,,,,Matches,,,,,,,,,,,,,,,,,,,,,Matches,gerard moreno,7.015236139297485,3.00478845089674,4.78540326654911,9.858238596469164,4.95141988992691
1806,Matias Moreno,ar ARG,DF,Levante,es La Liga,21.0,2003.0,28,27,2252.0,25.0,0,0,0,0,0,0,8,0,0.0,0.0,0.0,0.0,0.0,Matches,0,10,0,0.0,0.4,0.0,0.0,,0,0,Matches,,,,,,,,,,,,,,,0,,,,,,Matches,,25,,,,,,,,,,,38,,,,Matches,,,,,,,,,,,,,,,,,,,,,Matches,matias moreno,1.2664381377398968,0.6804856397211552,1.2664381377398968,8.4254733286798,7.82221532985568
1807,Tete Morente,es ESP,MF,Elche,es La Liga,28.0,1996.0,13,11,929.0,10.3,1,1,2,1,0,0,1,0,0.1,0.1,0.19,0.1,0.19,Matches,1,8,1,12.5,0.78,0.1,0.13,1.0,0,0,Matches,,,,,,,,,,,,,,,1,,,,,,Matches,,11,,,,,,,,,,,11,,,,Matches,,,,,,,,,,,,,,,,,,,,,Matches,tete morente,0.7541587688028812,1.312638394534588,0.7541587688028812,2.677897453308105,1.4394641816616058
1808,Tete Morente,es ESP,"FW,MF",Lecce,it Serie A,28.0,1996.0,16,9,859.0,9.5,0,0,0,0,0,0,2,0,0.0,0.0,0.0,0.0,0.0,Matches,0,14,2,14.3,1.47,0.21,0.0,0.0,0,0,Matches,,,,,,,,,,,,,,,0,,,,,,Matches,,9,,,,,,,,,,,3,,,,Matches,,,,,,,,,,,,,,,,,,,,,Matches,tete morente,0.7541587688028812,1.312638394534588,0.7541587688028812,2.677897453308105,1.4394641816616058
1809,Stefano Moreo,it ITA,"FW,MF",Pisa,it Serie A,32.0,1993.0,37,29,2307.0,25.6,7,1,8,5,2,2,2,0,0.27,0.04,0.31,0.2,0.23,Matches,7,52,20,38.5,2.03,0.78,0.13,0.35,2,2,Matches,,,,,,,,,,,,,,,1,,,,,,Matches,,11,,,,,,,,,,,21,,,,Matches,,,,,,,,,,,,,,,,,,,,,Matches,stefano moreo,6.222204111516476,3.5465334709733725,4.699606470763683,9.92034813389182,3.6867972668260336
1810,Mateu Morey,es ESP,"DF,MF",Mallorca,es La Liga,25.0,2000.0,18,9,704.0,7.8,1,0,1,1,0,0,2,0,0.13,0.0,0.13,0.13,0.13,Matches,1,4,2,50.0,0.51,0.26,0.25,0.5,0,0,Matches,,,,,,,,,,,,,,,0,,,,,,Matches,,8,,,,,,,,,,,6,,,,Matches,,,,,,,,,,,,,,,,,,,,,Matches,mateu morey,0.1837131008505821,0.516222694888711,0.1837131008505821,2.113346297293901,1.4928959049284458
1811,Ilaix Moriba,gn GUI,MF,Celta Vigo,es La Liga,22.0,2003.0,36,26,2495.0,27.7,2,3,5,2,0,0,8,0,0.07,0.11,0.18,0.07,0.18,Matches,2,18,5,27.8,0.65,0.18,0.11,0.4,0,0,Matches,,,,,,,,,,,,,,,3,,,,,,Matches,,42,,,,,,,,,,,24,,,,Matches,,,,,,,,,,,,,,,,,,,,,Matches,ilaix moriba,1.7799642700701952,2.5140312388539314,1.7799642700701952,11.089109930209816,7.12512020021677
1812,Manu Morlanes,es ESP,MF,Mallorca,es La Liga,26.0,1999.0,32,22,1765.0,19.6,3,0,3,3,0,0,5,1,0.15,0.0,0.15,0.15,0.15,Matches,3,13,4,30.8,0.66,0.2,0.23,0.75,0,0,Matches,,,,,,,,,,,,,,,0,,,,,,Matches,,30,,,,,,,,,,,19,,,,Matches,,,,,,,,,,,,,,,,,,,,,Matches,manu morlanes,1.6544483443722129,1.4072198066860435,1.6544483443722129,8.313975814729929,5.546532068401575
1814,Nikola Moro,hr CRO,MF,Bologna,it Serie A,27.0,1998.0,30,19,1799.0,20.0,2,0,2,2,0,0,1,0,0.1,0.0,0.1,0.1,0.1,Matches,2,21,2,9.5,1.05,0.1,0.1,1.0,0,0,Matches,,,,,,,,,,,,,,,0,,,,,,Matches,,8,,,,,,,,,,,19,,,,Matches,,,,,,,,,,,,,,,,,,,,,Matches,nikola moro,0.9313860163092612,2.0523393927142024,0.9313860163092612,6.237979667261243,5.088687775656581
1815,Raúl Moro,es ESP,MF,Osasuna,es La Liga,22.0,2002.0,14,7,625.0,6.9,0,2,2,0,0,0,0,0,0.0,0.29,0.29,0.0,0.29,Matches,0,6,0,0.0,0.86,0.0,0.0,,0,0,Matches,,,,,,,,,,,,,,,2,,,,,,Matches,,0,,,,,,,,,,,1,,,,Matches,,,,,,,,,,,,,,,,,,,,,Matches,raul moro,0.2312967237085104,1.70481850579381,0.2312967237085104,3.413567554205656,1.6930943839251995
1816,Tyler Morton,eng ENG,MF,Lyon,fr Ligue 1,22.0,2002.0,29,29,2517.0,28.0,2,2,4,2,0,0,6,1,0.07,0.07,0.14,0.07,0.14,Matches,2,28,8,28.6,1.0,0.29,0.07,0.25,0,0,Matches,,,,,,,,,,,,,,,2,,,,,,Matches,,29,,,,,,,,,,,24,,,,Matches,,,,,,,,,,,,,,,,,,,,,Matches,tyler morton,2.0557506382465363,2.42852935846895,2.0557506382465363,12.164382623508573,10.008787211030722
1819,Cristhian Mosquera,es ESP,DF,Arsenal,eng Premier League,21.0,2004.0,20,9,994.0,11.0,0,0,0,0,0,0,4,0,0.0,0.0,0.0,0.0,0.0,Matches,0,1,0,0.0,0.09,0.0,0.0,,0,0,Matches,,,,,,,,,,,,,,,0,,,,,,Matches,,21,,,,,,,,,,,8,,,,Matches,,,,,,,,,,,,,,,,,,,,,Matches,cristhian mosquera,0.0858541056513786,0.2934531178325414,0.0858541056513786,5.388046391308308,5.184731021523476
1820,Daniel Mosquera,co COL,FW,Hellas Verona,it Serie A,25.0,1999.0,22,5,597.0,6.6,0,2,2,0,0,0,1,0,0.0,0.3,0.3,0.0,0.3,Matches,0,16,5,31.3,2.41,0.75,0.0,0.0,0,0,Matches,,,,,,,,,,,,,,,2,,,,,,Matches,,2,,,,,,,,,,,2,,,,Matches,,,,,,,,,,,,,,,,,,,,,Matches,daniel mosquera,1.0957419574260712,0.9883034899830818,1.0957419574260712,1.611335415393114,0.4711602106690407
1821,Yerson Mosquera,co COL,DF,Wolves,eng Premier League,24.0,2001.0,27,24,2136.0,23.7,0,0,0,0,0,0,12,0,0.0,0.0,0.0,0.0,0.0,Matches,0,30,6,20.0,1.26,0.25,0.0,0.0,0,0,Matches,,,,,,,,,,,,,,,0,,,,,,Matches,,36,,,,,,,,,,,25,,,,Matches,,,,,,,,,,,,,,,,,,,,,Matches,yerson mosquera,2.9658489003777504,1.202757162041962,2.9658489003777504,5.853062177076936,3.759005693718791
1822,Edoardo Motta,it ITA,GK,Lazio,it Serie A,20.0,2005.0,9,9,810.0,9.0,0,0,0,0,0,0,1,0,0.0,0.0,0.0,0.0,0.0,Matches,0,0,0,,0.0,0.0,,,0,0,Matches,,,,,,,,,,,,,,,0,,,,,,Matches,,0,,,,,,,,,,,0,,,,Matches,,,,,,,,,,,,,,,,,,,,,Matches,edoardo motta,0.0,0.0460502356290817,0.0,1.6419141478836536,1.6419141478836536
1824,Mason Mount,eng ENG,MF,Manchester Utd,eng Premier League,26.0,1999.0,23,12,1017.0,11.3,3,0,3,3,0,0,2,0,0.27,0.0,0.27,0.27,0.27,Matches,3,19,5,26.3,1.68,0.44,0.16,0.6,0,0,Matches,,,,,,,,,,,,,,,0,,,,,,Matches,,13,,,,,,,,,,,9,,,,Matches,,,,,,,,,,,,,,,,,,,,,Matches,mason mount,1.7446828484535215,1.3764615170657637,1.7446828484535215,6.608267386443913,4.634791788645089
1825,Samir El Mourabet,ma MAR,MF,Strasbourg,fr Ligue 1,19.0,2005.0,33,25,2128.0,23.6,1,2,3,1,0,0,4,0,0.04,0.08,0.13,0.04,0.13,Matches,1,12,1,8.3,0.51,0.04,0.08,1.0,0,0,Matches,,,,,,,,,,,,,,,2,,,,,,Matches,,37,,,,,,,,,,,27,,,,Matches,,,,,,,,,,,,,,,,,,,,,Matches,samir el mourabet,0.3717561801895499,2.710016814060509,0.3717561801895499,9.81571489572525,7.251820180565119
1826,Santiago Mouriño,uy URU,DF,Villarreal,es La Liga,23.0,2002.0,28,27,2377.0,26.4,1,2,3,1,0,0,11,1,0.04,0.08,0.11,0.04,0.11,Matches,1,15,3,20.0,0.57,0.11,0.07,0.33,0,0,Matches,,,,,,,,,,,,,,,2,,,,,,Matches,,64,,,,,,,,,,,29,,,,Matches,,,,,,,,,,,,,,,,,,,,,Matches,santiago mourino,1.2299248855561018,0.8433887027204037,1.2299248855561018,10.451558804139497,10.024434583261607
1827,Louis Mouton,fr FRA,MF,Angers,fr Ligue 1,23.0,2002.0,32,24,1891.0,21.0,2,1,3,2,0,0,2,1,0.1,0.05,0.14,0.1,0.14,Matches,2,36,8,22.2,1.71,0.38,0.06,0.25,0,0,Matches,,,,,,,,,,,,,,,1,,,,,,Matches,,26,,,,,,,,,,,12,,,,Matches,,,,,,,,,,,,,,,,,,,,,Matches,louis mouton,3.078808242455125,2.3375241328030825,3.078808242455125,7.97324248123914,3.225932060740888
1829,Tarik Muharemovic,ba BIH,DF,Sassuolo,it Serie A,22.0,2003.0,32,32,2835.0,31.5,2,2,4,2,0,0,7,0,0.06,0.06,0.13,0.06,0.13,Matches,2,20,7,35.0,0.63,0.22,0.1,0.29,0,0,Matches,,,,,,,,,,,,,,,2,,,,,,Matches,,24,,,,,,,,,,,45,,,,Matches,,,,,,,,,,,,,,,,,,,,,Matches,tarik muharemovic,2.834148694295436,0.9276836458593608,2.834148694295436,6.279778711032122,6.156958227977157
1830,Miro Muheim,ch SUI,"MF,DF",Hamburger SV,de Bundesliga,27.0,1998.0,29,27,2435.0,27.1,0,4,4,0,0,0,7,1,0.0,0.15,0.15,0.0,0.15,Matches,0,24,7,29.2,0.89,0.26,0.0,0.0,0,0,Matches,,,,,,,,,,,,,,,4,,,,,,Matches,,35,,,,,,,,,,,27,,,,Matches,,,,,,,,,,,,,,,,,,,,,Matches,miro muheim,1.3705227468162775,3.492499830201268,1.3705227468162775,6.304988786578178,4.909944733604789
1832,Ngal'Ayel Mukau,cd COD,MF,Lille,fr Ligue 1,20.0,2004.0,30,19,1534.0,17.0,1,0,1,1,0,0,3,0,0.06,0.0,0.06,0.06,0.06,Matches,1,20,5,25.0,1.17,0.29,0.05,0.2,0,0,Matches,,,,,,,,,,,,,,,0,,,,,,Matches,,18,,,,,,,,,,,14,,,,Matches,,,,,,,,,,,,,,,,,,,,,Matches,ngal ayel mukau,2.5761082526296377,0.5113314716145396,2.5761082526296377,6.840969190001488,5.0014454033225775
1834,Nordi Mukiele,fr FRA,DF,Sunderland,eng Premier League,27.0,1997.0,32,32,2784.0,30.9,3,3,6,3,0,0,5,0,0.1,0.1,0.19,0.1,0.19,Matches,3,26,4,15.4,0.84,0.13,0.12,0.75,0,0,Matches,,,,,,,,,,,,,,,3,,,,,,Matches,,45,,,,,,,,,,,37,,,,Matches,,,,,,,,,,,,,,,,,,,,,Matches,nordi mukiele,2.778892433270812,2.752836622297764,2.778892433270812,9.07671518996358,6.988744452595711
1837,Marshall Munetsi,zw ZIM,MF,Paris FC,fr Ligue 1,29.0,1996.0,15,11,975.0,10.8,4,1,5,4,0,0,0,0,0.37,0.09,0.46,0.37,0.46,Matches,4,19,9,47.4,1.75,0.83,0.21,0.44,0,0,Matches,,,,,,,,,,,,,,,1,,,,,,Matches,,8,,,,,,,,,,,3,,,,Matches,,,,,,,,,,,,,,,,,,,,,Matches,marshall munetsi,1.8389983009546995,0.3808544501662254,1.8389983009546995,3.097170224413276,1.000556039623916
1838,Marshall Munetsi,zw ZIM,"MF,FW",Wolves,eng Premier League,29.0,1996.0,13,9,875.0,9.7,1,1,2,1,0,0,2,0,0.1,0.1,0.21,0.1,0.21,Matches,1,14,6,42.9,1.44,0.62,0.07,0.17,0,0,Matches,,,,,,,,,,,,,,,1,,,,,,Matches,,13,,,,,,,,,,,5,,,,Matches,,,,,,,,,,,,,,,,,,,,,Matches,marshall munetsi,1.8389983009546995,0.3808544501662254,1.8389983009546995,3.097170224413276,1.000556039623916
1839,Rodrigo Muniz,br BRA,FW,Fulham,eng Premier League,24.0,2001.0,21,10,1000.0,11.1,1,1,2,1,0,0,2,0,0.09,0.09,0.18,0.09,0.18,Matches,1,32,5,15.6,2.88,0.45,0.03,0.2,0,0,Matches,,,,,,,,,,,,,,,1,,,,,,Matches,,3,,,,,,,,,,,2,,,,Matches,,,,,,,,,,,,,,,,,,,,,Matches,rodrigo muniz,4.545291785150766,0.9614864559844136,4.545291785150766,4.830986261367798,1.298047307878733
1841,Aihen Muñoz,es ESP,DF,Real Sociedad,es La Liga,27.0,1997.0,21,9,848.0,9.4,1,0,1,1,0,0,1,0,0.11,0.0,0.11,0.11,0.11,Matches,1,6,2,33.3,0.64,0.21,0.17,0.5,0,0,Matches,,,,,,,,,,,,,,,0,,,,,,Matches,,18,,,,,,,,,,,5,,,,Matches,,,,,,,,,,,,,,,,,,,,,Matches,aihen munoz,0.4659921936690807,0.4135719016194343,0.4659921936690807,3.544042121618986,2.887334957718849
1842,Daniel Muñoz,co COL,MF,Crystal Palace,eng Premier League,29.0,1996.0,29,29,2399.0,26.7,4,3,7,4,0,0,7,0,0.15,0.11,0.26,0.15,0.26,Matches,4,26,12,46.2,0.98,0.45,0.15,0.33,0,0,Matches,,,,,,,,,,,,,,,3,,,,,,Matches,,48,,,,,,,,,,,24,,,,Matches,,,,,,,,,,,,,,,,,,,,,Matches,daniel munoz,3.147003997117281,5.066070262342691,3.147003997117281,10.425639127381146,4.4382075956091285
1843,Iker Muñoz,es ESP,MF,Osasuna,es La Liga,22.0,2002.0,19,8,952.0,10.6,0,0,0,0,0,0,5,0,0.0,0.0,0.0,0.0,0.0,Matches,0,9,4,44.4,0.85,0.38,0.0,0.0,0,0,Matches,,,,,,,,,,,,,,,0,,,,,,Matches,,7,,,,,,,,,,,12,,,,Matches,,,,,,,,,,,,,,,,,,,,,Matches,iker munoz,0.3214873829856515,0.252276461571455,0.3214873829856515,1.885208336636424,1.586097290739417
1844,Javier Muñoz,es ESP,"MF,FW",Getafe,es La Liga,30.0,1995.0,17,4,551.0,6.1,0,0,0,0,0,0,0,0,0.0,0.0,0.0,0.0,0.0,Matches,0,13,6,46.2,2.12,0.98,0.0,0.0,0,0,Matches,,,,,,,,,,,,,,,0,,,,,,Matches,,5,,,,,,,,,,,6,,,,Matches,,,,,,,,,,,,,,,,,,,,,Matches,javier munoz,0.3324222560040653,0.2619094252586365,0.3324222560040653,0.9011456496082246,0.4265056401491165
1845,Víctor Muñoz,es ESP,"MF,FW",Osasuna,es La Liga,22.0,2003.0,34,31,2656.0,29.5,6,2,8,6,0,0,3,0,0.2,0.07,0.27,0.2,0.27,Matches,6,81,31,38.3,2.74,1.05,0.07,0.19,0,0,Matches,,,,,,,,,,,,,,,2,,,,,,Matches,,13,,,,,,,,,,,10,,,,Matches,,,,,,,,,,,,,,,,,,,,,Matches,victor munoz,7.114694999530912,2.412180700339377,7.114694999530912,11.554271526634691,3.834848198108375
1846,Arijanet Muric,xk KVX,GK,Sassuolo,it Serie A,26.0,1998.0,32,32,2880.0,32.0,0,0,0,0,0,0,4,0,0.0,0.0,0.0,0.0,0.0,Matches,0,0,0,,0.0,0.0,,,0,0,Matches,,,,,,,,,,,,,,,0,,,,,,Matches,,0,,,,,,,,,,,0,,,,Matches,,,,,,,,,,,,,,,,,,,,,Matches,arijanet muric,0.0,0.0334668159484863,0.0,3.8466744776815176,3.8466744776815176
1847,Murillo,br BRA,DF,Nottingham,eng Premier League,23.0,2002.0,25,25,2130.0,23.7,1,0,1,1,0,0,5,0,0.04,0.0,0.04,0.04,0.04,Matches,1,11,4,36.4,0.46,0.17,0.09,0.25,0,0,Matches,,,,,,,,,,,,,,,0,,,,,,Matches,,23,,,,,,,,,,,29,,,,Matches,,,,,,,,,,,,,,,,,,,,,Matches,murillo,0.5957098556682467,0.299396033398807,0.5957098556682467,6.358569452539086,6.049851920455694
1848,Vedat Muriqi,xk KVX,FW,Mallorca,es La Liga,31.0,1994.0,37,36,3128.0,34.8,23,1,24,18,5,7,4,1,0.66,0.03,0.69,0.52,0.55,Matches,23,114,50,43.9,3.28,1.44,0.2,0.46,5,7,Matches,,,,,,,,,,,,,,,1,,,,,,Matches,,3,,,,,,,,,,,3,,,,Matches,,,,,,,,,,,,,,,,,,,,,Matches,vedat muriqi,21.630785251036286,2.485310326330364,16.427841836586595,18.902257680892944,4.6435397625900805
1850,Jacob Murphy,eng ENG,"FW,MF",Newcastle,eng Premier League,30.0,1995.0,33,19,1617.0,18.0,3,2,5,3,0,0,2,0,0.17,0.11,0.28,0.17,0.28,Matches,3,42,13,31.0,2.34,0.72,0.07,0.23,0,0,Matches,,,,,,,,,,,,,,,2,,,,,,Matches,,12,,,,,,,,,,,6,,,,Matches,,,,,,,,,,,,,,,,,,,,,Matches,jacob murphy,3.1199456304311752,4.785552207380533,3.1199456304311752,8.429972594603896,2.7332380525767803
1852,Yunus Musah,us USA,MF,Atalanta,it Serie A,22.0,2002.0,19,4,574.0,6.4,1,0,1,1,0,0,1,0,0.16,0.0,0.16,0.16,0.16,Matches,1,7,2,28.6,1.1,0.31,0.14,0.5,0,0,Matches,,,,,,,,,,,,,,,0,,,,,,Matches,,5,,,,,,,,,,,5,,,,Matches,,,,,,,,,,,,,,,,,,,,,Matches,yunus musah,0.7452922910451889,0.7338241711258888,0.7452922910451889,4.711621839553118,3.270248807966709
1854,Jamal Musiala,de GER,"MF,FW",Bayern Munich,de Bundesliga,22.0,2003.0,15,7,683.0,7.6,3,4,7,2,1,1,1,0,0.4,0.53,0.92,0.26,0.79,Matches,3,30,9,30.0,3.95,1.19,0.1,0.33,1,1,Matches,,,,,,,,,,,,,,,4,,,,,,Matches,,5,,,,,,,,,,,3,,,,Matches,,,,,,,,,,,,,,,,,,,,,Matches,jamal musiala,5.00371415540576,2.740937683731317,4.245937447994947,9.54637109860778,3.10221653431654
1855,Juan Musso,ar ARG,GK,Atlético Madrid,es La Liga,31.0,1994.0,8,8,720.0,8.0,0,0,0,0,0,0,2,0,0.0,0.0,0.0,0.0,0.0,Matches,0,0,0,,0.0,0.0,,,0,0,Matches,,,,,,,,,,,,,,,0,,,,,,Matches,,0,,,,,,,,,,,0,,,,Matches,,,,,,,,,,,,,,,,,,,,,Matches,juan musso,0.0,0.0,0.0,2.460761435329914,2.460761435329914
1857,Yvon Mvogo,ch SUI,GK,Lorient,fr Ligue 1,31.0,1994.0,31,31,2790.0,31.0,0,0,0,0,0,0,0,0,0.0,0.0,0.0,0.0,0.0,Matches,0,0,0,,0.0,0.0,,,0,0,Matches,,,,,,,,,,,,,,,0,,,,,,Matches,,1,,,,,,,,,,,1,,,,Matches,,,,,,,,,,,,,,,,,,,,,Matches,yvon mvogo,0.0,0.0835237056016922,0.0,3.308992366306484,3.308992366306484
1858,Joel Mvuka,no NOR,"MF,DF",Lorient,fr Ligue 1,22.0,2002.0,15,5,560.0,6.2,0,0,0,0,0,0,0,0,0.0,0.0,0.0,0.0,0.0,Matches,0,8,1,12.5,1.29,0.16,0.0,0.0,0,0,Matches,,,,,,,,,,,,,,,0,,,,,,Matches,,13,,,,,,,,,,,6,,,,Matches,,,,,,,,,,,,,,,,,,,,,Matches,joel mvuka,0.6974976677447557,1.0097364392131567,0.6974976677447557,1.845053747296333,0.3056419380009174
1860,Junior Mwanga,fr FRA,MF,Nantes,fr Ligue 1,22.0,2003.0,15,15,1260.0,14.0,1,1,2,1,0,0,2,1,0.07,0.07,0.14,0.07,0.14,Matches,1,9,3,33.3,0.64,0.21,0.11,0.33,0,0,Matches,,,,,,,,,,,,,,,1,,,,,,Matches,,14,,,,,,,,,,,8,,,,Matches,,,,,,,,,,,,,,,,,,,,,Matches,junior mwanga,1.1464128233492374,1.0721323154866695,1.1464128233492374,5.190453128889203,3.505918676033616
1861,Phillipp Mwene,at AUT,MF,Mainz 05,de Bundesliga,31.0,1994.0,29,24,2069.0,23.0,1,2,3,1,0,0,4,0,0.04,0.09,0.13,0.04,0.13,Matches,1,10,2,20.0,0.43,0.09,0.1,0.5,0,0,Matches,,,,,,,,,,,,,,,2,,,,,,Matches,,20,,,,,,,,,,,14,,,,Matches,,,,,,,,,,,,,,,,,,,,,Matches,phillipp mwene,2.0332534685730934,2.139080299064517,2.0332534685730934,8.51742416061461,6.025996465235949
1862,Vitaliy Mykolenko,ua UKR,DF,Everton,eng Premier League,26.0,1999.0,33,33,2958.0,32.9,0,1,1,0,0,0,6,0,0.0,0.03,0.03,0.0,0.03,Matches,0,9,2,22.2,0.27,0.06,0.0,0.0,0,0,Matches,,,,,,,,,,,,,,,1,,,,,,Matches,,25,,,,,,,,,,,27,,,,Matches,,,,,,,,,,,,,,,,,,,,,Matches,vitaliy mykolenko,0.2774586006999016,1.1418284978717566,0.2774586006999016,8.09473404660821,7.0455850679427385
1863,Joakim Mæhle,dk DEN,"MF,DF",Wolfsburg,de Bundesliga,28.0,1997.0,16,14,1222.0,13.6,1,2,3,1,0,0,1,0,0.07,0.15,0.22,0.07,0.22,Matches,1,14,3,21.4,1.03,0.22,0.07,0.33,0,0,Matches,,,,,,,,,,,,,,,2,,,,,,Matches,,22,,,,,,,,,,,20,,,,Matches,,,,,,,,,,,,,,,,,,,,,Matches,joakim m hle,,,,,
1864,David Møller Wolfe,no NOR,"MF,DF",Wolves,eng Premier League,23.0,2002.0,22,11,1049.0,11.7,0,2,2,0,0,0,1,0,0.0,0.17,0.17,0.0,0.17,Matches,0,3,0,0.0,0.26,0.0,0.0,,0,0,Matches,,,,,,,,,,,,,,,2,,,,,,Matches,,5,,,,,,,,,,,7,,,,Matches,,,,,,,,,,,,,,,,,,,,,Matches,david m ller wolfe,0.0825581811368465,1.304669253528118,0.0825581811368465,1.790265455842018,1.2973200660198927
1865,Obite N'Dicka,ci CIV,DF,Roma,it Serie A,25.0,1999.0,31,31,2680.0,29.8,3,0,3,3,0,0,5,0,0.1,0.0,0.1,0.1,0.1,Matches,3,23,6,26.1,0.77,0.2,0.13,0.5,0,0,Matches,,,,,,,,,,,,,,,0,,,,,,Matches,,16,,,,,,,,,,,45,,,,Matches,,,,,,,,,,,,,,,,,,,,,Matches,obite n dicka,,,,,
1866,Konan N'dri,ne NIG,MF,Lecce,it Serie A,24.0,2000.0,27,1,544.0,6.0,2,0,2,2,0,0,3,0,0.33,0.0,0.33,0.33,0.33,Matches,2,19,5,26.3,3.14,0.83,0.11,0.4,0,0,Matches,,,,,,,,,,,,,,,0,,,,,,Matches,,4,,,,,,,,,,,2,,,,Matches,,,,,,,,,,,,,,,,,,,,,Matches,konan n dri,0.7120508886873722,0.7715370021760464,0.7120508886873722,1.8670018333941696,0.8635849468410015
1867,Stanley N'Soki,fr FRA,"DF,MF",Union Berlin,de Bundesliga,26.0,1999.0,13,10,816.0,9.1,1,2,3,1,0,0,2,0,0.11,0.22,0.33,0.11,0.33,Matches,1,3,1,33.3,0.33,0.11,0.33,1.0,0,0,Matches,,,,,,,,,,,,,,,2,,,,,,Matches,,9,,,,,,,,,,,18,,,,Matches,,,,,,,,,,,,,,,,,,,,,Matches,stanley n soki,0.1332546882331371,0.2016350086778402,0.1332546882331371,1.0962544791400433,0.9779290817677976
1868,Bilal Nadir,ma MAR,MF,Marseille,fr Ligue 1,21.0,2003.0,20,5,598.0,6.6,0,4,4,0,0,0,6,1,0.0,0.6,0.6,0.0,0.6,Matches,0,7,1,14.3,1.05,0.15,0.0,0.0,0,0,Matches,,,,,,,,,,,,,,,4,,,,,,Matches,,9,,,,,,,,,,,6,,,,Matches,,,,,,,,,,,,,,,,,,,,,Matches,bilal nadir,0.3718383200466633,1.9472699239850044,0.3718383200466633,7.013857154175639,4.764937616884708
1869,Mahamadou Nagida,cm CMR,DF,Rennes,fr Ligue 1,20.0,2005.0,19,7,805.0,8.9,0,0,0,0,0,0,2,0,0.0,0.0,0.0,0.0,0.0,Matches,0,13,3,23.1,1.45,0.34,0.0,0.0,0,0,Matches,,,,,,,,,,,,,,,0,,,,,,Matches,,12,,,,,,,,,,,20,,,,Matches,,,,,,,,,,,,,,,,,,,,,Matches,mahamadou nagida,0.5822554156184196,0.1402588495984673,0.5822554156184196,3.799535229802132,3.1996151953935623
1871,Sebastian Nanasi,se SWE,MF,Strasbourg,fr Ligue 1,23.0,2002.0,19,11,1050.0,11.7,7,2,9,7,0,0,0,0,0.6,0.17,0.77,0.6,0.77,Matches,7,19,11,57.9,1.63,0.94,0.37,0.64,0,0,Matches,,,,,,,,,,,,,,,2,,,,,,Matches,,4,,,,,,,,,,,5,,,,Matches,,,,,,,,,,,,,,,,,,,,,Matches,sebastian nanasi,4.77130252122879,2.442550702020526,4.77130252122879,8.60329944267869,2.163847930729389
1873,Nikolas Nartey,dk DEN,MF,Stuttgart,de Bundesliga,25.0,2000.0,28,14,1256.0,14.0,4,3,7,4,0,0,2,0,0.29,0.21,0.5,0.29,0.5,Matches,4,22,12,54.5,1.58,0.86,0.18,0.33,0,0,Matches,,,,,,,,,,,,,,,3,,,,,,Matches,,12,,,,,,,,,,,10,,,,Matches,,,,,,,,,,,,,,,,,,,,,Matches,nikolas nartey,4.401471285149455,3.354308173060417,4.401471285149455,12.59413393214345,5.368743376806378
1874,Noah Nartey,dk DEN,"MF,FW",Lyon,fr Ligue 1,19.0,2005.0,11,5,545.0,6.1,2,0,2,2,0,0,0,0,0.33,0.0,0.33,0.33,0.33,Matches,2,5,2,40.0,0.83,0.33,0.4,1.0,0,0,Matches,,,,,,,,,,,,,,,0,,,,,,Matches,,6,,,,,,,,,,,2,,,,Matches,,,,,,,,,,,,,,,,,,,,,Matches,noah nartey,1.0777640342712402,0.0831712540239095,1.0777640342712402,2.997236616909504,1.9676812607795
1875,Natan,br BRA,DF,Real Betis,es La Liga,24.0,2001.0,33,32,2807.0,31.2,0,0,0,0,0,0,8,0,0.0,0.0,0.0,0.0,0.0,Matches,0,10,1,10.0,0.32,0.03,0.0,0.0,0,0,Matches,,,,,,,,,,,,,,,0,,,,,,Matches,,17,,,,,,,,,,,37,,,,Matches,,,,,,,,,,,,,,,,,,,,,Matches,natan,0.5199076561257243,0.3320370214059949,0.5199076561257243,7.9655610248446465,7.7015365883708
1876,Pau Navarro,es ESP,DF,Villarreal,es La Liga,20.0,2005.0,23,23,1921.0,21.3,0,0,0,0,0,0,4,0,0.0,0.0,0.0,0.0,0.0,Matches,0,2,2,100.0,0.09,0.09,0.0,0.0,0,0,Matches,,,,,,,,,,,,,,,0,,,,,,Matches,,35,,,,,,,,,,,18,,,,Matches,,,,,,,,,,,,,,,,,,,,,Matches,pau navarro,0.0560820512473583,0.4357209205627441,0.0560820512473583,6.9807911813259125,6.582743391394615
1877,Roberto Navarro,es ESP,MF,Athletic Club,es La Liga,23.0,2002.0,32,10,1307.0,14.5,6,1,7,6,0,0,1,0,0.41,0.07,0.48,0.41,0.48,Matches,6,21,10,47.6,1.45,0.69,0.29,0.6,0,0,Matches,,,,,,,,,,,,,,,1,,,,,,Matches,,10,,,,,,,,,,,7,,,,Matches,,,,,,,,,,,,,,,,,,,,,Matches,roberto navarro,3.3031710321083665,2.0628209859132767,3.3031710321083665,8.301526971161366,4.595135105773807
1878,Corrie Ndaba,ie IRL,DF,Lecce,it Serie A,25.0,1999.0,14,6,543.0,6.0,0,0,0,0,0,0,0,0,0.0,0.0,0.0,0.0,0.0,Matches,0,2,0,0.0,0.33,0.0,0.0,,0,0,Matches,,,,,,,,,,,,,,,0,,,,,,Matches,,4,,,,,,,,,,,3,,,,Matches,,,,,,,,,,,,,,,,,,,,,Matches,corrie ndaba,0.1293806582689285,0.0512220580130815,0.1293806582689285,0.6001188587397337,0.5618049502372742
1879,Michel Ndary Adopo,fr FRA,MF,Cagliari,it Serie A,25.0,2000.0,38,33,3050.0,33.9,1,2,3,1,0,0,4,0,0.03,0.06,0.09,0.03,0.09,Matches,1,28,11,39.3,0.83,0.32,0.04,0.09,0,0,Matches,,,,,,,,,,,,,,,2,,,,,,Matches,,32,,,,,,,,,,,31,,,,Matches,,,,,,,,,,,,,,,,,,,,,Matches,michel ndary adopo,2.5289438869804144,2.4404895724728703,2.5289438869804144,8.808407304808497,5.819650985300541
1881,Abdoulaye Ndiaye,sn SEN,DF,Parma,it Serie A,23.0,2002.0,11,9,780.0,8.7,0,0,0,0,0,0,5,1,0.0,0.0,0.0,0.0,0.0,Matches,0,6,0,0.0,0.69,0.0,0.0,,0,0,Matches,,,,,,,,,,,,,,,0,,,,,,Matches,,10,,,,,,,,,,,11,,,,Matches,,,,,,,,,,,,,,,,,,,,,Matches,abdoulaye ndiaye,,,,,
1882,Iliman Ndiaye,sn SEN,MF,Everton,eng Premier League,25.0,2000.0,32,32,2778.0,30.9,6,3,9,4,2,2,2,0,0.19,0.1,0.29,0.13,0.23,Matches,6,43,22,51.2,1.39,0.71,0.14,0.27,2,2,Matches,,,,,,,,,,,,,,,3,,,,,,Matches,,40,,,,,,,,,,,17,,,,Matches,,,,,,,,,,,,,,,,,,,,,Matches,iliman ndiaye,6.143797228112817,4.457025814801455,4.621459530666471,15.463790696114302,6.865662005729973
1883,Rassoul Ndiaye,sn SEN,MF,Le Havre,fr Ligue 1,23.0,2001.0,33,30,2566.0,28.5,4,4,8,4,0,0,2,0,0.14,0.14,0.28,0.14,0.28,Matches,4,34,9,26.5,1.19,0.32,0.12,0.44,0,0,Matches,,,,,,,,,,,,,,,4,,,,,,Matches,,32,,,,,,,,,,,17,,,,Matches,,,,,,,,,,,,,,,,,,,,,Matches,rassoul ndiaye,3.080671327188611,2.7814114429056644,3.080671327188611,9.35743105225265,4.941063133999705
1886,Cher Ndour,it ITA,MF,Fiorentina,it Serie A,21.0,2004.0,33,20,1876.0,20.8,3,0,3,3,0,0,2,0,0.14,0.0,0.14,0.14,0.14,Matches,3,24,8,33.3,1.15,0.38,0.13,0.38,0,0,Matches,,,,,,,,,,,,,,,0,,,,,,Matches,,17,,,,,,,,,,,15,,,,Matches,,,,,,,,,,,,,,,,,,,,,Matches,cher ndour,2.6130376681685448,0.347787800244987,2.6130376681685448,6.287419259548187,4.333774639293552
1887,Dan Ndoye,ch SUI,MF,Nottingham,eng Premier League,24.0,2000.0,24,14,1173.0,13.0,1,1,2,1,0,0,1,0,0.08,0.08,0.15,0.08,0.15,Matches,1,15,4,26.7,1.15,0.31,0.07,0.25,0,0,Matches,,,,,,,,,,,,,,,1,,,,,,Matches,,11,,,,,,,,,,,10,,,,Matches,,,,,,,,,,,,,,,,,,,,,Matches,dan ndoye,1.1724078450351954,1.552884567528963,1.1724078450351954,4.023802410811186,1.8127466365695
1890,Paul Nebel,de GER,MF,Mainz 05,de Bundesliga,22.0,2002.0,30,24,2073.0,23.0,5,2,7,5,0,0,2,2,0.22,0.09,0.3,0.22,0.3,Matches,5,32,8,25.0,1.39,0.35,0.16,0.63,0,0,Matches,,,,,,,,,,,,,,,2,,,,,,Matches,,30,,,,,,,,,,,12,,,,Matches,,,,,,,,,,,,,,,,,,,,,Matches,paul nebel,5.769457034766674,5.342756656929851,5.769457034766674,14.08178748562932,4.246757362037897
1892,Loïc Nego,hu HUN,"DF,MF",Le Havre,fr Ligue 1,34.0,1991.0,30,26,2339.0,26.0,0,0,0,0,0,0,3,0,0.0,0.0,0.0,0.0,0.0,Matches,0,16,3,18.8,0.62,0.12,0.0,0.0,0,0,Matches,,,,,,,,,,,,,,,0,,,,,,Matches,,36,,,,,,,,,,,32,,,,Matches,,,,,,,,,,,,,,,,,,,,,Matches,loic nego,0.5308519587852061,1.5366831179708242,0.5308519587852061,4.094172183424234,3.173476282507181
1895,Victor Nelsson,dk DEN,DF,Hellas Verona,it Serie A,26.0,1998.0,38,37,3315.0,36.8,0,0,0,0,0,0,4,0,0.0,0.0,0.0,0.0,0.0,Matches,0,8,1,12.5,0.22,0.03,0.0,0.0,0,0,Matches,,,,,,,,,,,,,,,0,,,,,,Matches,,45,,,,,,,,,,,75,,,,Matches,,,,,,,,,,,,,,,,,,,,,Matches,victor nelsson,0.4676975440233946,0.054815262556076,0.4676975440233946,4.07451512478292,3.9116749772802
1896,David Neres,br BRA,"FW,MF",Napoli,it Serie A,28.0,1997.0,16,10,922.0,10.2,3,3,6,3,0,0,3,0,0.29,0.29,0.59,0.29,0.59,Matches,3,17,4,23.5,1.66,0.39,0.18,0.75,0,0,Matches,,,,,,,,,,,,,,,3,,,,,,Matches,,5,,,,,,,,,,,1,,,,Matches,,,,,,,,,,,,,,,,,,,,,Matches,david neres,1.484556145966053,3.786104552447796,1.484556145966053,7.352409522980452,3.5680493600666523
1897,Martim Neto,pt POR,MF,Elche,es La Liga,22.0,2003.0,25,15,1347.0,15.0,2,5,7,2,0,0,3,0,0.13,0.33,0.47,0.13,0.47,Matches,2,12,4,33.3,0.8,0.27,0.17,0.5,0,0,Matches,,,,,,,,,,,,,,,5,,,,,,Matches,,12,,,,,,,,,,,2,,,,Matches,,,,,,,,,,,,,,,,,,,,,Matches,martim neto,1.0407912489026785,2.8169090934097767,1.0407912489026785,6.866276768967509,4.922171989455819
1898,Pedro Neto,pt POR,"MF,FW",Chelsea,eng Premier League,25.0,2000.0,34,30,2631.0,29.2,5,6,11,5,0,0,4,1,0.17,0.21,0.38,0.17,0.38,Matches,5,46,13,28.3,1.57,0.44,0.11,0.38,0,0,Matches,,,,,,,,,,,,,,,6,,,,,,Matches,,11,,,,,,,,,,,6,,,,Matches,,,,,,,,,,,,,,,,,,,,,Matches,pedro neto,5.149658527225256,7.933838244527578,5.149658527225256,19.275073874741796,9.826909113675356
1899,Luca Netz,de GER,"MF,DF",Gladbach,de Bundesliga,22.0,2003.0,15,10,940.0,10.4,0,2,2,0,0,0,1,0,0.0,0.19,0.19,0.0,0.19,Matches,0,2,0,0.0,0.19,0.0,0.0,,0,0,Matches,,,,,,,,,,,,,,,2,,,,,,Matches,,10,,,,,,,,,,,7,,,,Matches,,,,,,,,,,,,,,,,,,,,,Matches,luca netz,0.0,0.0980577766895294,0.0,3.1005989462137222,3.084221720695496
1901,Manuel Neuer,de GER,GK,Bayern Munich,de Bundesliga,39.0,1986.0,22,22,1859.0,20.7,0,0,0,0,0,0,0,0,0.0,0.0,0.0,0.0,0.0,Matches,0,0,0,,0.0,0.0,,,0,0,Matches,,,,,,,,,,,,,,,0,,,,,,Matches,,0,,,,,,,,,,,0,,,,Matches,,,,,,,,,,,,,,,,,,,,,Matches,manuel neuer,0.0,0.0,0.0,7.137187179178,7.137187179178
1902,Florian Neuhaus,de GER,"MF,FW",Gladbach,de Bundesliga,28.0,1997.0,17,11,930.0,10.3,0,1,1,0,0,0,0,0,0.0,0.1,0.1,0.0,0.1,Matches,0,22,6,27.3,2.13,0.58,0.0,0.0,0,0,Matches,,,,,,,,,,,,,,,1,,,,,,Matches,,7,,,,,,,,,,,9,,,,Matches,,,,,,,,,,,,,,,,,,,,,Matches,florian neuhaus,1.392402342054993,1.0026175901293757,1.392402342054993,4.8506131283938885,3.389763910323381
1904,João Neves,pt POR,MF,PSG,fr Ligue 1,20.0,2004.0,21,13,1287.0,14.3,5,1,6,5,0,0,0,0,0.35,0.07,0.42,0.35,0.42,Matches,5,27,6,22.2,1.89,0.42,0.19,0.83,0,0,Matches,,,,,,,,,,,,,,,1,,,,,,Matches,,14,,,,,,,,,,,6,,,,Matches,,,,,,,,,,,,,,,,,,,,,Matches,joao neves,3.160619251430034,2.475291315466165,3.160619251430034,9.292038716375828,7.089921586215496
1907,Oumar Ngom,mr MTN,MF,Lecce,it Serie A,21.0,2004.0,15,10,842.0,9.4,0,0,0,0,0,0,1,0,0.0,0.0,0.0,0.0,0.0,Matches,0,5,2,40.0,0.53,0.21,0.0,0.0,0,0,Matches,,,,,,,,,,,,,,,0,,,,,,Matches,,15,,,,,,,,,,,12,,,,Matches,,,,,,,,,,,,,,,,,,,,,Matches,oumar ngom,0.2407711967825889,0.1907979715615511,0.2407711967825889,1.060145461931825,0.8156507313251495
1908,Cyril Ngonge,be BEL,FW,Torino,it Serie A,25.0,2000.0,20,11,994.0,11.0,1,1,2,1,0,0,2,0,0.09,0.09,0.18,0.09,0.18,Matches,1,24,12,50.0,2.17,1.09,0.04,0.08,0,0,Matches,,,,,,,,,,,,,,,1,,,,,,Matches,,4,,,,,,,,,,,2,,,,Matches,,,,,,,,,,,,,,,,,,,,,Matches,cyril ngonge,0.4527680687606334,1.3367659226059914,0.4527680687606334,1.2892310991883278,0.1015374576672911
1912,Nathan Ngoy,be BEL,DF,Lille,fr Ligue 1,22.0,2003.0,29,27,2405.0,26.7,1,2,3,1,0,0,10,1,0.04,0.07,0.11,0.04,0.11,Matches,1,22,6,27.3,0.82,0.22,0.05,0.17,0,0,Matches,,,,,,,,,,,,,,,2,,,,,,Matches,,21,,,,,,,,,,,38,,,,Matches,,,,,,,,,,,,,,,,,,,,,Matches,nathan ngoy,1.562451058998704,1.2294035255908966,1.562451058998704,10.76134012453258,10.554853018373253
1914,Rio Ngumoha,eng ENG,MF,Liverpool,eng Premier League,16.0,2008.0,19,5,560.0,6.2,2,1,3,2,0,0,0,0,0.32,0.16,0.48,0.32,0.48,Matches,2,16,6,37.5,2.57,0.96,0.13,0.33,0,0,Matches,,,,,,,,,,,,,,,1,,,,,,Matches,,2,,,,,,,,,,,3,,,,Matches,,,,,,,,,,,,,,,,,,,,,Matches,rio ngumoha,1.2214453928172588,2.126121360808611,1.2214453928172588,4.779051471501589,1.6543097691610456
1915,Moussa Niakhaté,sn SEN,DF,Lyon,fr Ligue 1,29.0,1996.0,32,30,2759.0,30.7,0,2,2,0,0,0,3,0,0.0,0.07,0.07,0.0,0.07,Matches,0,4,0,0.0,0.13,0.0,0.0,,0,0,Matches,,,,,,,,,,,,,,,2,,,,,,Matches,,22,,,,,,,,,,,32,,,,Matches,,,,,,,,,,,,,,,,,,,,,Matches,moussa niakhate,0.1709757754579186,0.8175685852766037,0.1709757754579186,13.671839209273458,13.137365105561912
1917,Tanguy Nianzou,fr FRA,DF,Sevilla,es La Liga,23.0,2002.0,12,8,655.0,7.3,0,0,0,0,0,0,5,1,0.0,0.0,0.0,0.0,0.0,Matches,0,9,0,0.0,1.24,0.0,0.0,,0,0,Matches,,,,,,,,,,,,,,,0,,,,,,Matches,,10,,,,,,,,,,,4,,,,Matches,,,,,,,,,,,,,,,,,,,,,Matches,tanguy nianzou,,,,,
1918,Cheikh Niasse,sn SEN,MF,Hellas Verona,it Serie A,25.0,2000.0,19,11,970.0,10.8,0,1,1,0,0,0,1,0,0.0,0.09,0.09,0.0,0.09,Matches,0,6,1,16.7,0.56,0.09,0.0,0.0,0,0,Matches,,,,,,,,,,,,,,,1,,,,,,Matches,,14,,,,,,,,,,,15,,,,Matches,,,,,,,,,,,,,,,,,,,,,Matches,cheikh niasse,0.1757795037701726,0.5936807617545128,0.1757795037701726,2.713234404101968,2.0721419416368008
1920,Rasmus Nicolaisen,dk DEN,DF,Toulouse,fr Ligue 1,28.0,1997.0,32,30,2564.0,28.5,1,0,1,1,0,0,4,0,0.04,0.0,0.04,0.04,0.04,Matches,1,15,5,33.3,0.53,0.18,0.07,0.2,0,0,Matches,,,,,,,,,,,,,,,0,,,,,,Matches,,16,,,,,,,,,,,40,,,,Matches,,,,,,,,,,,,,,,,,,,,,Matches,rasmus nicolaisen,0.8822177099063993,0.097613513469696,0.8822177099063993,4.627384912222624,4.41113942489028
1921,Moritz Nicolas,de GER,GK,Gladbach,de Bundesliga,27.0,1997.0,34,34,3060.0,34.0,0,0,0,0,0,0,1,0,0.0,0.0,0.0,0.0,0.0,Matches,0,0,0,,0.0,0.0,,,0,0,Matches,,,,,,,,,,,,,,,0,,,,,,Matches,,1,,,,,,,,,,,0,,,,Matches,,,,,,,,,,,,,,,,,,,,,Matches,moritz nicolas,0.0,0.3480205573141575,0.0,4.788933951407671,4.440913397818804
1922,Hans Nicolussi Caviglia,it ITA,MF,Fiorentina,it Serie A,25.0,2000.0,11,7,585.0,6.5,0,1,1,0,0,0,4,0,0.0,0.15,0.15,0.0,0.15,Matches,0,4,1,25.0,0.62,0.15,0.0,0.0,0,0,Matches,,,,,,,,,,,,,,,1,,,,,,Matches,,7,,,,,,,,,,,3,,,,Matches,,,,,,,,,,,,,,,,,,,,,Matches,hans nicolussi caviglia,0.8566823797300458,1.7445766404271126,0.8566823797300458,4.350880516692996,3.1315471809357405
1923,Hans Nicolussi Caviglia,it ITA,MF,Parma,it Serie A,25.0,2000.0,15,10,869.0,9.7,0,3,3,0,0,0,0,0,0.0,0.31,0.31,0.0,0.31,Matches,0,16,2,12.5,1.66,0.21,0.0,0.0,0,0,Matches,,,,,,,,,,,,,,,3,,,,,,Matches,,8,,,,,,,,,,,3,,,,Matches,,,,,,,,,,,,,,,,,,,,,Matches,hans nicolussi caviglia,0.8566823797300458,1.7445766404271126,0.8566823797300458,4.350880516692996,3.1315471809357405
1924,Julian Niehues,de GER,MF,Heidenheim,de Bundesliga,24.0,2001.0,24,17,1383.0,15.4,3,0,3,3,0,0,1,0,0.2,0.0,0.2,0.2,0.2,Matches,3,18,5,27.8,1.17,0.33,0.17,0.6,0,0,Matches,,,,,,,,,,,,,,,0,,,,,,Matches,,10,,,,,,,,,,,23,,,,Matches,,,,,,,,,,,,,,,,,,,,,Matches,julian niehues,2.098195953294635,0.7285752408206463,2.098195953294635,4.336162481456995,2.817117601633072
1925,Oliver Nielsen,dk DEN,DF,Lazio,it Serie A,22.0,2003.0,26,13,1536.0,17.1,0,0,0,0,0,0,3,0,0.0,0.0,0.0,0.0,0.0,Matches,0,6,2,33.3,0.35,0.12,0.0,0.0,0,0,Matches,,,,,,,,,,,,,,,0,,,,,,Matches,,6,,,,,,,,,,,16,,,,Matches,,,,,,,,,,,,,,,,,,,,,Matches,oliver nielsen,,,,,
1927,Justin Njinmah,de GER,"FW,MF",Werder Bremen,de Bundesliga,24.0,2000.0,33,22,1947.0,21.6,5,0,5,5,0,0,2,0,0.23,0.0,0.23,0.23,0.23,Matches,5,62,23,37.1,2.87,1.06,0.08,0.22,0,0,Matches,,,,,,,,,,,,,,,0,,,,,,Matches,,14,,,,,,,,,,,6,,,,Matches,,,,,,,,,,,,,,,,,,,,,Matches,justin njinmah,6.778727872297168,1.2397968284785748,6.778727872297168,11.163103096187116,3.214089992456138
1928,Obed Nkambadio,fr FRA,GK,Paris FC,fr Ligue 1,22.0,2003.0,12,12,1080.0,12.0,0,0,0,0,0,0,0,0,0.0,0.0,0.0,0.0,0.0,Matches,0,0,0,,0.0,0.0,,,0,0,Matches,,,,,,,,,,,,,,,0,,,,,,Matches,,0,,,,,,,,,,,0,,,,Matches,,,,,,,,,,,,,,,,,,,,,Matches,obed nkambadio,0.0,0.0066623808816075,0.0,3.50345600116998,3.496793620288372
1931,Christopher Nkunku,fr FRA,FW,Milan,it Serie A,27.0,1997.0,32,15,1356.0,15.1,7,3,10,2,5,5,0,0,0.46,0.2,0.66,0.13,0.33,Matches,7,29,16,55.2,1.92,1.06,0.24,0.44,5,5,Matches,,,,,,,,,,,,,,,3,,,,,,Matches,,2,,,,,,,,,,,2,,,,Matches,,,,,,,,,,,,,,,,,,,,,Matches,christopher nkunku,9.940500289201736,1.6137207765132189,6.134006172418594,8.721460867673159,2.4926984682679176
1932,Felix Nmecha,de GER,MF,Dortmund,de Bundesliga,24.0,2000.0,29,25,2176.0,24.2,2,3,5,2,0,1,0,0,0.08,0.12,0.21,0.08,0.21,Matches,2,33,7,21.2,1.36,0.29,0.06,0.29,0,1,Matches,,,,,,,,,,,,,,,3,,,,,,Matches,,23,,,,,,,,,,,25,,,,Matches,,,,,,,,,,,,,,,,,,,,,Matches,felix nmecha,3.364070465788245,1.8235643226653335,2.6062937285751104,12.040448106825352,9.09173360094428
1933,Lukas Nmecha,de GER,FW,Leeds United,eng Premier League,26.0,1998.0,31,10,1083.0,12.0,6,1,7,4,2,3,0,0,0.5,0.08,0.58,0.33,0.42,Matches,6,30,16,53.3,2.49,1.33,0.2,0.38,2,3,Matches,,,,,,,,,,,,,,,1,,,,,,Matches,,7,,,,,,,,,,,3,,,,Matches,,,,,,,,,,,,,,,,,,,,,Matches,lukas nmecha,8.14029767177999,1.684540869668126,5.856791136786342,6.9614828154444695,1.4674436636269093
1936,Arnaud Nordin,fr FRA,"MF,FW",Mainz 05,de Bundesliga,27.0,1998.0,13,5,469.0,5.2,0,0,0,0,0,0,0,0,0.0,0.0,0.0,0.0,0.0,Matches,0,13,2,15.4,2.49,0.38,0.0,0.0,0,0,Matches,,,,,,,,,,,,,,,0,,,,,,Matches,,6,,,,,,,,,,,3,,,,Matches,,,,,,,,,,,,,,,,,,,,,Matches,arnaud nordin,0.7219278290867805,0.140843529254198,0.7219278290867805,1.0664126202464104,0.3882246594876051
1937,Arnaud Nordin,fr FRA,"FW,MF",Rennes,fr Ligue 1,27.0,1998.0,10,7,570.0,6.3,1,2,3,1,0,0,1,0,0.16,0.32,0.47,0.16,0.47,Matches,1,20,5,25.0,3.16,0.79,0.05,0.2,0,0,Matches,,,,,,,,,,,,,,,2,,,,,,Matches,,6,,,,,,,,,,,0,,,,Matches,,,,,,,,,,,,,,,,,,,,,Matches,arnaud nordin,0.7219278290867805,0.140843529254198,0.7219278290867805,1.0664126202464104,0.3882246594876051
1938,Brooke Norton-Cuffy,eng ENG,"MF,DF",Genoa,it Serie A,21.0,2004.0,27,25,2212.0,24.6,2,1,3,2,0,0,5,1,0.08,0.04,0.12,0.08,0.12,Matches,2,15,6,40.0,0.61,0.24,0.13,0.33,0,0,Matches,,,,,,,,,,,,,,,1,,,,,,Matches,,31,,,,,,,,,,,11,,,,Matches,,,,,,,,,,,,,,,,,,,,,Matches,brooke norton cuffy,2.006999369710684,1.8840869069099424,2.006999369710684,7.148176729679108,3.5529703898355365
1939,Tijjani Noslin,nl NED,FW,Lazio,it Serie A,26.0,1999.0,29,9,1148.0,12.8,4,2,6,4,0,0,6,1,0.31,0.16,0.47,0.31,0.47,Matches,4,35,13,37.1,2.74,1.02,0.11,0.31,0,0,Matches,,,,,,,,,,,,,,,2,,,,,,Matches,,6,,,,,,,,,,,3,,,,Matches,,,,,,,,,,,,,,,,,,,,,Matches,tijjani noslin,4.319302462972701,2.387575278058648,4.319302462972701,8.645486512221396,3.176832916215062
1944,Alexander Nübel,de GER,GK,Stuttgart,de Bundesliga,28.0,1996.0,34,34,3060.0,34.0,0,1,1,0,0,0,0,0,0.0,0.03,0.03,0.0,0.03,Matches,0,0,0,,0.0,0.0,,,0,0,Matches,,,,,,,,,,,,,,,1,,,,,,Matches,,0,,,,,,,,,,,1,,,,Matches,,,,,,,,,,,,,,,,,,,,,Matches,alexander nubel,0.0,0.3682400248944759,0.0,7.689679289236665,7.51086644269526
1945,Matheus Nunes,pt POR,DF,Manchester City,eng Premier League,26.0,1998.0,34,32,2862.0,31.8,1,5,6,1,0,0,5,0,0.03,0.16,0.19,0.03,0.19,Matches,1,7,2,28.6,0.22,0.06,0.14,0.5,0,0,Matches,,,,,,,,,,,,,,,5,,,,,,Matches,,41,,,,,,,,,,,29,,,,Matches,,,,,,,,,,,,,,,,,,,,,Matches,matheus nunes,0.6754733501002192,3.0990526378154755,0.6754733501002192,22.104165941476825,20.289072543382645
1946,Álvaro Núñez,es ESP,"DF,MF",Elche,es La Liga,25.0,2000.0,19,19,1647.0,18.3,0,2,2,0,0,0,2,0,0.0,0.11,0.11,0.0,0.11,Matches,0,4,0,0.0,0.22,0.0,0.0,,0,0,Matches,,,,,,,,,,,,,,,2,,,,,,Matches,,15,,,,,,,,,,,15,,,,Matches,,,,,,,,,,,,,,,,,,,,,Matches,alvaro nunez,0.2243863698095083,2.5366643499583006,0.2243863698095083,9.689458632841706,8.704271027818322
1948,Unai Núñez,es ESP,DF,Hellas Verona,it Serie A,28.0,1997.0,17,15,1265.0,14.1,0,0,0,0,0,0,6,0,0.0,0.0,0.0,0.0,0.0,Matches,0,7,1,14.3,0.5,0.07,0.0,0.0,0,0,Matches,,,,,,,,,,,,,,,0,,,,,,Matches,,18,,,,,,,,,,,23,,,,Matches,,,,,,,,,,,,,,,,,,,,,Matches,unai nunez,0.3963765976950526,0.3761296048760414,0.3963765976950526,2.810891135595739,2.466373040340841
1949,Unai Núñez,es ESP,DF,Valencia,es La Liga,28.0,1997.0,13,10,911.0,10.1,0,0,0,0,0,0,3,0,0.0,0.0,0.0,0.0,0.0,Matches,0,9,1,11.1,0.89,0.1,0.0,0.0,0,0,Matches,,,,,,,,,,,,,,,0,,,,,,Matches,,11,,,,,,,,,,,11,,,,Matches,,,,,,,,,,,,,,,,,,,,,Matches,unai nunez,0.3963765976950526,0.3761296048760414,0.3963765976950526,2.810891135595739,2.466373040340841
1951,Antonio Nusa,no NOR,"FW,MF",RB Leipzig,de Bundesliga,20.0,2005.0,31,24,2027.0,22.5,4,3,7,4,0,0,0,0,0.18,0.13,0.31,0.18,0.31,Matches,4,61,20,32.8,2.71,0.89,0.07,0.2,0,0,Matches,,,,,,,,,,,,,,,3,,,,,,Matches,,14,,,,,,,,,,,7,,,,Matches,,,,,,,,,,,,,,,,,,,,,Matches,antonio nusa,5.204239755868912,4.748528776690364,5.204239755868912,16.717872930690646,8.048371147364378
1954,Ørjan Nyland,no NOR,GK,Sevilla,es La Liga,34.0,1990.0,5,5,450.0,5.0,0,0,0,0,0,0,1,0,0.0,0.0,0.0,0.0,0.0,Matches,0,0,0,,0.0,0.0,,,0,0,Matches,,,,,,,,,,,,,,,0,,,,,,Matches,,0,,,,,,,,,,,0,,,,Matches,,,,,,,,,,,,,,,,,,,,,Matches,rjan nyland,0.0,0.0,0.0,0.8262858241796494,0.8262858241796494
1955,Allan Nyom,cm CMR,DF,Getafe,es La Liga,37.0,1988.0,15,7,523.0,5.8,0,1,1,0,0,0,6,1,0.0,0.17,0.17,0.0,0.17,Matches,0,3,1,33.3,0.52,0.17,0.0,0.0,0,0,Matches,,,,,,,,,,,,,,,1,,,,,,Matches,,6,,,,,,,,,,,1,,,,Matches,,,,,,,,,,,,,,,,,,,,,Matches,allan nyom,0.1312073022127151,1.1202348694205284,0.1312073022127151,1.2234054617583752,0.0132335685193538
1958,M'Bala Nzola,ao ANG,FW,Pisa,it Serie A,28.0,1996.0,16,11,1052.0,11.7,3,0,3,1,2,3,1,1,0.26,0.0,0.26,0.09,0.09,Matches,3,28,7,25.0,2.4,0.6,0.11,0.43,2,3,Matches,,,,,,,,,,,,,,,0,,,,,,Matches,,2,,,,,,,,,,,1,,,,Matches,,,,,,,,,,,,,,,,,,,,,Matches,m bala nzola,,,,,
1959,M'Bala Nzola,ao ANG,FW,Sassuolo,it Serie A,28.0,1996.0,14,4,473.0,5.3,1,1,2,1,0,0,1,0,0.19,0.19,0.38,0.19,0.38,Matches,1,11,4,36.4,2.09,0.76,0.09,0.25,0,0,Matches,,,,,,,,,,,,,,,1,,,,,,Matches,,2,,,,,,,,,,,1,,,,Matches,,,,,,,,,,,,,,,,,,,,,Matches,m bala nzola,,,,,
1961,Jake O'Brien,ie IRL,DF,Everton,eng Premier League,24.0,2001.0,37,35,3120.0,34.7,1,1,2,1,0,0,6,1,0.03,0.03,0.06,0.03,0.06,Matches,1,13,6,46.2,0.37,0.17,0.08,0.17,0,0,Matches,,,,,,,,,,,,,,,1,,,,,,Matches,,32,,,,,,,,,,,13,,,,Matches,,,,,,,,,,,,,,,,,,,,,Matches,jake o brien,1.3068652302026749,0.7244354635477066,1.3068652302026749,6.48744806367904,5.052895814180374
1962,Luke O'Nien,eng ENG,DF,Sunderland,eng Premier League,30.0,1994.0,12,5,569.0,6.3,0,1,1,0,0,0,1,1,0.0,0.16,0.16,0.0,0.16,Matches,0,4,1,25.0,0.63,0.16,0.0,0.0,0,0,Matches,,,,,,,,,,,,,,,1,,,,,,Matches,,6,,,,,,,,,,,6,,,,Matches,,,,,,,,,,,,,,,,,,,,,Matches,luke o nien,0.2098914235830307,0.1062447875738143,0.2098914235830307,2.222415253520012,1.9999188929796217
1963,Nico O'Reilly,eng ENG,"DF,MF",Manchester City,eng Premier League,20.0,2005.0,34,29,2646.0,29.4,5,3,8,5,0,0,5,0,0.17,0.1,0.27,0.17,0.27,Matches,5,41,15,36.6,1.39,0.51,0.12,0.33,0,0,Matches,,,,,,,,,,,,,,,3,,,,,,Matches,,36,,,,,,,,,,,20,,,,Matches,,,,,,,,,,,,,,,,,,,,,Matches,nico o reilly,6.727011270821095,3.847439743578434,6.727011270821095,21.241205548867583,14.797816466540098
1964,Matt O'Riley,dk DEN,MF,Marseille,fr Ligue 1,24.0,2000.0,15,6,741.0,8.2,1,2,3,1,0,0,2,0,0.12,0.24,0.36,0.12,0.36,Matches,1,7,3,42.9,0.85,0.36,0.14,0.33,0,0,Matches,,,,,,,,,,,,,,,2,,,,,,Matches,,8,,,,,,,,,,,6,,,,Matches,,,,,,,,,,,,,,,,,,,,,Matches,matt o riley,0.8605696111917496,3.089729510247708,0.8605696111917496,6.183519525453448,4.171106377616525
1966,Adam Obert,sk SVK,"DF,MF",Cagliari,it Serie A,22.0,2002.0,35,33,2771.0,30.8,0,3,3,0,0,0,10,1,0.0,0.1,0.1,0.0,0.1,Matches,0,10,3,30.0,0.32,0.1,0.0,0.0,0,0,Matches,,,,,,,,,,,,,,,3,,,,,,Matches,,32,,,,,,,,,,,44,,,,Matches,,,,,,,,,,,,,,,,,,,,,Matches,adam obert,1.3562092930078506,3.709252428263426,1.3562092930078506,9.10701741091907,7.374641459435224
1967,Jan Oblak,si SVN,GK,Atlético Madrid,es La Liga,32.0,1993.0,30,30,2700.0,30.0,0,0,0,0,0,0,0,0,0.0,0.0,0.0,0.0,0.0,Matches,0,0,0,,0.0,0.0,,,0,0,Matches,,,,,,,,,,,,,,,0,,,,,,Matches,,0,,,,,,,,,,,0,,,,Matches,,,,,,,,,,,,,,,,,,,,,Matches,jan oblak,0.0,0.0,0.0,5.149367045611143,5.149367045611143
1969,Rafel Obrador,es ESP,MF,Torino,it Serie A,21.0,2004.0,16,14,1116.0,12.4,1,3,4,1,0,0,1,0,0.08,0.24,0.32,0.08,0.32,Matches,1,7,2,28.6,0.56,0.16,0.14,0.5,0,0,Matches,,,,,,,,,,,,,,,3,,,,,,Matches,,8,,,,,,,,,,,12,,,,Matches,,,,,,,,,,,,,,,,,,,,,Matches,rafel obrador,0.1724091228097677,1.056434327736497,0.1724091228097677,2.803703337907791,2.079035528004169
1972,Jens Odgaard,dk DEN,MF,Bologna,it Serie A,26.0,1999.0,26,16,1378.0,15.3,5,1,6,5,0,0,1,0,0.33,0.07,0.39,0.33,0.39,Matches,5,35,13,37.1,2.29,0.85,0.14,0.38,0,0,Matches,,,,,,,,,,,,,,,1,,,,,,Matches,,12,,,,,,,,,,,4,,,,Matches,,,,,,,,,,,,,,,,,,,,,Matches,jens odgaard,2.728798510506749,0.936283141374588,2.728798510506749,5.993094911798835,3.132464464753866
1973,Wilson Odobert,fr FRA,"MF,FW",Tottenham,eng Premier League,20.0,2004.0,24,10,985.0,10.9,0,2,2,0,0,0,0,0,0.0,0.18,0.18,0.0,0.18,Matches,0,21,8,38.1,1.92,0.73,0.0,0.0,0,0,Matches,,,,,,,,,,,,,,,2,,,,,,Matches,,8,,,,,,,,,,,0,,,,Matches,,,,,,,,,,,,,,,,,,,,,Matches,wilson odobert,2.460178238339722,1.9524234533309937,2.460178238339722,5.9682222586125135,2.8834201879799366
1978,Ifechukwu Ogbus,ch SUI,DF,Freiburg,de Bundesliga,19.0,2005.0,18,14,1177.0,13.1,0,0,0,0,0,0,1,0,0.0,0.0,0.0,0.0,0.0,Matches,0,5,2,40.0,0.38,0.15,0.0,0.0,0,0,Matches,,,,,,,,,,,,,,,0,,,,,,Matches,,16,,,,,,,,,,,13,,,,Matches,,,,,,,,,,,,,,,,,,,,,Matches,ifechukwu ogbus,0.7863243324682117,0.0279476325958967,0.7863243324682117,3.66468408331275,3.310525771230459
1980,Noah Okafor,ch SUI,"FW,MF",Leeds United,eng Premier League,25.0,2000.0,28,19,1561.0,17.3,8,1,9,8,0,0,3,0,0.46,0.06,0.52,0.46,0.52,Matches,8,35,15,42.9,2.02,0.86,0.23,0.53,0,0,Matches,,,,,,,,,,,,,,,1,,,,,,Matches,,15,,,,,,,,,,,12,,,,Matches,,,,,,,,,,,,,,,,,,,,,Matches,noah okafor,6.296696716919541,2.259315438568592,6.296696716919541,10.915966423228385,3.821857213973999
1982,Bryan Okoh,ch SUI,DF,Auxerre,fr Ligue 1,22.0,2003.0,13,12,1005.0,11.2,3,0,3,3,0,0,2,0,0.27,0.0,0.27,0.27,0.27,Matches,3,8,3,37.5,0.72,0.27,0.38,1.0,0,0,Matches,,,,,,,,,,,,,,,0,,,,,,Matches,,9,,,,,,,,,,,26,,,,Matches,,,,,,,,,,,,,,,,,,,,,Matches,bryan okoh,0.9676289018243552,0.2563950940966606,0.9676289018243552,1.8299480453133583,1.6139809861779213
1983,Maduka Okoye,ng NGA,GK,Udinese,it Serie A,25.0,1999.0,30,30,2616.0,29.1,0,0,0,0,0,0,1,1,0.0,0.0,0.0,0.0,0.0,Matches,0,0,0,,0.0,0.0,,,0,0,Matches,,,,,,,,,,,,,,,0,,,,,,Matches,,0,,,,,,,,,,,0,,,,Matches,,,,,,,,,,,,,,,,,,,,,Matches,maduka okoye,0.0,0.0713610853999853,0.0,1.990268925204873,1.973937455564737
1985,Olasagasti,es ESP,MF,Levante,es La Liga,24.0,2000.0,33,18,1734.0,19.3,1,5,6,1,0,0,2,1,0.05,0.26,0.31,0.05,0.31,Matches,1,28,9,32.1,1.45,0.47,0.04,0.11,0,0,Matches,,,,,,,,,,,,,,,5,,,,,,Matches,,15,,,,,,,,,,,14,,,,Matches,,,,,,,,,,,,,,,,,,,,,Matches,olasagasti,2.1322602536529303,4.480237754993141,2.1322602536529303,7.844179574400186,4.710497124120593
1986,Michael Olise,fr FRA,MF,Bayern Munich,de Bundesliga,23.0,2001.0,32,23,2316.0,25.7,15,19,34,15,0,0,8,0,0.58,0.74,1.32,0.58,1.32,Matches,15,102,50,49.0,3.96,1.94,0.15,0.3,0,0,Matches,,,,,,,,,,,,,,,19,,,,,,Matches,,11,,,,,,,,,,,14,,,,Matches,,,,,,,,,,,,,,,,,,,,,Matches,michael olise,11.545709690079091,17.044203309342265,11.545709690079091,39.00864061713219,16.973004333674908
1987,Mathías Olivera,uy URU,"DF,MF",Napoli,it Serie A,27.0,1997.0,25,15,1370.0,15.2,0,0,0,0,0,0,3,0,0.0,0.0,0.0,0.0,0.0,Matches,0,8,3,37.5,0.53,0.2,0.0,0.0,0,0,Matches,,,,,,,,,,,,,,,0,,,,,,Matches,,22,,,,,,,,,,,16,,,,Matches,,,,,,,,,,,,,,,,,,,,,Matches,mathias olivera,1.7913433331996202,0.5973206851631403,1.7913433331996202,7.217204011976719,5.740894721820951
1989,Dani Olmo,es ESP,MF,Barcelona,es La Liga,27.0,1998.0,33,24,2067.0,23.0,7,8,15,7,0,0,1,0,0.3,0.35,0.65,0.3,0.65,Matches,7,70,21,30.0,3.05,0.91,0.1,0.33,0,0,Matches,,,,,,,,,,,,,,,8,,,,,,Matches,,23,,,,,,,,,,,14,,,,Matches,,,,,,,,,,,,,,,,,,,,,Matches,dani olmo,8.75443153269589,6.657491793856025,8.75443153269589,22.55907628685236,10.709148935973644
1991,Tani Oluwaseyi,ca CAN,FW,Villarreal,es La Liga,25.0,2000.0,27,9,901.0,10.0,2,2,4,2,0,0,1,0,0.2,0.2,0.4,0.2,0.4,Matches,2,16,7,43.8,1.6,0.7,0.13,0.29,0,0,Matches,,,,,,,,,,,,,,,2,,,,,,Matches,,5,,,,,,,,,,,1,,,,Matches,,,,,,,,,,,,,,,,,,,,,Matches,tani oluwaseyi,3.61861627176404,2.047514596953988,3.61861627176404,5.991559530608356,0.396169975399971
1992,Warmed Omari,km COM,DF,Hamburger SV,de Bundesliga,25.0,2000.0,20,17,1605.0,17.8,0,1,1,0,0,0,0,0,0.0,0.06,0.06,0.0,0.06,Matches,0,3,1,33.3,0.17,0.06,0.0,0.0,0,0,Matches,,,,,,,,,,,,,,,1,,,,,,Matches,,19,,,,,,,,,,,28,,,,Matches,,,,,,,,,,,,,,,,,,,,,Matches,warmed omari,0.0689202584326267,0.4060542713850736,0.0689202584326267,2.701174132525921,2.4303623382002115
1993,Andrew Omobamidele,ie IRL,DF,Strasbourg,fr Ligue 1,23.0,2002.0,25,13,1357.0,15.1,1,0,1,1,0,0,4,0,0.07,0.0,0.07,0.07,0.07,Matches,1,4,3,75.0,0.27,0.2,0.25,0.33,0,0,Matches,,,,,,,,,,,,,,,0,,,,,,Matches,,4,,,,,,,,,,,16,,,,Matches,,,,,,,,,,,,,,,,,,,,,Matches,andrew omobamidele,0.9338973155245184,0.0,0.9338973155245184,6.619090389460325,6.619090389460325
1994,Amadou Onana,be BEL,MF,Aston Villa,eng Premier League,23.0,2001.0,25,21,1758.0,19.5,2,0,2,2,0,0,3,0,0.1,0.0,0.1,0.1,0.1,Matches,2,19,7,36.8,0.97,0.36,0.11,0.29,0,0,Matches,,,,,,,,,,,,,,,0,,,,,,Matches,,30,,,,,,,,,,,19,,,,Matches,,,,,,,,,,,,,,,,,,,,,Matches,amadou onana,2.772524105384946,0.5039298757910728,2.772524105384946,6.815283706411719,5.313166355714202
1996,Jacob Ondrejka,se SWE,"FW,MF",Parma,it Serie A,22.0,2002.0,16,9,773.0,8.6,0,0,0,0,0,0,2,0,0.0,0.0,0.0,0.0,0.0,Matches,0,21,7,33.3,2.45,0.82,0.0,0.0,0,0,Matches,,,,,,,,,,,,,,,0,,,,,,Matches,,2,,,,,,,,,,,2,,,,Matches,,,,,,,,,,,,,,,,,,,,,Matches,jacob ondrejka,1.423084044829011,0.4258564375340938,1.423084044829011,2.751455696299672,1.0622229920700192
1999,Loïs Openda,be BEL,"FW,MF",Juventus,it Serie A,25.0,2000.0,24,6,666.0,7.4,1,0,1,1,0,0,0,0,0.14,0.0,0.14,0.14,0.14,Matches,1,26,6,23.1,3.51,0.81,0.04,0.17,0,0,Matches,,,,,,,,,,,,,,,0,,,,,,Matches,,4,,,,,,,,,,,1,,,,Matches,,,,,,,,,,,,,,,,,,,,,Matches,lois openda,0.1550452373921871,0.0519096367061138,0.1550452373921871,0.5808013305068016,0.5808013305068016
2000,Fredrik Oppegard,no NOR,"MF,DF",Auxerre,fr Ligue 1,22.0,2002.0,23,15,1246.0,13.8,0,0,0,0,0,0,1,1,0.0,0.0,0.0,0.0,0.0,Matches,0,10,2,20.0,0.72,0.14,0.0,0.0,0,0,Matches,,,,,,,,,,,,,,,0,,,,,,Matches,,20,,,,,,,,,,,14,,,,Matches,,,,,,,,,,,,,,,,,,,,,Matches,fredrik oppegard,0.5601710639894009,0.6256506145000458,0.5601710639894009,2.55569008924067,1.6407343791797755
2001,Louis Oppie,de GER,MF,St Pauli,de Bundesliga,23.0,2002.0,23,17,1620.0,18.0,1,0,1,1,0,0,0,0,0.06,0.0,0.06,0.06,0.06,Matches,1,15,4,26.7,0.83,0.22,0.07,0.25,0,0,Matches,,,,,,,,,,,,,,,0,,,,,,Matches,,19,,,,,,,,,,,11,,,,Matches,,,,,,,,,,,,,,,,,,,,,Matches,louis oppie,1.1548993904143572,1.1255840882658958,1.1548993904143572,4.7634373884648085,2.7592283356934786
2002,Gift Orban,ng NGA,FW,Hellas Verona,it Serie A,23.0,2002.0,28,23,2027.0,22.5,7,2,9,5,2,2,4,1,0.31,0.09,0.4,0.22,0.31,Matches,7,85,28,32.9,3.77,1.24,0.08,0.25,2,2,Matches,,,,,,,,,,,,,,,2,,,,,,Matches,,3,,,,,,,,,,,3,,,,Matches,,,,,,,,,,,,,,,,,,,,,Matches,gift orban,12.242711776867507,2.530362664721906,10.720114121213555,15.178966717794538,2.56054631061852
2003,Willi Orban,hu HUN,DF,RB Leipzig,de Bundesliga,32.0,1992.0,33,33,2949.0,32.8,2,0,2,2,0,0,4,0,0.06,0.0,0.06,0.06,0.06,Matches,2,20,9,45.0,0.61,0.27,0.1,0.22,0,0,Matches,,,,,,,,,,,,,,,0,,,,,,Matches,,33,,,,,,,,,,,45,,,,Matches,,,,,,,,,,,,,,,,,,,,,Matches,willi orban,3.142488135956228,0.7130345124751329,3.142488135956228,16.448472633957863,15.863021917641165
2004,Christian Ordoñez,ar ARG,MF,Parma,it Serie A,21.0,2004.0,28,12,1091.0,12.1,1,0,1,1,0,0,5,1,0.08,0.0,0.08,0.08,0.08,Matches,1,10,2,20.0,0.82,0.16,0.1,0.5,0,0,Matches,,,,,,,,,,,,,,,0,,,,,,Matches,,13,,,,,,,,,,,9,,,,Matches,,,,,,,,,,,,,,,,,,,,,Matches,christian ordonez,0.449460974894464,0.2704525701701641,0.449460974894464,1.8653250634670255,1.4926570681855085
2007,Gaetano Oristanio,it ITA,"FW,MF",Parma,it Serie A,22.0,2002.0,20,8,859.0,9.5,1,0,1,1,0,0,1,0,0.1,0.0,0.1,0.1,0.1,Matches,1,24,4,16.7,2.51,0.42,0.04,0.25,0,0,Matches,,,,,,,,,,,,,,,0,,,,,,Matches,,6,,,,,,,,,,,2,,,,Matches,,,,,,,,,,,,,,,,,,,,,Matches,gaetano oristanio,2.3994482420384884,0.6013111472129822,2.3994482420384884,3.5321153216063976,0.7341090142726898
2008,Aimar Oroz,es ESP,"MF,FW",Osasuna,es La Liga,23.0,2001.0,31,26,2139.0,23.8,0,2,2,0,0,0,6,0,0.0,0.08,0.08,0.0,0.08,Matches,0,29,4,13.8,1.22,0.17,0.0,0.0,0,0,Matches,,,,,,,,,,,,,,,2,,,,,,Matches,,18,,,,,,,,,,,8,,,,Matches,,,,,,,,,,,,,,,,,,,,,Matches,aimar oroz,1.6443974245339632,3.740993956103921,1.6443974245339632,7.147825986146927,4.407638059929013
2009,Riccardo Orsolini,it ITA,"MF,FW",Bologna,it Serie A,28.0,1997.0,35,26,2111.0,23.5,10,1,11,6,4,6,2,0,0.43,0.04,0.47,0.26,0.3,Matches,10,82,31,37.8,3.5,1.32,0.12,0.32,4,6,Matches,,,,,,,,,,,,,,,1,,,,,,Matches,,15,,,,,,,,,,,7,,,,Matches,,,,,,,,,,,,,,,,,,,,,Matches,riccardo orsolini,10.890181131660938,1.7088488563895226,6.322388224303722,12.810560373589396,6.704501977190375
2011,Ángel Ortíz,es ESP,DF,Real Betis,es La Liga,21.0,2004.0,13,7,584.0,6.5,0,0,0,0,0,0,1,0,0.0,0.0,0.0,0.0,0.0,Matches,0,1,0,0.0,0.15,0.0,0.0,,0,0,Matches,,,,,,,,,,,,,,,0,,,,,,Matches,,19,,,,,,,,,,,1,,,,Matches,,,,,,,,,,,,,,,,,,,,,Matches,angel ortiz,0.0273902136832475,0.8803559150546789,0.0273902136832475,1.54257298912853,0.8120450833812356
2014,Ibrahim Osman,gh GHA,"MF,FW",Auxerre,fr Ligue 1,20.0,2004.0,14,7,625.0,6.9,0,2,2,0,0,0,0,0,0.0,0.29,0.29,0.0,0.29,Matches,0,18,6,33.3,2.59,0.86,0.0,0.0,0,0,Matches,,,,,,,,,,,,,,,2,,,,,,Matches,,7,,,,,,,,,,,6,,,,Matches,,,,,,,,,,,,,,,,,,,,,Matches,ibrahim osman,1.9371187165379524,1.1821768693625927,1.9371187165379524,3.7771418634802094,1.6237635500729084
2016,Patrick Osterhage,de GER,MF,Freiburg,de Bundesliga,25.0,2000.0,20,13,1189.0,13.2,1,0,1,1,0,0,4,0,0.08,0.0,0.08,0.08,0.08,Matches,1,7,2,28.6,0.53,0.15,0.14,0.5,0,0,Matches,,,,,,,,,,,,,,,0,,,,,,Matches,,7,,,,,,,,,,,15,,,,Matches,,,,,,,,,,,,,,,,,,,,,Matches,patrick osterhage,1.2812672033905983,0.3329730369150638,1.2812672033905983,3.087803818285465,1.5657243579626083
2017,William Osula,dk DEN,FW,Newcastle,eng Premier League,21.0,2003.0,24,8,819.0,9.1,7,0,7,7,0,0,0,0,0.77,0.0,0.77,0.77,0.77,Matches,7,23,12,52.2,2.53,1.32,0.3,0.58,0,0,Matches,,,,,,,,,,,,,,,0,,,,,,Matches,,5,,,,,,,,,,,1,,,,Matches,,,,,,,,,,,,,,,,,,,,,Matches,william osula,4.915395822376013,0.4466546475887298,4.915395822376013,5.110440414398909,0.374596425332129
2018,Philip Otele,ng NGA,"MF,FW",Hamburger SV,de Bundesliga,26.0,1999.0,9,7,471.0,5.2,1,1,2,1,0,0,3,1,0.19,0.19,0.38,0.19,0.38,Matches,1,7,3,42.9,1.34,0.57,0.14,0.33,0,0,Matches,,,,,,,,,,,,,,,1,,,,,,Matches,,2,,,,,,,,,,,3,,,,Matches,,,,,,,,,,,,,,,,,,,,,Matches,philip otele,1.006495863199234,0.961767042055726,1.006495863199234,2.0749266296625137,0.3153763115406036
2019,Sebastian Otoa,dk DEN,DF,Genoa,it Serie A,21.0,2004.0,13,9,829.0,9.2,0,0,0,0,0,0,1,0,0.0,0.0,0.0,0.0,0.0,Matches,0,3,2,66.7,0.33,0.22,0.0,0.0,0,0,Matches,,,,,,,,,,,,,,,0,,,,,,Matches,,10,,,,,,,,,,,9,,,,Matches,,,,,,,,,,,,,,,,,,,,,Matches,sebastian otoa,0.0836077127605676,0.0,0.0836077127605676,0.6104554273188114,0.6104554273188114
2020,Abdoul Ouattara,fr FRA,"MF,DF",Strasbourg,fr Ligue 1,19.0,2005.0,28,19,1768.0,19.6,2,0,2,2,0,0,2,0,0.1,0.0,0.1,0.1,0.1,Matches,2,27,11,40.7,1.37,0.56,0.07,0.18,0,0,Matches,,,,,,,,,,,,,,,0,,,,,,Matches,,13,,,,,,,,,,,20,,,,Matches,,,,,,,,,,,,,,,,,,,,,Matches,abdoul ouattara,2.817349845543504,1.7850391454994678,2.817349845543504,8.862127166241407,6.286148220300674
2021,Dango Ouattara,bf BFA,MF,Brentford,eng Premier League,23.0,2002.0,32,25,2276.0,25.3,7,3,10,7,0,0,5,0,0.28,0.12,0.4,0.28,0.4,Matches,7,56,20,35.7,2.21,0.79,0.13,0.35,0,0,Matches,,,,,,,,,,,,,,,3,,,,,,Matches,,14,,,,,,,,,,,24,,,,Matches,,,,,,,,,,,,,,,,,,,,,Matches,dango ouattara,8.694322310388088,5.863189795985818,8.694322310388088,13.248472003266215,2.525791243650019
2022,Kassoum Ouattara,fr FRA,"MF,DF",Monaco,fr Ligue 1,20.0,2004.0,15,12,967.0,10.7,0,3,3,0,0,0,3,0,0.0,0.28,0.28,0.0,0.28,Matches,0,12,0,0.0,1.12,0.0,0.0,,0,0,Matches,,,,,,,,,,,,,,,3,,,,,,Matches,,19,,,,,,,,,,,19,,,,Matches,,,,,,,,,,,,,,,,,,,,,Matches,kassoum ouattara,1.185075655579567,2.7024725899100304,1.185075655579567,7.205395624041557,4.093011476099491
2023,Assan Ouédraogo,de GER,MF,RB Leipzig,de Bundesliga,19.0,2006.0,19,13,948.0,10.5,4,3,7,4,0,0,0,0,0.38,0.28,0.66,0.38,0.66,Matches,4,27,13,48.1,2.56,1.23,0.15,0.31,0,0,Matches,,,,,,,,,,,,,,,3,,,,,,Matches,,6,,,,,,,,,,,3,,,,Matches,,,,,,,,,,,,,,,,,,,,,Matches,assan ouedraogo,2.8071718588471413,3.0103504192084074,2.8071718588471413,8.333011165261269,5.714822366833687
2025,Azzedine Ounahi,ma MAR,MF,Girona,es La Liga,25.0,2000.0,24,20,1760.0,19.6,5,2,7,4,1,1,6,0,0.26,0.1,0.36,0.2,0.31,Matches,5,51,19,37.3,2.61,0.97,0.1,0.26,1,1,Matches,,,,,,,,,,,,,,,2,,,,,,Matches,,15,,,,,,,,,,,16,,,,Matches,,,,,,,,,,,,,,,,,,,,,Matches,azzedine ounahi,3.850151646882296,5.440476134419441,3.106873992830515,13.077412985265257,8.065416779369116
2026,Elisha Owusu,gh GHA,MF,Auxerre,fr Ligue 1,27.0,1997.0,29,27,2344.0,26.0,0,0,0,0,0,0,7,0,0.0,0.0,0.0,0.0,0.0,Matches,0,7,0,0.0,0.27,0.0,0.0,,0,0,Matches,,,,,,,,,,,,,,,0,,,,,,Matches,,51,,,,,,,,,,,21,,,,Matches,,,,,,,,,,,,,,,,,,,,,Matches,elisha owusu,0.1431004349142313,1.0085062738507986,0.1431004349142313,5.528114141896367,4.889742797240615
2027,Mikel Oyarzabal,es ESP,FW,Real Sociedad,es La Liga,28.0,1997.0,34,30,2710.0,30.1,15,4,19,8,7,7,3,0,0.5,0.13,0.63,0.27,0.4,Matches,15,79,36,45.6,2.62,1.2,0.19,0.42,7,7,Matches,,,,,,,,,,,,,,,4,,,,,,Matches,,20,,,,,,,,,,,5,,,,Matches,,,,,,,,,,,,,,,,,,,,,Matches,mikel oyarzabal,16.028234442695975,5.957455115392804,10.825419073924422,20.298587683588263,6.757064882665873
2029,Daniel Oyegoke,eng ENG,"MF,DF",Hellas Verona,it Serie A,22.0,2003.0,15,8,594.0,6.6,0,0,0,0,0,0,2,0,0.0,0.0,0.0,0.0,0.0,Matches,0,3,1,33.3,0.45,0.15,0.0,0.0,0,0,Matches,,,,,,,,,,,,,,,0,,,,,,Matches,,9,,,,,,,,,,,7,,,,Matches,,,,,,,,,,,,,,,,,,,,,Matches,daniel oyegoke,0.0767354145646095,0.1063853856176137,0.0767354145646095,0.7224132418632507,0.5699822846800089
2031,Berke Özer,tr TUR,GK,Lille,fr Ligue 1,25.0,2000.0,32,32,2834.0,31.5,0,1,1,0,0,0,5,0,0.0,0.03,0.03,0.0,0.03,Matches,0,0,0,,0.0,0.0,,,0,0,Matches,,,,,,,,,,,,,,,1,,,,,,Matches,,2,,,,,,,,,,,0,,,,Matches,,,,,,,,,,,,,,,,,,,,,Matches,berke ozer,0.0,0.082175962626934,0.0,6.718440880998969,6.654093122109771
2032,Cenk Özkacar,tr TUR,DF,Köln,de Bundesliga,24.0,2000.0,25,20,1791.0,19.9,0,0,0,0,0,0,2,0,0.0,0.0,0.0,0.0,0.0,Matches,0,11,4,36.4,0.55,0.2,0.0,0.0,0,0,Matches,,,,,,,,,,,,,,,0,,,,,,Matches,,26,,,,,,,,,,,24,,,,Matches,,,,,,,,,,,,,,,,,,,,,Matches,cenk ozkacar,1.0993556138128042,0.2053632773458957,1.0993556138128042,4.010641107335687,3.955500142648816
2033,Pablo,br BRA,"MF,FW",West Ham,eng Premier League,21.0,2004.0,14,10,823.0,9.1,0,1,1,0,0,0,0,0,0.0,0.11,0.11,0.0,0.11,Matches,0,12,3,25.0,1.31,0.33,0.0,0.0,0,0,Matches,,,,,,,,,,,,,,,1,,,,,,Matches,,14,,,,,,,,,,,5,,,,Matches,,,,,,,,,,,,,,,,,,,,,Matches,pablo,1.4234614558517933,1.2927714316174388,1.4234614558517933,3.4716053334996104,0.811785725876689
2034,Jon Pacheco,es ESP,DF,Alavés,es La Liga,24.0,2001.0,22,20,1735.0,19.3,0,0,0,0,0,0,5,1,0.0,0.0,0.0,0.0,0.0,Matches,0,4,1,25.0,0.21,0.05,0.0,0.0,0,0,Matches,,,,,,,,,,,,,,,0,,,,,,Matches,,16,,,,,,,,,,,11,,,,Matches,,,,,,,,,,,,,,,,,,,,,Matches,jon pacheco,0.2430377919226884,0.7593822702765465,0.2430377919226884,1.9814191441982985,1.834160102531314
2035,Willian Pacho,ec ECU,DF,PSG,fr Ligue 1,23.0,2001.0,23,21,1914.0,21.3,0,0,0,0,0,0,0,0,0.0,0.0,0.0,0.0,0.0,Matches,0,8,1,12.5,0.38,0.05,0.0,0.0,0,0,Matches,,,,,,,,,,,,,,,0,,,,,,Matches,,26,,,,,,,,,,,26,,,,Matches,,,,,,,,,,,,,,,,,,,,,Matches,willian pacho,,,,,
2039,Pablo Pagis,fr FRA,"MF,FW",Lorient,fr Ligue 1,22.0,2002.0,28,22,1756.0,19.5,10,5,15,8,2,2,1,0,0.51,0.26,0.77,0.41,0.67,Matches,10,59,19,32.2,3.02,0.97,0.17,0.53,2,2,Matches,,,,,,,,,,,,,,,5,,,,,,Matches,,17,,,,,,,,,,,18,,,,Matches,,,,,,,,,,,,,,,,,,,,,Matches,pablo pagis,7.786515640094876,4.751152578741312,6.266325371339917,10.172008087858558,2.895855251699686
2040,Igor Paixão,br BRA,MF,Marseille,fr Ligue 1,25.0,2000.0,30,22,1975.0,21.9,6,5,11,6,0,0,3,0,0.27,0.23,0.5,0.27,0.5,Matches,6,57,23,40.4,2.6,1.05,0.11,0.26,0,0,Matches,,,,,,,,,,,,,,,5,,,,,,Matches,,12,,,,,,,,,,,17,,,,Matches,,,,,,,,,,,,,,,,,,,,,Matches,igor paixao,5.585691841319203,2.523950425907969,5.585691841319203,13.25075446255505,7.190278485417366
2042,Exequiel Palacios,ar ARG,MF,Leverkusen,de Bundesliga,26.0,1998.0,18,12,1099.0,12.2,0,1,1,0,0,0,3,0,0.0,0.08,0.08,0.0,0.08,Matches,0,10,2,20.0,0.82,0.16,0.0,0.0,0,0,Matches,,,,,,,,,,,,,,,1,,,,,,Matches,,9,,,,,,,,,,,10,,,,Matches,,,,,,,,,,,,,,,,,,,,,Matches,exequiel palacios,0.439077272079885,1.3159740213304758,0.439077272079885,7.690991470590234,7.098266148939729
2043,Isaac Palazón Camacho,es ESP,"MF,FW",Rayo Vallecano,es La Liga,30.0,1994.0,31,27,2248.0,25.0,3,3,6,1,2,3,10,1,0.12,0.12,0.24,0.04,0.16,Matches,3,52,15,28.8,2.08,0.6,0.06,0.2,2,3,Matches,,,,,,,,,,,,,,,3,,,,,,Matches,,12,,,,,,,,,,,3,,,,Matches,,,,,,,,,,,,,,,,,,,,,Matches,isaac palazon camacho,,,,,
2044,Alberto Paleari,it ITA,GK,Torino,it Serie A,32.0,1992.0,29,29,2610.0,29.0,0,0,0,0,0,0,1,0,0.0,0.0,0.0,0.0,0.0,Matches,0,0,0,,0.0,0.0,,,0,0,Matches,,,,,,,,,,,,,,,0,,,,,,Matches,,0,,,,,,,,,,,1,,,,Matches,,,,,,,,,,,,,,,,,,,,,Matches,alberto paleari,0.0,0.0,0.0,1.6753552202135324,1.6753552202135324
2045,Marco Palestra,it ITA,"MF,DF",Cagliari,it Serie A,20.0,2005.0,37,34,3081.0,34.2,1,4,5,1,0,0,3,0,0.03,0.12,0.15,0.03,0.15,Matches,1,29,7,24.1,0.85,0.2,0.03,0.14,0,0,Matches,,,,,,,,,,,,,,,4,,,,,,Matches,,35,,,,,,,,,,,19,,,,Matches,,,,,,,,,,,,,,,,,,,,,Matches,marco palestra,1.6532281721010804,4.397553648799658,1.6532281721010804,8.444047356024384,3.87338453065604
2046,João Palhinha,pt POR,MF,Tottenham,eng Premier League,30.0,1995.0,33,23,2198.0,24.4,5,2,7,5,0,0,8,0,0.2,0.08,0.29,0.2,0.29,Matches,5,33,9,27.3,1.35,0.37,0.15,0.56,0,0,Matches,,,,,,,,,,,,,,,2,,,,,,Matches,,61,,,,,,,,,,,28,,,,Matches,,,,,,,,,,,,,,,,,,,,,Matches,joao palhinha,3.407368754968047,0.7690385403111577,3.407368754968047,4.779836506582797,3.304838733747601
2048,Cole Palmer,eng ENG,MF,Chelsea,eng Premier League,23.0,2002.0,26,24,1955.0,21.7,10,1,11,5,5,6,5,0,0.46,0.05,0.51,0.23,0.28,Matches,10,64,25,39.1,2.95,1.15,0.16,0.4,5,6,Matches,,,,,,,,,,,,,,,1,,,,,,Matches,,12,,,,,,,,,,,13,,,,Matches,,,,,,,,,,,,,,,,,,,,,Matches,cole palmer,10.257518742233517,2.123134629800916,5.69050582125783,16.862019807100296,10.53817812167108
2049,Emerson Palmieri,it ITA,"DF,MF",Marseille,fr Ligue 1,30.0,1994.0,28,23,2114.0,23.5,0,3,3,0,0,0,3,0,0.0,0.13,0.13,0.0,0.13,Matches,0,15,2,13.3,0.64,0.09,0.0,0.0,0,0,Matches,,,,,,,,,,,,,,,3,,,,,,Matches,,32,,,,,,,,,,,33,,,,Matches,,,,,,,,,,,,,,,,,,,,,Matches,emerson palmieri,0.5063266586512327,5.679353667423129,0.5063266586512327,14.778152668848634,12.660715032368898
2050,Diego Pampín,es ESP,DF,Levante,es La Liga,25.0,2000.0,8,6,534.0,5.9,0,0,0,0,0,0,3,0,0.0,0.0,0.0,0.0,0.0,Matches,0,3,0,0.0,0.51,0.0,0.0,,0,0,Matches,,,,,,,,,,,,,,,0,,,,,,Matches,,5,,,,,,,,,,,5,,,,Matches,,,,,,,,,,,,,,,,,,,,,Matches,diego pampin,0.1348268613219261,0.1039556264877319,0.1348268613219261,1.497636705636978,1.25885421782732
2052,Joaquín Panichelli,ar ARG,FW,Strasbourg,fr Ligue 1,22.0,2002.0,27,24,2193.0,24.4,16,1,17,11,5,6,3,0,0.66,0.04,0.7,0.45,0.49,Matches,16,58,31,53.4,2.38,1.27,0.28,0.52,5,6,Matches,,,,,,,,,,,,,,,1,,,,,,Matches,,10,,,,,,,,,,,13,,,,Matches,,,,,,,,,,,,,,,,,,,,,Matches,joaquin panichelli,14.715991329401731,2.9524750281125307,10.155420538038015,14.645621437579392,3.873768337070942
2054,Lucas Paquetá,br BRA,"MF,FW",West Ham,eng Premier League,27.0,1997.0,18,18,1511.0,16.8,4,1,5,2,2,2,7,1,0.24,0.06,0.3,0.12,0.18,Matches,4,23,11,47.8,1.37,0.66,0.17,0.36,2,2,Matches,,,,,,,,,,,,,,,1,,,,,,Matches,,22,,,,,,,,,,,7,,,,Matches,,,,,,,,,,,,,,,,,,,,,Matches,lucas paqueta,2.440835335291922,3.011969303712249,0.9184976601973176,4.265645559877157,1.5286574847996235
2055,Victor Parada,es ESP,DF,Alavés,es La Liga,23.0,2002.0,30,25,2146.0,23.8,0,3,3,0,0,0,9,1,0.0,0.13,0.13,0.0,0.13,Matches,0,12,3,25.0,0.5,0.13,0.0,0.0,0,0,Matches,,,,,,,,,,,,,,,3,,,,,,Matches,,14,,,,,,,,,,,9,,,,Matches,,,,,,,,,,,,,,,,,,,,,Matches,victor parada,1.8650571862235663,2.3767000967636704,1.8650571862235663,8.099021699279547,6.922715965658426
2056,Aitor Paredes,es ESP,DF,Athletic Club,es La Liga,25.0,2000.0,19,18,1630.0,18.1,2,0,2,2,0,0,4,0,0.11,0.0,0.11,0.11,0.11,Matches,2,13,4,30.8,0.72,0.22,0.15,0.5,0,0,Matches,,,,,,,,,,,,,,,0,,,,,,Matches,,12,,,,,,,,,,,26,,,,Matches,,,,,,,,,,,,,,,,,,,,,Matches,aitor paredes,1.4780013747513294,0.7596744522452354,1.4780013747513294,4.101825453341007,3.928419820964336
2058,Daniel Parejo,es ESP,MF,Villarreal,es La Liga,36.0,1989.0,32,16,1392.0,15.5,1,0,1,0,1,1,3,0,0.06,0.0,0.06,0.0,0.0,Matches,1,3,1,33.3,0.19,0.06,0.33,1.0,1,1,Matches,,,,,,,,,,,,,,,0,,,,,,Matches,,29,,,,,,,,,,,14,,,,Matches,,,,,,,,,,,,,,,,,,,,,Matches,daniel parejo,0.8934992030262947,1.7723483508452773,0.1502215936779976,7.067310675978661,6.175191489979625
2059,Fabiano Parisi,it ITA,"MF,FW",Fiorentina,it Serie A,24.0,2000.0,23,18,1520.0,16.9,1,1,2,1,0,0,6,0,0.06,0.06,0.12,0.06,0.12,Matches,1,24,7,29.2,1.42,0.41,0.04,0.14,0,0,Matches,,,,,,,,,,,,,,,1,,,,,,Matches,,14,,,,,,,,,,,17,,,,Matches,,,,,,,,,,,,,,,,,,,,,Matches,fabiano parisi,1.3022431200370193,1.918891154229641,1.3022431200370193,6.788167456164956,4.464465705677867
2060,Thomas Partey,gh GHA,MF,Villarreal,es La Liga,32.0,1993.0,25,8,934.0,10.4,0,0,0,0,0,0,1,0,0.0,0.0,0.0,0.0,0.0,Matches,0,11,2,18.2,1.06,0.19,0.0,0.0,0,0,Matches,,,,,,,,,,,,,,,0,,,,,,Matches,,6,,,,,,,,,,,13,,,,Matches,,,,,,,,,,,,,,,,,,,,,Matches,thomas partey,0.5110291205346584,0.3267965614795685,0.5110291205346584,3.928447524085641,3.3953940495848656
2061,Mario Pašalić,hr CRO,MF,Atalanta,it Serie A,30.0,1995.0,33,21,1936.0,21.5,3,4,7,3,0,0,3,0,0.14,0.19,0.33,0.14,0.33,Matches,3,24,6,25.0,1.12,0.28,0.13,0.5,0,0,Matches,,,,,,,,,,,,,,,4,,,,,,Matches,,18,,,,,,,,,,,13,,,,Matches,,,,,,,,,,,,,,,,,,,,,Matches,mario pasalic,3.4538544081151485,6.249310817569494,3.4538544081151485,16.428963288664818,10.395109225064516
2062,Patric,es ESP,"MF,DF",Lazio,it Serie A,32.0,1993.0,14,6,667.0,7.4,0,0,0,0,0,0,2,0,0.0,0.0,0.0,0.0,0.0,Matches,0,5,0,0.0,0.67,0.0,0.0,,0,0,Matches,,,,,,,,,,,,,,,0,,,,,,Matches,,0,,,,,,,,,,,3,,,,Matches,,,,,,,,,,,,,,,,,,,,,Matches,patric,0.2267721910029649,0.3094649985432625,0.2267721910029649,2.157246741466224,2.0457299454137683
2064,Benjamin Pavard,fr FRA,DF,Marseille,fr Ligue 1,29.0,1996.0,27,22,1928.0,21.4,1,2,3,1,0,0,6,0,0.05,0.09,0.14,0.05,0.14,Matches,1,11,3,27.3,0.51,0.14,0.09,0.33,0,0,Matches,,,,,,,,,,,,,,,2,,,,,,Matches,,12,,,,,,,,,,,24,,,,Matches,,,,,,,,,,,,,,,,,,,,,Matches,benjamin pavard,0.046149093657732,0.0267517808824777,0.046149093657732,0.6803727149963379,0.6803727149963379
2066,Aleksandar Pavlovic,de GER,MF,Bayern Munich,de Bundesliga,21.0,2004.0,24,16,1462.0,16.2,3,1,4,3,0,0,2,0,0.18,0.06,0.25,0.18,0.25,Matches,3,10,5,50.0,0.62,0.31,0.3,0.6,0,0,Matches,,,,,,,,,,,,,,,1,,,,,,Matches,,15,,,,,,,,,,,13,,,,Matches,,,,,,,,,,,,,,,,,,,,,Matches,aleksandar pavlovic,1.549274168908596,1.9520273748785255,1.549274168908596,14.45808819681406,12.501133061945438
2067,Strahinja Pavlović,rs SRB,DF,Milan,it Serie A,24.0,2001.0,34,33,2869.0,31.9,5,1,6,5,0,0,4,0,0.16,0.03,0.19,0.16,0.19,Matches,5,26,6,23.1,0.82,0.19,0.19,0.83,0,0,Matches,,,,,,,,,,,,,,,1,,,,,,Matches,,26,,,,,,,,,,,20,,,,Matches,,,,,,,,,,,,,,,,,,,,,Matches,strahinja pavlovic,3.910906858742237,0.7155323065817356,3.910906858742237,12.916616784408689,10.892403895035386
2069,Martín Payero,ar ARG,MF,Cremonese,it Serie A,26.0,1998.0,25,16,1457.0,16.2,1,0,1,1,0,0,8,0,0.06,0.0,0.06,0.06,0.06,Matches,1,23,8,34.8,1.42,0.49,0.04,0.13,0,0,Matches,,,,,,,,,,,,,,,0,,,,,,Matches,,9,,,,,,,,,,,10,,,,Matches,,,,,,,,,,,,,,,,,,,,,Matches,martin payero,1.4321895614266396,0.5584035962820053,1.4321895614266396,3.3215508349239826,2.247837715782225
2070,Nicolás Paz,ar ARG,MF,Como,it Serie A,20.0,2004.0,35,33,2878.0,32.0,12,6,18,12,0,2,5,0,0.38,0.19,0.56,0.38,0.56,Matches,12,121,48,39.7,3.78,1.5,0.1,0.25,0,2,Matches,,,,,,,,,,,,,,,6,,,,,,Matches,,56,,,,,,,,,,,27,,,,Matches,,,,,,,,,,,,,,,,,,,,,Matches,nicolas paz,8.902074420824647,7.032759159803391,7.379476809874177,19.75359764881432,8.872835339978337
2073,Marcus Pedersen,no NOR,"MF,DF",Torino,it Serie A,25.0,2000.0,29,23,2134.0,23.7,1,2,3,1,0,0,3,0,0.04,0.08,0.13,0.04,0.13,Matches,1,15,3,20.0,0.63,0.13,0.07,0.33,0,0,Matches,,,,,,,,,,,,,,,2,,,,,,Matches,,14,,,,,,,,,,,10,,,,Matches,,,,,,,,,,,,,,,,,,,,,Matches,marcus pedersen,1.6248117666691542,2.887870935723185,1.6248117666691542,8.29255704022944,4.022757038474083
2074,Alfonso Pedraza,es ESP,DF,Villarreal,es La Liga,29.0,1996.0,27,19,1689.0,18.8,1,3,4,1,0,0,8,0,0.05,0.16,0.21,0.05,0.21,Matches,1,11,3,27.3,0.59,0.16,0.09,0.33,0,0,Matches,,,,,,,,,,,,,,,3,,,,,,Matches,,31,,,,,,,,,,,29,,,,Matches,,,,,,,,,,,,,,,,,,,,,Matches,alfonso pedraza,1.2216445626690984,4.221796698868275,1.2216445626690984,7.652054479345679,4.4062813855707645
2075,Pedri,es ESP,MF,Barcelona,es La Liga,22.0,2002.0,29,23,2104.0,23.4,2,9,11,2,0,0,2,1,0.09,0.38,0.47,0.09,0.47,Matches,2,21,10,47.6,0.9,0.43,0.1,0.2,0,0,Matches,,,,,,,,,,,,,,,9,,,,,,Matches,,33,,,,,,,,,,,24,,,,Matches,,,,,,,,,,,,,,,,,,,,,Matches,pedri,2.386106515303254,5.947577686980367,2.386106515303254,25.240147041156888,19.385015258565545
2076,Pedro,es ESP,"FW,MF",Lazio,it Serie A,38.0,1987.0,29,9,982.0,10.9,5,2,7,3,2,2,4,0,0.46,0.18,0.64,0.27,0.46,Matches,5,22,11,50.0,2.02,1.01,0.23,0.45,2,2,Matches,,,,,,,,,,,,,,,2,,,,,,Matches,,6,,,,,,,,,,,4,,,,Matches,,,,,,,,,,,,,,,,,,,,,Matches,pedro,2.253662777133286,2.8057295260950923,0.7310651587322354,3.6938994862139225,1.6364152282476423
2077,Zé Pedro Figueiredo,pt POR,DF,Cagliari,it Serie A,28.0,1997.0,23,20,1699.0,18.9,0,1,1,0,0,0,6,0,0.0,0.05,0.05,0.0,0.05,Matches,0,7,0,0.0,0.37,0.0,0.0,,0,0,Matches,,,,,,,,,,,,,,,1,,,,,,Matches,,18,,,,,,,,,,,20,,,,Matches,,,,,,,,,,,,,,,,,,,,,Matches,ze pedro figueiredo,0.7449751049280167,0.4578208215534687,0.7449751049280167,3.503966052085161,3.028582524508238
2078,Adrià Pedrosa,es ESP,"DF,MF",Elche,es La Liga,27.0,1998.0,26,8,1090.0,12.1,1,1,2,1,0,0,4,0,0.08,0.08,0.17,0.08,0.17,Matches,1,12,3,25.0,0.99,0.25,0.08,0.33,0,0,Matches,,,,,,,,,,,,,,,1,,,,,,Matches,,19,,,,,,,,,,,16,,,,Matches,,,,,,,,,,,,,,,,,,,,,Matches,adria pedrosa,0.9618624746799468,1.571348423603922,0.9618624746799468,4.787631997838616,2.7506841495633125
2080,Dženan Pejčinović,de GER,FW,Wolfsburg,de Bundesliga,20.0,2005.0,30,16,1460.0,16.2,8,0,8,8,0,0,1,0,0.49,0.0,0.49,0.49,0.49,Matches,8,51,23,45.1,3.14,1.42,0.16,0.35,0,0,Matches,,,,,,,,,,,,,,,0,,,,,,Matches,,9,,,,,,,,,,,5,,,,Matches,,,,,,,,,,,,,,,,,,,,,Matches,dzenan pejcinovic,8.291429496370256,1.645487703382969,8.291429496370256,9.861923123709856,1.750562708824873
2081,Lorenzo Pellegrini,it ITA,MF,Roma,it Serie A,29.0,1996.0,24,20,1463.0,16.3,4,2,6,2,2,2,2,0,0.25,0.12,0.37,0.12,0.25,Matches,4,32,12,37.5,1.97,0.74,0.13,0.33,2,2,Matches,,,,,,,,,,,,,,,2,,,,,,Matches,,5,,,,,,,,,,,15,,,,Matches,,,,,,,,,,,,,,,,,,,,,Matches,lorenzo pellegrini,4.77526899240911,2.9984955824911594,3.2526713106781244,7.576448664069176,4.90537278726697
2082,Luca Pellegrini,it ITA,DF,Lazio,it Serie A,26.0,1999.0,24,17,1469.0,16.3,1,0,1,1,0,0,8,0,0.06,0.0,0.06,0.06,0.06,Matches,1,7,5,71.4,0.43,0.31,0.14,0.2,0,0,Matches,,,,,,,,,,,,,,,0,,,,,,Matches,,15,,,,,,,,,,,17,,,,Matches,,,,,,,,,,,,,,,,,,,,,Matches,luca pellegrini,0.6440801462158561,0.8312388863414526,0.6440801462158561,4.429873023182154,3.751665808260441
2083,Mateo Pellegrino,ar ARG,FW,Parma,it Serie A,24.0,2001.0,37,34,2984.0,33.2,9,1,10,8,1,1,5,0,0.27,0.03,0.3,0.24,0.27,Matches,9,73,22,30.1,2.2,0.66,0.12,0.41,1,1,Matches,,,,,,,,,,,,,,,1,,,,,,Matches,,10,,,,,,,,,,,4,,,,Matches,,,,,,,,,,,,,,,,,,,,,Matches,mateo pellegrino,9.909808543510737,2.1411109482869506,9.148509708233178,11.22907519992441,2.2242126809433103
2086,Iñaki Peña,es ESP,GK,Elche,es La Liga,26.0,1999.0,16,16,1440.0,16.0,0,0,0,0,0,0,0,0,0.0,0.0,0.0,0.0,0.0,Matches,0,0,0,,0.0,0.0,,,0,0,Matches,,,,,,,,,,,,,,,0,,,,,,Matches,,0,,,,,,,,,,,0,,,,Matches,,,,,,,,,,,,,,,,,,,,,Matches,inaki pena,0.0,0.4040794968605041,0.0,3.897747155278921,3.5779708586633205
2087,Mike Penders,be BEL,GK,Strasbourg,fr Ligue 1,20.0,2005.0,33,33,2970.0,33.0,0,0,0,0,0,0,3,0,0.0,0.0,0.0,0.0,0.0,Matches,0,0,0,,0.0,0.0,,,0,0,Matches,,,,,,,,,,,,,,,0,,,,,,Matches,,0,,,,,,,,,,,0,,,,Matches,,,,,,,,,,,,,,,,,,,,,Matches,mike penders,0.0,0.0,0.0,6.352632600814104,6.352632600814104
2088,Nicolas Pépé,ci CIV,"MF,FW",Villarreal,es La Liga,30.0,1995.0,36,26,2393.0,26.6,8,8,16,7,1,1,4,0,0.3,0.3,0.6,0.26,0.56,Matches,8,63,25,39.7,2.37,0.94,0.13,0.32,1,1,Matches,,,,,,,,,,,,,,,8,,,,,,Matches,,21,,,,,,,,,,,15,,,,Matches,,,,,,,,,,,,,,,,,,,,,Matches,nicolas pepe,9.80356877669692,8.080096108838916,8.317013502120972,21.613017408177257,7.798260133713484
2089,Kojo Peprah Oppong,gh GHA,DF,Nice,fr Ligue 1,21.0,2004.0,29,28,2425.0,26.9,1,0,1,1,0,0,4,0,0.04,0.0,0.04,0.04,0.04,Matches,1,10,3,30.0,0.37,0.11,0.1,0.33,0,0,Matches,,,,,,,,,,,,,,,0,,,,,,Matches,,28,,,,,,,,,,,30,,,,Matches,,,,,,,,,,,,,,,,,,,,,Matches,kojo peprah oppong,1.3100588582456112,0.5910270726308227,1.3100588582456112,6.248266958631575,5.50323548540473
2090,Peque,es ESP,"MF,FW",Sevilla,es La Liga,22.0,2002.0,26,12,982.0,10.9,2,1,3,2,0,0,7,0,0.18,0.09,0.27,0.18,0.27,Matches,2,15,6,40.0,1.37,0.55,0.13,0.33,0,0,Matches,,,,,,,,,,,,,,,1,,,,,,Matches,,8,,,,,,,,,,,1,,,,Matches,,,,,,,,,,,,,,,,,,,,,Matches,peque,0.7655831780284643,0.6110825892537832,0.7655831780284643,3.0857485216110945,2.012060156092048
2092,Mathias Pereira Lage,pt POR,"MF,FW",St Pauli,de Bundesliga,28.0,1996.0,28,25,2018.0,22.4,2,2,4,2,0,0,3,0,0.09,0.09,0.18,0.09,0.18,Matches,2,43,15,34.9,1.92,0.67,0.05,0.13,0,0,Matches,,,,,,,,,,,,,,,2,,,,,,Matches,,23,,,,,,,,,,,16,,,,Matches,,,,,,,,,,,,,,,,,,,,,Matches,mathias pereira lage,4.428796678781509,2.062663111835718,4.428796678781509,6.917279999703169,2.1819291338324547
2093,Ángel Pérez,es ESP,"MF,DF",Alavés,es La Liga,22.0,2002.0,16,14,1288.0,14.3,1,3,4,1,0,0,4,0,0.07,0.21,0.28,0.07,0.28,Matches,1,14,4,28.6,0.98,0.28,0.07,0.25,0,0,Matches,,,,,,,,,,,,,,,3,,,,,,Matches,,13,,,,,,,,,,,9,,,,Matches,,,,,,,,,,,,,,,,,,,,,Matches,angel perez,1.208032038062811,2.0683266557753086,1.208032038062811,5.207904314622283,2.590566510334611
2094,Ayoze Pérez,es ESP,FW,Villarreal,es La Liga,32.0,1993.0,25,12,1124.0,12.5,5,4,9,4,1,1,4,0,0.4,0.32,0.72,0.32,0.64,Matches,5,24,11,45.8,1.92,0.88,0.21,0.45,1,1,Matches,,,,,,,,,,,,,,,4,,,,,,Matches,,11,,,,,,,,,,,3,,,,Matches,,,,,,,,,,,,,,,,,,,,,Matches,ayoze perez,5.862349048256874,2.57591051235795,5.119071401655674,8.997008547186852,1.811542371287942
2095,Francisco Perez,es ESP,"MF,FW",Rayo Vallecano,es La Liga,22.0,2002.0,29,12,1237.0,13.7,2,1,3,2,0,0,4,0,0.15,0.07,0.22,0.15,0.22,Matches,2,17,8,47.1,1.24,0.58,0.12,0.25,0,0,Matches,,,,,,,,,,,,,,,1,,,,,,Matches,,10,,,,,,,,,,,2,,,,Matches,,,,,,,,,,,,,,,,,,,,,Matches,francisco perez,2.508813252672553,1.6743681291118264,2.508813252672553,6.37276441603899,2.6528973691165447
2100,Mattia Perin,it ITA,GK,Juventus,it Serie A,32.0,1992.0,9,9,765.0,8.5,0,0,0,0,0,0,0,0,0.0,0.0,0.0,0.0,0.0,Matches,0,0,0,,0.0,0.0,,,0,0,Matches,,,,,,,,,,,,,,,0,,,,,,Matches,,0,,,,,,,,,,,0,,,,Matches,,,,,,,,,,,,,,,,,,,,,Matches,mattia perin,0.0,0.0817599296569824,0.0,3.301780229434371,3.220020299777389
2101,Romain Perraud,fr FRA,DF,Lille,fr Ligue 1,27.0,1997.0,30,27,2241.0,24.9,3,4,7,3,0,0,4,1,0.12,0.16,0.28,0.12,0.28,Matches,3,33,12,36.4,1.33,0.48,0.09,0.25,0,0,Matches,,,,,,,,,,,,,,,4,,,,,,Matches,,31,,,,,,,,,,,23,,,,Matches,,,,,,,,,,,,,,,,,,,,,Matches,romain perraud,1.604667505249381,4.023106466047466,1.604667505249381,11.817956924438477,8.654695246368647
2102,Lucas Perri,br BRA,GK,Leeds United,eng Premier League,27.0,1997.0,16,16,1440.0,16.0,0,0,0,0,0,0,2,0,0.0,0.0,0.0,0.0,0.0,Matches,0,0,0,,0.0,0.0,,,0,0,Matches,,,,,,,,,,,,,,,0,,,,,,Matches,,0,,,,,,,,,,,0,,,,Matches,,,,,,,,,,,,,,,,,,,,,Matches,lucas perri,0.0,0.0,0.0,2.474491350352764,2.474491350352764
2104,Máximo Perrone,ar ARG,MF,Como,it Serie A,22.0,2003.0,36,33,2742.0,30.5,3,4,7,3,0,0,8,0,0.1,0.13,0.23,0.1,0.23,Matches,3,18,9,50.0,0.59,0.3,0.17,0.33,0,0,Matches,,,,,,,,,,,,,,,4,,,,,,Matches,,38,,,,,,,,,,,21,,,,Matches,,,,,,,,,,,,,,,,,,,,,Matches,maximo perrone,2.4864027742296457,2.535719258710742,2.4864027742296457,16.492772169411182,12.241286350414155
2106,Prosper Peter,ng NGA,FW,Angers,fr Ligue 1,17.0,2007.0,29,14,1273.0,14.1,5,0,5,5,0,0,0,0,0.35,0.0,0.35,0.35,0.35,Matches,5,23,14,60.9,1.63,0.99,0.22,0.36,0,0,Matches,,,,,,,,,,,,,,,0,,,,,,Matches,,3,,,,,,,,,,,4,,,,Matches,,,,,,,,,,,,,,,,,,,,,Matches,prosper peter,6.074337815865874,0.8983762171119452,6.074337815865874,7.393127646297216,0.566795882768929
2107,Léo Pétrot,fr FRA,DF,Elche,es La Liga,28.0,1997.0,32,18,1572.0,17.5,0,0,0,0,0,0,2,1,0.0,0.0,0.0,0.0,0.0,Matches,0,8,0,0.0,0.46,0.0,0.0,,0,0,Matches,,,,,,,,,,,,,,,0,,,,,,Matches,,22,,,,,,,,,,,17,,,,Matches,,,,,,,,,,,,,,,,,,,,,Matches,leo petrot,0.4956944026052952,0.025175416842103,0.4956944026052952,4.4949280973523855,4.273093161173165
2108,Đorđe Petrović,rs SRB,GK,Bournemouth,eng Premier League,25.0,1999.0,38,38,3420.0,38.0,0,0,0,0,0,0,3,0,0.0,0.0,0.0,0.0,0.0,Matches,0,0,0,,0.0,0.0,,,0,0,Matches,,,,,,,,,,,,,,,0,,,,,,Matches,,0,,,,,,,,,,,0,,,,Matches,,,,,,,,,,,,,,,,,,,,,Matches,or e petrovic,0.0,0.0,0.0,3.017996920272708,3.017996920272708
2109,Giuseppe Pezzella,it ITA,"MF,DF",Cremonese,it Serie A,27.0,1997.0,31,30,2585.0,28.7,0,1,1,0,0,0,8,1,0.0,0.03,0.03,0.0,0.03,Matches,0,6,0,0.0,0.21,0.0,0.0,,0,0,Matches,,,,,,,,,,,,,,,1,,,,,,Matches,,32,,,,,,,,,,,11,,,,Matches,,,,,,,,,,,,,,,,,,,,,Matches,giuseppe pezzella,0.1174378851428628,1.6624937923625112,0.1174378851428628,5.00905183237046,3.720164413563907
2112,Rayan Philippe,fr FRA,"FW,MF",Hamburger SV,de Bundesliga,24.0,2000.0,28,13,1285.0,14.3,5,0,5,5,0,1,2,0,0.35,0.0,0.35,0.35,0.35,Matches,5,39,16,41.0,2.73,1.12,0.13,0.31,0,1,Matches,,,,,,,,,,,,,,,0,,,,,,Matches,,13,,,,,,,,,,,3,,,,Matches,,,,,,,,,,,,,,,,,,,,,Matches,rayan philippe,5.646055448800325,1.3564898148179054,4.888278741389513,6.413698500022292,1.2521088868379593
2113,Gabriele Piccinini,it ITA,MF,Pisa,it Serie A,24.0,2001.0,25,5,875.0,9.7,0,0,0,0,0,0,3,0,0.0,0.0,0.0,0.0,0.0,Matches,0,19,7,36.8,1.95,0.72,0.0,0.0,0,0,Matches,,,,,,,,,,,,,,,0,,,,,,Matches,,16,,,,,,,,,,,2,,,,Matches,,,,,,,,,,,,,,,,,,,,,Matches,gabriele piccinini,2.891694039106369,1.4389822836965322,2.891694039106369,4.406972590833902,0.7542659714818001
2114,Roberto Piccoli,it ITA,FW,Fiorentina,it Serie A,24.0,2001.0,32,16,1672.0,18.6,4,1,5,4,0,0,1,0,0.22,0.05,0.27,0.22,0.27,Matches,4,47,15,31.9,2.53,0.81,0.09,0.27,0,0,Matches,,,,,,,,,,,,,,,1,,,,,,Matches,,1,,,,,,,,,,,4,,,,Matches,,,,,,,,,,,,,,,,,,,,,Matches,roberto piccoli,6.827427292242646,1.5870586233213544,6.827427292242646,8.30208997335285,1.4810839276760817
2115,Charles Pickel,cd COD,MF,Espanyol,es La Liga,28.0,1997.0,24,4,707.0,7.9,1,0,1,1,0,0,4,2,0.13,0.0,0.13,0.13,0.13,Matches,1,10,4,40.0,1.27,0.51,0.1,0.25,0,0,Matches,,,,,,,,,,,,,,,0,,,,,,Matches,,6,,,,,,,,,,,6,,,,Matches,,,,,,,,,,,,,,,,,,,,,Matches,charles pickel,0.7815196216106415,0.0352792246267199,0.7815196216106415,2.819475682452321,2.26914856210351
2116,Jordan Pickford,eng ENG,GK,Everton,eng Premier League,31.0,1994.0,38,38,3420.0,38.0,0,0,0,0,0,0,4,0,0.0,0.0,0.0,0.0,0.0,Matches,0,0,0,,0.0,0.0,,,0,0,Matches,,,,,,,,,,,,,,,0,,,,,,Matches,,1,,,,,,,,,,,0,,,,Matches,,,,,,,,,,,,,,,,,,,,,Matches,jordan pickford,0.0,0.2333715260028839,0.0,3.0988036673516035,3.016686646267772
2117,Amos Pieper,de GER,DF,Werder Bremen,de Bundesliga,27.0,1998.0,19,19,1502.0,16.7,0,0,0,0,0,0,4,0,0.0,0.0,0.0,0.0,0.0,Matches,0,8,2,25.0,0.48,0.12,0.0,0.0,0,0,Matches,,,,,,,,,,,,,,,0,,,,,,Matches,,24,,,,,,,,,,,26,,,,Matches,,,,,,,,,,,,,,,,,,,,,Matches,amos pieper,0.3870185147970915,0.0697134993970394,0.3870185147970915,2.2050731107592583,2.1713340766727924
2118,Marvin Pieringer,de GER,"FW,MF",Heidenheim,de Bundesliga,25.0,1999.0,27,20,1650.0,18.3,4,1,5,3,1,1,2,0,0.22,0.05,0.27,0.16,0.22,Matches,4,32,8,25.0,1.75,0.44,0.13,0.5,1,1,Matches,,,,,,,,,,,,,,,1,,,,,,Matches,,14,,,,,,,,,,,11,,,,Matches,,,,,,,,,,,,,,,,,,,,,Matches,marvin pieringer,5.809882741421461,2.210926704108715,5.0521060936152935,7.950898176059127,3.375379236415029
2120,Santiago Pierotti,ar ARG,"MF,FW",Lecce,it Serie A,24.0,2001.0,37,31,2597.0,28.9,1,2,3,1,0,0,4,0,0.03,0.07,0.1,0.03,0.1,Matches,1,33,8,24.2,1.14,0.28,0.03,0.13,0,0,Matches,,,,,,,,,,,,,,,2,,,,,,Matches,,51,,,,,,,,,,,21,,,,Matches,,,,,,,,,,,,,,,,,,,,,Matches,santiago pierotti,3.769198192283511,2.6033652145415545,3.769198192283511,7.335631237365305,2.38239432964474
2122,Andrea Pinamonti,it ITA,FW,Sassuolo,it Serie A,26.0,1999.0,36,32,2552.0,28.4,9,3,12,9,0,1,2,1,0.32,0.11,0.42,0.32,0.42,Matches,9,73,30,41.1,2.57,1.06,0.12,0.3,0,1,Matches,,,,,,,,,,,,,,,3,,,,,,Matches,,5,,,,,,,,,,,2,,,,Matches,,,,,,,,,,,,,,,,,,,,,Matches,andrea pinamonti,11.534677205607297,1.7828310579061508,10.773378429934382,12.005125224590302,2.1364129073917866
2123,Thiago Pinar,es ESP,MF,Real Madrid,es La Liga,17.0,2007.0,10,8,592.0,6.6,0,2,2,0,0,0,2,0,0.0,0.3,0.3,0.0,0.3,Matches,0,6,2,33.3,0.91,0.3,0.0,0.0,0,0,Matches,,,,,,,,,,,,,,,2,,,,,,Matches,,4,,,,,,,,,,,7,,,,Matches,,,,,,,,,,,,,,,,,,,,,Matches,thiago pinar,,,,,
2127,Yéremy Pino,es ESP,"MF,FW",Crystal Palace,eng Premier League,22.0,2002.0,34,26,2080.0,23.1,2,2,4,2,0,0,4,0,0.09,0.09,0.17,0.09,0.17,Matches,2,45,11,24.4,1.95,0.48,0.04,0.18,0,0,Matches,,,,,,,,,,,,,,,2,,,,,,Matches,,20,,,,,,,,,,,8,,,,Matches,,,,,,,,,,,,,,,,,,,,,Matches,yeremy pino,4.372978935018182,8.502093791030347,4.372978935018182,13.46667707618326,4.587377788498998
2128,Jakub Piotrowski,pl POL,MF,Udinese,it Serie A,27.0,1997.0,33,20,1696.0,18.8,1,1,2,1,0,0,2,0,0.05,0.05,0.11,0.05,0.11,Matches,1,36,9,25.0,1.91,0.48,0.03,0.11,0,0,Matches,,,,,,,,,,,,,,,1,,,,,,Matches,,25,,,,,,,,,,,15,,,,Matches,,,,,,,,,,,,,,,,,,,,,Matches,jakub piotrowski,3.2054076455533504,0.7784238774329424,3.2054076455533504,6.512797696515918,3.212956831790507
2130,Niccolò Pisilli,it ITA,MF,Roma,it Serie A,20.0,2004.0,25,13,1295.0,14.4,2,4,6,2,0,0,3,0,0.14,0.28,0.42,0.14,0.42,Matches,2,19,5,26.3,1.32,0.35,0.11,0.4,0,0,Matches,,,,,,,,,,,,,,,4,,,,,,Matches,,13,,,,,,,,,,,24,,,,Matches,,,,,,,,,,,,,,,,,,,,,Matches,niccolo pisilli,2.2729037441313267,2.218172688037157,2.2729037441313267,6.556324878707528,4.026354419067502
2132,Tommaso Pobega,it ITA,MF,Bologna,it Serie A,26.0,1999.0,26,17,1434.0,15.9,3,1,4,3,0,0,2,1,0.19,0.06,0.25,0.19,0.25,Matches,3,25,10,40.0,1.57,0.63,0.12,0.3,0,0,Matches,,,,,,,,,,,,,,,1,,,,,,Matches,,19,,,,,,,,,,,19,,,,Matches,,,,,,,,,,,,,,,,,,,,,Matches,tommaso pobega,1.8404578557237985,0.5510165924206376,1.8404578557237985,5.318103016354144,3.350840594619513
2134,Ernest Poku,nl NED,MF,Leverkusen,de Bundesliga,21.0,2004.0,29,16,1482.0,16.5,5,5,10,5,0,0,0,0,0.3,0.3,0.61,0.3,0.61,Matches,5,27,9,33.3,1.64,0.55,0.19,0.56,0,0,Matches,,,,,,,,,,,,,,,5,,,,,,Matches,,9,,,,,,,,,,,8,,,,Matches,,,,,,,,,,,,,,,,,,,,,Matches,ernest poku,3.727354511618614,3.15851978585124,3.727354511618614,10.750237088650463,4.377705059945583
2135,Matteo Politano,it ITA,"MF,FW",Napoli,it Serie A,31.0,1993.0,34,26,2200.0,24.4,2,5,7,2,0,0,4,0,0.08,0.2,0.29,0.08,0.29,Matches,2,49,13,26.5,2.0,0.53,0.04,0.15,0,0,Matches,,,,,,,,,,,,,,,5,,,,,,Matches,,10,,,,,,,,,,,5,,,,Matches,,,,,,,,,,,,,,,,,,,,,Matches,matteo politano,3.133822990581393,5.604220122098923,3.133822990581393,12.97732456959784,8.206937471404672
2137,Marin Pongračić,hr CRO,DF,Fiorentina,it Serie A,27.0,1997.0,35,33,2918.0,32.4,0,0,0,0,0,0,12,0,0.0,0.0,0.0,0.0,0.0,Matches,0,8,1,12.5,0.25,0.03,0.0,0.0,0,0,Matches,,,,,,,,,,,,,,,0,,,,,,Matches,,17,,,,,,,,,,,36,,,,Matches,,,,,,,,,,,,,,,,,,,,,Matches,marin pongracic,0.592979246750474,0.688893262296915,0.592979246750474,6.798887319862843,6.397510515525937
2138,Nick Pope,eng ENG,GK,Newcastle,eng Premier League,33.0,1992.0,27,27,2416.0,26.8,0,0,0,0,0,0,2,0,0.0,0.0,0.0,0.0,0.0,Matches,0,1,1,100.0,0.04,0.04,0.0,0.0,0,0,Matches,,,,,,,,,,,,,,,0,,,,,,Matches,,1,,,,,,,,,,,0,,,,Matches,,,,,,,,,,,,,,,,,,,,,Matches,nick pope,0.1314873248338699,0.0,0.1314873248338699,2.810626602731645,2.810626602731645
2139,Pedro Porro,es ESP,DF,Tottenham,eng Premier League,25.0,1999.0,34,32,2796.0,31.1,1,2,3,1,0,0,10,0,0.03,0.06,0.1,0.03,0.1,Matches,1,32,8,25.0,1.03,0.26,0.03,0.13,0,0,Matches,,,,,,,,,,,,,,,2,,,,,,Matches,,50,,,,,,,,,,,31,,,,Matches,,,,,,,,,,,,,,,,,,,,,Matches,pedro porro,1.4028917597606778,4.247651634737849,1.4028917597606778,10.6049581207335,8.791748657822609
2140,Portu,es ESP,"FW,MF",Girona,es La Liga,33.0,1992.0,10,4,474.0,5.3,0,0,0,0,0,0,2,0,0.0,0.0,0.0,0.0,0.0,Matches,0,9,5,55.6,1.71,0.95,0.0,0.0,0,0,Matches,,,,,,,,,,,,,,,0,,,,,,Matches,,1,,,,,,,,,,,2,,,,Matches,,,,,,,,,,,,,,,,,,,,,Matches,portu,1.6742162741720676,0.189590573310852,1.6742162741720676,2.053294636309147,0.457047451287508
2142,Stefan Posch,at AUT,DF,Mainz 05,de Bundesliga,28.0,1997.0,16,16,1395.0,15.5,0,0,0,0,0,0,4,0,0.0,0.0,0.0,0.0,0.0,Matches,0,11,3,27.3,0.71,0.19,0.0,0.0,0,0,Matches,,,,,,,,,,,,,,,0,,,,,,Matches,,22,,,,,,,,,,,21,,,,Matches,,,,,,,,,,,,,,,,,,,,,Matches,stefan posch,0.4011011412367224,0.4894324410706758,0.4011011412367224,4.902905914932489,4.450077299028635
2143,Freddie Potts,eng ENG,MF,West Ham,eng Premier League,21.0,2003.0,22,12,1171.0,13.0,0,1,1,0,0,0,1,0,0.0,0.08,0.08,0.0,0.08,Matches,0,3,1,33.3,0.23,0.08,0.0,0.0,0,0,Matches,,,,,,,,,,,,,,,1,,,,,,Matches,,18,,,,,,,,,,,16,,,,Matches,,,,,,,,,,,,,,,,,,,,,Matches,freddie potts,0.2126328870654106,1.2075103465467691,0.2126328870654106,3.1646942142397165,2.264735572040081
2144,Kacper Potulski,pl POL,DF,Mainz 05,de Bundesliga,17.0,2007.0,15,9,1065.0,11.8,1,0,1,1,0,0,3,0,0.08,0.0,0.08,0.08,0.08,Matches,1,14,5,35.7,1.18,0.42,0.07,0.2,0,0,Matches,,,,,,,,,,,,,,,0,,,,,,Matches,,15,,,,,,,,,,,19,,,,Matches,,,,,,,,,,,,,,,,,,,,,Matches,kacper potulski,2.6196836456656456,0.6171241998672485,2.6196836456656456,1.225274246186018,0.9039126615971328
2147,Alexander Prass,at AUT,MF,Hoffenheim,de Bundesliga,24.0,2001.0,32,12,1308.0,14.5,3,2,5,3,0,0,4,0,0.21,0.14,0.34,0.21,0.34,Matches,3,18,11,61.1,1.24,0.76,0.17,0.27,0,0,Matches,,,,,,,,,,,,,,,2,,,,,,Matches,,22,,,,,,,,,,,6,,,,Matches,,,,,,,,,,,,,,,,,,,,,Matches,alexander prass,1.6435396876186132,2.1666669230908155,1.6435396876186132,6.382722614333034,3.386800726875663
2148,Matteo Prati,it ITA,MF,Torino,it Serie A,21.0,2003.0,13,7,614.0,6.8,0,1,1,0,0,0,2,0,0.0,0.15,0.15,0.0,0.15,Matches,0,12,0,0.0,1.76,0.0,0.0,,0,0,Matches,,,,,,,,,,,,,,,1,,,,,,Matches,,3,,,,,,,,,,,5,,,,Matches,,,,,,,,,,,,,,,,,,,,,Matches,matteo prati,1.6766500296071172,1.699283911846578,1.6766500296071172,6.055320294573903,4.262527488172054
2149,Matteo Prati,it ITA,MF,Cagliari,it Serie A,21.0,2003.0,20,15,1268.0,14.1,1,0,1,1,0,0,4,0,0.07,0.0,0.07,0.07,0.07,Matches,1,19,1,5.3,1.35,0.07,0.05,1.0,0,0,Matches,,,,,,,,,,,,,,,0,,,,,,Matches,,12,,,,,,,,,,,15,,,,Matches,,,,,,,,,,,,,,,,,,,,,Matches,matteo prati,1.6766500296071172,1.699283911846578,1.6766500296071172,6.055320294573903,4.262527488172054
2151,Grischa Prömel,de GER,MF,Hoffenheim,de Bundesliga,30.0,1995.0,33,16,1758.0,19.5,7,2,9,7,0,0,5,0,0.36,0.1,0.46,0.36,0.46,Matches,7,43,14,32.6,2.2,0.72,0.16,0.5,0,0,Matches,,,,,,,,,,,,,,,2,,,,,,Matches,,16,,,,,,,,,,,15,,,,Matches,,,,,,,,,,,,,,,,,,,,,Matches,grischa promel,5.130105700343847,2.619504975154996,5.130105700343847,10.6988823749125,3.4885037057101727
2152,Ivan Provedel,it ITA,GK,Lazio,it Serie A,31.0,1994.0,27,27,2430.0,27.0,0,0,0,0,0,0,1,0,0.0,0.0,0.0,0.0,0.0,Matches,0,0,0,,0.0,0.0,,,0,0,Matches,,,,,,,,,,,,,,,0,,,,,,Matches,,0,,,,,,,,,,,0,,,,Matches,,,,,,,,,,,,,,,,,,,,,Matches,ivan provedel,0.0,0.2273319959640503,0.0,2.789876733906567,2.562544737942517
2154,Javi Puado,es ESP,"MF,FW",Espanyol,es La Liga,27.0,1998.0,10,8,674.0,7.5,2,0,2,1,1,2,2,0,0.27,0.0,0.27,0.13,0.13,Matches,2,15,9,60.0,2.0,1.2,0.13,0.22,1,2,Matches,,,,,,,,,,,,,,,0,,,,,,Matches,,2,,,,,,,,,,,3,,,,Matches,,,,,,,,,,,,,,,,,,,,,Matches,javi puado,4.838970278389752,0.9579164311289788,3.3524150969460607,3.2629179880023003,1.2333675622940063
2155,Marc Pubill,es ESP,DF,Atlético Madrid,es La Liga,22.0,2003.0,19,15,1381.0,15.3,1,1,2,1,0,0,2,0,0.07,0.07,0.13,0.07,0.13,Matches,1,11,4,36.4,0.72,0.26,0.09,0.25,0,0,Matches,,,,,,,,,,,,,,,1,,,,,,Matches,,15,,,,,,,,,,,18,,,,Matches,,,,,,,,,,,,,,,,,,,,,Matches,marc pubill,1.324379259720445,0.6268223077058792,1.324379259720445,6.8829026222229,5.75148531794548
2156,Cameron Puertas,ch SUI,MF,Werder Bremen,de Bundesliga,26.0,1998.0,28,22,1846.0,20.5,1,2,3,1,0,0,6,0,0.05,0.1,0.15,0.05,0.15,Matches,1,37,8,21.6,1.8,0.39,0.03,0.13,0,0,Matches,,,,,,,,,,,,,,,2,,,,,,Matches,,37,,,,,,,,,,,19,,,,Matches,,,,,,,,,,,,,,,,,,,,,Matches,cameron puertas,2.220278110355139,2.42338989302516,2.220278110355139,7.052124924957752,4.755718288943172
2157,Christian Pulisic,us USA,FW,Milan,it Serie A,26.0,1998.0,30,18,1609.0,17.9,8,4,12,8,0,1,0,0,0.45,0.22,0.67,0.45,0.67,Matches,8,54,25,46.3,3.02,1.4,0.15,0.32,0,1,Matches,,,,,,,,,,,,,,,4,,,,,,Matches,,8,,,,,,,,,,,3,,,,Matches,,,,,,,,,,,,,,,,,,,,,Matches,christian pulisic,9.544671326875688,5.038487618789077,8.78337250649929,16.272753523662686,6.288353566080332
2159,Arkadiusz Pyrka,pl POL,MF,St Pauli,de Bundesliga,22.0,2002.0,31,30,2576.0,28.6,0,1,1,0,0,0,3,0,0.0,0.03,0.03,0.0,0.03,Matches,0,19,3,15.8,0.66,0.1,0.0,0.0,0,0,Matches,,,,,,,,,,,,,,,1,,,,,,Matches,,24,,,,,,,,,,,23,,,,Matches,,,,,,,,,,,,,,,,,,,,,Matches,arkadiusz pyrka,1.008908435702324,2.223026978783309,1.008908435702324,8.325334949418902,6.6152997855097055
2160,Jarell Quansah,eng ENG,DF,Leverkusen,de Bundesliga,22.0,2003.0,28,25,2299.0,25.5,4,0,4,4,0,0,9,0,0.16,0.0,0.16,0.16,0.16,Matches,4,18,8,44.4,0.7,0.31,0.22,0.5,0,0,Matches,,,,,,,,,,,,,,,0,,,,,,Matches,,22,,,,,,,,,,,26,,,,Matches,,,,,,,,,,,,,,,,,,,,,Matches,jarell quansah,3.567939020693302,0.9014928825199604,3.567939020693302,12.289946498349307,9.830473124980928
2161,Leopold Querfeld,at AUT,DF,Union Berlin,de Bundesliga,21.0,2003.0,31,30,2705.0,30.1,3,0,3,1,2,3,7,0,0.1,0.0,0.1,0.03,0.03,Matches,3,29,10,34.5,0.96,0.33,0.1,0.3,2,3,Matches,,,,,,,,,,,,,,,0,,,,,,Matches,,27,,,,,,,,,,,35,,,,Matches,,,,,,,,,,,,,,,,,,,,,Matches,leopold querfeld,3.893261847086251,2.300974193960428,1.6199317695572972,4.945359595119953,3.97544520162046
2166,Adrien Rabiot,fr FRA,MF,Milan,it Serie A,30.0,1995.0,29,28,2550.0,28.3,6,4,10,6,0,0,6,1,0.21,0.14,0.35,0.21,0.35,Matches,6,46,12,26.1,1.62,0.42,0.13,0.5,0,0,Matches,,,,,,,,,,,,,,,4,,,,,,Matches,,31,,,,,,,,,,,20,,,,Matches,,,,,,,,,,,,,,,,,,,,,Matches,adrien rabiot,4.362811662256718,3.9378524888306856,4.362811662256718,15.66315065138042,10.026626612991096
2168,Ionuț Radu,ro ROU,GK,Celta Vigo,es La Liga,28.0,1997.0,38,38,3420.0,38.0,0,0,0,0,0,0,2,0,0.0,0.0,0.0,0.0,0.0,Matches,0,0,0,,0.0,0.0,,,0,0,Matches,,,,,,,,,,,,,,,0,,,,,,Matches,,0,,,,,,,,,,,1,,,,Matches,,,,,,,,,,,,,,,,,,,,,Matches,ionut radu,0.0,0.1440417915582656,0.0,8.14351802226156,7.999476215802133
2169,Ugo Raghouber,fr FRA,MF,Levante,es La Liga,22.0,2003.0,16,8,706.0,7.8,0,0,0,0,0,0,1,0,0.0,0.0,0.0,0.0,0.0,Matches,0,3,0,0.0,0.38,0.0,0.0,,0,0,Matches,,,,,,,,,,,,,,,0,,,,,,Matches,,10,,,,,,,,,,,15,,,,Matches,,,,,,,,,,,,,,,,,,,,,Matches,ugo raghouber,0.0831064730882644,0.1725852377712726,0.0831064730882644,1.1282448451966047,1.0098904836922884
2171,Antonio Raillo,es ESP,DF,Mallorca,es La Liga,33.0,1991.0,24,23,2070.0,23.0,0,1,1,0,0,0,4,0,0.0,0.04,0.04,0.0,0.04,Matches,0,12,1,8.3,0.52,0.04,0.0,0.0,0,0,Matches,,,,,,,,,,,,,,,1,,,,,,Matches,,13,,,,,,,,,,,12,,,,Matches,,,,,,,,,,,,,,,,,,,,,Matches,antonio raillo,0.6311804680153728,0.3643940649926662,0.6311804680153728,4.512468161061406,4.202221794053912
2172,Ylber Ramadani,al ALB,MF,Lecce,it Serie A,29.0,1996.0,37,37,3203.0,35.6,1,0,1,1,0,0,10,0,0.03,0.0,0.03,0.03,0.03,Matches,1,34,5,14.7,0.96,0.14,0.03,0.2,0,0,Matches,,,,,,,,,,,,,,,0,,,,,,Matches,,50,,,,,,,,,,,44,,,,Matches,,,,,,,,,,,,,,,,,,,,,Matches,ylber ramadani,1.2185862502083182,1.3888573935255408,1.2185862502083182,7.193579321727157,5.043079229071736
2173,Diant Ramaj,de GER,GK,Heidenheim,de Bundesliga,23.0,2001.0,31,31,2790.0,31.0,0,1,1,0,0,0,2,0,0.0,0.03,0.03,0.0,0.03,Matches,0,0,0,,0.0,0.0,,,0,0,Matches,,,,,,,,,,,,,,,1,,,,,,Matches,,0,,,,,,,,,,,0,,,,Matches,,,,,,,,,,,,,,,,,,,,,Matches,diant ramaj,0.0,0.3030021786689758,0.0,4.836176889017224,4.533174702897668
2174,Largie Ramazani,be BEL,"MF,FW",Valencia,es La Liga,24.0,2001.0,27,11,1234.0,13.7,6,1,7,3,3,3,4,0,0.44,0.07,0.51,0.22,0.29,Matches,6,51,19,37.3,3.72,1.39,0.12,0.32,3,3,Matches,,,,,,,,,,,,,,,1,,,,,,Matches,,12,,,,,,,,,,,14,,,,Matches,,,,,,,,,,,,,,,,,,,,,Matches,largie ramazani,6.468218728899956,2.4562970297411084,4.23838584497571,9.884040178731084,3.9631658289581537
2175,Jacobo Ramón,es ESP,DF,Como,it Serie A,20.0,2005.0,32,30,2742.0,30.5,2,0,2,2,0,0,11,1,0.07,0.0,0.07,0.07,0.07,Matches,2,39,9,23.1,1.28,0.3,0.05,0.22,0,0,Matches,,,,,,,,,,,,,,,0,,,,,,Matches,,32,,,,,,,,,,,38,,,,Matches,,,,,,,,,,,,,,,,,,,,,Matches,jacobo ramon,5.472400579601526,1.0274589136242869,5.472400579601526,11.14709885045886,10.425094533711672
2176,Gonçalo Ramos,pt POR,FW,PSG,fr Ligue 1,24.0,2001.0,30,13,1318.0,14.6,6,1,7,5,1,2,4,1,0.41,0.07,0.48,0.34,0.41,Matches,6,58,25,43.1,3.96,1.71,0.1,0.24,1,2,Matches,,,,,,,,,,,,,,,1,,,,,,Matches,,14,,,,,,,,,,,5,,,,Matches,,,,,,,,,,,,,,,,,,,,,Matches,goncalo ramos,9.366714945062997,1.5339764999225736,7.846524586901069,7.911083575338125,3.1021426245570183
2178,Aaron Ramsdale,eng ENG,GK,Newcastle,eng Premier League,27.0,1998.0,12,11,1004.0,11.2,0,0,0,0,0,0,2,0,0.0,0.0,0.0,0.0,0.0,Matches,0,0,0,,0.0,0.0,,,0,0,Matches,,,,,,,,,,,,,,,0,,,,,,Matches,,0,,,,,,,,,,,0,,,,Matches,,,,,,,,,,,,,,,,,,,,,Matches,aaron ramsdale,0.0,0.0710007473826408,0.0,2.482472578063607,2.411471823230386
2179,Jacob Ramsey,eng ENG,MF,Newcastle,eng Premier League,24.0,2001.0,28,15,1450.0,16.1,2,3,5,2,0,0,5,1,0.12,0.19,0.31,0.12,0.31,Matches,2,16,4,25.0,0.99,0.25,0.13,0.5,0,0,Matches,,,,,,,,,,,,,,,3,,,,,,Matches,,21,,,,,,,,,,,9,,,,Matches,,,,,,,,,,,,,,,,,,,,,Matches,jacob ramsey,1.2112666741013527,1.5663878619670868,1.2112666741013527,5.487635789439082,4.252015369012952
2180,Luca Ranieri,it ITA,DF,Fiorentina,it Serie A,26.0,1999.0,34,29,2458.0,27.3,1,0,1,1,0,0,8,1,0.04,0.0,0.04,0.04,0.04,Matches,1,18,3,16.7,0.66,0.11,0.06,0.33,0,0,Matches,,,,,,,,,,,,,,,0,,,,,,Matches,,24,,,,,,,,,,,24,,,,Matches,,,,,,,,,,,,,,,,,,,,,Matches,luca ranieri,2.0760744465515018,1.0300525836646557,2.0760744465515018,6.201835326850414,5.025631407275796
2182,Lilian Raolisoa,fr FRA,"MF,DF",Angers,fr Ligue 1,25.0,2000.0,32,21,1966.0,21.8,2,4,6,2,0,0,3,0,0.09,0.18,0.27,0.09,0.27,Matches,2,16,5,31.3,0.73,0.23,0.13,0.4,0,0,Matches,,,,,,,,,,,,,,,4,,,,,,Matches,,31,,,,,,,,,,,14,,,,Matches,,,,,,,,,,,,,,,,,,,,,Matches,lilian raolisoa,1.03963359631598,3.5283372923731804,1.03963359631598,8.350225617177784,4.537761720828712
2183,Raphinha,br BRA,"MF,FW",Barcelona,es La Liga,28.0,1996.0,22,18,1380.0,15.3,13,3,16,10,3,3,5,0,0.85,0.2,1.04,0.65,0.85,Matches,13,65,24,36.9,4.24,1.57,0.2,0.54,3,3,Matches,,,,,,,,,,,,,,,3,,,,,,Matches,,6,,,,,,,,,,,6,,,,Matches,,,,,,,,,,,,,,,,,,,,,Matches,raphinha,11.12714341841638,5.906838221475482,8.897310553118587,18.973049715161324,7.869677424430847
2184,Marcus Rashford,eng ENG,"MF,FW",Barcelona,es La Liga,27.0,1997.0,32,18,1763.0,19.6,8,7,15,8,0,0,3,0,0.41,0.36,0.77,0.41,0.77,Matches,8,76,29,38.2,3.88,1.48,0.11,0.28,0,0,Matches,,,,,,,,,,,,,,,7,,,,,,Matches,,8,,,,,,,,,,,2,,,,Matches,,,,,,,,,,,,,,,,,,,,,Matches,marcus rashford,8.697766778059304,4.963629940524697,8.697766778059304,17.325936785899103,7.726865269243717
2185,Mathias Rasmussen,no NOR,MF,St Pauli,de Bundesliga,27.0,1997.0,13,8,694.0,7.7,0,0,0,0,0,0,0,0,0.0,0.0,0.0,0.0,0.0,Matches,0,6,2,33.3,0.78,0.26,0.0,0.0,0,0,Matches,,,,,,,,,,,,,,,0,,,,,,Matches,,6,,,,,,,,,,,8,,,,Matches,,,,,,,,,,,,,,,,,,,,,Matches,mathias rasmussen,0.7939996533095837,0.26394072920084,0.7939996533095837,2.191186435520649,1.7720584273338318
2186,Giacomo Raspadori,it ITA,"MF,FW",Atalanta,it Serie A,25.0,2000.0,13,7,796.0,8.8,3,1,4,3,0,0,0,0,0.34,0.11,0.45,0.34,0.45,Matches,3,28,11,39.3,3.17,1.24,0.11,0.27,0,0,Matches,,,,,,,,,,,,,,,1,,,,,,Matches,,3,,,,,,,,,,,1,,,,Matches,,,,,,,,,,,,,,,,,,,,,Matches,giacomo raspadori,0.8766965568065643,0.9504356123507024,0.8766965568065643,1.947984542697668,0.268772192299366
2189,Andrei Ratiu,ro ROU,DF,Rayo Vallecano,es La Liga,27.0,1998.0,35,31,2807.0,31.2,0,4,4,0,0,0,9,0,0.0,0.13,0.13,0.0,0.13,Matches,0,31,9,29.0,0.99,0.29,0.0,0.0,0,0,Matches,,,,,,,,,,,,,,,4,,,,,,Matches,,44,,,,,,,,,,,39,,,,Matches,,,,,,,,,,,,,,,,,,,,,Matches,andrei ratiu,2.3735468704253435,6.194820357486606,2.3735468704253435,16.08938203752041,11.390583541244268
2191,Raúl,es ESP,FW,Osasuna,es La Liga,24.0,2000.0,36,6,1041.0,11.6,7,1,8,7,0,0,2,1,0.61,0.09,0.69,0.61,0.69,Matches,7,39,23,59.0,3.37,1.99,0.18,0.3,0,0,Matches,,,,,,,,,,,,,,,1,,,,,,Matches,,13,,,,,,,,,,,7,,,,Matches,,,,,,,,,,,,,,,,,,,,,Matches,raul,1.511999098584056,0.4637518934905529,1.511999098584056,7.886597044765949,7.307897858321667
2192,David Raum,de GER,DF,RB Leipzig,de Bundesliga,27.0,1998.0,30,29,2553.0,28.4,3,7,10,2,1,1,6,0,0.11,0.25,0.35,0.07,0.32,Matches,3,24,8,33.3,0.85,0.28,0.13,0.38,1,1,Matches,,,,,,,,,,,,,,,7,,,,,,Matches,,35,,,,,,,,,,,33,,,,Matches,,,,,,,,,,,,,,,,,,,,,Matches,david raum,2.401866391301155,11.038921784609556,1.644089713692665,20.633256940171123,16.384972443804145
2193,Federico Ravaglia,it ITA,GK,Bologna,it Serie A,25.0,1999.0,17,16,1470.0,16.3,0,0,0,0,0,0,4,0,0.0,0.0,0.0,0.0,0.0,Matches,0,0,0,,0.0,0.0,,,0,0,Matches,,,,,,,,,,,,,,,0,,,,,,Matches,,1,,,,,,,,,,,0,,,,Matches,,,,,,,,,,,,,,,,,,,,,Matches,federico ravaglia,0.0,0.0,0.0,1.1016265656799078,1.1016265656799078
2194,David Raya,es ESP,GK,Arsenal,eng Premier League,29.0,1995.0,37,37,3330.0,37.0,0,0,0,0,0,0,1,0,0.0,0.0,0.0,0.0,0.0,Matches,0,0,0,,0.0,0.0,,,0,0,Matches,,,,,,,,,,,,,,,0,,,,,,Matches,,1,,,,,,,,,,,1,,,,Matches,,,,,,,,,,,,,,,,,,,,,Matches,david raya,0.0,0.1493939720094204,0.0,6.412498269230127,6.321507047861815
2195,Rayan,br BRA,MF,Bournemouth,eng Premier League,18.0,2006.0,15,13,1111.0,12.3,5,2,7,5,0,0,1,0,0.41,0.16,0.57,0.41,0.57,Matches,5,28,8,28.6,2.27,0.65,0.18,0.63,0,0,Matches,,,,,,,,,,,,,,,2,,,,,,Matches,,6,,,,,,,,,,,8,,,,Matches,,,,,,,,,,,,,,,,,,,,,Matches,rayan,2.6684105955064297,2.7789037879556417,2.6684105955064297,6.337880494073033,2.8229257110506296
2196,Abde Rebbach,dz ALG,"MF,DF",Alavés,es La Liga,26.0,1998.0,30,15,1496.0,16.6,1,4,5,1,0,0,8,0,0.06,0.24,0.3,0.06,0.3,Matches,1,34,12,35.3,2.05,0.72,0.03,0.08,0,0,Matches,,,,,,,,,,,,,,,4,,,,,,Matches,,21,,,,,,,,,,,16,,,,Matches,,,,,,,,,,,,,,,,,,,,,Matches,abde rebbach,2.956959212198853,4.949423234909773,2.956959212198853,6.177632927894592,2.1951087564229965
2199,Luca Reggiani,it ITA,DF,Dortmund,de Bundesliga,17.0,2008.0,8,6,511.0,5.7,1,0,1,1,0,0,2,0,0.18,0.0,0.18,0.18,0.18,Matches,1,3,1,33.3,0.53,0.18,0.33,1.0,0,0,Matches,,,,,,,,,,,,,,,0,,,,,,Matches,,10,,,,,,,,,,,2,,,,Matches,,,,,,,,,,,,,,,,,,,,,Matches,luca reggiani,0.460574084892869,0.0403863340616226,0.460574084892869,2.269562177360058,2.2139969542622566
2200,Alejandro Rego,es ESP,MF,Athletic Club,es La Liga,22.0,2003.0,29,11,1279.0,14.2,1,1,2,1,0,0,6,0,0.07,0.07,0.14,0.07,0.14,Matches,1,12,3,25.0,0.84,0.21,0.08,0.33,0,0,Matches,,,,,,,,,,,,,,,1,,,,,,Matches,,20,,,,,,,,,,,21,,,,Matches,,,,,,,,,,,,,,,,,,,,,Matches,alejandro rego,0.5311379982158542,0.799548452720046,0.5311379982158542,3.1697750445455317,2.2423849515616894
2201,Tijjani Reijnders,nl NED,MF,Manchester City,eng Premier League,27.0,1998.0,28,19,1631.0,18.1,5,2,7,5,0,0,2,0,0.28,0.11,0.39,0.28,0.39,Matches,5,49,16,32.7,2.7,0.88,0.1,0.31,0,0,Matches,,,,,,,,,,,,,,,2,,,,,,Matches,,4,,,,,,,,,,,11,,,,Matches,,,,,,,,,,,,,,,,,,,,,Matches,tijjani reijnders,4.861917998641729,3.073294181376696,4.861917998641729,13.1919761672616,7.1736231576651335
2202,Alberto Reina,es ESP,MF,Oviedo,es La Liga,27.0,1997.0,37,31,2462.0,27.4,4,1,5,4,0,0,6,1,0.15,0.04,0.18,0.15,0.18,Matches,4,24,11,45.8,0.88,0.4,0.17,0.36,0,0,Matches,,,,,,,,,,,,,,,1,,,,,,Matches,,18,,,,,,,,,,,19,,,,Matches,,,,,,,,,,,,,,,,,,,,,Matches,alberto reina,3.899130245670676,4.210082144476473,3.899130245670676,8.353435187600553,3.1385123571380973
2203,Vitor Reis,br BRA,DF,Girona,es La Liga,19.0,2006.0,36,35,3138.0,34.9,1,1,2,1,0,0,9,1,0.03,0.03,0.06,0.03,0.06,Matches,1,19,4,21.1,0.54,0.11,0.05,0.25,0,0,Matches,,,,,,,,,,,,,,,1,,,,,,Matches,,32,,,,,,,,,,,35,,,,Matches,,,,,,,,,,,,,,,,,,,,,Matches,vitor reis,1.9711542688310144,0.8653075750917196,1.9711542688310144,9.510100200772284,8.20014369674027
2204,Rocco Reitz,de GER,MF,Gladbach,de Bundesliga,23.0,2002.0,31,31,2627.0,29.2,0,4,4,0,0,0,8,1,0.0,0.14,0.14,0.0,0.14,Matches,0,47,14,29.8,1.61,0.48,0.0,0.0,0,0,Matches,,,,,,,,,,,,,,,4,,,,,,Matches,,42,,,,,,,,,,,49,,,,Matches,,,,,,,,,,,,,,,,,,,,,Matches,rocco reitz,2.6513977786526084,3.992779002524912,2.6513977786526084,13.191347749903798,8.105832872912288
2205,Nicolai Remberg,de GER,MF,Hamburger SV,de Bundesliga,25.0,2000.0,32,32,2880.0,32.0,0,2,2,0,0,0,11,0,0.0,0.06,0.06,0.0,0.06,Matches,0,17,8,47.1,0.53,0.25,0.0,0.0,0,0,Matches,,,,,,,,,,,,,,,2,,,,,,Matches,,27,,,,,,,,,,,43,,,,Matches,,,,,,,,,,,,,,,,,,,,,Matches,nicolai remberg,1.0534912925213575,2.1542654521763325,1.0534912925213575,9.058403618633749,7.185781825333834
2206,Álex Remiro,es ESP,GK,Real Sociedad,es La Liga,30.0,1995.0,37,37,3330.0,37.0,0,0,0,0,0,0,1,0,0.0,0.0,0.0,0.0,0.0,Matches,0,0,0,,0.0,0.0,,,0,0,Matches,,,,,,,,,,,,,,,0,,,,,,Matches,,1,,,,,,,,,,,1,,,,Matches,,,,,,,,,,,,,,,,,,,,,Matches,alex remiro,0.0,0.3873771876096725,0.0,6.81348979100585,6.426112595945597
2207,Devyne Rensch,nl NED,MF,Roma,it Serie A,22.0,2003.0,24,12,1184.0,13.2,1,4,5,1,0,0,1,0,0.08,0.3,0.38,0.08,0.38,Matches,1,6,2,33.3,0.46,0.15,0.17,0.5,0,0,Matches,,,,,,,,,,,,,,,4,,,,,,Matches,,15,,,,,,,,,,,16,,,,Matches,,,,,,,,,,,,,,,,,,,,,Matches,devyne rensch,0.569548043422401,2.7164466995745897,0.569548043422401,4.86653365381062,3.604976048693061
2208,Guillaume Restes,fr FRA,GK,Toulouse,fr Ligue 1,20.0,2005.0,33,33,2939.0,32.7,0,0,0,0,0,0,3,0,0.0,0.0,0.0,0.0,0.0,Matches,0,0,0,,0.0,0.0,,,0,0,Matches,,,,,,,,,,,,,,,0,,,,,,Matches,,0,,,,,,,,,,,1,,,,Matches,,,,,,,,,,,,,,,,,,,,,Matches,guillaume restes,0.0,0.0612147636711597,0.0,2.951088210567832,2.951088210567832
2209,Elvis Rexhbeçaj,xk KVX,MF,Augsburg,de Bundesliga,27.0,1997.0,26,10,1118.0,12.4,2,0,2,2,0,0,4,0,0.16,0.0,0.16,0.16,0.16,Matches,2,11,5,45.5,0.89,0.4,0.18,0.4,0,0,Matches,,,,,,,,,,,,,,,0,,,,,,Matches,,8,,,,,,,,,,,4,,,,Matches,,,,,,,,,,,,,,,,,,,,,Matches,elvis rexhbecaj,0.5392126142978668,0.7069284673780203,0.5392126142978668,2.577535273507237,1.4284834694117308
2210,Oriol Rey,es ESP,MF,Levante,es La Liga,27.0,1998.0,20,14,1319.0,14.7,0,1,1,0,0,0,4,0,0.0,0.07,0.07,0.0,0.07,Matches,0,8,1,12.5,0.55,0.07,0.0,0.0,0,0,Matches,,,,,,,,,,,,,,,1,,,,,,Matches,,12,,,,,,,,,,,12,,,,Matches,,,,,,,,,,,,,,,,,,,,,Matches,oriol rey,0.3515440141782164,0.257574962452054,0.3515440141782164,6.560898684896529,6.077804811298847
2211,Gio Reyna,us USA,MF,Gladbach,de Bundesliga,22.0,2002.0,19,4,520.0,5.8,1,0,1,1,0,0,1,0,0.17,0.0,0.17,0.17,0.17,Matches,1,7,2,28.6,1.21,0.35,0.14,0.5,0,0,Matches,,,,,,,,,,,,,,,0,,,,,,Matches,,6,,,,,,,,,,,4,,,,Matches,,,,,,,,,,,,,,,,,,,,,Matches,gio reyna,,,,,
2212,Chadi Riad,ma MAR,DF,Crystal Palace,eng Premier League,22.0,2003.0,9,6,552.0,6.1,0,1,1,0,0,0,2,0,0.0,0.16,0.16,0.0,0.16,Matches,0,4,2,50.0,0.65,0.33,0.0,0.0,0,0,Matches,,,,,,,,,,,,,,,1,,,,,,Matches,,5,,,,,,,,,,,4,,,,Matches,,,,,,,,,,,,,,,,,,,,,Matches,chadi riad,0.2799455123022198,0.427691638469696,0.2799455123022198,1.6205672025680542,1.5276411771774292
2213,Alexsandro Ribeiro,br BRA,DF,Lille,fr Ligue 1,25.0,1999.0,9,7,509.0,5.7,0,0,0,0,0,0,0,1,0.0,0.0,0.0,0.0,0.0,Matches,0,7,2,28.6,1.24,0.35,0.0,0.0,0,0,Matches,,,,,,,,,,,,,,,0,,,,,,Matches,,9,,,,,,,,,,,11,,,,Matches,,,,,,,,,,,,,,,,,,,,,Matches,alexsandro ribeiro,0.2516534775495529,0.0,0.2516534775495529,3.515724942088127,3.515724942088127
2214,Rodrigo Ribeiro,pt POR,FW,Augsburg,de Bundesliga,20.0,2005.0,14,6,636.0,7.1,2,0,2,2,0,0,1,0,0.28,0.0,0.28,0.28,0.28,Matches,2,26,7,26.9,3.68,0.99,0.08,0.29,0,0,Matches,,,,,,,,,,,,,,,0,,,,,,Matches,,3,,,,,,,,,,,4,,,,Matches,,,,,,,,,,,,,,,,,,,,,Matches,rodrigo ribeiro,4.629444479942322,0.0266821533441543,4.629444479942322,5.407829083502293,1.2390874158591032
2215,Samuele Ricci,it ITA,MF,Milan,it Serie A,23.0,2001.0,31,11,1312.0,14.6,1,4,5,1,0,0,3,0,0.07,0.27,0.34,0.07,0.34,Matches,1,18,6,33.3,1.23,0.41,0.06,0.17,0,0,Matches,,,,,,,,,,,,,,,4,,,,,,Matches,,9,,,,,,,,,,,9,,,,Matches,,,,,,,,,,,,,,,,,,,,,Matches,samuele ricci,2.1061665676534176,2.7816384192556143,2.1061665676534176,8.74880488216877,5.324380742385984
2216,Declan Rice,eng ENG,MF,Arsenal,eng Premier League,26.0,1999.0,36,35,3094.0,34.4,4,5,9,4,0,0,3,0,0.12,0.15,0.26,0.12,0.26,Matches,4,40,13,32.5,1.16,0.38,0.1,0.31,0,0,Matches,,,,,,,,,,,,,,,5,,,,,,Matches,,33,,,,,,,,,,,33,,,,Matches,,,,,,,,,,,,,,,,,,,,,Matches,declan rice,3.720960887148976,8.159449681639671,3.720960887148976,18.490907587111,12.956868270412087
2217,Chris Richards,us USA,DF,Crystal Palace,eng Premier League,25.0,2000.0,33,31,2827.0,31.4,1,0,1,1,0,0,4,0,0.03,0.0,0.03,0.03,0.03,Matches,1,15,2,13.3,0.48,0.06,0.07,0.5,0,0,Matches,,,,,,,,,,,,,,,0,,,,,,Matches,,35,,,,,,,,,,,43,,,,Matches,,,,,,,,,,,,,,,,,,,,,Matches,chris richards,1.7814537715166807,0.4875335106626153,1.7814537715166807,7.80950731690973,7.502825566567481
2219,Richarlison,br BRA,"FW,MF",Tottenham,eng Premier League,28.0,1997.0,32,20,1964.0,21.8,11,4,15,11,0,0,5,0,0.5,0.18,0.69,0.5,0.69,Matches,11,61,26,42.6,2.8,1.19,0.18,0.42,0,0,Matches,,,,,,,,,,,,,,,4,,,,,,Matches,,16,,,,,,,,,,,7,,,,Matches,,,,,,,,,,,,,,,,,,,,,Matches,richarlison,9.866276641376317,3.4081881837919354,9.866276641376317,11.187864126637578,2.256451802328229
2220,Diego Rico,es ESP,DF,Getafe,es La Liga,32.0,1993.0,28,18,1758.0,19.5,0,0,0,0,0,0,4,0,0.0,0.0,0.0,0.0,0.0,Matches,0,11,1,9.1,0.56,0.05,0.0,0.0,0,0,Matches,,,,,,,,,,,,,,,0,,,,,,Matches,,29,,,,,,,,,,,33,,,,Matches,,,,,,,,,,,,,,,,,,,,,Matches,diego rico,0.2927396623417735,0.8772552907466888,0.2927396623417735,1.4686552183702588,0.5435091145336628
2221,Clemens Riedel,de GER,DF,Espanyol,es La Liga,22.0,2003.0,20,16,1396.0,15.5,0,1,1,0,0,0,5,0,0.0,0.06,0.06,0.0,0.06,Matches,0,3,1,33.3,0.19,0.06,0.0,0.0,0,0,Matches,,,,,,,,,,,,,,,1,,,,,,Matches,,14,,,,,,,,,,,11,,,,Matches,,,,,,,,,,,,,,,,,,,,,Matches,clemens riedel,0.1087655127048492,0.1781810065731406,0.1087655127048492,2.985293955542147,2.905074262060225
2222,Fabian Rieder,ch SUI,MF,Augsburg,de Bundesliga,23.0,2002.0,32,28,2343.0,26.0,6,3,9,4,2,2,4,0,0.23,0.12,0.35,0.15,0.27,Matches,6,38,13,34.2,1.46,0.5,0.16,0.46,2,2,Matches,,,,,,,,,,,,,,,3,,,,,,Matches,,20,,,,,,,,,,,13,,,,Matches,,,,,,,,,,,,,,,,,,,,,Matches,fabian rieder,4.166463605128229,5.375069449655712,2.650910287164152,11.631565358489752,6.491243749856949
2225,Chris Rigg,eng ENG,MF,Sunderland,eng Premier League,18.0,2007.0,18,11,761.0,8.5,1,1,2,1,0,0,1,0,0.12,0.12,0.24,0.12,0.24,Matches,1,12,3,25.0,1.42,0.35,0.08,0.33,0,0,Matches,,,,,,,,,,,,,,,1,,,,,,Matches,,8,,,,,,,,,,,4,,,,Matches,,,,,,,,,,,,,,,,,,,,,Matches,chris rigg,0.8001006729900837,1.1892294473946097,0.8001006729900837,1.9688882902264595,0.7253808416426182
2227,Hugo Rincón,es ESP,DF,Girona,es La Liga,22.0,2003.0,33,16,1750.0,19.4,1,1,2,1,0,0,4,0,0.05,0.05,0.1,0.05,0.1,Matches,1,7,2,28.6,0.36,0.1,0.14,0.5,0,0,Matches,,,,,,,,,,,,,,,1,,,,,,Matches,,33,,,,,,,,,,,5,,,,Matches,,,,,,,,,,,,,,,,,,,,,Matches,hugo rincon,0.6909217592328787,1.3317618854343891,0.6909217592328787,5.528506241738796,4.207219677045941
2228,Luis Rioja,es ESP,MF,Valencia,es La Liga,31.0,1993.0,37,31,2624.0,29.2,3,6,9,3,0,0,1,0,0.1,0.21,0.31,0.1,0.31,Matches,3,44,5,11.4,1.51,0.17,0.07,0.6,0,0,Matches,,,,,,,,,,,,,,,6,,,,,,Matches,,25,,,,,,,,,,,17,,,,Matches,,,,,,,,,,,,,,,,,,,,,Matches,luis rioja,2.6316598393023014,4.349898550659418,2.6316598393023014,11.246069345623257,5.814940087497234
2229,Rodrigo Riquelme,es ESP,MF,Real Betis,es La Liga,25.0,2000.0,25,7,821.0,9.1,1,1,2,1,0,0,2,0,0.11,0.11,0.22,0.11,0.22,Matches,1,24,7,29.2,2.63,0.77,0.04,0.14,0,0,Matches,,,,,,,,,,,,,,,1,,,,,,Matches,,11,,,,,,,,,,,5,,,,Matches,,,,,,,,,,,,,,,,,,,,,Matches,rodrigo riquelme,2.6496557127684355,1.466417740099132,2.6496557127684355,6.590603470802307,2.7007025675848126
2230,Robin Risser,fr FRA,GK,Lens,fr Ligue 1,20.0,2004.0,33,33,2970.0,33.0,0,1,1,0,0,0,2,0,0.0,0.03,0.03,0.0,0.03,Matches,0,0,0,,0.0,0.0,,,0,0,Matches,,,,,,,,,,,,,,,1,,,,,,Matches,,0,,,,,,,,,,,0,,,,Matches,,,,,,,,,,,,,,,,,,,,,Matches,robin risser,0.0,0.0707157272845506,0.0,5.969834169372916,5.8991184420883656
2232,Lars Ritzka,de GER,"MF,DF",St Pauli,de Bundesliga,27.0,1998.0,21,12,966.0,10.7,0,0,0,0,0,0,1,0,0.0,0.0,0.0,0.0,0.0,Matches,0,4,1,25.0,0.37,0.09,0.0,0.0,0,0,Matches,,,,,,,,,,,,,,,0,,,,,,Matches,,26,,,,,,,,,,,13,,,,Matches,,,,,,,,,,,,,,,,,,,,,Matches,lars ritzka,0.225738238543272,0.8755739834159613,0.225738238543272,1.4658792736008763,0.7808276889845729
2233,Sergi Roberto,es ESP,MF,Como,it Serie A,33.0,1992.0,20,5,544.0,6.0,0,0,0,0,0,0,3,0,0.0,0.0,0.0,0.0,0.0,Matches,0,7,2,28.6,1.16,0.33,0.0,0.0,0,0,Matches,,,,,,,,,,,,,,,0,,,,,,Matches,,7,,,,,,,,,,,5,,,,Matches,,,,,,,,,,,,,,,,,,,,,Matches,sergi roberto,1.0820457711815834,0.3467925526201725,1.0820457711815834,4.112761254422367,3.482846712693572
2235,Andy Robertson,sct SCO,DF,Liverpool,eng Premier League,31.0,1994.0,24,11,1176.0,13.1,1,0,1,1,0,0,0,0,0.08,0.0,0.08,0.08,0.08,Matches,1,10,3,30.0,0.77,0.23,0.1,0.33,0,0,Matches,,,,,,,,,,,,,,,0,,,,,,Matches,,10,,,,,,,,,,,7,,,,Matches,,,,,,,,,,,,,,,,,,,,,Matches,andy robertson,1.047316076233983,1.5095006115734575,1.047316076233983,5.851028840988874,4.472272000275552
2236,Antonee Robinson,us USA,"DF,MF",Fulham,eng Premier League,27.0,1997.0,22,17,1492.0,16.6,1,0,1,0,1,1,5,0,0.06,0.0,0.06,0.0,0.0,Matches,1,6,1,16.7,0.36,0.06,0.17,1.0,1,1,Matches,,,,,,,,,,,,,,,0,,,,,,Matches,,31,,,,,,,,,,,28,,,,Matches,,,,,,,,,,,,,,,,,,,,,Matches,antonee robinson,0.977246874012053,1.090028055012226,0.2160780364647507,4.561269454658032,3.8488879278302193
2237,Joel Roca,es ESP,"MF,FW",Girona,es La Liga,20.0,2005.0,32,16,1473.0,16.4,3,1,4,3,0,0,4,1,0.18,0.06,0.24,0.18,0.24,Matches,3,48,16,33.3,2.93,0.98,0.06,0.19,0,0,Matches,,,,,,,,,,,,,,,1,,,,,,Matches,,11,,,,,,,,,,,2,,,,Matches,,,,,,,,,,,,,,,,,,,,,Matches,joel roca,4.518066472373903,1.951041013002396,4.518066472373903,8.29686073306948,1.9931063894182444
2238,Marc Roca,es ESP,MF,Real Betis,es La Liga,28.0,1996.0,29,23,2026.0,22.5,1,1,2,1,0,0,1,0,0.04,0.04,0.09,0.04,0.09,Matches,1,17,7,41.2,0.76,0.31,0.06,0.14,0,0,Matches,,,,,,,,,,,,,,,1,,,,,,Matches,,29,,,,,,,,,,,23,,,,Matches,,,,,,,,,,,,,,,,,,,,,Matches,marc roca,0.9589633732102812,2.0623733028769493,0.9589633732102812,8.206119364127517,7.05390945635736
2241,Joe Rodon,wls WAL,DF,Leeds United,eng Premier League,27.0,1997.0,35,33,2951.0,32.8,2,0,2,2,0,0,3,0,0.06,0.0,0.06,0.06,0.06,Matches,2,18,7,38.9,0.55,0.21,0.11,0.29,0,0,Matches,,,,,,,,,,,,,,,0,,,,,,Matches,,19,,,,,,,,,,,30,,,,Matches,,,,,,,,,,,,,,,,,,,,,Matches,joe rodon,1.8460459671914575,0.4614792335778475,1.8460459671914575,6.242629060521722,5.799875162541866
2242,Rodri,es ESP,MF,Manchester City,eng Premier League,29.0,1996.0,21,17,1511.0,16.8,1,0,1,1,0,0,3,0,0.06,0.0,0.06,0.06,0.06,Matches,1,16,3,18.8,0.95,0.18,0.06,0.33,0,0,Matches,,,,,,,,,,,,,,,0,,,,,,Matches,,25,,,,,,,,,,,12,,,,Matches,,,,,,,,,,,,,,,,,,,,,Matches,rodri,1.1884781727567315,2.2761295437812805,1.1884781727567315,12.13792721182108,10.705944895744324
2243,Álvaro Rodríguez,uy URU,FW,Elche,es La Liga,21.0,2004.0,34,24,2201.0,24.5,7,5,12,7,0,0,2,0,0.29,0.2,0.49,0.29,0.49,Matches,7,75,24,32.0,3.07,0.98,0.09,0.29,0,0,Matches,,,,,,,,,,,,,,,5,,,,,,Matches,,14,,,,,,,,,,,4,,,,Matches,,,,,,,,,,,,,,,,,,,,,Matches,alvaro rodriguez,12.178225251846015,3.8613251298666,12.178225251846015,15.05247726943344,2.806102915666997
2247,Guido Rodríguez,ar ARG,MF,Valencia,es La Liga,31.0,1994.0,16,14,1309.0,14.5,4,0,4,4,0,0,4,0,0.28,0.0,0.28,0.28,0.28,Matches,4,15,5,33.3,1.03,0.34,0.27,0.8,0,0,Matches,,,,,,,,,,,,,,,0,,,,,,Matches,,27,,,,,,,,,,,10,,,,Matches,,,,,,,,,,,,,,,,,,,,,Matches,guido rodriguez,0.0242491047829389,0.0,0.0242491047829389,0.3224498257040977,0.2982007190585136
2248,Javi Rodríguez,es ESP,DF,Celta Vigo,es La Liga,22.0,2003.0,33,28,2558.0,28.4,0,1,1,0,0,0,5,0,0.0,0.04,0.04,0.0,0.04,Matches,0,12,1,8.3,0.42,0.04,0.0,0.0,0,0,Matches,,,,,,,,,,,,,,,1,,,,,,Matches,,23,,,,,,,,,,,28,,,,Matches,,,,,,,,,,,,,,,,,,,,,Matches,javi rodriguez,,,,,
2249,Jesus Rodríguez,es ESP,MF,Como,it Serie A,19.0,2005.0,31,18,1731.0,19.2,2,9,11,2,0,0,3,1,0.1,0.47,0.57,0.1,0.57,Matches,2,45,12,26.7,2.34,0.62,0.04,0.17,0,0,Matches,,,,,,,,,,,,,,,9,,,,,,Matches,,17,,,,,,,,,,,4,,,,Matches,,,,,,,,,,,,,,,,,,,,,Matches,jesus rodriguez,3.921451119706034,6.971315912902355,3.921451119706034,13.897016979753973,4.475679643452168
2250,Juan Rodríguez,uy URU,DF,Cagliari,it Serie A,20.0,2005.0,17,16,1310.0,14.6,1,0,1,1,0,0,3,0,0.07,0.0,0.07,0.07,0.07,Matches,1,3,2,66.7,0.21,0.14,0.33,0.5,0,0,Matches,,,,,,,,,,,,,,,0,,,,,,Matches,,27,,,,,,,,,,,17,,,,Matches,,,,,,,,,,,,,,,,,,,,,Matches,juan rodriguez,1.198434928432107,0.0,1.198434928432107,2.5587312020361423,2.53060919418931
2251,Ricardo Rodríguez,ch SUI,DF,Real Betis,es La Liga,32.0,1992.0,23,18,1547.0,17.2,0,1,1,0,0,0,0,0,0.0,0.06,0.06,0.0,0.06,Matches,0,3,0,0.0,0.17,0.0,0.0,,0,0,Matches,,,,,,,,,,,,,,,1,,,,,,Matches,,14,,,,,,,,,,,8,,,,Matches,,,,,,,,,,,,,,,,,,,,,Matches,ricardo rodriguez,0.1410916894674301,0.4879046082496643,0.1410916894674301,2.7929348312318325,2.435595016926527
2252,Rodrygo,br BRA,"MF,FW",Real Madrid,es La Liga,24.0,2001.0,19,6,684.0,7.6,1,3,4,1,0,0,3,0,0.13,0.39,0.53,0.13,0.53,Matches,1,27,11,40.7,3.55,1.45,0.04,0.09,0,0,Matches,,,,,,,,,,,,,,,3,,,,,,Matches,,8,,,,,,,,,,,3,,,,Matches,,,,,,,,,,,,,,,,,,,,,Matches,rodrygo,2.848481699824333,2.88282679207623,2.848481699824333,4.605150379240513,1.4849299378693104
2253,Robin Roefs,nl NED,GK,Sunderland,eng Premier League,22.0,2003.0,35,35,3150.0,35.0,0,0,0,0,0,0,4,0,0.0,0.0,0.0,0.0,0.0,Matches,0,0,0,,0.0,0.0,,,0,0,Matches,,,,,,,,,,,,,,,0,,,,,,Matches,,0,,,,,,,,,,,0,,,,Matches,,,,,,,,,,,,,,,,,,,,,Matches,robin roefs,0.0,0.7053439579904079,0.0,3.144571002572775,2.4392270259559155
2254,Morgan Rogers,eng ENG,MF,Aston Villa,eng Premier League,23.0,2002.0,37,37,3280.0,36.4,10,6,16,10,0,0,7,0,0.27,0.16,0.44,0.27,0.44,Matches,10,84,32,38.1,2.3,0.88,0.12,0.31,0,0,Matches,,,,,,,,,,,,,,,6,,,,,,Matches,,23,,,,,,,,,,,13,,,,Matches,,,,,,,,,,,,,,,,,,,,,Matches,morgan rogers,7.145822267979384,7.475014166906476,7.145822267979384,18.204907912760973,7.18029835447669
2256,Merlin Röhl,de GER,MF,Everton,eng Premier League,23.0,2002.0,16,6,682.0,7.6,1,0,1,1,0,0,0,0,0.13,0.0,0.13,0.13,0.13,Matches,1,11,1,9.1,1.45,0.13,0.09,1.0,0,0,Matches,,,,,,,,,,,,,,,0,,,,,,Matches,,13,,,,,,,,,,,4,,,,Matches,,,,,,,,,,,,,,,,,,,,,Matches,merlin rohl,0.5586705394089222,0.3609896339476108,0.5586705394089222,1.4036217126995325,0.6960872486233711
2258,Alessio Romagnoli,it ITA,DF,Lazio,it Serie A,30.0,1995.0,32,31,2666.0,29.6,0,0,0,0,0,0,6,1,0.0,0.0,0.0,0.0,0.0,Matches,0,9,4,44.4,0.3,0.14,0.0,0.0,0,0,Matches,,,,,,,,,,,,,,,0,,,,,,Matches,,14,,,,,,,,,,,32,,,,Matches,,,,,,,,,,,,,,,,,,,,,Matches,alessio romagnoli,1.5350841991603374,0.0711084343492984,1.5350841991603374,5.827228598296642,5.75005448423326
2259,Leo Román,es ESP,GK,Mallorca,es La Liga,25.0,2000.0,33,33,2970.0,33.0,0,0,0,0,0,0,4,0,0.0,0.0,0.0,0.0,0.0,Matches,0,0,0,,0.0,0.0,,,0,0,Matches,,,,,,,,,,,,,,,0,,,,,,Matches,,1,,,,,,,,,,,1,,,,Matches,,,,,,,,,,,,,,,,,,,,,Matches,leo roman,0.0,0.0,0.0,3.981423040851951,3.981423040851951
2260,Miguel Román,es ESP,MF,Celta Vigo,es La Liga,22.0,2002.0,19,14,1311.0,14.6,1,0,1,1,0,0,3,0,0.07,0.0,0.07,0.07,0.07,Matches,1,9,2,22.2,0.62,0.14,0.11,0.5,0,0,Matches,,,,,,,,,,,,,,,0,,,,,,Matches,,17,,,,,,,,,,,12,,,,Matches,,,,,,,,,,,,,,,,,,,,,Matches,miguel roman,1.1040805764496326,2.089981175027788,1.1040805764496326,8.5124043636024,6.327844304963946
2262,Carlos Romero,es ESP,DF,Espanyol,es La Liga,23.0,2001.0,36,36,3191.0,35.5,6,3,9,6,0,0,4,0,0.17,0.08,0.25,0.17,0.25,Matches,6,42,12,28.6,1.18,0.34,0.14,0.5,0,0,Matches,,,,,,,,,,,,,,,3,,,,,,Matches,,60,,,,,,,,,,,38,,,,Matches,,,,,,,,,,,,,,,,,,,,,Matches,carlos romero,2.956237475387752,3.295898557640612,2.956237475387752,11.255615886300802,7.793717348948121
2263,Cristian Romero,ar ARG,DF,Tottenham,eng Premier League,27.0,1998.0,23,22,1868.0,20.8,4,1,5,4,0,0,11,2,0.19,0.05,0.24,0.19,0.24,Matches,4,17,6,35.3,0.82,0.29,0.24,0.67,0,0,Matches,,,,,,,,,,,,,,,1,,,,,,Matches,,30,,,,,,,,,,,31,,,,Matches,,,,,,,,,,,,,,,,,,,,,Matches,cristian romero,1.8381627183407545,1.8169466238468883,1.8381627183407545,6.1135033164173365,4.283094780519605
2264,Isaac Romero,es ESP,"FW,MF",Sevilla,es La Liga,25.0,2000.0,29,18,1484.0,16.5,4,0,4,4,0,1,6,1,0.24,0.0,0.24,0.24,0.24,Matches,4,41,14,34.1,2.49,0.85,0.1,0.29,0,1,Matches,,,,,,,,,,,,,,,0,,,,,,Matches,,10,,,,,,,,,,,5,,,,Matches,,,,,,,,,,,,,,,,,,,,,Matches,isaac romero,5.542458679527044,1.0822319444268942,4.799181040376425,7.964388970285654,2.7966378815472126
2265,Iván Romero,es ESP,"FW,MF",Levante,es La Liga,24.0,2001.0,32,28,2259.0,25.1,7,1,8,7,0,1,5,0,0.28,0.04,0.32,0.28,0.32,Matches,7,59,18,30.5,2.35,0.72,0.12,0.39,0,1,Matches,,,,,,,,,,,,,,,1,,,,,,Matches,,22,,,,,,,,,,,12,,,,Matches,,,,,,,,,,,,,,,,,,,,,Matches,ivan romero,9.59401980228722,2.88573707267642,8.850742192938924,14.721420374698935,4.722817124798894
2266,Zaid Romero,ar ARG,DF,Getafe,es La Liga,25.0,1999.0,15,15,1349.0,15.0,1,0,1,1,0,0,5,1,0.07,0.0,0.07,0.07,0.07,Matches,1,10,2,20.0,0.67,0.13,0.1,0.5,0,0,Matches,,,,,,,,,,,,,,,0,,,,,,Matches,,23,,,,,,,,,,,28,,,,Matches,,,,,,,,,,,,,,,,,,,,,Matches,zaid romero,1.0052571017295122,0.0902770534157753,1.0052571017295122,2.842687303200364,2.554918821901083
2267,Rômulo,br BRA,FW,RB Leipzig,de Bundesliga,23.0,2002.0,30,27,2188.0,24.3,9,4,13,9,0,1,3,0,0.37,0.16,0.53,0.37,0.53,Matches,9,63,27,42.9,2.59,1.11,0.14,0.33,0,1,Matches,,,,,,,,,,,,,,,4,,,,,,Matches,,19,,,,,,,,,,,11,,,,Matches,,,,,,,,,,,,,,,,,,,,,Matches,romulo,15.93664027750492,3.606802409514785,15.178863540291786,23.735963854938745,7.021602770313621
2268,Salomón Rondón,ve VEN,FW,Oviedo,es La Liga,35.0,1989.0,16,13,1032.0,11.5,2,0,2,2,0,1,2,0,0.17,0.0,0.17,0.17,0.17,Matches,2,24,5,20.8,2.09,0.44,0.08,0.4,0,1,Matches,,,,,,,,,,,,,,,0,,,,,,Matches,,0,,,,,,,,,,,1,,,,Matches,,,,,,,,,,,,,,,,,,,,,Matches,salomon rondon,3.783308571204543,0.1934819892048835,3.0400309544056654,3.1170474737882614,0.3357116375118494
2269,Valentin Rongier,fr FRA,MF,Rennes,fr Ligue 1,30.0,1994.0,31,31,2745.0,30.5,2,5,7,2,0,0,6,0,0.07,0.16,0.23,0.07,0.23,Matches,2,22,10,45.5,0.72,0.33,0.09,0.2,0,0,Matches,,,,,,,,,,,,,,,5,,,,,,Matches,,48,,,,,,,,,,,36,,,,Matches,,,,,,,,,,,,,,,,,,,,,Matches,valentin rongier,0.782729365862906,4.391351553611457,0.782729365862906,15.28383518382907,12.994579819962382
2270,Marten de Roon,nl NED,MF,Atalanta,it Serie A,34.0,1991.0,34,32,2691.0,29.9,1,2,3,1,0,0,8,1,0.03,0.07,0.1,0.03,0.1,Matches,1,16,4,25.0,0.54,0.13,0.06,0.25,0,0,Matches,,,,,,,,,,,,,,,2,,,,,,Matches,,44,,,,,,,,,,,26,,,,Matches,,,,,,,,,,,,,,,,,,,,,Matches,marten de roon,0.824793690815568,1.586717877537012,0.824793690815568,15.483431348577142,13.585763746872544
2272,Max Rosenfelder,de GER,DF,Freiburg,de Bundesliga,22.0,2003.0,12,5,492.0,5.5,0,0,0,0,0,0,0,0,0.0,0.0,0.0,0.0,0.0,Matches,0,1,0,0.0,0.18,0.0,0.0,,0,0,Matches,,,,,,,,,,,,,,,0,,,,,,Matches,,5,,,,,,,,,,,5,,,,Matches,,,,,,,,,,,,,,,,,,,,,Matches,max rosenfelder,0.0172707736492156,0.0,0.0172707736492156,0.7206106707453728,0.7206106707453728
2274,Valentin Rosier,fr FRA,"DF,MF",Osasuna,es La Liga,28.0,1996.0,31,30,2547.0,28.3,1,1,2,1,0,0,6,1,0.04,0.04,0.07,0.04,0.07,Matches,1,19,3,15.8,0.67,0.11,0.05,0.33,0,0,Matches,,,,,,,,,,,,,,,1,,,,,,Matches,,32,,,,,,,,,,,43,,,,Matches,,,,,,,,,,,,,,,,,,,,,Matches,valentin rosier,0.9383662464097142,1.9486182387918236,0.9383662464097142,6.748972576111555,4.230974381789565
2275,Tom Rothe,de GER,"MF,DF",Union Berlin,de Bundesliga,20.0,2004.0,21,10,1029.0,11.4,2,0,2,2,0,0,1,1,0.17,0.0,0.17,0.17,0.17,Matches,2,19,5,26.3,1.66,0.44,0.11,0.4,0,0,Matches,,,,,,,,,,,,,,,0,,,,,,Matches,,15,,,,,,,,,,,21,,,,Matches,,,,,,,,,,,,,,,,,,,,,Matches,tom rothe,1.6000693328678608,0.9030134752392768,1.6000693328678608,2.1565405651926994,1.3000704422593117
2276,Anthony Rouault,fr FRA,DF,Rennes,fr Ligue 1,24.0,2001.0,21,19,1724.0,19.2,1,0,1,1,0,0,4,0,0.05,0.0,0.05,0.05,0.05,Matches,1,9,3,33.3,0.47,0.16,0.11,0.33,0,0,Matches,,,,,,,,,,,,,,,0,,,,,,Matches,,13,,,,,,,,,,,18,,,,Matches,,,,,,,,,,,,,,,,,,,,,Matches,anthony rouault,2.573473647236824,0.1675164084881544,2.573473647236824,6.358025182038546,5.803711373358965
2277,Nicolò Rovella,it ITA,MF,Lazio,it Serie A,23.0,2001.0,11,6,512.0,5.7,0,1,1,0,0,0,2,1,0.0,0.18,0.18,0.0,0.18,Matches,0,1,0,0.0,0.18,0.0,0.0,,0,0,Matches,,,,,,,,,,,,,,,1,,,,,,Matches,,10,,,,,,,,,,,9,,,,Matches,,,,,,,,,,,,,,,,,,,,,Matches,nicolo rovella,0.0171176232397556,1.4669072283431888,0.0171176232397556,1.6087185563519597,1.3888101922348142
2278,Jonathan Rowe,eng ENG,"MF,FW",Bologna,it Serie A,22.0,2003.0,28,17,1605.0,17.8,3,2,5,3,0,0,2,0,0.17,0.11,0.28,0.17,0.28,Matches,3,48,17,35.4,2.69,0.95,0.06,0.18,0,0,Matches,,,,,,,,,,,,,,,2,,,,,,Matches,,14,,,,,,,,,,,9,,,,Matches,,,,,,,,,,,,,,,,,,,,,Matches,jonathan rowe,4.977084977552295,2.6996529325842857,4.977084977552295,8.23259355314076,1.3820700384676456
2281,Amir Rrahmani,xk KVX,DF,Napoli,it Serie A,31.0,1994.0,21,21,1795.0,19.9,2,1,3,2,0,0,2,0,0.1,0.05,0.15,0.1,0.15,Matches,2,15,4,26.7,0.75,0.2,0.13,0.5,0,0,Matches,,,,,,,,,,,,,,,1,,,,,,Matches,,12,,,,,,,,,,,22,,,,Matches,,,,,,,,,,,,,,,,,,,,,Matches,amir rrahmani,1.3542888388037682,0.2368359714746475,1.3542888388037682,9.067516535520554,8.741717606782913
2282,Rubén,es ESP,"DF,MF",Espanyol,es La Liga,24.0,2001.0,21,8,812.0,9.0,0,1,1,0,0,0,2,0,0.0,0.11,0.11,0.0,0.11,Matches,0,8,1,12.5,0.89,0.11,0.0,0.0,0,0,Matches,,,,,,,,,,,,,,,1,,,,,,Matches,,10,,,,,,,,,,,10,,,,Matches,,,,,,,,,,,,,,,,,,,,,Matches,ruben,0.1750586377456784,1.105343360453844,0.1750586377456784,4.239415235817432,3.1734081245958805
2283,Antonio Rüdiger,de GER,DF,Real Madrid,es La Liga,32.0,1993.0,18,16,1490.0,16.6,1,0,1,1,0,0,0,0,0.06,0.0,0.06,0.06,0.06,Matches,1,13,1,7.7,0.79,0.06,0.08,1.0,0,0,Matches,,,,,,,,,,,,,,,0,,,,,,Matches,,5,,,,,,,,,,,4,,,,Matches,,,,,,,,,,,,,,,,,,,,,Matches,antonio rudiger,1.4131802674382925,0.3116191700100899,1.4131802674382925,4.972962256520987,4.591328982263804
2284,Javi Rueda,es ESP,MF,Celta Vigo,es La Liga,23.0,2002.0,26,16,1404.0,15.6,2,6,8,2,0,0,6,0,0.13,0.38,0.51,0.13,0.51,Matches,2,11,3,27.3,0.71,0.19,0.18,0.67,0,0,Matches,,,,,,,,,,,,,,,6,,,,,,Matches,,12,,,,,,,,,,,20,,,,Matches,,,,,,,,,,,,,,,,,,,,,Matches,javi rueda,1.6056091226637363,3.7907144660130143,1.6056091226637363,9.066061735153198,6.396314866840839
2287,Matteo Ruggeri,it ITA,DF,Atlético Madrid,es La Liga,23.0,2002.0,26,20,1774.0,19.7,0,3,3,0,0,0,4,0,0.0,0.15,0.15,0.0,0.15,Matches,0,5,2,40.0,0.25,0.1,0.0,0.0,0,0,Matches,,,,,,,,,,,,,,,3,,,,,,Matches,,23,,,,,,,,,,,20,,,,Matches,,,,,,,,,,,,,,,,,,,,,Matches,matteo ruggeri,0.2124060494825244,3.959430998191237,0.2124060494825244,12.70430188626051,10.55473866313696
2288,Aitor Ruibal,es ESP,"DF,MF",Real Betis,es La Liga,29.0,1996.0,27,20,1808.0,20.1,4,2,6,4,0,0,6,1,0.2,0.1,0.3,0.2,0.3,Matches,4,31,12,38.7,1.54,0.6,0.13,0.33,0,0,Matches,,,,,,,,,,,,,,,2,,,,,,Matches,,32,,,,,,,,,,,20,,,,Matches,,,,,,,,,,,,,,,,,,,,,Matches,aitor ruibal,4.419992010109127,1.795642390847206,4.419992010109127,10.049647815525532,4.529752524569631
2290,Fabián Ruiz Peña,es ESP,MF,PSG,fr Ligue 1,29.0,1996.0,20,13,1131.0,12.6,1,4,5,1,0,0,2,0,0.08,0.32,0.4,0.08,0.4,Matches,1,19,4,21.1,1.51,0.32,0.05,0.25,0,0,Matches,,,,,,,,,,,,,,,4,,,,,,Matches,,11,,,,,,,,,,,17,,,,Matches,,,,,,,,,,,,,,,,,,,,,Matches,fabian ruiz pena,,,,,
2291,Gerónimo Rulli,ar ARG,GK,Marseille,fr Ligue 1,33.0,1992.0,29,29,2610.0,29.0,0,0,0,0,0,0,3,0,0.0,0.0,0.0,0.0,0.0,Matches,0,1,0,0.0,0.03,0.0,0.0,,0,0,Matches,,,,,,,,,,,,,,,0,,,,,,Matches,,0,,,,,,,,,,,0,,,,Matches,,,,,,,,,,,,,,,,,,,,,Matches,geronimo rulli,0.072814255952835,0.0521727837622165,0.072814255952835,5.286058641970158,5.286058641970158
2293,Jacen Russell-Rowe,ca CAN,FW,Toulouse,fr Ligue 1,22.0,2002.0,13,5,472.0,5.2,1,0,1,1,0,0,0,0,0.19,0.0,0.19,0.19,0.19,Matches,1,11,4,36.4,2.1,0.76,0.09,0.25,0,0,Matches,,,,,,,,,,,,,,,0,,,,,,Matches,,3,,,,,,,,,,,1,,,,Matches,,,,,,,,,,,,,,,,,,,,,Matches,jacen russell rowe,1.5652745682746172,0.2025160547345876,1.5652745682746172,1.8706004470586777,0.5934525821357965
2294,Georginio Rutter,fr FRA,"MF,FW",Brighton,eng Premier League,23.0,2002.0,32,20,1786.0,19.8,3,3,6,3,0,0,2,0,0.15,0.15,0.3,0.15,0.3,Matches,3,42,14,33.3,2.12,0.71,0.07,0.21,0,0,Matches,,,,,,,,,,,,,,,3,,,,,,Matches,,19,,,,,,,,,,,11,,,,Matches,,,,,,,,,,,,,,,,,,,,,Matches,georginio rutter,2.933251672424376,4.598605487495661,2.933251672424376,10.858153810724616,4.214052898809314
2295,Mathew Ryan,au AUS,GK,Levante,es La Liga,33.0,1992.0,36,36,3240.0,36.0,0,0,0,0,0,0,4,0,0.0,0.0,0.0,0.0,0.0,Matches,0,2,0,0.0,0.06,0.0,0.0,,0,0,Matches,,,,,,,,,,,,,,,0,,,,,,Matches,,1,,,,,,,,,,,1,,,,Matches,,,,,,,,,,,,,,,,,,,,,Matches,mathew ryan,0.0933680385351181,0.0,0.0933680385351181,3.368032854050398,3.27466481551528
2296,Julian Ryerson,no NOR,MF,Dortmund,de Bundesliga,27.0,1997.0,31,26,2266.0,25.2,0,15,15,0,0,0,8,0,0.0,0.6,0.6,0.0,0.6,Matches,0,12,1,8.3,0.48,0.04,0.0,0.0,0,0,Matches,,,,,,,,,,,,,,,15,,,,,,Matches,,21,,,,,,,,,,,12,,,,Matches,,,,,,,,,,,,,,,,,,,,,Matches,julian ryerson,1.086410315707326,10.857275873422624,1.086410315707326,13.329593954607844,9.274812629446387
2297,Frederik Rønnow,dk DEN,GK,Union Berlin,de Bundesliga,32.0,1992.0,30,30,2640.0,29.3,0,0,0,0,0,0,2,0,0.0,0.0,0.0,0.0,0.0,Matches,0,0,0,,0.0,0.0,,,0,0,Matches,,,,,,,,,,,,,,,0,,,,,,Matches,,1,,,,,,,,,,,1,,,,Matches,,,,,,,,,,,,,,,,,,,,,Matches,frederik r nnow,,,,,
2299,José Sá,pt POR,GK,Wolves,eng Premier League,32.0,1993.0,23,23,2070.0,23.0,0,0,0,0,0,0,2,0,0.0,0.0,0.0,0.0,0.0,Matches,0,0,0,,0.0,0.0,,,0,0,Matches,,,,,,,,,,,,,,,0,,,,,,Matches,,0,,,,,,,,,,,0,,,,Matches,,,,,,,,,,,,,,,,,,,,,Matches,jose sa,0.0,0.0831252336502075,0.0,1.548725701868534,1.4656004682183266
2300,Elias Saad,tn TUN,"MF,FW",Augsburg,de Bundesliga,25.0,1999.0,10,7,497.0,5.5,0,0,0,0,0,0,1,0,0.0,0.0,0.0,0.0,0.0,Matches,0,6,3,50.0,1.09,0.54,0.0,0.0,0,0,Matches,,,,,,,,,,,,,,,0,,,,,,Matches,,8,,,,,,,,,,,1,,,,Matches,,,,,,,,,,,,,,,,,,,,,Matches,elias saad,0.3716530837118625,0.6210179030895233,0.3716530837118625,1.412656469270587,0.5558570027351379
2302,Stefano Sabelli,it ITA,"MF,DF",Genoa,it Serie A,32.0,1993.0,16,12,913.0,10.1,0,0,0,0,0,0,0,0,0.0,0.0,0.0,0.0,0.0,Matches,0,8,0,0.0,0.79,0.0,0.0,,0,0,Matches,,,,,,,,,,,,,,,0,,,,,,Matches,,14,,,,,,,,,,,3,,,,Matches,,,,,,,,,,,,,,,,,,,,,Matches,stefano sabelli,0.403718045912683,0.3217905536293983,0.403718045912683,3.7337232949212193,3.200494651682675
2304,Marcel Sabitzer,at AUT,MF,Dortmund,de Bundesliga,31.0,1994.0,26,21,1817.0,20.2,1,2,3,1,0,0,3,0,0.05,0.1,0.15,0.05,0.15,Matches,1,20,4,20.0,0.99,0.2,0.05,0.25,0,0,Matches,,,,,,,,,,,,,,,2,,,,,,Matches,,19,,,,,,,,,,,20,,,,Matches,,,,,,,,,,,,,,,,,,,,,Matches,marcel sabitzer,1.149563044309616,2.240061067044735,1.149563044309616,8.931432373821735,6.333587545901537
2305,Noah Sadiki,cd COD,MF,Sunderland,eng Premier League,20.0,2004.0,33,33,2889.0,32.1,0,1,1,0,0,0,9,0,0.0,0.03,0.03,0.0,0.03,Matches,0,19,5,26.3,0.59,0.16,0.0,0.0,0,0,Matches,,,,,,,,,,,,,,,1,,,,,,Matches,,26,,,,,,,,,,,33,,,,Matches,,,,,,,,,,,,,,,,,,,,,Matches,noah sadiki,1.618839449249208,0.9295975510030984,1.618839449249208,8.34465430304408,6.268030912615359
2306,Umar Sadiq,ng NGA,FW,Valencia,es La Liga,28.0,1997.0,20,8,911.0,10.1,4,2,6,4,0,0,3,0,0.4,0.2,0.59,0.4,0.59,Matches,4,25,10,40.0,2.47,0.99,0.16,0.4,0,0,Matches,,,,,,,,,,,,,,,2,,,,,,Matches,,5,,,,,,,,,,,1,,,,Matches,,,,,,,,,,,,,,,,,,,,,Matches,umar sadiq,5.453680071979761,1.716763524338603,5.453680071979761,8.170098496600986,1.6392004117369652
2308,Alexis Saelemaekers,be BEL,MF,Milan,it Serie A,26.0,1999.0,35,33,2788.0,31.0,3,3,6,3,0,0,5,0,0.1,0.1,0.19,0.1,0.19,Matches,3,43,11,25.6,1.39,0.36,0.07,0.27,0,0,Matches,,,,,,,,,,,,,,,3,,,,,,Matches,,38,,,,,,,,,,,30,,,,Matches,,,,,,,,,,,,,,,,,,,,,Matches,alexis saelemaekers,3.5981931975111365,4.787930195219815,3.5981931975111365,18.2068260461092,11.067787064239385
2309,Matvei Safonov,ru RUS,GK,PSG,fr Ligue 1,26.0,1999.0,15,15,1350.0,15.0,0,0,0,0,0,0,0,0,0.0,0.0,0.0,0.0,0.0,Matches,0,0,0,,0.0,0.0,,,0,0,Matches,,,,,,,,,,,,,,,0,,,,,,Matches,,0,,,,,,,,,,,0,,,,Matches,,,,,,,,,,,,,,,,,,,,,Matches,matvei safonov,,,,,
2311,Osame Sahraoui,ma MAR,MF,Lille,fr Ligue 1,24.0,2001.0,18,4,505.0,5.6,1,2,3,1,0,0,0,0,0.18,0.36,0.53,0.18,0.53,Matches,1,12,4,33.3,2.14,0.71,0.08,0.25,0,0,Matches,,,,,,,,,,,,,,,2,,,,,,Matches,,3,,,,,,,,,,,4,,,,Matches,,,,,,,,,,,,,,,,,,,,,Matches,osame sahraoui,1.278020929545164,0.8066076152026653,1.278020929545164,4.35419411957264,2.556916333734989
2312,Wesley Saïd,fr FRA,MF,Lens,fr Ligue 1,30.0,1995.0,29,26,1991.0,22.1,12,2,14,11,1,1,2,0,0.54,0.09,0.63,0.5,0.59,Matches,12,60,27,45.0,2.71,1.22,0.2,0.44,1,1,Matches,,,,,,,,,,,,,,,2,,,,,,Matches,,15,,,,,,,,,,,9,,,,Matches,,,,,,,,,,,,,,,,,,,,,Matches,wesley said,12.056348741054537,5.918922264128923,11.296253591775894,20.721070244908333,7.559701979160309
2314,Bukayo Saka,eng ENG,"FW,MF",Arsenal,eng Premier League,23.0,2001.0,31,25,2222.0,24.7,7,5,12,6,1,1,2,0,0.28,0.2,0.49,0.24,0.45,Matches,7,71,27,38.0,2.88,1.09,0.1,0.26,1,1,Matches,,,,,,,,,,,,,,,5,,,,,,Matches,,19,,,,,,,,,,,16,,,,Matches,,,,,,,,,,,,,,,,,,,,,Matches,bukayo saka,8.701195661909878,8.552797641605139,7.940026824362576,19.112561374902725,8.03783930838108
2318,Mohamed Salah,eg EGY,MF,Liverpool,eng Premier League,33.0,1992.0,27,23,2146.0,23.8,7,7,14,6,1,1,1,0,0.29,0.29,0.59,0.25,0.55,Matches,7,68,19,27.9,2.85,0.8,0.1,0.37,1,1,Matches,,,,,,,,,,,,,,,7,,,,,,Matches,,12,,,,,,,,,,,3,,,,Matches,,,,,,,,,,,,,,,,,,,,,Matches,mohamed salah,8.837686643004417,6.428150682710111,8.076517805457115,17.373253114521503,6.297699823975563
2320,Kike Salas,es ESP,DF,Sevilla,es La Liga,23.0,2002.0,26,24,2203.0,24.5,2,0,2,2,0,0,1,0,0.08,0.0,0.08,0.08,0.08,Matches,2,19,8,42.1,0.78,0.33,0.11,0.25,0,0,Matches,,,,,,,,,,,,,,,0,,,,,,Matches,,35,,,,,,,,,,,37,,,,Matches,,,,,,,,,,,,,,,,,,,,,Matches,kike salas,1.0958839217200875,0.3995983246713877,1.0958839217200875,4.352849245071411,3.696122121065855
2321,Manolis Saliakas,gr GRE,MF,St Pauli,de Bundesliga,28.0,1996.0,17,12,1106.0,12.3,1,3,4,1,0,0,3,0,0.08,0.24,0.33,0.08,0.33,Matches,1,16,3,18.8,1.3,0.24,0.06,0.33,0,0,Matches,,,,,,,,,,,,,,,3,,,,,,Matches,,20,,,,,,,,,,,13,,,,Matches,,,,,,,,,,,,,,,,,,,,,Matches,manolis saliakas,0.5466044023633003,0.9010673672892152,0.5466044023633003,2.8804356046020985,1.7787759266793728
2322,William Saliba,fr FRA,DF,Arsenal,eng Premier League,24.0,2001.0,31,30,2614.0,29.0,1,0,1,1,0,0,2,0,0.03,0.0,0.03,0.03,0.03,Matches,1,5,1,20.0,0.17,0.03,0.2,1.0,0,0,Matches,,,,,,,,,,,,,,,0,,,,,,Matches,,23,,,,,,,,,,,15,,,,Matches,,,,,,,,,,,,,,,,,,,,,Matches,william saliba,1.5777585953474045,1.306027840822935,1.5777585953474045,11.017331045120956,10.501945996657014
2324,Mohammed Salisu,gh GHA,DF,Monaco,fr Ligue 1,26.0,1999.0,12,12,1080.0,12.0,1,0,1,1,0,0,3,0,0.08,0.0,0.08,0.08,0.08,Matches,1,8,2,25.0,0.67,0.17,0.13,0.5,0,0,Matches,,,,,,,,,,,,,,,0,,,,,,Matches,,11,,,,,,,,,,,19,,,,Matches,,,,,,,,,,,,,,,,,,,,,Matches,mohammed salisu,0.8756848890334368,0.1508046872913837,0.8756848890334368,3.4531896859407425,3.2525459304451942
2325,Lazar Samardzic,rs SRB,MF,Atalanta,it Serie A,23.0,2002.0,26,11,1030.0,11.4,2,1,3,2,0,0,1,0,0.17,0.09,0.26,0.17,0.26,Matches,2,25,9,36.0,2.18,0.79,0.08,0.22,0,0,Matches,,,,,,,,,,,,,,,1,,,,,,Matches,,8,,,,,,,,,,,10,,,,Matches,,,,,,,,,,,,,,,,,,,,,Matches,lazar samardzic,2.776425752788782,2.376872181892395,2.776425752788782,8.550659781321883,4.545059723779559
2326,Mbwana Samatta,tz TAN,FW,Le Havre,fr Ligue 1,32.0,1992.0,27,17,1542.0,17.1,2,1,3,2,0,0,4,0,0.12,0.06,0.18,0.12,0.18,Matches,2,42,16,38.1,2.45,0.93,0.05,0.13,0,0,Matches,,,,,,,,,,,,,,,1,,,,,,Matches,,6,,,,,,,,,,,4,,,,Matches,,,,,,,,,,,,,,,,,,,,,Matches,mbwana samatta,5.862232429906726,1.9108041394501925,5.862232429906726,7.997209070250392,1.7263006046414375
2327,Mama Samba Baldé,gw GNB,"FW,MF",Brest,fr Ligue 1,29.0,1995.0,18,8,716.0,8.0,2,2,4,2,0,0,0,0,0.25,0.25,0.5,0.25,0.5,Matches,2,31,5,16.1,3.9,0.63,0.06,0.4,0,0,Matches,,,,,,,,,,,,,,,2,,,,,,Matches,,7,,,,,,,,,,,5,,,,Matches,,,,,,,,,,,,,,,,,,,,,Matches,mama samba balde,2.966491736471653,0.4717954136431217,2.966491736471653,3.534056179225445,0.7337474254891276
2328,Brice Samba,fr FRA,GK,Rennes,fr Ligue 1,31.0,1994.0,32,32,2880.0,32.0,0,0,0,0,0,0,5,0,0.0,0.0,0.0,0.0,0.0,Matches,0,0,0,,0.0,0.0,,,0,0,Matches,,,,,,,,,,,,,,,0,,,,,,Matches,,1,,,,,,,,,,,0,,,,Matches,,,,,,,,,,,,,,,,,,,,,Matches,brice samba,0.0,0.0573797356337308,0.0,6.368423242121935,6.332895465195179
2329,Albert Sambi Lokonga,be BEL,MF,Hamburger SV,de Bundesliga,25.0,1999.0,26,20,1710.0,19.0,5,0,5,5,0,0,3,0,0.26,0.0,0.26,0.26,0.26,Matches,5,19,11,57.9,1.0,0.58,0.26,0.45,0,0,Matches,,,,,,,,,,,,,,,0,,,,,,Matches,,13,,,,,,,,,,,13,,,,Matches,,,,,,,,,,,,,,,,,,,,,Matches,albert sambi lokonga,1.667557841166854,1.3766824714839458,1.667557841166854,6.4992835521698,4.499082233756781
2330,Antonio Sanabria,py PAR,FW,Cremonese,it Serie A,29.0,1996.0,25,10,945.0,10.5,1,1,2,1,0,0,2,0,0.1,0.1,0.19,0.1,0.19,Matches,1,12,4,33.3,1.14,0.38,0.08,0.25,0,0,Matches,,,,,,,,,,,,,,,1,,,,,,Matches,,2,,,,,,,,,,,1,,,,Matches,,,,,,,,,,,,,,,,,,,,,Matches,antonio sanabria,2.979946978390217,1.9838042967021463,2.979946978390217,3.9699571561068296,0.3716926481574774
2331,Oihan Sancet,es ESP,MF,Athletic Club,es La Liga,25.0,2000.0,28,22,1788.0,19.9,4,0,4,2,2,2,4,1,0.2,0.0,0.2,0.1,0.1,Matches,4,48,15,31.3,2.42,0.76,0.08,0.27,2,2,Matches,,,,,,,,,,,,,,,0,,,,,,Matches,,14,,,,,,,,,,,3,,,,Matches,,,,,,,,,,,,,,,,,,,,,Matches,oihan sancet,7.056168496608734,1.445348110049963,5.569741144776344,7.564459195360541,2.206977505236864
2333,Alexis Sánchez,cl CHI,"FW,MF",Sevilla,es La Liga,36.0,1988.0,28,11,1308.0,14.5,4,2,6,3,1,1,3,0,0.28,0.14,0.41,0.21,0.34,Matches,4,25,9,36.0,1.72,0.62,0.16,0.44,1,1,Matches,,,,,,,,,,,,,,,2,,,,,,Matches,,13,,,,,,,,,,,7,,,,Matches,,,,,,,,,,,,,,,,,,,,,Matches,alexis sanchez,3.5005651153624058,1.831439543515444,2.757287496700883,6.62530991435051,2.9326467169448733
2334,Antonio Sánchez,es ESP,"MF,DF",Mallorca,es La Liga,28.0,1997.0,30,9,1073.0,11.9,0,0,0,0,0,0,5,1,0.0,0.0,0.0,0.0,0.0,Matches,0,6,3,50.0,0.5,0.25,0.0,0.0,0,0,Matches,,,,,,,,,,,,,,,0,,,,,,Matches,,12,,,,,,,,,,,16,,,,Matches,,,,,,,,,,,,,,,,,,,,,Matches,antonio sanchez,0.5342528652399778,1.0588115602731705,0.5342528652399778,3.9616350531578064,2.470979319885373
2335,Juanlu Sánchez,es ESP,"MF,DF",Sevilla,es La Liga,21.0,2003.0,32,23,1990.0,22.1,0,3,3,0,0,0,6,1,0.0,0.14,0.14,0.0,0.14,Matches,0,14,1,7.1,0.63,0.05,0.0,0.0,0,0,Matches,,,,,,,,,,,,,,,3,,,,,,Matches,,42,,,,,,,,,,,11,,,,Matches,,,,,,,,,,,,,,,,,,,,,Matches,juanlu sanchez,0.7494942769408226,1.898656453937292,0.7494942769408226,5.390602208673954,3.3558341786265373
2337,Manu Sánchez,es ESP,DF,Levante,es La Liga,24.0,2000.0,33,31,2814.0,31.3,1,2,3,1,0,0,8,0,0.03,0.06,0.1,0.03,0.1,Matches,1,13,4,30.8,0.42,0.13,0.08,0.25,0,0,Matches,,,,,,,,,,,,,,,2,,,,,,Matches,,54,,,,,,,,,,,35,,,,Matches,,,,,,,,,,,,,,,,,,,,,Matches,manu sanchez,1.2062672171741724,1.9893938563764093,1.2062672171741724,9.18354762159288,7.061968881636858
2338,Robert Sánchez,es ESP,GK,Chelsea,eng Premier League,27.0,1997.0,35,35,3039.0,33.8,0,1,1,0,0,0,3,1,0.0,0.03,0.03,0.0,0.03,Matches,0,0,0,,0.0,0.0,,,0,0,Matches,,,,,,,,,,,,,,,1,,,,,,Matches,,0,,,,,,,,,,,1,,,,Matches,,,,,,,,,,,,,,,,,,,,,Matches,robert sanchez,0.0,0.8848487213253975,0.0,10.15497968159616,9.270130960270762
2340,Jadon Sancho,eng ENG,MF,Aston Villa,eng Premier League,25.0,2000.0,23,9,876.0,9.7,0,2,2,0,0,0,0,0,0.0,0.21,0.21,0.0,0.21,Matches,0,10,3,30.0,1.03,0.31,0.0,0.0,0,0,Matches,,,,,,,,,,,,,,,2,,,,,,Matches,,2,,,,,,,,,,,2,,,,Matches,,,,,,,,,,,,,,,,,,,,,Matches,jadon sancho,0.7688718903809786,2.0520169995725155,0.7688718903809786,5.16943079046905,3.2196586038917303
2341,Álex Sancris,es ESP,"MF,FW",Getafe,es La Liga,28.0,1997.0,18,5,708.0,7.9,0,1,1,0,0,0,4,1,0.0,0.13,0.13,0.0,0.13,Matches,0,13,5,38.5,1.65,0.64,0.0,0.0,0,0,Matches,,,,,,,,,,,,,,,1,,,,,,Matches,,5,,,,,,,,,,,2,,,,Matches,,,,,,,,,,,,,,,,,,,,,Matches,alex sancris,0.3980247313156724,0.996218825224787,0.3980247313156724,1.1331927608698606,0.6849178597331047
2342,Philipp Sander,de GER,"DF,MF",Gladbach,de Bundesliga,27.0,1998.0,30,29,2445.0,27.2,2,0,2,2,0,0,4,0,0.07,0.0,0.07,0.07,0.07,Matches,2,25,8,32.0,0.92,0.29,0.08,0.25,0,0,Matches,,,,,,,,,,,,,,,0,,,,,,Matches,,42,,,,,,,,,,,50,,,,Matches,,,,,,,,,,,,,,,,,,,,,Matches,philipp sander,1.3780800057575109,0.8148279991000891,1.3780800057575109,10.055795773863792,8.980093076825142
2343,James Sands,us USA,MF,St Pauli,de Bundesliga,25.0,2000.0,24,23,1934.0,21.5,1,0,1,1,0,0,4,0,0.05,0.0,0.05,0.05,0.05,Matches,1,16,4,25.0,0.74,0.19,0.06,0.25,0,0,Matches,,,,,,,,,,,,,,,0,,,,,,Matches,,23,,,,,,,,,,,41,,,,Matches,,,,,,,,,,,,,,,,,,,,,Matches,james sands,0.8688814658671618,0.9661839380860328,0.8688814658671618,4.826324421912432,3.583524534478784
2344,Ibou Sané,sn SEN,"FW,MF",Metz,fr Ligue 1,20.0,2005.0,16,5,541.0,6.0,1,1,2,1,0,0,2,0,0.17,0.17,0.33,0.17,0.33,Matches,1,6,3,50.0,1.0,0.5,0.17,0.33,0,0,Matches,,,,,,,,,,,,,,,1,,,,,,Matches,,3,,,,,,,,,,,1,,,,Matches,,,,,,,,,,,,,,,,,,,,,Matches,ibou sane,0.3316338993608951,0.943551391363144,0.3316338993608951,1.4006390273571014,0.232405548915267
2345,Sadibou Sané,sn SEN,DF,Metz,fr Ligue 1,21.0,2004.0,23,22,1940.0,21.6,2,1,3,2,0,0,5,2,0.09,0.05,0.14,0.09,0.14,Matches,2,6,2,33.3,0.28,0.09,0.33,1.0,0,0,Matches,,,,,,,,,,,,,,,1,,,,,,Matches,,34,,,,,,,,,,,39,,,,Matches,,,,,,,,,,,,,,,,,,,,,Matches,sadibou sane,0.2977111414074898,0.2727304138243198,0.2977111414074898,4.214317724108696,4.214317724108696
2346,Arouna Sangante,sn SEN,DF,Le Havre,fr Ligue 1,23.0,2002.0,28,28,2324.0,25.8,1,1,2,1,0,0,4,2,0.04,0.04,0.08,0.04,0.08,Matches,1,9,5,55.6,0.35,0.19,0.11,0.2,0,0,Matches,,,,,,,,,,,,,,,1,,,,,,Matches,,25,,,,,,,,,,,36,,,,Matches,,,,,,,,,,,,,,,,,,,,,Matches,arouna sangante,0.4403181094676256,0.4031094592064619,0.4403181094676256,5.05374320782721,4.814039522781968
2347,Buba Sangaré,es ESP,"DF,MF",Elche,es La Liga,17.0,2007.0,12,8,538.0,6.0,0,0,0,0,0,0,3,0,0.0,0.0,0.0,0.0,0.0,Matches,0,2,0,0.0,0.33,0.0,0.0,,0,0,Matches,,,,,,,,,,,,,,,0,,,,,,Matches,,12,,,,,,,,,,,8,,,,Matches,,,,,,,,,,,,,,,,,,,,,Matches,buba sangare,0.0925227887928485,0.0,0.0925227887928485,0.9505368992686272,0.8770411163568497
2348,Ibrahim Sangaré,ci CIV,MF,Nottingham,eng Premier League,27.0,1997.0,28,25,2075.0,23.1,2,2,4,2,0,0,5,0,0.09,0.09,0.17,0.09,0.17,Matches,2,16,5,31.3,0.69,0.22,0.13,0.4,0,0,Matches,,,,,,,,,,,,,,,2,,,,,,Matches,,32,,,,,,,,,,,22,,,,Matches,,,,,,,,,,,,,,,,,,,,,Matches,ibrahim sangare,1.5703946938738227,1.4491914678364992,1.5703946938738227,7.422331970185041,5.2894406747072935
2349,Mamadou Sangare,ml MLI,MF,Lens,fr Ligue 1,23.0,2002.0,29,27,2323.0,25.8,3,4,7,3,0,0,5,0,0.12,0.15,0.27,0.12,0.27,Matches,3,53,14,26.4,2.05,0.54,0.06,0.21,0,0,Matches,,,,,,,,,,,,,,,4,,,,,,Matches,,54,,,,,,,,,,,40,,,,Matches,,,,,,,,,,,,,,,,,,,,,Matches,mamadou sangare,3.285702032968402,2.838592778891325,3.285702032968402,18.11810380127281,13.861056490801277
2350,Nhoa Sangui,fr FRA,DF,Paris FC,fr Ligue 1,19.0,2006.0,26,18,1737.0,19.3,0,0,0,0,0,0,0,0,0.0,0.0,0.0,0.0,0.0,Matches,0,4,1,25.0,0.21,0.05,0.0,0.0,0,0,Matches,,,,,,,,,,,,,,,0,,,,,,Matches,,14,,,,,,,,,,,21,,,,Matches,,,,,,,,,,,,,,,,,,,,,Matches,nhoa sangui,0.5336753763258457,1.2438078951090574,0.5336753763258457,7.389661949127912,6.244092863053083
2352,Kaishū Sano,jp JPN,MF,Mainz 05,de Bundesliga,24.0,2000.0,34,34,3059.0,34.0,1,2,3,1,0,0,1,0,0.03,0.06,0.09,0.03,0.09,Matches,1,24,6,25.0,0.71,0.18,0.04,0.17,0,0,Matches,,,,,,,,,,,,,,,2,,,,,,Matches,,31,,,,,,,,,,,67,,,,Matches,,,,,,,,,,,,,,,,,,,,,Matches,kaishu sano,1.6013844851404428,3.6190584171563382,1.6013844851404428,14.120248086750507,10.931938745081425
2353,Morgan Sanson,fr FRA,MF,Nice,fr Ligue 1,30.0,1994.0,31,20,1772.0,19.7,0,2,2,0,0,0,4,0,0.0,0.1,0.1,0.0,0.1,Matches,0,19,4,21.1,0.97,0.2,0.0,0.0,0,0,Matches,,,,,,,,,,,,,,,2,,,,,,Matches,,25,,,,,,,,,,,24,,,,Matches,,,,,,,,,,,,,,,,,,,,,Matches,morgan sanson,2.0870378920808434,1.4652982922270894,2.0870378920808434,4.909108147956431,1.953938601538539
2354,Baptiste Santamaria,fr FRA,MF,Valencia,es La Liga,30.0,1995.0,19,7,754.0,8.4,1,1,2,1,0,0,2,0,0.12,0.12,0.24,0.12,0.24,Matches,1,6,2,33.3,0.72,0.24,0.17,0.5,0,0,Matches,,,,,,,,,,,,,,,1,,,,,,Matches,,5,,,,,,,,,,,8,,,,Matches,,,,,,,,,,,,,,,,,,,,,Matches,baptiste santamaria,0.516353402286768,0.7424618415534496,0.516353402286768,2.4516765056177974,2.205951330251992
2357,Alisson Santos,br BRA,"MF,FW",Napoli,it Serie A,22.0,2002.0,14,9,834.0,9.3,4,0,4,4,0,0,1,0,0.43,0.0,0.43,0.43,0.43,Matches,4,29,16,55.2,3.13,1.73,0.14,0.25,0,0,Matches,,,,,,,,,,,,,,,0,,,,,,Matches,,8,,,,,,,,,,,2,,,,Matches,,,,,,,,,,,,,,,,,,,,,Matches,alisson santos,1.5114381685853004,1.6118640415370464,1.5114381685853004,5.084563827142119,2.7119111828505997
2358,Andrey Santos,br BRA,MF,Chelsea,eng Premier League,21.0,2004.0,27,13,1260.0,14.0,1,0,1,1,0,0,4,0,0.07,0.0,0.07,0.07,0.07,Matches,1,11,2,18.2,0.79,0.14,0.09,0.5,0,0,Matches,,,,,,,,,,,,,,,0,,,,,,Matches,,21,,,,,,,,,,,18,,,,Matches,,,,,,,,,,,,,,,,,,,,,Matches,andrey santos,2.5551512390375137,0.6883775070309639,2.5551512390375137,6.324630655348301,4.395013879984617
2359,Kauã Santos,br BRA,GK,Frankfurt,de Bundesliga,22.0,2003.0,13,13,1084.0,12.0,0,0,0,0,0,0,0,0,0.0,0.0,0.0,0.0,0.0,Matches,0,0,0,,0.0,0.0,,,0,0,Matches,,,,,,,,,,,,,,,0,,,,,,Matches,,1,,,,,,,,,,,0,,,,Matches,,,,,,,,,,,,,,,,,,,,,Matches,kaua santos,0.0,0.0,0.0,2.191868357360363,2.191868357360363
2360,Tiago Santos,pt POR,DF,Lille,fr Ligue 1,23.0,2002.0,15,8,709.0,7.9,0,0,0,0,0,0,0,0,0.0,0.0,0.0,0.0,0.0,Matches,0,9,0,0.0,1.14,0.0,0.0,,0,0,Matches,,,,,,,,,,,,,,,0,,,,,,Matches,,8,,,,,,,,,,,5,,,,Matches,,,,,,,,,,,,,,,,,,,,,Matches,tiago santos,0.5296922102570534,0.7291203085333109,0.5296922102570534,3.5128089524805546,2.978833455592394
2366,Amin Sarr,se SWE,"FW,MF",Hellas Verona,it Serie A,24.0,2001.0,34,9,1102.0,12.2,0,1,1,0,0,0,2,1,0.0,0.08,0.08,0.0,0.08,Matches,0,19,6,31.6,1.55,0.49,0.0,0.0,0,0,Matches,,,,,,,,,,,,,,,1,,,,,,Matches,,9,,,,,,,,,,,4,,,,Matches,,,,,,,,,,,,,,,,,,,,,Matches,amin sarr,1.6173531264066696,1.370297757908702,1.6173531264066696,4.150501137599349,1.915599713101983
2367,Bouna Sarr,sn SEN,"MF,DF",Metz,fr Ligue 1,33.0,1992.0,12,10,895.0,9.9,0,0,0,0,0,0,1,0,0.0,0.0,0.0,0.0,0.0,Matches,0,15,3,20.0,1.51,0.3,0.0,0.0,0,0,Matches,,,,,,,,,,,,,,,0,,,,,,Matches,,13,,,,,,,,,,,11,,,,Matches,,,,,,,,,,,,,,,,,,,,,Matches,bouna sarr,1.810309385880828,0.7083156369626522,1.810309385880828,4.318000100553036,2.3380876444280148
2368,Ismaila Sarr,sn SEN,MF,Crystal Palace,eng Premier League,27.0,1998.0,28,24,2174.0,24.2,9,1,10,6,3,3,2,0,0.37,0.04,0.41,0.25,0.29,Matches,9,48,21,43.8,1.99,0.87,0.19,0.43,3,3,Matches,,,,,,,,,,,,,,,1,,,,,,Matches,,9,,,,,,,,,,,7,,,,Matches,,,,,,,,,,,,,,,,,,,,,Matches,ismaila sarr,11.5433072373271,2.200463268905878,9.259800650179386,12.695851609110832,3.182719247415662
2369,Malang Sarr,fr FRA,DF,Lens,fr Ligue 1,26.0,1999.0,33,33,2925.0,32.5,0,1,1,0,0,0,4,0,0.0,0.03,0.03,0.0,0.03,Matches,0,23,5,21.7,0.71,0.15,0.0,0.0,0,0,Matches,,,,,,,,,,,,,,,1,,,,,,Matches,,44,,,,,,,,,,,76,,,,Matches,,,,,,,,,,,,,,,,,,,,,Matches,malang sarr,1.7760464074090123,0.4707724899053573,1.7760464074090123,15.254046250134706,14.718481972813606
2370,Mamadou Sarr,sn SEN,DF,Strasbourg,fr Ligue 1,19.0,2005.0,15,15,1305.0,14.5,0,0,0,0,0,0,3,0,0.0,0.0,0.0,0.0,0.0,Matches,0,1,0,0.0,0.07,0.0,0.0,,0,0,Matches,,,,,,,,,,,,,,,0,,,,,,Matches,,13,,,,,,,,,,,5,,,,Matches,,,,,,,,,,,,,,,,,,,,,Matches,mamadou sarr,0.5694634318351746,0.0,0.5694634318351746,0.2305086031556129,0.2305086031556129
2372,Martin Satriano,uy URU,"FW,MF",Getafe,es La Liga,24.0,2001.0,18,18,1603.0,17.8,6,1,7,6,0,0,5,0,0.34,0.06,0.39,0.34,0.39,Matches,6,35,14,40.0,1.97,0.79,0.17,0.43,0,0,Matches,,,,,,,,,,,,,,,1,,,,,,Matches,,13,,,,,,,,,,,9,,,,Matches,,,,,,,,,,,,,,,,,,,,,Matches,martin satriano,4.711501374840736,2.4850312769412994,4.711501374840736,8.570994183421135,1.9049698896706104
2373,Martin Satriano,uy URU,FW,Lyon,fr Ligue 1,24.0,2001.0,11,8,692.0,7.7,2,1,3,2,0,0,1,0,0.26,0.13,0.39,0.26,0.39,Matches,2,16,7,43.8,2.08,0.91,0.13,0.29,0,0,Matches,,,,,,,,,,,,,,,1,,,,,,Matches,,3,,,,,,,,,,,5,,,,Matches,,,,,,,,,,,,,,,,,,,,,Matches,martin satriano,4.711501374840736,2.4850312769412994,4.711501374840736,8.570994183421135,1.9049698896706104
2374,Mario Sauer,sk SVK,MF,Toulouse,fr Ligue 1,21.0,2004.0,25,6,651.0,7.2,1,0,1,1,0,0,4,0,0.14,0.0,0.14,0.14,0.14,Matches,1,14,3,21.4,1.94,0.41,0.07,0.33,0,0,Matches,,,,,,,,,,,,,,,0,,,,,,Matches,,6,,,,,,,,,,,10,,,,Matches,,,,,,,,,,,,,,,,,,,,,Matches,mario sauer,1.286695908755064,0.1282690949738025,1.286695908755064,2.095279081724584,0.7933451663702726
2375,Razvan Sava,ro ROU,GK,Udinese,it Serie A,23.0,2002.0,7,6,620.0,6.9,0,0,0,0,0,0,1,0,0.0,0.0,0.0,0.0,0.0,Matches,0,0,0,,0.0,0.0,,,0,0,Matches,,,,,,,,,,,,,,,0,,,,,,Matches,,0,,,,,,,,,,,0,,,,Matches,,,,,,,,,,,,,,,,,,,,,Matches,razvan sava,0.0,0.0,0.0,0.177310274913907,0.177310274913907
2376,Sávio,br BRA,MF,Manchester City,eng Premier League,21.0,2004.0,24,7,833.0,9.3,1,1,2,1,0,0,2,0,0.11,0.11,0.22,0.11,0.22,Matches,1,20,11,55.0,2.16,1.19,0.05,0.09,0,0,Matches,,,,,,,,,,,,,,,1,,,,,,Matches,,5,,,,,,,,,,,5,,,,Matches,,,,,,,,,,,,,,,,,,,,,Matches,savio,3.269520847126841,0.9313512817025184,3.269520847126841,5.62423113361001,2.61976096406579
2377,Nicolò Savona,it ITA,DF,Nottingham,eng Premier League,22.0,2003.0,14,11,1028.0,11.4,2,0,2,2,0,0,2,0,0.18,0.0,0.18,0.18,0.18,Matches,2,5,3,60.0,0.44,0.26,0.4,0.67,0,0,Matches,,,,,,,,,,,,,,,0,,,,,,Matches,,12,,,,,,,,,,,5,,,,Matches,,,,,,,,,,,,,,,,,,,,,Matches,nicolo savona,1.2354809269309044,0.5944582391530275,1.2354809269309044,3.0064694937318563,1.5372497662901878
2378,Amine Sbai,ma MAR,"MF,FW",Angers,fr Ligue 1,24.0,2000.0,25,23,1818.0,20.2,3,1,4,3,0,1,3,1,0.15,0.05,0.2,0.15,0.2,Matches,3,34,16,47.1,1.68,0.79,0.09,0.19,0,1,Matches,,,,,,,,,,,,,,,1,,,,,,Matches,,10,,,,,,,,,,,4,,,,Matches,,,,,,,,,,,,,,,,,,,,,Matches,amine sbai,4.347094478085637,2.760798776522279,3.5869993288069963,8.644016150385141,3.04599804058671
2379,Joe Scally,us USA,"DF,MF",Gladbach,de Bundesliga,22.0,2002.0,32,29,2608.0,29.0,2,3,5,2,0,0,8,0,0.07,0.1,0.17,0.07,0.17,Matches,2,16,10,62.5,0.55,0.35,0.13,0.2,0,0,Matches,,,,,,,,,,,,,,,3,,,,,,Matches,,27,,,,,,,,,,,18,,,,Matches,,,,,,,,,,,,,,,,,,,,,Matches,joe scally,2.700111205689609,1.6180403884500263,2.700111205689609,9.640508973039688,6.971373248845339
2380,Giorgio Scalvini,it ITA,DF,Atalanta,it Serie A,21.0,2003.0,24,23,1808.0,20.1,3,1,4,3,0,0,2,0,0.15,0.05,0.2,0.15,0.2,Matches,3,20,6,30.0,1.0,0.3,0.15,0.5,0,0,Matches,,,,,,,,,,,,,,,1,,,,,,Matches,,23,,,,,,,,,,,38,,,,Matches,,,,,,,,,,,,,,,,,,,,,Matches,giorgio scalvini,3.860559612512589,1.580893311649561,3.860559612512589,12.34991330653429,10.11700438708067
2381,Gianluca Scamacca,it ITA,FW,Atalanta,it Serie A,26.0,1999.0,24,16,1315.0,14.6,10,1,11,8,2,2,2,0,0.68,0.07,0.75,0.55,0.62,Matches,10,57,22,38.6,3.9,1.51,0.18,0.45,2,2,Matches,,,,,,,,,,,,,,,1,,,,,,Matches,,5,,,,,,,,,,,3,,,,Matches,,,,,,,,,,,,,,,,,,,,,Matches,gianluca scamacca,8.868786808103323,1.356632051989436,7.346189212054014,10.201008120551704,3.702565290033817
2382,Oliver Scarles,eng ENG,"DF,MF",West Ham,eng Premier League,19.0,2005.0,13,9,659.0,7.3,0,0,0,0,0,0,2,0,0.0,0.0,0.0,0.0,0.0,Matches,0,3,0,0.0,0.41,0.0,0.0,,0,0,Matches,,,,,,,,,,,,,,,0,,,,,,Matches,,19,,,,,,,,,,,13,,,,Matches,,,,,,,,,,,,,,,,,,,,,Matches,oliver scarles,0.2387502118945121,0.97617865819484,0.2387502118945121,1.589765745215118,0.6791210677474737
2384,Kevin Schade,de GER,"MF,FW",Brentford,eng Premier League,23.0,2001.0,35,32,2745.0,30.5,8,3,11,8,0,1,6,1,0.26,0.1,0.36,0.26,0.36,Matches,8,57,24,42.1,1.87,0.79,0.14,0.33,0,1,Matches,,,,,,,,,,,,,,,3,,,,,,Matches,,27,,,,,,,,,,,19,,,,Matches,,,,,,,,,,,,,,,,,,,,,Matches,kevin schade,11.832689953967929,4.565257132053375,11.071521116420628,17.37519696727395,3.947028372436762
2385,András Schäfer,hu HUN,MF,Union Berlin,de Bundesliga,26.0,1999.0,28,16,1421.0,15.8,2,1,3,2,0,0,2,1,0.13,0.06,0.19,0.13,0.19,Matches,2,27,10,37.0,1.71,0.63,0.07,0.2,0,0,Matches,,,,,,,,,,,,,,,1,,,,,,Matches,,22,,,,,,,,,,,20,,,,Matches,,,,,,,,,,,,,,,,,,,,,Matches,andras schafer,1.778747895732522,0.7768908403813839,1.778747895732522,5.5322664473205805,3.3308603167533875
2386,Fabian Schär,ch SUI,DF,Newcastle,eng Premier League,33.0,1991.0,16,11,1091.0,12.1,0,0,0,0,0,0,1,0,0.0,0.0,0.0,0.0,0.0,Matches,0,17,4,23.5,1.4,0.33,0.0,0.0,0,0,Matches,,,,,,,,,,,,,,,0,,,,,,Matches,,9,,,,,,,,,,,16,,,,Matches,,,,,,,,,,,,,,,,,,,,,Matches,fabian schar,0.9631823003292084,0.1626780582591891,0.9631823003292084,3.1928995680063963,3.059698922559619
2388,Derry Scherhant,de GER,MF,Freiburg,de Bundesliga,22.0,2002.0,31,12,1301.0,14.5,5,1,6,5,0,0,2,0,0.35,0.07,0.42,0.35,0.42,Matches,5,36,13,36.1,2.49,0.9,0.14,0.38,0,0,Matches,,,,,,,,,,,,,,,1,,,,,,Matches,,9,,,,,,,,,,,7,,,,Matches,,,,,,,,,,,,,,,,,,,,,Matches,derry scherhant,3.31635710503906,1.9648405443876984,3.31635710503906,5.468948429450393,1.754570497199893
2389,Patrik Schick,cz CZE,FW,Leverkusen,de Bundesliga,29.0,1996.0,28,23,1988.0,22.1,16,3,19,12,4,5,2,0,0.72,0.14,0.86,0.54,0.68,Matches,16,72,34,47.2,3.26,1.54,0.22,0.47,4,5,Matches,,,,,,,,,,,,,,,3,,,,,,Matches,,4,,,,,,,,,,,3,,,,Matches,,,,,,,,,,,,,,,,,,,,,Matches,patrik schick,19.421328123658892,3.1920390371233225,15.632444690912962,18.84750088304281,3.710258255712688
2390,Stefan Schimmer,de GER,FW,Heidenheim,de Bundesliga,31.0,1994.0,27,3,820.0,9.1,5,1,6,5,0,0,1,0,0.55,0.11,0.66,0.55,0.66,Matches,5,32,12,37.5,3.51,1.32,0.16,0.42,0,0,Matches,,,,,,,,,,,,,,,1,,,,,,Matches,,4,,,,,,,,,,,4,,,,Matches,,,,,,,,,,,,,,,,,,,,,Matches,stefan schimmer,5.915202781558037,1.6511298958212135,5.915202781558037,8.382787432521582,1.3862062525004148
2391,Xaver Schlager,at AUT,MF,RB Leipzig,de Bundesliga,27.0,1997.0,26,21,1837.0,20.4,3,1,4,3,0,0,6,0,0.15,0.05,0.2,0.15,0.2,Matches,3,21,7,33.3,1.03,0.34,0.14,0.43,0,0,Matches,,,,,,,,,,,,,,,1,,,,,,Matches,,25,,,,,,,,,,,7,,,,Matches,,,,,,,,,,,,,,,,,,,,,Matches,xaver schlager,2.157680917531252,2.197766998782754,2.157680917531252,20.343336034566164,17.009082730859518
2392,Keven Schlotterbeck,de GER,DF,Augsburg,de Bundesliga,28.0,1997.0,24,22,2031.0,22.6,0,1,1,0,0,1,7,1,0.0,0.04,0.04,0.0,0.04,Matches,0,12,3,25.0,0.53,0.13,0.0,0.0,0,1,Matches,,,,,,,,,,,,,,,1,,,,,,Matches,,25,,,,,,,,,,,33,,,,Matches,,,,,,,,,,,,,,,,,,,,,Matches,keven schlotterbeck,1.3001904971897602,1.029070470482111,0.5424138195812702,5.31422508880496,4.888037363067269
2393,Nico Schlotterbeck,de GER,DF,Dortmund,de Bundesliga,25.0,1999.0,28,28,2520.0,28.0,5,1,6,5,0,0,8,0,0.18,0.04,0.21,0.18,0.21,Matches,5,32,9,28.1,1.14,0.32,0.16,0.56,0,0,Matches,,,,,,,,,,,,,,,1,,,,,,Matches,,38,,,,,,,,,,,24,,,,Matches,,,,,,,,,,,,,,,,,,,,,Matches,nico schlotterbeck,3.80366291385144,1.0600993894040585,3.80366291385144,11.601791122928262,10.63110581971705
2395,Romano Schmid,at AUT,"MF,FW",Werder Bremen,de Bundesliga,25.0,2000.0,34,34,2982.0,33.1,4,8,12,1,3,4,4,0,0.12,0.24,0.36,0.03,0.27,Matches,4,57,21,36.8,1.72,0.63,0.07,0.19,3,4,Matches,,,,,,,,,,,,,,,8,,,,,,Matches,,28,,,,,,,,,,,13,,,,Matches,,,,,,,,,,,,,,,,,,,,,Matches,romano schmid,7.935770924203098,10.276878538541496,4.904664213769138,17.899825293570757,6.946343030780554
2396,Isaac Schmidt,ch SUI,"MF,DF",Werder Bremen,de Bundesliga,25.0,1999.0,19,6,682.0,7.6,1,0,1,1,0,0,2,0,0.13,0.0,0.13,0.13,0.13,Matches,1,5,2,40.0,0.66,0.26,0.2,0.5,0,0,Matches,,,,,,,,,,,,,,,0,,,,,,Matches,,10,,,,,,,,,,,11,,,,Matches,,,,,,,,,,,,,,,,,,,,,Matches,isaac schmidt,0.5206902362406254,0.5155902737751603,0.5206902362406254,3.2245144806802277,2.3847034201025963
2397,Joël Schmied,ch SUI,DF,Köln,de Bundesliga,26.0,1998.0,16,13,1078.0,12.0,0,0,0,0,0,0,5,0,0.0,0.0,0.0,0.0,0.0,Matches,0,5,0,0.0,0.42,0.0,0.0,,0,0,Matches,,,,,,,,,,,,,,,0,,,,,,Matches,,9,,,,,,,,,,,11,,,,Matches,,,,,,,,,,,,,,,,,,,,,Matches,joel schmied,0.2212208164855837,0.1458053737878799,0.2212208164855837,2.9376384019851685,2.8404782209545374
2399,Jan Schöppner,de GER,MF,Heidenheim,de Bundesliga,26.0,1999.0,31,29,2252.0,25.0,3,3,6,3,0,0,5,0,0.12,0.12,0.24,0.12,0.24,Matches,3,25,7,28.0,1.0,0.28,0.12,0.43,0,0,Matches,,,,,,,,,,,,,,,3,,,,,,Matches,,17,,,,,,,,,,,32,,,,Matches,,,,,,,,,,,,,,,,,,,,,Matches,jan schoppner,2.7691161446273327,2.977410864084959,2.7691161446273327,9.141754516400397,5.333098980598152
2400,Marvin Schwäbe,de GER,GK,Köln,de Bundesliga,30.0,1995.0,34,34,3060.0,34.0,0,0,0,0,0,0,2,0,0.0,0.0,0.0,0.0,0.0,Matches,0,0,0,,0.0,0.0,,,0,0,Matches,,,,,,,,,,,,,,,0,,,,,,Matches,,1,,,,,,,,,,,3,,,,Matches,,,,,,,,,,,,,,,,,,,,,Matches,marvin schwabe,0.0,0.3641906082630157,0.0,5.936441767960787,5.572251129895449
2402,Alex Scott,eng ENG,MF,Bournemouth,eng Premier League,21.0,2003.0,37,34,2849.0,31.7,3,1,4,3,0,0,5,0,0.09,0.03,0.13,0.09,0.13,Matches,3,44,13,29.5,1.39,0.41,0.07,0.23,0,0,Matches,,,,,,,,,,,,,,,1,,,,,,Matches,,38,,,,,,,,,,,35,,,,Matches,,,,,,,,,,,,,,,,,,,,,Matches,alex scott,3.500135133042932,2.891912166960537,3.500135133042932,15.246188033372164,10.991569228470324
2403,Simone Scuffet,it ITA,GK,Pisa,it Serie A,29.0,1996.0,7,7,630.0,7.0,0,0,0,0,0,0,0,0,0.0,0.0,0.0,0.0,0.0,Matches,0,0,0,,0.0,0.0,,,0,0,Matches,,,,,,,,,,,,,,,0,,,,,,Matches,,0,,,,,,,,,,,0,,,,Matches,,,,,,,,,,,,,,,,,,,,,Matches,simone scuffet,0.0,0.0,0.0,0.5827806890010834,0.5827806890010834
2404,Sebastian Sebulonsen,no NOR,"DF,MF",Köln,de Bundesliga,25.0,2000.0,31,28,2498.0,27.8,0,0,0,0,0,0,5,0,0.0,0.0,0.0,0.0,0.0,Matches,0,31,5,16.1,1.12,0.18,0.0,0.0,0,0,Matches,,,,,,,,,,,,,,,0,,,,,,Matches,,26,,,,,,,,,,,17,,,,Matches,,,,,,,,,,,,,,,,,,,,,Matches,sebastian sebulonsen,1.4893776644021273,2.7618500273674726,1.4893776644021273,11.2205195389688,8.312318425625563
2405,Jenson Seelt,nl NED,DF,Wolfsburg,de Bundesliga,22.0,2003.0,9,8,681.0,7.6,0,0,0,0,0,0,0,0,0.0,0.0,0.0,0.0,0.0,Matches,0,2,0,0.0,0.26,0.0,0.0,,0,0,Matches,,,,,,,,,,,,,,,0,,,,,,Matches,,9,,,,,,,,,,,5,,,,Matches,,,,,,,,,,,,,,,,,,,,,Matches,jenson seelt,0.0,0.0,0.0,0.3046077191829681,0.3046077191829681
2407,Alidu Seidu,gh GHA,DF,Rennes,fr Ligue 1,25.0,2000.0,21,13,1186.0,13.2,0,1,1,0,0,0,1,0,0.0,0.08,0.08,0.0,0.08,Matches,0,5,1,20.0,0.38,0.08,0.0,0.0,0,0,Matches,,,,,,,,,,,,,,,1,,,,,,Matches,,22,,,,,,,,,,,17,,,,Matches,,,,,,,,,,,,,,,,,,,,,Matches,alidu seidu,0.0986225018277764,1.1613133689388633,0.0986225018277764,5.668631431646645,5.559483170509338
2409,Nicolas Seiwald,at AUT,MF,RB Leipzig,de Bundesliga,24.0,2001.0,33,31,2694.0,29.9,0,2,2,0,0,0,2,0,0.0,0.07,0.07,0.0,0.07,Matches,0,20,7,35.0,0.67,0.23,0.0,0.0,0,0,Matches,,,,,,,,,,,,,,,2,,,,,,Matches,,47,,,,,,,,,,,60,,,,Matches,,,,,,,,,,,,,,,,,,,,,Matches,nicolas seiwald,1.818481955677271,1.8090799655765293,1.818481955677271,16.26779694482684,14.033266069367528
2410,Ayumu Seko,jp JPN,"MF,DF",Le Havre,fr Ligue 1,25.0,2000.0,30,29,2625.0,29.2,0,0,0,0,0,0,6,0,0.0,0.0,0.0,0.0,0.0,Matches,0,17,6,35.3,0.58,0.21,0.0,0.0,0,0,Matches,,,,,,,,,,,,,,,0,,,,,,Matches,,24,,,,,,,,,,,35,,,,Matches,,,,,,,,,,,,,,,,,,,,,Matches,ayumu seko,0.9660781314596534,0.4601332331076264,0.9660781314596534,6.02835941594094,5.555001525208354
2411,Matz Sels,be BEL,GK,Nottingham,eng Premier League,33.0,1992.0,31,30,2668.0,29.6,0,0,0,0,0,0,2,0,0.0,0.0,0.0,0.0,0.0,Matches,0,0,0,,0.0,0.0,,,0,0,Matches,,,,,,,,,,,,,,,0,,,,,,Matches,,1,,,,,,,,,,,0,,,,Matches,,,,,,,,,,,,,,,,,,,,,Matches,matz sels,0.0,0.0,0.0,2.225650984793901,2.225650984793901
2412,Antoine Semenyo,gh GHA,MF,Bournemouth,eng Premier League,25.0,2000.0,20,20,1798.0,20.0,10,3,13,9,1,2,6,0,0.5,0.15,0.65,0.45,0.6,Matches,10,49,27,55.1,2.45,1.35,0.2,0.37,1,2,Matches,,,,,,,,,,,,,,,3,,,,,,Matches,,20,,,,,,,,,,,6,,,,Matches,,,,,,,,,,,,,,,,,,,,,Matches,antoine semenyo,12.836786897853017,4.130169393494725,11.31444920040667,20.870588455349207,7.893717190250754
2413,Antoine Semenyo,gh GHA,"MF,FW",Manchester City,eng Premier League,25.0,2000.0,17,17,1397.0,15.5,7,1,8,7,0,0,1,0,0.45,0.06,0.52,0.45,0.52,Matches,7,34,14,41.2,2.19,0.9,0.21,0.5,0,0,Matches,,,,,,,,,,,,,,,1,,,,,,Matches,,11,,,,,,,,,,,6,,,,Matches,,,,,,,,,,,,,,,,,,,,,Matches,antoine semenyo,12.836786897853017,4.130169393494725,11.31444920040667,20.870588455349207,7.893717190250754
2414,Adrian Šemper,hr CRO,GK,Pisa,it Serie A,27.0,1998.0,25,25,2250.0,25.0,0,0,0,0,0,0,0,0,0.0,0.0,0.0,0.0,0.0,Matches,0,0,0,,0.0,0.0,,,0,0,Matches,,,,,,,,,,,,,,,0,,,,,,Matches,,0,,,,,,,,,,,0,,,,Matches,,,,,,,,,,,,,,,,,,,,,Matches,adrian semper,0.0,0.0,0.0,0.7795740598812699,0.7795740598812699
2415,Marvin Senaya,gh GHA,"DF,MF",Auxerre,fr Ligue 1,24.0,2001.0,25,20,1780.0,19.8,1,0,1,1,0,0,5,0,0.05,0.0,0.05,0.05,0.05,Matches,1,15,5,33.3,0.76,0.25,0.07,0.2,0,0,Matches,,,,,,,,,,,,,,,0,,,,,,Matches,,31,,,,,,,,,,,34,,,,Matches,,,,,,,,,,,,,,,,,,,,,Matches,marvin senaya,1.403174713253975,0.2376676574349403,1.403174713253975,2.581851320341229,2.269769674167037
2416,Marcos Senesi,ar ARG,DF,Bournemouth,eng Premier League,28.0,1997.0,37,37,3288.0,36.5,0,5,5,0,0,0,8,0,0.0,0.14,0.14,0.0,0.14,Matches,0,17,5,29.4,0.47,0.14,0.0,0.0,0,0,Matches,,,,,,,,,,,,,,,5,,,,,,Matches,,34,,,,,,,,,,,50,,,,Matches,,,,,,,,,,,,,,,,,,,,,Matches,marcos senesi,1.850691837258637,4.026684596203268,1.850691837258637,14.265297041274607,10.905751962214708
2417,Suat Serdar,de GER,MF,Hellas Verona,it Serie A,28.0,1997.0,20,12,1108.0,12.3,2,0,2,2,0,0,3,0,0.16,0.0,0.16,0.16,0.16,Matches,2,19,7,36.8,1.54,0.57,0.11,0.29,0,0,Matches,,,,,,,,,,,,,,,0,,,,,,Matches,,20,,,,,,,,,,,10,,,,Matches,,,,,,,,,,,,,,,,,,,,,Matches,suat serdar,2.6708283396437764,1.4056117832660675,2.6708283396437764,4.575328801758587,1.8016988597810268
2420,Benjamin Šeško,si SVN,FW,Manchester Utd,eng Premier League,22.0,2003.0,30,17,1643.0,18.3,11,1,12,11,0,0,2,0,0.6,0.05,0.66,0.6,0.66,Matches,11,61,34,55.7,3.34,1.86,0.18,0.32,0,0,Matches,,,,,,,,,,,,,,,1,,,,,,Matches,,3,,,,,,,,,,,3,,,,Matches,,,,,,,,,,,,,,,,,,,,,Matches,benjamin sesko,12.504127995111048,0.5977376587688923,12.504127995111048,14.22715387493372,1.6295164097100496
2421,Ryan Sessegnon,eng ENG,"DF,MF",Fulham,eng Premier League,25.0,2000.0,27,20,1823.0,20.3,3,1,4,3,0,0,0,0,0.15,0.05,0.2,0.15,0.2,Matches,3,16,4,25.0,0.79,0.2,0.19,0.75,0,0,Matches,,,,,,,,,,,,,,,1,,,,,,Matches,,29,,,,,,,,,,,23,,,,Matches,,,,,,,,,,,,,,,,,,,,,Matches,ryan sessegnon,2.04829409904778,2.228433128446341,2.04829409904778,8.259379532188177,5.088316984474659
2422,Stephan El Shaarawy,it ITA,"MF,FW",Roma,it Serie A,32.0,1992.0,20,5,666.0,7.4,1,2,3,1,0,0,4,0,0.14,0.27,0.41,0.14,0.41,Matches,1,18,7,38.9,2.43,0.95,0.06,0.14,0,0,Matches,,,,,,,,,,,,,,,2,,,,,,Matches,,7,,,,,,,,,,,6,,,,Matches,,,,,,,,,,,,,,,,,,,,,Matches,stephan el shaarawy,2.018858753144741,1.7541244626045227,2.018858753144741,5.107392806559801,2.558639155700803
2423,Luke Shaw,eng ENG,DF,Manchester Utd,eng Premier League,30.0,1995.0,38,38,3219.0,35.8,1,1,2,1,0,0,9,0,0.03,0.03,0.06,0.03,0.06,Matches,1,10,3,30.0,0.28,0.08,0.1,0.33,0,0,Matches,,,,,,,,,,,,,,,1,,,,,,Matches,,45,,,,,,,,,,,43,,,,Matches,,,,,,,,,,,,,,,,,,,,,Matches,luke shaw,0.5988588444888592,1.4936611289158463,0.5988588444888592,11.45667431410402,10.608856069855392
2425,Kwasi Sibo,gh GHA,MF,Oviedo,es La Liga,27.0,1998.0,26,21,1681.0,18.7,0,0,0,0,0,0,3,1,0.0,0.0,0.0,0.0,0.0,Matches,0,9,2,22.2,0.48,0.11,0.0,0.0,0,0,Matches,,,,,,,,,,,,,,,0,,,,,,Matches,,20,,,,,,,,,,,14,,,,Matches,,,,,,,,,,,,,,,,,,,,,Matches,kwasi sibo,0.3234209390357137,0.0500031504780054,0.3234209390357137,4.401804143562913,4.066265448927879
2426,Djibril Sidibé,fr FRA,"MF,DF",Toulouse,fr Ligue 1,33.0,1992.0,32,25,2141.0,23.8,3,4,7,2,1,2,1,0,0.13,0.17,0.29,0.08,0.25,Matches,3,8,5,62.5,0.34,0.21,0.38,0.6,1,2,Matches,,,,,,,,,,,,,,,4,,,,,,Matches,,32,,,,,,,,,,,18,,,,Matches,,,,,,,,,,,,,,,,,,,,,Matches,djibril sidibe,3.01466503739357,1.9726380528882144,1.4944747984409332,5.725381668657064,4.560083646327257
2427,Armindo Sieb,de GER,FW,Mainz 05,de Bundesliga,22.0,2003.0,22,3,548.0,6.1,2,0,2,2,0,0,1,0,0.33,0.0,0.33,0.33,0.33,Matches,2,18,6,33.3,2.96,0.99,0.11,0.33,0,0,Matches,,,,,,,,,,,,,,,0,,,,,,Matches,,4,,,,,,,,,,,0,,,,Matches,,,,,,,,,,,,,,,,,,,,,Matches,armindo sieb,2.8665214106440544,0.598957596346736,2.8665214106440544,4.1541723646223545,0.9499620124697684
2428,Jamil Siebert,de GER,DF,Lecce,it Serie A,23.0,2002.0,21,18,1701.0,18.9,1,0,1,1,0,0,3,0,0.05,0.0,0.05,0.05,0.05,Matches,1,6,2,33.3,0.32,0.11,0.17,0.5,0,0,Matches,,,,,,,,,,,,,,,0,,,,,,Matches,,15,,,,,,,,,,,15,,,,Matches,,,,,,,,,,,,,,,,,,,,,Matches,jamil siebert,0.4797683842480182,0.3154878802597523,0.4797683842480182,2.341046974994242,1.971344226039946
2429,Francisco Sierralta,cl CHI,DF,Auxerre,fr Ligue 1,28.0,1997.0,10,9,861.0,9.6,1,0,1,1,0,0,2,0,0.1,0.0,0.1,0.1,0.1,Matches,1,7,2,28.6,0.73,0.21,0.14,0.5,0,0,Matches,,,,,,,,,,,,,,,0,,,,,,Matches,,6,,,,,,,,,,,9,,,,Matches,,,,,,,,,,,,,,,,,,,,,Matches,francisco sierralta,0.7252583894878626,0.0387212000787258,0.7252583894878626,1.4416037444025278,1.4416037444025278
2430,Tim Siersleben,de GER,DF,Heidenheim,de Bundesliga,25.0,2000.0,15,12,1081.0,12.0,0,0,0,0,0,0,2,0,0.0,0.0,0.0,0.0,0.0,Matches,0,5,3,60.0,0.42,0.25,0.0,0.0,0,0,Matches,,,,,,,,,,,,,,,0,,,,,,Matches,,16,,,,,,,,,,,21,,,,Matches,,,,,,,,,,,,,,,,,,,,,Matches,tim siersleben,0.6296908538788557,0.1155702322721481,0.6296908538788557,1.3642809763550758,1.074270966462791
2432,André Silva,pt POR,FW,Elche,es La Liga,29.0,1995.0,31,22,1849.0,20.5,10,0,10,7,3,3,3,0,0.49,0.0,0.49,0.34,0.34,Matches,10,57,29,50.9,2.77,1.41,0.18,0.34,3,3,Matches,,,,,,,,,,,,,,,0,,,,,,Matches,,8,,,,,,,,,,,4,,,,Matches,,,,,,,,,,,,,,,,,,,,,Matches,andre silva,10.836609966121614,1.556909404695034,8.606777063570917,9.467075154185297,2.252919040620327
2433,Bernardo Silva,pt POR,MF,Manchester City,eng Premier League,30.0,1994.0,38,34,2872.0,31.9,2,4,6,2,0,0,10,0,0.06,0.13,0.19,0.06,0.19,Matches,2,30,7,23.3,0.94,0.22,0.07,0.29,0,0,Matches,,,,,,,,,,,,,,,4,,,,,,Matches,,28,,,,,,,,,,,21,,,,Matches,,,,,,,,,,,,,,,,,,,,,Matches,bernardo silva,2.899573851376772,5.28287316672504,2.899573851376772,25.18876053020358,19.402738712728024
2434,Éderson Silva,br BRA,MF,Atalanta,it Serie A,26.0,1999.0,30,26,2230.0,24.8,2,1,3,1,1,1,3,0,0.08,0.04,0.12,0.04,0.08,Matches,2,35,11,31.4,1.41,0.44,0.06,0.18,1,1,Matches,,,,,,,,,,,,,,,1,,,,,,Matches,,35,,,,,,,,,,,28,,,,Matches,,,,,,,,,,,,,,,,,,,,,Matches,ederson silva,5.546352312900126,2.210425505414605,4.785053477622569,16.25540943443775,12.244340799748898
2435,Fábio Silva,pt POR,"FW,MF",Dortmund,de Bundesliga,23.0,2002.0,28,7,817.0,9.1,2,6,8,2,0,0,3,0,0.22,0.66,0.88,0.22,0.88,Matches,2,23,8,34.8,2.53,0.88,0.09,0.25,0,0,Matches,,,,,,,,,,,,,,,6,,,,,,Matches,,2,,,,,,,,,,,2,,,,Matches,,,,,,,,,,,,,,,,,,,,,Matches,fabio silva,2.105187201872468,2.759688064455986,2.105187201872468,7.064148070290685,2.9445341546088457
2438,Abdallah Sima,sn SEN,"MF,FW",Lens,fr Ligue 1,24.0,2001.0,21,6,718.0,8.0,2,2,4,2,0,0,3,0,0.25,0.25,0.5,0.25,0.5,Matches,2,30,9,30.0,3.76,1.13,0.07,0.22,0,0,Matches,,,,,,,,,,,,,,,2,,,,,,Matches,,5,,,,,,,,,,,1,,,,Matches,,,,,,,,,,,,,,,,,,,,,Matches,abdallah sima,3.332493230700493,0.7596801817417145,3.332493230700493,5.5135756358504295,1.938925914466381
2439,Giovanni Simeone,ar ARG,FW,Torino,it Serie A,30.0,1995.0,32,27,2230.0,24.8,11,0,11,11,0,0,1,0,0.44,0.0,0.44,0.44,0.44,Matches,11,78,28,35.9,3.15,1.13,0.14,0.39,0,0,Matches,,,,,,,,,,,,,,,0,,,,,,Matches,,9,,,,,,,,,,,5,,,,Matches,,,,,,,,,,,,,,,,,,,,,Matches,giovanni simeone,11.181717524304986,1.8582251174375413,11.181717524304986,14.051242487505078,1.50459766946733
2440,Giuliano Simeone,ar ARG,"MF,FW",Atlético Madrid,es La Liga,22.0,2002.0,31,25,2099.0,23.3,4,6,10,4,0,0,2,0,0.17,0.26,0.43,0.17,0.43,Matches,4,36,14,38.9,1.54,0.6,0.11,0.29,0,0,Matches,,,,,,,,,,,,,,,6,,,,,,Matches,,25,,,,,,,,,,,20,,,,Matches,,,,,,,,,,,,,,,,,,,,,Matches,giuliano simeone,6.101236687973142,5.526886135339737,6.101236687973142,18.556789096444845,9.045107055455446
2441,Moses Simon,ng NGA,"MF,FW",Paris FC,fr Ligue 1,30.0,1995.0,29,25,2001.0,22.2,3,3,6,3,0,0,1,0,0.13,0.13,0.27,0.13,0.27,Matches,3,34,11,32.4,1.53,0.49,0.09,0.27,0,0,Matches,,,,,,,,,,,,,,,3,,,,,,Matches,,11,,,,,,,,,,,8,,,,Matches,,,,,,,,,,,,,,,,,,,,,Matches,moses simon,2.882196793332696,4.325151562690735,2.882196793332696,9.658759605139494,4.0332848858088255
2442,Unai Simón,es ESP,GK,Athletic Club,es La Liga,28.0,1997.0,37,37,3330.0,37.0,0,0,0,0,0,0,1,0,0.0,0.0,0.0,0.0,0.0,Matches,0,0,0,,0.0,0.0,,,0,0,Matches,,,,,,,,,,,,,,,0,,,,,,Matches,,0,,,,,,,,,,,0,,,,Matches,,,,,,,,,,,,,,,,,,,,,Matches,unai simon,0.0,0.0318873859941959,0.0,3.199014876037836,3.167127501219511
2443,Xavi Simons,nl NED,"MF,FW",Tottenham,eng Premier League,22.0,2003.0,28,19,1755.0,19.5,2,5,7,2,0,0,5,1,0.1,0.26,0.36,0.1,0.36,Matches,2,42,10,23.8,2.15,0.51,0.05,0.2,0,0,Matches,,,,,,,,,,,,,,,5,,,,,,Matches,,20,,,,,,,,,,,15,,,,Matches,,,,,,,,,,,,,,,,,,,,,Matches,xavi simons,2.716290816664696,4.650560335256159,2.716290816664696,9.529860531911254,5.203196081332862
2445,Jahmai Simpson-Pusey,eng ENG,DF,Köln,de Bundesliga,19.0,2005.0,11,10,863.0,9.6,0,0,0,0,0,0,2,1,0.0,0.0,0.0,0.0,0.0,Matches,0,6,3,50.0,0.63,0.31,0.0,0.0,0,0,Matches,,,,,,,,,,,,,,,0,,,,,,Matches,,8,,,,,,,,,,,12,,,,Matches,,,,,,,,,,,,,,,,,,,,,Matches,jahmai simpson pusey,0.305854395031929,0.0993250086903572,0.305854395031929,1.997569991275668,1.8982449751347303
2446,Danel Sinani,lu LUX,"MF,FW",St Pauli,de Bundesliga,28.0,1997.0,30,23,2069.0,23.0,5,3,8,2,3,3,4,0,0.22,0.13,0.35,0.09,0.22,Matches,5,49,18,36.7,2.13,0.78,0.1,0.28,3,3,Matches,,,,,,,,,,,,,,,3,,,,,,Matches,,16,,,,,,,,,,,5,,,,Matches,,,,,,,,,,,,,,,,,,,,,Matches,danel sinani,5.747947253286839,3.705269183032215,3.474617220461369,9.47156412154436,5.238701125606895
2448,Lassine Sinayoko,ml MLI,"FW,MF",Auxerre,fr Ligue 1,25.0,1999.0,32,32,2770.0,30.8,12,4,16,9,3,4,8,0,0.39,0.13,0.52,0.29,0.42,Matches,12,93,39,41.9,3.02,1.27,0.13,0.31,3,4,Matches,,,,,,,,,,,,,,,4,,,,,,Matches,,26,,,,,,,,,,,26,,,,Matches,,,,,,,,,,,,,,,,,,,,,Matches,lassine sinayoko,13.613020814955236,4.946237799711525,10.57264032587409,15.242396891117096,3.0789404874667525
2449,Ibrahima Sissoko,ml MLI,"MF,DF",Nantes,fr Ligue 1,27.0,1997.0,13,9,803.0,8.9,0,0,0,0,0,0,4,0,0.0,0.0,0.0,0.0,0.0,Matches,0,6,0,0.0,0.67,0.0,0.0,,0,0,Matches,,,,,,,,,,,,,,,0,,,,,,Matches,,7,,,,,,,,,,,16,,,,Matches,,,,,,,,,,,,,,,,,,,,,Matches,ibrahima sissoko,0.1656182212755084,0.8984191156923771,0.1656182212755084,4.065130893141031,3.4186657033860683
2450,Antonio Sivera,es ESP,GK,Alavés,es La Liga,28.0,1996.0,38,38,3420.0,38.0,0,0,0,0,0,0,3,0,0.0,0.0,0.0,0.0,0.0,Matches,0,0,0,,0.0,0.0,,,0,0,Matches,,,,,,,,,,,,,,,0,,,,,,Matches,,1,,,,,,,,,,,0,,,,Matches,,,,,,,,,,,,,,,,,,,,,Matches,antonio sivera,0.0,0.0,0.0,3.3321731872856617,3.3321731872856617
2452,Tim Skarke,de GER,"MF,FW",Union Berlin,de Bundesliga,28.0,1996.0,22,4,623.0,6.9,1,1,2,1,0,0,0,0,0.14,0.14,0.29,0.14,0.29,Matches,1,14,5,35.7,2.02,0.72,0.07,0.2,0,0,Matches,,,,,,,,,,,,,,,1,,,,,,Matches,,4,,,,,,,,,,,1,,,,Matches,,,,,,,,,,,,,,,,,,,,,Matches,tim skarke,0.906526424922049,1.448102950118482,0.906526424922049,3.765563036315143,1.586321622133255
2453,Ellyes Skhiri,tn TUN,"MF,DF",Frankfurt,de Bundesliga,30.0,1995.0,25,16,1444.0,16.0,0,0,0,0,0,0,3,1,0.0,0.0,0.0,0.0,0.0,Matches,0,8,0,0.0,0.5,0.0,0.0,,0,0,Matches,,,,,,,,,,,,,,,0,,,,,,Matches,,8,,,,,,,,,,,25,,,,Matches,,,,,,,,,,,,,,,,,,,,,Matches,ellyes skhiri,0.7644057050347328,0.3066457267850637,0.7644057050347328,6.156647648662329,5.555669544264674
2455,Łukasz Skorupski,pl POL,GK,Bologna,it Serie A,34.0,1991.0,19,19,1592.0,17.7,0,0,0,0,0,0,1,1,0.0,0.0,0.0,0.0,0.0,Matches,0,0,0,,0.0,0.0,,,0,0,Matches,,,,,,,,,,,,,,,0,,,,,,Matches,,0,,,,,,,,,,,0,,,,Matches,,,,,,,,,,,,,,,,,,,,,Matches,ukasz skorupski,0.0,0.0,0.0,1.617395529523492,1.617395529523492
2459,Adam Smith,eng ENG,DF,Bournemouth,eng Premier League,34.0,1991.0,22,14,1077.0,12.0,0,2,2,0,0,0,3,0,0.0,0.17,0.17,0.0,0.17,Matches,0,0,0,,0.0,0.0,,,0,0,Matches,,,,,,,,,,,,,,,2,,,,,,Matches,,12,,,,,,,,,,,10,,,,Matches,,,,,,,,,,,,,,,,,,,,,Matches,adam smith,0.0,0.4984638234600425,0.0,4.537172414362431,4.063000334426761
2460,Eric Smith,se SWE,"DF,MF",St Pauli,de Bundesliga,28.0,1997.0,27,26,2311.0,25.7,2,2,4,2,0,0,4,1,0.08,0.08,0.16,0.08,0.16,Matches,2,12,5,41.7,0.47,0.19,0.17,0.4,0,0,Matches,,,,,,,,,,,,,,,2,,,,,,Matches,,23,,,,,,,,,,,24,,,,Matches,,,,,,,,,,,,,,,,,,,,,Matches,eric smith,0.814800588414073,0.8954977933317423,0.814800588414073,5.893046077340841,5.734260914847255
2461,Emile Smith Rowe,eng ENG,MF,Fulham,eng Premier League,25.0,2000.0,37,22,1923.0,21.4,3,0,3,3,0,0,1,0,0.14,0.0,0.14,0.14,0.14,Matches,3,36,11,30.6,1.68,0.51,0.08,0.27,0,0,Matches,,,,,,,,,,,,,,,0,,,,,,Matches,,22,,,,,,,,,,,22,,,,Matches,,,,,,,,,,,,,,,,,,,,,Matches,emile smith rowe,4.261428236961365,1.417598308995366,4.261428236961365,8.591270301491022,4.14689252525568
2462,Ivan Smolčić,hr CRO,DF,Como,it Serie A,24.0,2000.0,28,19,1662.0,18.5,0,1,1,0,0,0,8,0,0.0,0.05,0.05,0.0,0.05,Matches,0,12,4,33.3,0.65,0.22,0.0,0.0,0,0,Matches,,,,,,,,,,,,,,,1,,,,,,Matches,,24,,,,,,,,,,,23,,,,Matches,,,,,,,,,,,,,,,,,,,,,Matches,ivan smolcic,1.130530584603548,1.458752404898405,1.130530584603548,5.349467679858208,4.847194198518992
2464,Simon Sohm,ch SUI,MF,Bologna,it Serie A,24.0,2001.0,12,9,717.0,8.0,0,0,0,0,0,0,1,0,0.0,0.0,0.0,0.0,0.0,Matches,0,4,1,25.0,0.5,0.13,0.0,0.0,0,0,Matches,,,,,,,,,,,,,,,0,,,,,,Matches,,5,,,,,,,,,,,3,,,,Matches,,,,,,,,,,,,,,,,,,,,,Matches,simon sohm,0.7936277445405722,2.04474865924567,0.7936277445405722,4.9742969293147326,3.7022214271128178
2465,Simon Sohm,ch SUI,MF,Fiorentina,it Serie A,24.0,2001.0,16,9,708.0,7.9,0,1,1,0,0,0,2,0,0.0,0.13,0.13,0.0,0.13,Matches,0,5,0,0.0,0.64,0.0,0.0,,0,0,Matches,,,,,,,,,,,,,,,1,,,,,,Matches,,7,,,,,,,,,,,6,,,,Matches,,,,,,,,,,,,,,,,,,,,,Matches,simon sohm,0.7936277445405722,2.04474865924567,0.7936277445405722,4.9742969293147326,3.7022214271128178
2467,Dominic Solanke,eng ENG,FW,Tottenham,eng Premier League,27.0,1997.0,15,11,1001.0,11.1,3,0,3,3,0,0,1,0,0.27,0.0,0.27,0.27,0.27,Matches,3,20,11,55.0,1.8,0.99,0.15,0.27,0,0,Matches,,,,,,,,,,,,,,,0,,,,,,Matches,,16,,,,,,,,,,,3,,,,Matches,,,,,,,,,,,,,,,,,,,,,Matches,dominic solanke,3.586364097893238,0.5976490452885628,3.586364097893238,4.704602524638176,1.6908956598490477
2468,Carlos Soler,es ESP,MF,Real Sociedad,es La Liga,28.0,1997.0,33,26,2317.0,25.7,4,3,7,4,0,0,3,1,0.16,0.12,0.27,0.16,0.27,Matches,4,35,19,54.3,1.36,0.74,0.11,0.21,0,0,Matches,,,,,,,,,,,,,,,3,,,,,,Matches,,22,,,,,,,,,,,16,,,,Matches,,,,,,,,,,,,,,,,,,,,,Matches,carlos soler,3.2679054085165262,5.041204136796296,3.2679054085165262,12.060087494552135,8.075280973687768
2470,Oumar Solet,fr FRA,DF,Udinese,it Serie A,25.0,2000.0,35,34,2959.0,32.9,3,1,4,2,1,1,1,0,0.09,0.03,0.12,0.06,0.09,Matches,3,33,6,18.2,1.0,0.18,0.09,0.5,1,1,Matches,,,,,,,,,,,,,,,1,,,,,,Matches,,57,,,,,,,,,,,47,,,,Matches,,,,,,,,,,,,,,,,,,,,,Matches,oumar solet,2.899280917830765,2.299680335447192,2.137982082553208,10.7446121647954,9.351927611976862
2473,Manor Solomon,il ISR,"FW,MF",Fiorentina,it Serie A,26.0,1999.0,16,9,890.0,9.9,2,1,3,2,0,0,1,0,0.2,0.1,0.3,0.2,0.3,Matches,2,11,4,36.4,1.11,0.4,0.18,0.5,0,0,Matches,,,,,,,,,,,,,,,1,,,,,,Matches,,11,,,,,,,,,,,0,,,,Matches,,,,,,,,,,,,,,,,,,,,,Matches,manor solomon,0.608427070081234,0.471932552754879,0.608427070081234,2.177966743707657,1.168964058160782
2476,Yann Sommer,ch SUI,GK,Inter,it Serie A,36.0,1988.0,33,33,2960.0,32.9,0,0,0,0,0,0,0,0,0.0,0.0,0.0,0.0,0.0,Matches,0,0,0,,0.0,0.0,,,0,0,Matches,,,,,,,,,,,,,,,0,,,,,,Matches,,0,,,,,,,,,,,0,,,,Matches,,,,,,,,,,,,,,,,,,,,,Matches,yann sommer,0.0,0.0,0.0,7.838671699166298,7.838671699166298
2478,David Soria,es ESP,GK,Getafe,es La Liga,32.0,1993.0,38,38,3420.0,38.0,0,0,0,0,0,0,2,0,0.0,0.0,0.0,0.0,0.0,Matches,0,0,0,,0.0,0.0,,,0,0,Matches,,,,,,,,,,,,,,,0,,,,,,Matches,,0,,,,,,,,,,,0,,,,Matches,,,,,,,,,,,,,,,,,,,,,Matches,david soria,0.0,0.0465003028512001,0.0,1.7877731248736382,1.7877731248736382
2480,Hugo Sotelo,es ESP,MF,Celta Vigo,es La Liga,21.0,2003.0,20,16,1338.0,14.9,0,2,2,0,0,0,3,0,0.0,0.13,0.13,0.0,0.13,Matches,0,2,1,50.0,0.13,0.07,0.0,0.0,0,0,Matches,,,,,,,,,,,,,,,2,,,,,,Matches,,16,,,,,,,,,,,13,,,,Matches,,,,,,,,,,,,,,,,,,,,,Matches,hugo sotelo,0.0896841175854206,2.2126377504318957,0.0896841175854206,7.093898443505168,6.4456347450613976
2481,Florian Sotoca,fr FRA,"MF,FW",Lens,fr Ligue 1,34.0,1990.0,26,4,507.0,5.6,1,0,1,1,0,0,1,0,0.18,0.0,0.18,0.18,0.18,Matches,1,13,1,7.7,2.31,0.18,0.08,1.0,0,0,Matches,,,,,,,,,,,,,,,0,,,,,,Matches,,4,,,,,,,,,,,7,,,,Matches,,,,,,,,,,,,,,,,,,,,,Matches,florian sotoca,0.7197620361112058,0.9359718095511198,0.7197620361112058,4.370859146118164,3.1931214928627014
2482,Riccardo Sottil,it ITA,"FW,MF",Lecce,it Serie A,26.0,1999.0,21,13,1066.0,11.8,1,2,3,1,0,0,1,0,0.08,0.17,0.25,0.08,0.25,Matches,1,20,3,15.0,1.69,0.25,0.05,0.33,0,0,Matches,,,,,,,,,,,,,,,2,,,,,,Matches,,2,,,,,,,,,,,2,,,,Matches,,,,,,,,,,,,,,,,,,,,,Matches,riccardo sottil,0.7569481134414673,3.896916251629591,0.7569481134414673,2.106737073510885,0.7894598450511694
2483,Tomáš Souček,cz CZE,MF,West Ham,eng Premier League,30.0,1995.0,35,24,2200.0,24.4,5,0,5,5,0,0,3,1,0.2,0.0,0.2,0.2,0.2,Matches,5,26,14,53.8,1.06,0.57,0.19,0.36,0,0,Matches,,,,,,,,,,,,,,,0,,,,,,Matches,,23,,,,,,,,,,,16,,,,Matches,,,,,,,,,,,,,,,,,,,,,Matches,tomas soucek,5.214208725839853,0.8217995762825012,5.214208725839853,7.2598637118935585,4.53873631823808
2484,Matìas Soulé,ar ARG,"MF,FW",Roma,it Serie A,22.0,2003.0,33,28,2139.0,23.8,6,5,11,6,0,0,1,0,0.25,0.21,0.46,0.25,0.46,Matches,6,52,18,34.6,2.19,0.76,0.12,0.33,0,0,Matches,,,,,,,,,,,,,,,5,,,,,,Matches,,15,,,,,,,,,,,9,,,,Matches,,,,,,,,,,,,,,,,,,,,,Matches,matias soule,4.678685570135713,4.457678508944809,4.678685570135713,15.858708873391151,9.501005835831164
2486,Sambou Soumano,sn SEN,FW,Lorient,fr Ligue 1,24.0,2001.0,31,8,941.0,10.5,4,2,6,4,0,1,2,0,0.38,0.19,0.57,0.38,0.57,Matches,4,28,10,35.7,2.68,0.96,0.14,0.4,0,1,Matches,,,,,,,,,,,,,,,2,,,,,,Matches,,4,,,,,,,,,,,4,,,,Matches,,,,,,,,,,,,,,,,,,,,,Matches,sambou soumano,6.807313602417707,1.8067509941756723,6.047218482941389,5.822775289416313,0.3803564552217722
2487,Issa Soumaré,sn SEN,"FW,MF",Le Havre,fr Ligue 1,24.0,2000.0,34,33,2948.0,32.8,8,5,13,7,1,3,3,0,0.24,0.15,0.4,0.21,0.37,Matches,8,77,28,36.4,2.35,0.85,0.1,0.29,1,3,Matches,,,,,,,,,,,,,,,5,,,,,,Matches,,20,,,,,,,,,,,12,,,,Matches,,,,,,,,,,,,,,,,,,,,,Matches,issa soumare,14.245313878171146,4.380414232611656,11.965028430335224,16.239788457751274,3.462058510631323
2489,Vinicius Souza,br BRA,MF,Wolfsburg,de Bundesliga,26.0,1999.0,24,22,1764.0,19.6,0,0,0,0,0,0,5,0,0.0,0.0,0.0,0.0,0.0,Matches,0,9,2,22.2,0.46,0.1,0.0,0.0,0,0,Matches,,,,,,,,,,,,,,,0,,,,,,Matches,,32,,,,,,,,,,,25,,,,Matches,,,,,,,,,,,,,,,,,,,,,Matches,vinicius souza,0.7309565888717771,0.7795633533969522,0.7309565888717771,5.024353690445423,4.415433967486024
2490,Djibril Sow,ch SUI,MF,Sevilla,es La Liga,28.0,1997.0,33,27,2187.0,24.3,5,4,9,5,0,0,6,0,0.21,0.16,0.37,0.21,0.37,Matches,5,19,8,42.1,0.78,0.33,0.26,0.63,0,0,Matches,,,,,,,,,,,,,,,4,,,,,,Matches,,27,,,,,,,,,,,23,,,,Matches,,,,,,,,,,,,,,,,,,,,,Matches,djibril sow,1.5513262078166008,2.01867562904954,1.5513262078166008,6.6189771089702845,4.309138225391507
2491,Djed Spence,eng ENG,"DF,MF",Tottenham,eng Premier League,24.0,2000.0,30,23,2056.0,22.8,0,0,0,0,0,0,4,0,0.0,0.0,0.0,0.0,0.0,Matches,0,13,8,61.5,0.57,0.35,0.0,0.0,0,0,Matches,,,,,,,,,,,,,,,0,,,,,,Matches,,25,,,,,,,,,,,15,,,,Matches,,,,,,,,,,,,,,,,,,,,,Matches,djed spence,1.1351130530238152,1.8603137182071805,1.1351130530238152,5.716236036270857,3.084719266742468
2492,Leonardo Spinazzola,it ITA,"MF,DF",Napoli,it Serie A,32.0,1993.0,32,22,1901.0,21.1,3,3,6,3,0,0,2,0,0.14,0.14,0.28,0.14,0.28,Matches,3,21,7,33.3,0.99,0.33,0.14,0.43,0,0,Matches,,,,,,,,,,,,,,,3,,,,,,Matches,,10,,,,,,,,,,,4,,,,Matches,,,,,,,,,,,,,,,,,,,,,Matches,leonardo spinazzola,1.2085956651717424,2.606285876594484,1.2085956651717424,10.40181334875524,7.521526067517698
2494,Anton Stach,de GER,MF,Leeds United,eng Premier League,26.0,1998.0,29,28,2370.0,26.3,5,3,8,5,0,0,3,0,0.19,0.11,0.3,0.19,0.3,Matches,5,55,14,25.5,2.09,0.53,0.09,0.36,0,0,Matches,,,,,,,,,,,,,,,3,,,,,,Matches,,35,,,,,,,,,,,19,,,,Matches,,,,,,,,,,,,,,,,,,,,,Matches,anton stach,2.9207701720297337,5.958144916221499,2.9207701720297337,10.147935139015315,6.20686737075448
2495,Jens Stage,dk DEN,MF,Werder Bremen,de Bundesliga,28.0,1996.0,29,29,2460.0,27.3,10,2,12,10,0,0,5,0,0.37,0.07,0.44,0.37,0.44,Matches,10,56,21,37.5,2.05,0.77,0.18,0.48,0,0,Matches,,,,,,,,,,,,,,,2,,,,,,Matches,,32,,,,,,,,,,,18,,,,Matches,,,,,,,,,,,,,,,,,,,,,Matches,jens stage,6.0983161851763725,3.476818254217505,6.0983161851763725,12.630906242877243,5.692467089742422
2496,Benjamin Stambouli,fr FRA,MF,Metz,fr Ligue 1,34.0,1990.0,19,10,960.0,10.7,0,0,0,0,0,0,0,0,0.0,0.0,0.0,0.0,0.0,Matches,0,6,1,16.7,0.56,0.09,0.0,0.0,0,0,Matches,,,,,,,,,,,,,,,0,,,,,,Matches,,16,,,,,,,,,,,9,,,,Matches,,,,,,,,,,,,,,,,,,,,,Matches,benjamin stambouli,0.3095360938459635,0.9149716086685658,0.3095360938459635,2.0300648361444478,1.5586694106459618
2499,Josip Stanišić,hr CRO,DF,Bayern Munich,de Bundesliga,25.0,2000.0,26,19,1857.0,20.6,2,3,5,2,0,0,1,0,0.1,0.15,0.24,0.1,0.24,Matches,2,7,4,57.1,0.34,0.19,0.29,0.5,0,0,Matches,,,,,,,,,,,,,,,3,,,,,,Matches,,21,,,,,,,,,,,18,,,,Matches,,,,,,,,,,,,,,,,,,,,,Matches,josip stanisic,1.4695102348923683,3.6430143248289824,1.4695102348923683,17.444418190047145,15.49496734701097
2500,Carl Starfelt,se SWE,DF,Celta Vigo,es La Liga,30.0,1995.0,19,17,1491.0,16.6,0,0,0,0,0,0,3,1,0.0,0.0,0.0,0.0,0.0,Matches,0,4,1,25.0,0.24,0.06,0.0,0.0,0,0,Matches,,,,,,,,,,,,,,,0,,,,,,Matches,,16,,,,,,,,,,,16,,,,Matches,,,,,,,,,,,,,,,,,,,,,Matches,carl starfelt,0.3869095593690872,0.0776824131608009,0.3869095593690872,6.181167300790548,6.128349464386702
2501,Niklas Stark,de GER,DF,Werder Bremen,de Bundesliga,30.0,1995.0,14,9,697.0,7.7,0,0,0,0,0,0,8,2,0.0,0.0,0.0,0.0,0.0,Matches,0,3,1,33.3,0.39,0.13,0.0,0.0,0,0,Matches,,,,,,,,,,,,,,,0,,,,,,Matches,,12,,,,,,,,,,,13,,,,Matches,,,,,,,,,,,,,,,,,,,,,Matches,niklas stark,0.5795709788799286,0.0,0.5795709788799286,0.4512885939329862,0.4041371922940016
2502,Orri Steinn Óskarsson,is ISL,FW,Real Sociedad,es La Liga,20.0,2004.0,20,8,835.0,9.3,9,0,9,9,0,0,5,0,0.97,0.0,0.97,0.97,0.97,Matches,9,27,19,70.4,2.91,2.05,0.33,0.47,0,0,Matches,,,,,,,,,,,,,,,0,,,,,,Matches,,5,,,,,,,,,,,1,,,,Matches,,,,,,,,,,,,,,,,,,,,,Matches,orri steinn oskarsson,7.336163688451052,0.4746837932616472,7.336163688451052,7.516883730888367,0.4190300051122904
2508,Angelo Stiller,de GER,MF,Stuttgart,de Bundesliga,24.0,2001.0,34,30,2743.0,30.5,2,5,7,2,0,1,1,0,0.07,0.16,0.23,0.07,0.23,Matches,2,17,8,47.1,0.56,0.26,0.12,0.25,0,1,Matches,,,,,,,,,,,,,,,5,,,,,,Matches,,23,,,,,,,,,,,28,,,,Matches,,,,,,,,,,,,,,,,,,,,,Matches,angelo stiller,3.622028611600399,6.064722905866802,2.864251904189586,19.65218799188733,14.8945678062737
2509,Kevin Stöger,at AUT,MF,Gladbach,de Bundesliga,31.0,1993.0,29,15,1324.0,14.7,1,1,2,1,0,1,3,0,0.07,0.07,0.14,0.07,0.14,Matches,1,23,7,30.4,1.56,0.48,0.04,0.14,0,1,Matches,,,,,,,,,,,,,,,1,,,,,,Matches,,20,,,,,,,,,,,13,,,,Matches,,,,,,,,,,,,,,,,,,,,,Matches,kevin stoger,2.0543773360550404,2.050934341736138,1.2966006584465504,6.800350913777947,5.208155047148466
2510,Filip Stojilković,ch SUI,"FW,MF",Pisa,it Serie A,25.0,2000.0,13,8,658.0,7.3,0,0,0,0,0,0,0,0,0.0,0.0,0.0,0.0,0.0,Matches,0,10,4,40.0,1.37,0.55,0.0,0.0,0,0,Matches,,,,,,,,,,,,,,,0,,,,,,Matches,,1,,,,,,,,,,,0,,,,Matches,,,,,,,,,,,,,,,,,,,,,Matches,filip stojilkovic,2.330876991152764,0.7152565270662308,2.330876991152764,3.5138361528515816,0.6132990717887878
2512,Jørgen Strand Larsen,no NOR,FW,Crystal Palace,eng Premier League,25.0,2000.0,14,12,903.0,10.0,3,0,3,3,0,0,2,0,0.3,0.0,0.3,0.3,0.3,Matches,3,23,7,30.4,2.29,0.7,0.13,0.43,0,0,Matches,,,,,,,,,,,,,,,0,,,,,,Matches,,0,,,,,,,,,,,1,,,,Matches,,,,,,,,,,,,,,,,,,,,,Matches,j rgen strand larsen,6.514206910505891,0.6865616654977202,4.991869203746319,7.06976137124002,2.5690375342965126
2513,Jørgen Strand Larsen,no NOR,FW,Wolves,eng Premier League,25.0,2000.0,22,14,1404.0,15.6,1,1,2,0,1,2,2,0,0.06,0.06,0.13,0.0,0.06,Matches,1,21,7,33.3,1.35,0.45,0.05,0.14,1,2,Matches,,,,,,,,,,,,,,,1,,,,,,Matches,,2,,,,,,,,,,,3,,,,Matches,,,,,,,,,,,,,,,,,,,,,Matches,j rgen strand larsen,6.514206910505891,0.6865616654977202,4.991869203746319,7.06976137124002,2.5690375342965126
2514,Gabriel Strefezza,br BRA,FW,Parma,it Serie A,28.0,1997.0,14,13,1007.0,11.2,2,2,4,2,0,0,3,0,0.18,0.18,0.36,0.18,0.36,Matches,2,24,7,29.2,2.14,0.63,0.08,0.29,0,0,Matches,,,,,,,,,,,,,,,2,,,,,,Matches,,12,,,,,,,,,,,5,,,,Matches,,,,,,,,,,,,,,,,,,,,,Matches,gabriel strefezza,1.0562517698854208,1.0693775909021497,1.0562517698854208,2.953472524881363,2.114887624979019
2515,Pascal Struijk,nl NED,DF,Leeds United,eng Premier League,25.0,1999.0,34,33,2936.0,32.6,0,1,1,0,0,0,5,0,0.0,0.03,0.03,0.0,0.03,Matches,0,31,5,16.1,0.95,0.15,0.0,0.0,0,0,Matches,,,,,,,,,,,,,,,1,,,,,,Matches,,22,,,,,,,,,,,32,,,,Matches,,,,,,,,,,,,,,,,,,,,,Matches,pascal struijk,2.967387342825532,1.093722109682858,2.967387342825532,7.120333257131279,6.181641686707735
2517,Nikola Štulić,rs SRB,FW,Lecce,it Serie A,23.0,2001.0,34,20,1709.0,19.0,4,0,4,3,1,1,1,0,0.21,0.0,0.21,0.16,0.16,Matches,4,33,9,27.3,1.74,0.47,0.12,0.44,1,1,Matches,,,,,,,,,,,,,,,0,,,,,,Matches,,7,,,,,,,,,,,2,,,,Matches,,,,,,,,,,,,,,,,,,,,,Matches,nikola stulic,5.471318391617388,2.100543244741857,4.71001955633983,6.266159004531801,1.3460894767194986
2518,Denis Suárez,es ESP,MF,Alavés,es La Liga,31.0,1994.0,30,15,1406.0,15.6,1,2,3,1,0,0,6,0,0.06,0.13,0.19,0.06,0.19,Matches,1,9,4,44.4,0.58,0.26,0.11,0.25,0,0,Matches,,,,,,,,,,,,,,,2,,,,,,Matches,,12,,,,,,,,,,,7,,,,Matches,,,,,,,,,,,,,,,,,,,,,Matches,denis suarez,1.503220658749342,1.729144150391221,1.503220658749342,7.904554916545749,5.969972092658281
2519,Gabriel Suazo,cl CHI,"DF,MF",Sevilla,es La Liga,27.0,1997.0,29,25,2096.0,23.3,0,2,2,0,0,0,7,0,0.0,0.09,0.09,0.0,0.09,Matches,0,5,2,40.0,0.21,0.09,0.0,0.0,0,0,Matches,,,,,,,,,,,,,,,2,,,,,,Matches,,62,,,,,,,,,,,29,,,,Matches,,,,,,,,,,,,,,,,,,,,,Matches,gabriel suazo,0.3101932983845472,2.7886302415281534,0.3101932983845472,6.195922497659922,4.48605795763433
2520,Luka Sučić,hr CRO,"MF,FW",Real Sociedad,es La Liga,22.0,2002.0,22,10,1022.0,11.4,3,1,4,3,0,0,1,0,0.26,0.09,0.35,0.26,0.35,Matches,3,23,7,30.4,2.03,0.62,0.13,0.43,0,0,Matches,,,,,,,,,,,,,,,1,,,,,,Matches,,8,,,,,,,,,,,5,,,,Matches,,,,,,,,,,,,,,,,,,,,,Matches,luka sucic,1.760162802413106,0.3618826083838939,1.760162802413106,3.46739802043885,1.5475199660286307
2521,Petar Sučić,hr CRO,MF,Inter,it Serie A,21.0,2003.0,34,21,1765.0,19.6,2,2,4,2,0,0,5,0,0.1,0.1,0.2,0.1,0.2,Matches,2,22,6,27.3,1.12,0.31,0.09,0.33,0,0,Matches,,,,,,,,,,,,,,,2,,,,,,Matches,,25,,,,,,,,,,,9,,,,Matches,,,,,,,,,,,,,,,,,,,,,Matches,petar sucic,2.181936677545309,4.040994327515364,2.181936677545309,15.208353381603956,10.927678305655718
2522,Yukinari Sugawara,jp JPN,"DF,MF",Werder Bremen,de Bundesliga,25.0,2000.0,31,29,2428.0,27.0,0,6,6,0,0,0,2,1,0.0,0.22,0.22,0.0,0.22,Matches,0,30,11,36.7,1.11,0.41,0.0,0.0,0,0,Matches,,,,,,,,,,,,,,,6,,,,,,Matches,,22,,,,,,,,,,,15,,,,Matches,,,,,,,,,,,,,,,,,,,,,Matches,yukinari sugawara,1.6741932658478618,2.4432157278060918,1.6741932658478618,8.13111265283078,5.448099664412439
2523,Pavel Šulc,cz CZE,"FW,MF",Lyon,fr Ligue 1,24.0,2000.0,27,17,1566.0,17.4,11,3,14,11,0,0,3,0,0.63,0.17,0.8,0.63,0.8,Matches,11,44,18,40.9,2.53,1.03,0.25,0.61,0,0,Matches,,,,,,,,,,,,,,,3,,,,,,Matches,,13,,,,,,,,,,,6,,,,Matches,,,,,,,,,,,,,,,,,,,,,Matches,pavel sulc,8.200931411236525,3.44930923357606,8.200931411236525,14.770196340978146,5.432968702167273
2524,Niklas Süle,de GER,DF,Dortmund,de Bundesliga,29.0,1995.0,11,7,486.0,5.4,0,1,1,0,0,0,3,0,0.0,0.19,0.19,0.0,0.19,Matches,0,2,1,50.0,0.37,0.19,0.0,0.0,0,0,Matches,,,,,,,,,,,,,,,1,,,,,,Matches,,5,,,,,,,,,,,6,,,,Matches,,,,,,,,,,,,,,,,,,,,,Matches,niklas sule,0.0335541702806949,0.2960160970687866,0.0335541702806949,2.3257176280021667,2.232322722673416
2526,Ibrahim Sulemana,gh GHA,MF,Cagliari,it Serie A,22.0,2003.0,16,7,860.0,9.6,1,0,1,1,0,0,2,0,0.1,0.0,0.1,0.1,0.1,Matches,1,11,2,18.2,1.15,0.21,0.09,0.5,0,0,Matches,,,,,,,,,,,,,,,0,,,,,,Matches,,13,,,,,,,,,,,6,,,,Matches,,,,,,,,,,,,,,,,,,,,,Matches,ibrahim sulemana,,,,,
2527,Kamaldeen Sulemana,gh GHA,MF,Atalanta,it Serie A,23.0,2002.0,25,9,1011.0,11.2,2,1,3,2,0,0,4,0,0.18,0.09,0.27,0.18,0.27,Matches,2,25,10,40.0,2.23,0.89,0.08,0.2,0,0,Matches,,,,,,,,,,,,,,,1,,,,,,Matches,,5,,,,,,,,,,,2,,,,Matches,,,,,,,,,,,,,,,,,,,,,Matches,kamaldeen sulemana,2.4879335798323154,2.279735462740064,2.4879335798323154,7.907776966691017,3.8877192325890064
2528,Crysencio Summerville,nl NED,"MF,FW",West Ham,eng Premier League,23.0,2001.0,31,29,2470.0,27.4,5,2,7,5,0,0,6,0,0.18,0.07,0.26,0.18,0.26,Matches,5,54,15,27.8,1.97,0.55,0.09,0.33,0,0,Matches,,,,,,,,,,,,,,,2,,,,,,Matches,,26,,,,,,,,,,,15,,,,Matches,,,,,,,,,,,,,,,,,,,,,Matches,crysencio summerville,5.6990333795547485,3.23570919316262,5.6990333795547485,11.091377541422844,3.962690422311425
2530,Yuito Suzuki,jp JPN,MF,Freiburg,de Bundesliga,23.0,2001.0,25,18,1632.0,18.1,4,2,6,4,0,0,3,0,0.22,0.11,0.33,0.22,0.33,Matches,4,38,14,36.8,2.1,0.77,0.11,0.29,0,0,Matches,,,,,,,,,,,,,,,2,,,,,,Matches,,12,,,,,,,,,,,10,,,,Matches,,,,,,,,,,,,,,,,,,,,,Matches,yuito suzuki,4.17771103978157,2.0996621567755938,4.17771103978157,8.436173535883427,3.1268309205770493
2531,Zion Suzuki,jp JPN,GK,Parma,it Serie A,22.0,2002.0,20,20,1800.0,20.0,0,0,0,0,0,0,1,0,0.0,0.0,0.0,0.0,0.0,Matches,0,0,0,,0.0,0.0,,,0,0,Matches,,,,,,,,,,,,,,,0,,,,,,Matches,,0,,,,,,,,,,,0,,,,Matches,,,,,,,,,,,,,,,,,,,,,Matches,zion suzuki,0.0,0.0257010422646999,0.0,0.6844347473233938,0.6587337050586939
2532,Mattias Svanberg,se SWE,MF,Wolfsburg,de Bundesliga,26.0,1999.0,24,8,861.0,9.6,3,1,4,3,0,0,6,1,0.31,0.1,0.42,0.31,0.42,Matches,3,21,8,38.1,2.2,0.84,0.14,0.38,0,0,Matches,,,,,,,,,,,,,,,1,,,,,,Matches,,7,,,,,,,,,,,10,,,,Matches,,,,,,,,,,,,,,,,,,,,,Matches,mattias svanberg,3.0017038471996784,0.8542640991508961,3.0017038471996784,4.753424547612667,2.098399179056287
2533,Daniel Svensson,se SWE,MF,Dortmund,de Bundesliga,23.0,2002.0,33,27,2454.0,27.3,2,2,4,2,0,0,0,0,0.07,0.07,0.15,0.07,0.15,Matches,2,12,4,33.3,0.44,0.15,0.17,0.5,0,0,Matches,,,,,,,,,,,,,,,2,,,,,,Matches,,26,,,,,,,,,,,20,,,,Matches,,,,,,,,,,,,,,,,,,,,,Matches,daniel svensson,2.9300006814301014,4.297698555514216,2.9300006814301014,10.653507748618722,6.346277633681893
2534,Mile Svilar,rs SRB,GK,Roma,it Serie A,25.0,1999.0,38,38,3420.0,38.0,0,0,0,0,0,0,0,0,0.0,0.0,0.0,0.0,0.0,Matches,0,0,0,,0.0,0.0,,,0,0,Matches,,,,,,,,,,,,,,,0,,,,,,Matches,,1,,,,,,,,,,,1,,,,Matches,,,,,,,,,,,,,,,,,,,,,Matches,mile svilar,0.0,0.0,0.0,5.139284377917647,5.139284377917647
2535,Williot Swedberg,se SWE,"FW,MF",Celta Vigo,es La Liga,21.0,2004.0,29,13,1270.0,14.1,5,5,10,5,0,0,2,0,0.35,0.35,0.71,0.35,0.71,Matches,5,23,12,52.2,1.63,0.85,0.22,0.42,0,0,Matches,,,,,,,,,,,,,,,5,,,,,,Matches,,17,,,,,,,,,,,4,,,,Matches,,,,,,,,,,,,,,,,,,,,,Matches,williot swedberg,5.188336543738842,1.9846364725381136,5.188336543738842,8.525909911841154,3.268151741474867
2536,Lamine Sy,mr MTN,DF,Auxerre,fr Ligue 1,22.0,2002.0,24,17,1536.0,17.1,0,0,0,0,0,0,1,0,0.0,0.0,0.0,0.0,0.0,Matches,0,13,2,15.4,0.76,0.12,0.0,0.0,0,0,Matches,,,,,,,,,,,,,,,0,,,,,,Matches,,29,,,,,,,,,,,26,,,,Matches,,,,,,,,,,,,,,,,,,,,,Matches,lamine sy,1.06524639390409,1.4679450262337923,1.06524639390409,4.671046022325754,2.8898561857640743
2540,Wojciech Szczęsny,pl POL,GK,Barcelona,es La Liga,35.0,1990.0,8,8,720.0,8.0,0,0,0,0,0,0,0,0,0.0,0.0,0.0,0.0,0.0,Matches,0,0,0,,0.0,0.0,,,0,0,Matches,,,,,,,,,,,,,,,0,,,,,,Matches,,0,,,,,,,,,,,0,,,,Matches,,,,,,,,,,,,,,,,,,,,,Matches,wojciech szczesny,0.0,0.0,0.0,2.344018451869488,2.344018451869488
2541,Dominik Szoboszlai,hu HUN,"MF,DF",Liverpool,eng Premier League,24.0,2000.0,36,36,3231.0,35.9,6,7,13,6,0,1,8,1,0.17,0.19,0.36,0.17,0.36,Matches,6,71,23,32.4,1.98,0.64,0.08,0.26,0,1,Matches,,,,,,,,,,,,,,,7,,,,,,Matches,,32,,,,,,,,,,,29,,,,Matches,,,,,,,,,,,,,,,,,,,,,Matches,dominik szoboszlai,4.724170769564807,8.835168853402138,3.963001917116344,21.543240651488304,15.061629813164473
2542,Sebastian Szymański,pl POL,MF,Rennes,fr Ligue 1,26.0,1999.0,16,10,776.0,8.6,1,3,4,1,0,0,2,0,0.12,0.35,0.46,0.12,0.46,Matches,1,12,5,41.7,1.39,0.58,0.08,0.2,0,0,Matches,,,,,,,,,,,,,,,3,,,,,,Matches,,10,,,,,,,,,,,3,,,,Matches,,,,,,,,,,,,,,,,,,,,,Matches,sebastian szymanski,0.5328370127826929,2.565967228263617,0.5328370127826929,4.675009226426482,3.267172910273075
2543,Alexander Sørloth,no NOR,FW,Atlético Madrid,es La Liga,29.0,1995.0,35,20,1980.0,22.0,13,0,13,13,0,0,4,1,0.59,0.0,0.59,0.59,0.59,Matches,13,68,35,51.5,3.09,1.59,0.19,0.37,0,0,Matches,,,,,,,,,,,,,,,0,,,,,,Matches,,7,,,,,,,,,,,0,,,,Matches,,,,,,,,,,,,,,,,,,,,,Matches,alexander s rloth,13.927608631551266,1.2237359210848808,13.927608631551266,15.904344144277276,2.849465993233025
2545,Musa Al-Taamari,jo JOR,"MF,FW",Rennes,fr Ligue 1,28.0,1997.0,33,25,2212.0,24.6,6,6,12,6,0,0,4,0,0.24,0.24,0.49,0.24,0.49,Matches,6,64,23,35.9,2.6,0.94,0.09,0.26,0,0,Matches,,,,,,,,,,,,,,,6,,,,,,Matches,,16,,,,,,,,,,,11,,,,Matches,,,,,,,,,,,,,,,,,,,,,Matches,musa al taamari,,,,,
2546,Haris Tabaković,ba BIH,FW,Gladbach,de Bundesliga,31.0,1994.0,32,28,2382.0,26.5,13,3,16,13,0,2,5,0,0.49,0.11,0.6,0.49,0.6,Matches,13,67,27,40.3,2.53,1.02,0.19,0.48,0,2,Matches,,,,,,,,,,,,,,,3,,,,,,Matches,,6,,,,,,,,,,,0,,,,Matches,,,,,,,,,,,,,,,,,,,,,Matches,haris tabakovic,14.339333239942787,1.8832440096884968,12.823779825121164,12.75254580192268,2.841423818841577
2547,Nicolás Tagliafico,ar ARG,DF,Lyon,fr Ligue 1,32.0,1992.0,20,14,1310.0,14.6,0,3,3,0,0,0,5,2,0.0,0.21,0.21,0.0,0.21,Matches,0,15,1,6.7,1.03,0.07,0.0,0.0,0,0,Matches,,,,,,,,,,,,,,,3,,,,,,Matches,,14,,,,,,,,,,,17,,,,Matches,,,,,,,,,,,,,,,,,,,,,Matches,nicolas tagliafico,1.8607485853135584,2.174845789559185,1.8607485853135584,6.438942648470402,4.168301462195814
2548,Jonathan Tah,de GER,DF,Bayern Munich,de Bundesliga,29.0,1996.0,28,23,2018.0,22.4,2,1,3,2,0,0,7,0,0.09,0.04,0.13,0.09,0.13,Matches,2,8,5,62.5,0.36,0.22,0.25,0.4,0,0,Matches,,,,,,,,,,,,,,,1,,,,,,Matches,,18,,,,,,,,,,,25,,,,Matches,,,,,,,,,,,,,,,,,,,,,Matches,jonathan tah,0.6638064542785287,0.5882400423288345,0.6638064542785287,11.72725062072277,11.33160012960434
2550,Chemsdine Talbi,ma MAR,"MF,FW",Sunderland,eng Premier League,20.0,2005.0,28,16,1561.0,17.3,4,1,5,4,0,0,0,0,0.23,0.06,0.29,0.23,0.29,Matches,4,25,10,40.0,1.44,0.58,0.16,0.4,0,0,Matches,,,,,,,,,,,,,,,1,,,,,,Matches,,6,,,,,,,,,,,3,,,,Matches,,,,,,,,,,,,,,,,,,,,,Matches,chemsdine talbi,2.32377387303859,0.6003798525780439,2.32377387303859,3.2277513165026903,1.188907701522112
2551,Montassar Talbi,tn TUN,DF,Lorient,fr Ligue 1,27.0,1998.0,29,29,2610.0,29.0,0,1,1,0,0,0,3,0,0.0,0.03,0.03,0.0,0.03,Matches,0,14,2,14.3,0.48,0.07,0.0,0.0,0,0,Matches,,,,,,,,,,,,,,,1,,,,,,Matches,,19,,,,,,,,,,,27,,,,Matches,,,,,,,,,,,,,,,,,,,,,Matches,montassar talbi,0.8630059463903308,0.8650193754583597,0.8630059463903308,6.319058058783412,6.078627992421389
2552,Adrien Tameze,cm CMR,DF,Torino,it Serie A,31.0,1994.0,24,12,1120.0,12.4,0,0,0,0,0,0,3,0,0.0,0.0,0.0,0.0,0.0,Matches,0,5,0,0.0,0.4,0.0,0.0,,0,0,Matches,,,,,,,,,,,,,,,0,,,,,,Matches,,12,,,,,,,,,,,19,,,,Matches,,,,,,,,,,,,,,,,,,,,,Matches,adrien tameze,0.2225745106115937,0.2651061238721013,0.2225745106115937,3.868183462880552,3.530101119540632
2553,Ao Tanaka,jp JPN,MF,Leeds United,eng Premier League,26.0,1998.0,28,14,1315.0,14.6,2,0,2,2,0,0,1,0,0.14,0.0,0.14,0.14,0.14,Matches,2,17,5,29.4,1.16,0.34,0.12,0.4,0,0,Matches,,,,,,,,,,,,,,,0,,,,,,Matches,,15,,,,,,,,,,,21,,,,Matches,,,,,,,,,,,,,,,,,,,,,Matches,ao tanaka,2.1981850005686283,1.3577267043292522,2.1981850005686283,6.806126736104488,4.313436454162002
2556,Edmond Tapsoba,bf BFA,DF,Leverkusen,de Bundesliga,26.0,1999.0,29,29,2575.0,28.6,5,3,8,5,0,0,7,0,0.17,0.1,0.28,0.17,0.28,Matches,5,29,10,34.5,1.01,0.35,0.17,0.5,0,0,Matches,,,,,,,,,,,,,,,3,,,,,,Matches,,15,,,,,,,,,,,21,,,,Matches,,,,,,,,,,,,,,,,,,,,,Matches,edmond tapsoba,4.23943140450865,1.7085091285407543,4.23943140450865,16.401180177927017,14.981057460419834
2557,James Tarkowski,eng ENG,DF,Everton,eng Premier League,32.0,1992.0,37,37,3330.0,37.0,2,3,5,2,0,0,8,0,0.05,0.08,0.14,0.05,0.14,Matches,2,20,10,50.0,0.54,0.27,0.1,0.2,0,0,Matches,,,,,,,,,,,,,,,3,,,,,,Matches,,30,,,,,,,,,,,29,,,,Matches,,,,,,,,,,,,,,,,,,,,,Matches,james tarkowski,2.8690776508301497,2.0567114762961864,2.8690776508301497,6.824133190326393,5.569046746008098
2559,César Tárrega,es ESP,DF,Valencia,es La Liga,23.0,2002.0,32,29,2598.0,28.9,0,0,0,0,0,0,7,0,0.0,0.0,0.0,0.0,0.0,Matches,0,11,1,9.1,0.38,0.03,0.0,0.0,0,0,Matches,,,,,,,,,,,,,,,0,,,,,,Matches,,24,,,,,,,,,,,24,,,,Matches,,,,,,,,,,,,,,,,,,,,,Matches,cesar tarrega,0.6626794598996639,0.09015997312963,0.6626794598996639,6.760804255492985,6.695694123394787
2560,Tylel Tati,fr FRA,DF,Nantes,fr Ligue 1,17.0,2008.0,20,20,1721.0,19.1,0,0,0,0,0,0,5,1,0.0,0.0,0.0,0.0,0.0,Matches,0,3,0,0.0,0.16,0.0,0.0,,0,0,Matches,,,,,,,,,,,,,,,0,,,,,,Matches,,13,,,,,,,,,,,14,,,,Matches,,,,,,,,,,,,,,,,,,,,,Matches,tylel tati,0.4968229848891496,0.0154627989977598,0.4968229848891496,3.6279613599181175,3.540383316576481
2561,Nuno Tavares,pt POR,DF,Lazio,it Serie A,25.0,2000.0,23,17,1473.0,16.4,0,0,0,0,0,0,5,0,0.0,0.0,0.0,0.0,0.0,Matches,0,16,1,6.3,0.98,0.06,0.0,0.0,0,0,Matches,,,,,,,,,,,,,,,0,,,,,,Matches,,21,,,,,,,,,,,18,,,,Matches,,,,,,,,,,,,,,,,,,,,,Matches,nuno tavares,1.1277530696243048,1.182953616604209,1.1277530696243048,5.688988317735493,4.411527437157929
2562,Marcus Tavernier,eng ENG,MF,Bournemouth,eng Premier League,26.0,1999.0,34,31,2731.0,30.3,7,4,11,5,2,2,6,0,0.23,0.13,0.36,0.16,0.3,Matches,7,70,24,34.3,2.31,0.79,0.1,0.29,2,2,Matches,,,,,,,,,,,,,,,4,,,,,,Matches,,21,,,,,,,,,,,16,,,,Matches,,,,,,,,,,,,,,,,,,,,,Matches,marcus tavernier,9.397737859748304,6.158757623285055,7.875400157645345,17.828483875840902,8.152811899781227
2563,Kenneth Taylor,nl NED,MF,Lazio,it Serie A,23.0,2002.0,17,17,1394.0,15.5,3,2,5,3,0,0,5,0,0.19,0.13,0.32,0.19,0.32,Matches,3,16,6,37.5,1.03,0.39,0.19,0.5,0,0,Matches,,,,,,,,,,,,,,,2,,,,,,Matches,,11,,,,,,,,,,,9,,,,Matches,,,,,,,,,,,,,,,,,,,,,Matches,kenneth taylor,2.08942835777998,1.083626831881702,2.08942835777998,4.546850040555,2.642322637140751
2564,Loum Tchaouna,fr FRA,"MF,FW",Burnley,eng Premier League,21.0,2003.0,29,14,1272.0,14.1,2,1,3,2,0,0,2,0,0.14,0.07,0.21,0.14,0.21,Matches,2,23,9,39.1,1.63,0.64,0.09,0.22,0,0,Matches,,,,,,,,,,,,,,,1,,,,,,Matches,,9,,,,,,,,,,,2,,,,Matches,,,,,,,,,,,,,,,,,,,,,Matches,loum tchaouna,1.2590220803394914,1.1996374279260635,1.2590220803394914,4.213689148426056,1.974099012091756
2565,Jackson Tchatchoua,cm CMR,"MF,DF",Wolves,eng Premier League,23.0,2001.0,31,19,1845.0,20.5,0,1,1,0,0,0,3,0,0.0,0.05,0.05,0.0,0.05,Matches,0,3,1,33.3,0.15,0.05,0.0,0.0,0,0,Matches,,,,,,,,,,,,,,,1,,,,,,Matches,,15,,,,,,,,,,,14,,,,Matches,,,,,,,,,,,,,,,,,,,,,Matches,jackson tchatchoua,0.1055051013827323,2.24295702483505,0.1055051013827323,6.032643620856106,4.169983727857471
2566,Aurélien Tchouaméni,fr FRA,MF,Real Madrid,es La Liga,25.0,2000.0,33,31,2615.0,29.1,1,0,1,1,0,0,8,0,0.03,0.0,0.03,0.03,0.03,Matches,1,45,7,15.6,1.55,0.24,0.02,0.14,0,0,Matches,,,,,,,,,,,,,,,0,,,,,,Matches,,41,,,,,,,,,,,45,,,,Matches,,,,,,,,,,,,,,,,,,,,,Matches,aurelien tchouameni,3.0622244104743004,2.313327204436064,3.0622244104743004,13.883047316223385,11.357132777571678
2567,Mathys Tel,fr FRA,"MF,FW",Tottenham,eng Premier League,20.0,2005.0,31,13,1349.0,15.0,4,1,5,4,0,0,1,0,0.27,0.07,0.33,0.27,0.33,Matches,4,35,8,22.9,2.34,0.53,0.11,0.5,0,0,Matches,,,,,,,,,,,,,,,1,,,,,,Matches,,12,,,,,,,,,,,5,,,,Matches,,,,,,,,,,,,,,,,,,,,,Matches,mathys tel,2.8263100758194923,3.4139982480555773,2.8263100758194923,6.1857428681105375,2.608160737901926
2568,Nathan Tella,ng NGA,MF,Leverkusen,de Bundesliga,26.0,1999.0,17,10,868.0,9.6,1,4,5,1,0,0,2,0,0.1,0.41,0.52,0.1,0.52,Matches,1,24,8,33.3,2.49,0.83,0.04,0.13,0,0,Matches,,,,,,,,,,,,,,,4,,,,,,Matches,,6,,,,,,,,,,,4,,,,Matches,,,,,,,,,,,,,,,,,,,,,Matches,nathan tella,2.7824456579983234,3.822403874248266,2.7824456579983234,8.58071481436491,3.400095050223172
2569,Nahuel Tenaglia,ar ARG,DF,Alavés,es La Liga,29.0,1996.0,36,36,3239.0,36.0,2,0,2,2,0,0,3,0,0.06,0.0,0.06,0.06,0.06,Matches,2,24,8,33.3,0.67,0.22,0.08,0.25,0,0,Matches,,,,,,,,,,,,,,,0,,,,,,Matches,,43,,,,,,,,,,,47,,,,Matches,,,,,,,,,,,,,,,,,,,,,Matches,nahuel tenaglia,1.7934001060202718,0.4346905034035444,1.7934001060202718,6.442133508622646,6.039068607613444
2570,Arnau Tenas,es ESP,GK,Villarreal,es La Liga,24.0,2001.0,10,10,900.0,10.0,0,0,0,0,0,0,0,0,0.0,0.0,0.0,0.0,0.0,Matches,0,0,0,,0.0,0.0,,,0,0,Matches,,,,,,,,,,,,,,,0,,,,,,Matches,,1,,,,,,,,,,,0,,,,Matches,,,,,,,,,,,,,,,,,,,,,Matches,arnau tenas,0.0,0.0,0.0,0.7170081175863743,0.7170081175863743
2572,Filippo Terracciano,it ITA,DF,Cremonese,it Serie A,22.0,2003.0,36,33,3011.0,33.5,2,0,2,2,0,0,6,0,0.06,0.0,0.06,0.06,0.06,Matches,2,14,4,28.6,0.42,0.12,0.14,0.5,0,0,Matches,,,,,,,,,,,,,,,0,,,,,,Matches,,23,,,,,,,,,,,56,,,,Matches,,,,,,,,,,,,,,,,,,,,,Matches,filippo terracciano,2.3331454526633024,0.640687339939177,2.3331454526633024,4.204251830466092,3.7366996919736266
2574,Ramón Terrats,es ESP,MF,Espanyol,es La Liga,24.0,2000.0,29,12,1030.0,11.4,1,2,3,1,0,0,0,0,0.09,0.17,0.26,0.09,0.26,Matches,1,15,3,20.0,1.31,0.26,0.07,0.33,0,0,Matches,,,,,,,,,,,,,,,2,,,,,,Matches,,13,,,,,,,,,,,11,,,,Matches,,,,,,,,,,,,,,,,,,,,,Matches,ramon terrats,1.189048240892589,2.365290615707636,1.189048240892589,4.1886972123757005,1.2467945348471403
2575,Martin Terrier,fr FRA,"MF,FW",Leverkusen,de Bundesliga,28.0,1997.0,18,7,675.0,7.5,4,1,5,4,0,0,1,0,0.53,0.13,0.67,0.53,0.67,Matches,4,17,6,35.3,2.27,0.8,0.24,0.67,0,0,Matches,,,,,,,,,,,,,,,1,,,,,,Matches,,4,,,,,,,,,,,1,,,,Matches,,,,,,,,,,,,,,,,,,,,,Matches,martin terrier,3.201124083250761,1.0998335517942903,3.201124083250761,6.173402037471533,2.4726594015955925
2576,Tanner Tessmann,us USA,MF,Lyon,fr Ligue 1,23.0,2001.0,29,22,1953.0,21.7,1,0,1,1,0,0,2,0,0.05,0.0,0.05,0.05,0.05,Matches,1,26,8,30.8,1.2,0.37,0.04,0.13,0,0,Matches,,,,,,,,,,,,,,,0,,,,,,Matches,,21,,,,,,,,,,,13,,,,Matches,,,,,,,,,,,,,,,,,,,,,Matches,tanner tessmann,2.568478574976325,1.4022282604128122,2.568478574976325,12.365749502554536,10.186031161807476
2577,Kenny Tete,nl NED,DF,Fulham,eng Premier League,29.0,1995.0,22,21,1791.0,19.9,1,0,1,1,0,0,2,0,0.05,0.0,0.05,0.05,0.05,Matches,1,16,3,18.8,0.8,0.15,0.06,0.33,0,0,Matches,,,,,,,,,,,,,,,0,,,,,,Matches,,38,,,,,,,,,,,26,,,,Matches,,,,,,,,,,,,,,,,,,,,,Matches,kenny tete,0.728774206712842,0.9490535911172628,0.728774206712842,3.944374708458781,3.1575920060276985
2578,Jordan Teze,nl NED,"MF,DF",Monaco,fr Ligue 1,25.0,1999.0,33,28,2489.0,27.7,1,2,3,1,0,0,8,0,0.04,0.07,0.11,0.04,0.11,Matches,1,14,5,35.7,0.51,0.18,0.07,0.2,0,0,Matches,,,,,,,,,,,,,,,2,,,,,,Matches,,45,,,,,,,,,,,30,,,,Matches,,,,,,,,,,,,,,,,,,,,,Matches,jordan teze,0.7771280901506543,4.184554500505328,0.7771280901506543,11.871654331684113,8.597043918445706
2579,Florian Thauvin,fr FRA,MF,Lens,fr Ligue 1,32.0,1993.0,33,29,2443.0,27.1,11,6,17,9,2,3,6,0,0.41,0.22,0.63,0.33,0.55,Matches,11,74,27,36.5,2.73,0.99,0.15,0.41,2,3,Matches,,,,,,,,,,,,,,,6,,,,,,Matches,,17,,,,,,,,,,,11,,,,Matches,,,,,,,,,,,,,,,,,,,,,Matches,florian thauvin,12.10416847653687,9.864261759445071,9.82388306595385,25.550733275711536,11.329093262553217
2580,Arthur Theate,be BEL,DF,Frankfurt,de Bundesliga,25.0,2000.0,24,24,2141.0,23.8,1,0,1,1,0,0,8,0,0.04,0.0,0.04,0.04,0.04,Matches,1,15,7,46.7,0.63,0.29,0.07,0.14,0,0,Matches,,,,,,,,,,,,,,,0,,,,,,Matches,,21,,,,,,,,,,,34,,,,Matches,,,,,,,,,,,,,,,,,,,,,Matches,arthur theate,1.423735129646957,0.5266659539192915,1.423735129646957,9.639633066952229,8.652226217091084
2581,Igor Thiago,br BRA,FW,Brentford,eng Premier League,24.0,2001.0,38,37,3282.0,36.5,22,1,23,14,8,9,7,0,0.6,0.03,0.63,0.38,0.41,Matches,22,84,43,51.2,2.3,1.18,0.26,0.51,8,9,Matches,,,,,,,,,,,,,,,1,,,,,,Matches,,21,,,,,,,,,,,12,,,,Matches,,,,,,,,,,,,,,,,,,,,,Matches,igor thiago,24.68977300822735,3.4500465877354145,17.83925338834524,22.6934577524662,4.9276386722922325
2582,Malick Thiaw,de GER,DF,Newcastle,eng Premier League,23.0,2001.0,35,33,2965.0,32.9,4,0,4,4,0,0,4,0,0.12,0.0,0.12,0.12,0.12,Matches,4,28,14,50.0,0.85,0.42,0.14,0.29,0,0,Matches,,,,,,,,,,,,,,,0,,,,,,Matches,,34,,,,,,,,,,,30,,,,Matches,,,,,,,,,,,,,,,,,,,,,Matches,malick thiaw,5.898031393066049,0.8268706873059273,5.898031393066049,9.148333224467931,8.644866692833602
2583,Jan Thielmann,de GER,"MF,FW",Köln,de Bundesliga,23.0,2002.0,26,20,1540.0,17.1,3,1,4,3,0,0,4,0,0.18,0.06,0.23,0.18,0.23,Matches,3,27,10,37.0,1.58,0.58,0.11,0.3,0,0,Matches,,,,,,,,,,,,,,,1,,,,,,Matches,,12,,,,,,,,,,,13,,,,Matches,,,,,,,,,,,,,,,,,,,,,Matches,jan thielmann,2.051962135359645,0.9982307981699704,2.051962135359645,7.126834977418184,4.80776459723711
2584,Adrien Thomasson,fr FRA,MF,Lens,fr Ligue 1,31.0,1993.0,32,31,2683.0,29.8,3,9,12,3,0,0,11,0,0.1,0.3,0.4,0.1,0.4,Matches,3,43,13,30.2,1.44,0.44,0.07,0.23,0,0,Matches,,,,,,,,,,,,,,,9,,,,,,Matches,,56,,,,,,,,,,,20,,,,Matches,,,,,,,,,,,,,,,,,,,,,Matches,adrien thomasson,6.460448982194066,8.477983359247446,6.460448982194066,23.375807873904705,13.438357058912516
2585,Morten Thorsby,no NOR,MF,Genoa,it Serie A,29.0,1996.0,13,8,731.0,8.1,2,1,3,2,0,0,2,0,0.25,0.12,0.37,0.25,0.37,Matches,2,10,4,40.0,1.23,0.49,0.2,0.5,0,0,Matches,,,,,,,,,,,,,,,1,,,,,,Matches,,1,,,,,,,,,,,3,,,,Matches,,,,,,,,,,,,,,,,,,,,,Matches,morten thorsby,2.7189628621563315,0.7962901080027223,2.7189628621563315,4.168536247685552,1.793543309904635
2586,Morten Thorsby,no NOR,MF,Cremonese,it Serie A,29.0,1996.0,11,8,643.0,7.1,1,0,1,1,0,0,2,0,0.14,0.0,0.14,0.14,0.14,Matches,1,11,4,36.4,1.54,0.56,0.09,0.25,0,0,Matches,,,,,,,,,,,,,,,0,,,,,,Matches,,6,,,,,,,,,,,3,,,,Matches,,,,,,,,,,,,,,,,,,,,,Matches,morten thorsby,2.7189628621563315,0.7962901080027223,2.7189628621563315,4.168536247685552,1.793543309904635
2587,Kristian Thorstvedt,no NOR,MF,Sassuolo,it Serie A,26.0,1999.0,32,27,2460.0,27.3,4,4,8,4,0,0,9,0,0.15,0.15,0.29,0.15,0.29,Matches,4,43,13,30.2,1.57,0.48,0.09,0.31,0,0,Matches,,,,,,,,,,,,,,,4,,,,,,Matches,,20,,,,,,,,,,,31,,,,Matches,,,,,,,,,,,,,,,,,,,,,Matches,kristian thorstvedt,6.644855927675962,2.6294608265161514,6.644855927675962,16.12818531692028,8.9037402626127
2588,Khéphren Thuram,fr FRA,MF,Juventus,it Serie A,24.0,2001.0,35,30,2442.0,27.1,3,3,6,3,0,0,2,0,0.11,0.11,0.22,0.11,0.22,Matches,3,50,15,30.0,1.84,0.55,0.06,0.2,0,0,Matches,,,,,,,,,,,,,,,3,,,,,,Matches,,32,,,,,,,,,,,12,,,,Matches,,,,,,,,,,,,,,,,,,,,,Matches,khephren thuram,4.063328697346151,2.6531347520649438,4.063328697346151,12.774455543607472,8.52674344368279
2589,Marcus Thuram,fr FRA,FW,Inter,it Serie A,27.0,1997.0,29,24,1900.0,21.1,13,6,19,13,0,0,2,0,0.62,0.28,0.9,0.62,0.9,Matches,13,74,29,39.2,3.51,1.37,0.18,0.45,0,0,Matches,,,,,,,,,,,,,,,6,,,,,,Matches,,13,,,,,,,,,,,1,,,,Matches,,,,,,,,,,,,,,,,,,,,,Matches,marcus thuram,11.89548808708787,4.468800758942962,11.89548808708787,16.43578341603279,4.1567751057446
2590,Cheikh Tidiane Sabaly,sn SEN,"MF,FW",Metz,fr Ligue 1,26.0,1999.0,14,12,967.0,10.7,0,2,2,0,0,0,2,0,0.0,0.19,0.19,0.0,0.19,Matches,0,8,4,50.0,0.74,0.37,0.0,0.0,0,0,Matches,,,,,,,,,,,,,,,2,,,,,,Matches,,13,,,,,,,,,,,3,,,,Matches,,,,,,,,,,,,,,,,,,,,,Matches,cheikh tidiane sabaly,1.4295627772808075,1.8838837835937736,1.4295627772808075,3.6454500779509535,0.5496342591941357
2591,Youri Tielemans,be BEL,MF,Aston Villa,eng Premier League,28.0,1997.0,25,21,1862.0,20.7,0,4,4,0,0,0,0,0,0.0,0.19,0.19,0.0,0.19,Matches,0,24,7,29.2,1.16,0.34,0.0,0.0,0,0,Matches,,,,,,,,,,,,,,,4,,,,,,Matches,,39,,,,,,,,,,,16,,,,Matches,,,,,,,,,,,,,,,,,,,,,Matches,youri tielemans,1.8399642640724776,2.9822675781324506,1.8399642640724776,9.826997235417366,7.487443540245295
2593,Phillip Tietz,de GER,FW,Mainz 05,de Bundesliga,28.0,1997.0,19,19,1610.0,17.9,5,2,7,5,0,1,2,0,0.28,0.11,0.39,0.28,0.39,Matches,5,46,21,45.7,2.57,1.17,0.11,0.24,0,1,Matches,,,,,,,,,,,,,,,2,,,,,,Matches,,4,,,,,,,,,,,7,,,,Matches,,,,,,,,,,,,,,,,,,,,,Matches,phillip tietz,11.598579058423638,1.9211469320580363,10.840802321210504,15.156334765255451,4.183608392253518
2594,Malik Tillman,us USA,MF,Leverkusen,de Bundesliga,23.0,2002.0,29,18,1674.0,18.6,6,1,7,6,0,0,2,0,0.32,0.05,0.38,0.32,0.38,Matches,6,34,13,38.2,1.83,0.7,0.18,0.46,0,0,Matches,,,,,,,,,,,,,,,1,,,,,,Matches,,30,,,,,,,,,,,19,,,,Matches,,,,,,,,,,,,,,,,,,,,,Matches,malik tillman,5.122428148984909,3.604807078838349,5.122428148984909,12.581189319491386,5.058479489758611
2595,Jurriën Timber,nl NED,DF,Arsenal,eng Premier League,24.0,2001.0,30,28,2454.0,27.3,3,5,8,3,0,0,5,0,0.11,0.18,0.29,0.11,0.29,Matches,3,25,7,28.0,0.92,0.26,0.12,0.43,0,0,Matches,,,,,,,,,,,,,,,5,,,,,,Matches,,35,,,,,,,,,,,24,,,,Matches,,,,,,,,,,,,,,,,,,,,,Matches,jurrien timber,4.030840836465359,2.5891424333676696,4.030840836465359,11.438589019700885,8.65939543582499
2596,Quinten Timber,nl NED,MF,Marseille,fr Ligue 1,24.0,2001.0,15,14,1105.0,12.3,0,0,0,0,0,0,4,0,0.0,0.0,0.0,0.0,0.0,Matches,0,10,2,20.0,0.81,0.16,0.0,0.0,0,0,Matches,,,,,,,,,,,,,,,0,,,,,,Matches,,17,,,,,,,,,,,9,,,,Matches,,,,,,,,,,,,,,,,,,,,,Matches,quinten timber,1.134893774986267,0.4600138962268829,1.134893774986267,3.7130206748843193,3.1272013261914253
2597,Jean-Clair Todibo,fr FRA,DF,West Ham,eng Premier League,25.0,1999.0,23,22,1814.0,20.2,0,1,1,0,0,0,5,1,0.0,0.05,0.05,0.0,0.05,Matches,0,2,0,0.0,0.1,0.0,0.0,,0,0,Matches,,,,,,,,,,,,,,,1,,,,,,Matches,,24,,,,,,,,,,,16,,,,Matches,,,,,,,,,,,,,,,,,,,,,Matches,jean clair todibo,0.6560113653540611,0.3799619134515524,0.6560113653540611,1.824668494984508,1.5996535401791334
2599,Corentin Tolisso,fr FRA,MF,Lyon,fr Ligue 1,30.0,1994.0,30,26,2302.0,25.6,11,4,15,9,2,3,4,0,0.43,0.16,0.59,0.35,0.51,Matches,11,54,27,50.0,2.11,1.06,0.2,0.41,2,3,Matches,,,,,,,,,,,,,,,4,,,,,,Matches,,18,,,,,,,,,,,17,,,,Matches,,,,,,,,,,,,,,,,,,,,,Matches,corentin tolisso,10.556918144226074,4.521071578375995,8.27663278579712,19.739002807065845,10.05990707874298
2600,Jeremy Toljan,de GER,DF,Levante,es La Liga,30.0,1994.0,37,37,3164.0,35.2,1,4,5,1,0,0,8,0,0.03,0.11,0.14,0.03,0.14,Matches,1,9,1,11.1,0.26,0.03,0.11,1.0,0,0,Matches,,,,,,,,,,,,,,,4,,,,,,Matches,,39,,,,,,,,,,,31,,,,Matches,,,,,,,,,,,,,,,,,,,,,Matches,jeremy toljan,0.848660696297884,4.971433887258172,0.848660696297884,12.49036306887865,9.120427509769796
2601,Tiago Tomás,pt POR,"MF,FW",Stuttgart,de Bundesliga,23.0,2002.0,27,10,1020.0,11.3,5,3,8,5,0,0,4,0,0.44,0.26,0.71,0.44,0.71,Matches,5,35,10,28.6,3.09,0.88,0.14,0.5,0,0,Matches,,,,,,,,,,,,,,,3,,,,,,Matches,,8,,,,,,,,,,,5,,,,Matches,,,,,,,,,,,,,,,,,,,,,Matches,tiago tomas,5.533668488264084,1.2588633932173252,5.533668488264084,8.350152125582099,2.681462910026312
2602,Fikayo Tomori,eng ENG,DF,Milan,it Serie A,27.0,1997.0,33,31,2554.0,28.4,0,2,2,0,0,0,8,1,0.0,0.07,0.07,0.0,0.07,Matches,0,9,2,22.2,0.32,0.07,0.0,0.0,0,0,Matches,,,,,,,,,,,,,,,2,,,,,,Matches,,40,,,,,,,,,,,28,,,,Matches,,,,,,,,,,,,,,,,,,,,,Matches,fikayo tomori,0.594410877674818,1.0016300892457366,0.594410877674818,8.909132670611143,7.46826982870698
2603,Sandro Tonali,it ITA,MF,Newcastle,eng Premier League,25.0,2000.0,35,31,2534.0,28.2,0,2,2,0,0,0,4,0,0.0,0.07,0.07,0.0,0.07,Matches,0,37,8,21.6,1.31,0.28,0.0,0.0,0,0,Matches,,,,,,,,,,,,,,,2,,,,,,Matches,,25,,,,,,,,,,,28,,,,Matches,,,,,,,,,,,,,,,,,,,,,Matches,sandro tonali,1.4170023752376435,3.7605556417256594,1.4170023752376435,10.739618219435217,8.412985239177942
2605,Keke Topp,de GER,FW,Werder Bremen,de Bundesliga,21.0,2004.0,20,7,638.0,7.1,1,1,2,1,0,0,4,0,0.14,0.14,0.28,0.14,0.28,Matches,1,25,3,12.0,3.53,0.42,0.04,0.33,0,0,Matches,,,,,,,,,,,,,,,1,,,,,,Matches,,5,,,,,,,,,,,1,,,,Matches,,,,,,,,,,,,,,,,,,,,,Matches,keke topp,2.021150179207325,0.873332935385406,2.021150179207325,4.603332705795765,2.0922563280910254
2606,Pablo Torre,es ESP,"MF,FW",Mallorca,es La Liga,22.0,2003.0,35,19,1599.0,17.8,4,4,8,4,0,0,4,0,0.23,0.23,0.45,0.23,0.45,Matches,4,25,12,48.0,1.41,0.68,0.16,0.33,0,0,Matches,,,,,,,,,,,,,,,4,,,,,,Matches,,17,,,,,,,,,,,9,,,,Matches,,,,,,,,,,,,,,,,,,,,,Matches,pablo torre,2.8149523828178644,2.9544795835390687,2.8149523828178644,8.271478340029716,4.640594145283103
2608,Ferran Torres,es ESP,FW,Barcelona,es La Liga,25.0,2000.0,33,23,1965.0,21.8,16,2,18,16,0,0,2,0,0.73,0.09,0.82,0.73,0.82,Matches,16,69,37,53.6,3.16,1.69,0.23,0.43,0,0,Matches,,,,,,,,,,,,,,,2,,,,,,Matches,,6,,,,,,,,,,,4,,,,Matches,,,,,,,,,,,,,,,,,,,,,Matches,ferran torres,16.183371974155307,3.157755734398961,16.183371974155307,23.031330455094576,5.379237103275955
2609,Pau Torres,es ESP,DF,Aston Villa,eng Premier League,28.0,1997.0,21,18,1676.0,18.6,0,0,0,0,0,0,1,0,0.0,0.0,0.0,0.0,0.0,Matches,0,9,1,11.1,0.48,0.05,0.0,0.0,0,0,Matches,,,,,,,,,,,,,,,0,,,,,,Matches,,14,,,,,,,,,,,11,,,,Matches,,,,,,,,,,,,,,,,,,,,,Matches,pau torres,1.5826024003326893,0.006894074846059,1.5826024003326893,4.503719758242369,4.429494839161634
2610,Lucas Torró,es ESP,MF,Osasuna,es La Liga,31.0,1994.0,34,31,2293.0,25.5,0,1,1,0,0,0,6,0,0.0,0.04,0.04,0.0,0.04,Matches,0,29,9,31.0,1.14,0.35,0.0,0.0,0,0,Matches,,,,,,,,,,,,,,,1,,,,,,Matches,,19,,,,,,,,,,,30,,,,Matches,,,,,,,,,,,,,,,,,,,,,Matches,lucas torro,2.2390968278050423,1.2621251428499818,2.2390968278050423,5.123437849804759,3.7546714833006254
2611,Jordan Torunarigha,de GER,DF,Hamburger SV,de Bundesliga,27.0,1997.0,24,21,1962.0,21.8,0,0,0,0,0,0,3,0,0.0,0.0,0.0,0.0,0.0,Matches,0,5,1,20.0,0.23,0.05,0.0,0.0,0,0,Matches,,,,,,,,,,,,,,,0,,,,,,Matches,,22,,,,,,,,,,,30,,,,Matches,,,,,,,,,,,,,,,,,,,,,Matches,jordan torunarigha,0.309758860617876,0.1416927427053451,0.309758860617876,2.372671600896865,2.242847737390548
2613,Abdoulaye Touré,gn GUI,MF,Le Havre,fr Ligue 1,31.0,1994.0,11,8,740.0,8.2,2,0,2,2,0,1,2,0,0.24,0.0,0.24,0.24,0.24,Matches,2,13,4,30.8,1.58,0.49,0.15,0.5,0,1,Matches,,,,,,,,,,,,,,,0,,,,,,Matches,,6,,,,,,,,,,,10,,,,Matches,,,,,,,,,,,,,,,,,,,,,Matches,abdoulaye toure,1.529643937945366,0.1853813733905553,0.769548799842596,2.433296410366893,1.6395775396376848
2614,Alpha Touré,sn SEN,MF,Metz,fr Ligue 1,19.0,2006.0,30,16,1606.0,17.8,0,1,1,0,0,0,5,0,0.0,0.06,0.06,0.0,0.06,Matches,0,17,1,5.9,0.95,0.06,0.0,0.0,0,0,Matches,,,,,,,,,,,,,,,1,,,,,,Matches,,23,,,,,,,,,,,10,,,,Matches,,,,,,,,,,,,,,,,,,,,,Matches,alpha toure,1.0313540250062945,0.4349074102938175,1.0313540250062945,3.260238066315651,2.2326008649542928
2615,Bazoumana Touré,ci CIV,"MF,FW",Hoffenheim,de Bundesliga,19.0,2006.0,30,29,2308.0,25.6,5,9,14,5,0,0,2,0,0.19,0.35,0.55,0.19,0.55,Matches,5,48,13,27.1,1.87,0.51,0.1,0.38,0,0,Matches,,,,,,,,,,,,,,,9,,,,,,Matches,,22,,,,,,,,,,,6,,,,Matches,,,,,,,,,,,,,,,,,,,,,Matches,bazoumana toure,5.141797917895019,7.229519298300147,5.141797917895019,16.133680978789926,6.017529154196382
2616,Idrissa Touré,de GER,MF,Pisa,it Serie A,27.0,1998.0,32,26,2279.0,25.3,1,0,1,1,0,0,4,1,0.04,0.0,0.04,0.04,0.04,Matches,1,29,8,27.6,1.15,0.32,0.03,0.13,0,0,Matches,,,,,,,,,,,,,,,0,,,,,,Matches,,28,,,,,,,,,,,25,,,,Matches,,,,,,,,,,,,,,,,,,,,,Matches,idrissa toure,2.997904310002923,3.5665722815319896,2.997904310002923,7.313524666242301,3.037940706126392
2620,Lucas Tousart,fr FRA,"MF,DF",Brest,fr Ligue 1,28.0,1997.0,24,9,834.0,9.3,1,0,1,1,0,0,0,0,0.11,0.0,0.11,0.11,0.11,Matches,1,9,3,33.3,0.97,0.32,0.11,0.33,0,0,Matches,,,,,,,,,,,,,,,0,,,,,,Matches,,12,,,,,,,,,,,9,,,,Matches,,,,,,,,,,,,,,,,,,,,,Matches,lucas tousart,0.6973812971264124,0.4796754773706198,0.6973812971264124,2.1092285737395287,1.305947981774807
2622,Mattéo Tramoni,fr FRA,"MF,FW",Pisa,it Serie A,25.0,2000.0,27,21,1600.0,17.8,2,2,4,1,1,1,3,0,0.11,0.11,0.23,0.06,0.17,Matches,2,28,9,32.1,1.58,0.51,0.07,0.22,1,1,Matches,,,,,,,,,,,,,,,2,,,,,,Matches,,21,,,,,,,,,,,15,,,,Matches,,,,,,,,,,,,,,,,,,,,,Matches,matteo tramoni,3.213343242183328,2.884499185718596,2.4520444069057703,7.110495939850807,3.0286965798586607
2625,Bertrand Traoré,bf BFA,"MF,FW",Sunderland,eng Premier League,29.0,1995.0,12,9,632.0,7.0,1,0,1,1,0,0,1,0,0.14,0.0,0.14,0.14,0.14,Matches,1,12,6,50.0,1.71,0.85,0.08,0.17,0,0,Matches,,,,,,,,,,,,,,,0,,,,,,Matches,,4,,,,,,,,,,,2,,,,Matches,,,,,,,,,,,,,,,,,,,,,Matches,bertrand traore,0.6248076185584068,0.9887753147631884,0.6248076185584068,2.016919732093811,1.230125552974641
2626,Boubacar Traoré,ml MLI,MF,Metz,fr Ligue 1,23.0,2001.0,20,16,1387.0,15.4,1,0,1,1,0,0,4,0,0.06,0.0,0.06,0.06,0.06,Matches,1,19,3,15.8,1.23,0.19,0.05,0.33,0,0,Matches,,,,,,,,,,,,,,,0,,,,,,Matches,,26,,,,,,,,,,,15,,,,Matches,,,,,,,,,,,,,,,,,,,,,Matches,boubacar traore,0.9408415667712688,0.221991928294301,0.9408415667712688,2.3840327383950357,1.5097705023363233
2627,Hamari Traoré,ml MLI,DF,Paris FC,fr Ligue 1,33.0,1992.0,18,14,1150.0,12.8,0,1,1,0,0,0,4,0,0.0,0.08,0.08,0.0,0.08,Matches,0,4,0,0.0,0.31,0.0,0.0,,0,0,Matches,,,,,,,,,,,,,,,1,,,,,,Matches,,22,,,,,,,,,,,18,,,,Matches,,,,,,,,,,,,,,,,,,,,,Matches,hamari traore,0.3639629986137151,0.8060098411515355,0.3639629986137151,4.230144029483199,3.7136071901768446
2628,Omar Traoré,de GER,"DF,MF",Heidenheim,de Bundesliga,27.0,1998.0,26,16,1501.0,16.7,0,2,2,0,0,0,2,0,0.0,0.12,0.12,0.0,0.12,Matches,0,10,2,20.0,0.6,0.12,0.0,0.0,0,0,Matches,,,,,,,,,,,,,,,2,,,,,,Matches,,11,,,,,,,,,,,17,,,,Matches,,,,,,,,,,,,,,,,,,,,,Matches,omar traore,0.5020455876365304,1.4571367260068655,0.5020455876365304,3.855576592497528,3.29358384013176
2629,Kevin Trapp,de GER,GK,Paris FC,fr Ligue 1,35.0,1990.0,22,22,1980.0,22.0,0,0,0,0,0,0,2,0,0.0,0.0,0.0,0.0,0.0,Matches,0,0,0,,0.0,0.0,,,0,0,Matches,,,,,,,,,,,,,,,0,,,,,,Matches,,0,,,,,,,,,,,1,,,,Matches,,,,,,,,,,,,,,,,,,,,,Matches,kevin trapp,0.0,0.0,0.0,2.614942293614149,2.614942293614149
2633,Philipp Treu,de GER,"DF,MF",Freiburg,de Bundesliga,24.0,2000.0,28,24,2186.0,24.3,1,2,3,1,0,0,2,0,0.04,0.08,0.12,0.04,0.12,Matches,1,17,5,29.4,0.7,0.21,0.06,0.2,0,0,Matches,,,,,,,,,,,,,,,2,,,,,,Matches,,27,,,,,,,,,,,7,,,,Matches,,,,,,,,,,,,,,,,,,,,,Matches,philipp treu,1.471756223589182,1.812682246789336,1.471756223589182,7.696102367714047,4.845858434215188
2634,Christopher Trimmel,at AUT,"MF,DF",Union Berlin,de Bundesliga,38.0,1987.0,29,22,1861.0,20.7,0,3,3,0,0,0,8,0,0.0,0.15,0.15,0.0,0.15,Matches,0,5,1,20.0,0.24,0.05,0.0,0.0,0,0,Matches,,,,,,,,,,,,,,,3,,,,,,Matches,,24,,,,,,,,,,,10,,,,Matches,,,,,,,,,,,,,,,,,,,,,Matches,christopher trimmel,0.0736503908410668,5.092283573001623,0.0736503908410668,4.565780051983893,3.3375917868688703
2635,Kieran Trippier,eng ENG,DF,Newcastle,eng Premier League,34.0,1990.0,21,18,1586.0,17.6,0,1,1,0,0,0,3,0,0.0,0.06,0.06,0.0,0.06,Matches,0,2,0,0.0,0.11,0.0,0.0,,0,0,Matches,,,,,,,,,,,,,,,1,,,,,,Matches,,13,,,,,,,,,,,7,,,,Matches,,,,,,,,,,,,,,,,,,,,,Matches,kieran trippier,0.0958994552493095,1.8194941156543791,0.0958994552493095,5.13017756678164,4.711885085329413
2636,Mariano Troilo,ar ARG,DF,Parma,it Serie A,22.0,2003.0,21,18,1625.0,18.1,1,0,1,1,0,0,8,2,0.06,0.0,0.06,0.06,0.06,Matches,1,9,2,22.2,0.5,0.11,0.11,0.5,0,0,Matches,,,,,,,,,,,,,,,0,,,,,,Matches,,18,,,,,,,,,,,16,,,,Matches,,,,,,,,,,,,,,,,,,,,,Matches,mariano troilo,0.977194907143712,0.6567005543038249,0.977194907143712,2.2315278854221106,1.764288262464106
2637,Leandro Trossard,be BEL,"FW,MF",Arsenal,eng Premier League,30.0,1994.0,31,21,2000.0,22.2,6,6,12,6,0,0,2,0,0.27,0.27,0.54,0.27,0.54,Matches,6,53,15,28.3,2.39,0.68,0.11,0.4,0,0,Matches,,,,,,,,,,,,,,,6,,,,,,Matches,,15,,,,,,,,,,,9,,,,Matches,,,,,,,,,,,,,,,,,,,,,Matches,leandro trossard,6.75317111518234,4.988008487969637,6.75317111518234,13.572629373520613,4.960563652217388
2638,Adrien Truffert,fr FRA,DF,Bournemouth,eng Premier League,23.0,2001.0,38,38,3379.0,37.5,1,5,6,1,0,0,5,0,0.03,0.13,0.16,0.03,0.16,Matches,1,16,6,37.5,0.43,0.16,0.06,0.17,0,0,Matches,,,,,,,,,,,,,,,5,,,,,,Matches,,51,,,,,,,,,,,43,,,,Matches,,,,,,,,,,,,,,,,,,,,,Matches,adrien truffert,1.9886900894343853,4.408130643889308,1.9886900894343853,15.238870711997151,9.958876593969762
2639,Kostas Tsimikas,gr GRE,MF,Roma,it Serie A,29.0,1996.0,18,6,644.0,7.2,0,0,0,0,0,0,1,0,0.0,0.0,0.0,0.0,0.0,Matches,0,7,0,0.0,0.98,0.0,0.0,,0,0,Matches,,,,,,,,,,,,,,,0,,,,,,Matches,,5,,,,,,,,,,,8,,,,Matches,,,,,,,,,,,,,,,,,,,,,Matches,kostas tsimikas,0.5683948341757059,0.0791524378582835,0.5683948341757059,1.6814278615638614,1.141974575817585
2640,Heorhii Tsitaishvili,ge GEO,"MF,DF",Metz,fr Ligue 1,24.0,2000.0,33,28,2449.0,27.2,3,2,5,3,0,0,3,0,0.11,0.07,0.18,0.11,0.18,Matches,3,31,8,25.8,1.14,0.29,0.1,0.38,0,0,Matches,,,,,,,,,,,,,,,2,,,,,,Matches,,12,,,,,,,,,,,14,,,,Matches,,,,,,,,,,,,,,,,,,,,,Matches,heorhii tsitaishvili,1.53672016505152,4.272120799869299,1.53672016505152,8.109842337667942,3.1248387955129147
2641,Viktor Tsyhankov,ua UKR,"MF,FW",Girona,es La Liga,27.0,1997.0,32,31,2630.0,29.2,6,5,11,6,0,0,3,0,0.21,0.17,0.38,0.21,0.38,Matches,6,51,21,41.2,1.75,0.72,0.12,0.29,0,0,Matches,,,,,,,,,,,,,,,5,,,,,,Matches,,22,,,,,,,,,,,21,,,,Matches,,,,,,,,,,,,,,,,,,,,,Matches,viktor tsyhankov,,,,,
2642,Axel Tuanzebe,cd COD,DF,Burnley,eng Premier League,27.0,1997.0,14,14,1201.0,13.3,1,0,1,1,0,0,1,0,0.07,0.0,0.07,0.07,0.07,Matches,1,2,1,50.0,0.15,0.07,0.5,1.0,0,0,Matches,,,,,,,,,,,,,,,0,,,,,,Matches,,8,,,,,,,,,,,12,,,,Matches,,,,,,,,,,,,,,,,,,,,,Matches,axel tuanzebe,0.5582677125930786,0.0,0.5582677125930786,2.774651762098074,2.216384049504996
2643,Kareem Tunde,es ESP,MF,Levante,es La Liga,19.0,2005.0,21,17,1133.0,12.6,0,1,1,0,0,0,3,0,0.0,0.08,0.08,0.0,0.08,Matches,0,21,3,14.3,1.67,0.24,0.0,0.0,0,0,Matches,,,,,,,,,,,,,,,1,,,,,,Matches,,11,,,,,,,,,,,14,,,,Matches,,,,,,,,,,,,,,,,,,,,,Matches,kareem tunde,1.294460777193308,0.6319677345454693,1.294460777193308,3.713249473832548,2.09413805231452
2644,Stefano Turati,it ITA,GK,Sassuolo,it Serie A,23.0,2001.0,6,6,532.0,5.9,0,0,0,0,0,0,0,0,0.0,0.0,0.0,0.0,0.0,Matches,0,0,0,,0.0,0.0,,,0,0,Matches,,,,,,,,,,,,,,,0,,,,,,Matches,,0,,,,,,,,,,,1,,,,Matches,,,,,,,,,,,,,,,,,,,,,Matches,stefano turati,0.0,0.0425439551472663,0.0,1.3311380236409605,1.288594068493694
2645,Beñat Turrientes,es ESP,MF,Real Sociedad,es La Liga,23.0,2002.0,27,16,1348.0,15.0,0,3,3,0,0,0,7,0,0.0,0.2,0.2,0.0,0.2,Matches,0,20,6,30.0,1.34,0.4,0.0,0.0,0,0,Matches,,,,,,,,,,,,,,,3,,,,,,Matches,,23,,,,,,,,,,,9,,,,Matches,,,,,,,,,,,,,,,,,,,,,Matches,benat turrientes,0.8817815221846104,1.1862656697630882,0.8817815221846104,5.57944718375802,4.06466400437057
2649,Destiny Udogie,it ITA,"DF,MF",Tottenham,eng Premier League,22.0,2002.0,20,14,1338.0,14.9,0,1,1,0,0,0,4,0,0.0,0.07,0.07,0.0,0.07,Matches,0,4,1,25.0,0.27,0.07,0.0,0.0,0,0,Matches,,,,,,,,,,,,,,,1,,,,,,Matches,,20,,,,,,,,,,,7,,,,Matches,,,,,,,,,,,,,,,,,,,,,Matches,destiny udogie,0.2184655116870999,1.1220016870647669,0.2184655116870999,5.176807938143611,4.279184946790338
2650,Matthieu Udol,fr FRA,"MF,DF",Lens,fr Ligue 1,29.0,1996.0,34,33,3002.0,33.4,1,7,8,1,0,0,2,0,0.03,0.21,0.24,0.03,0.24,Matches,1,47,17,36.2,1.41,0.51,0.02,0.06,0,0,Matches,,,,,,,,,,,,,,,7,,,,,,Matches,,21,,,,,,,,,,,51,,,,Matches,,,,,,,,,,,,,,,,,,,,,Matches,matthieu udol,4.393044971395284,11.901465432718396,4.393044971395284,20.10867326706648,10.899186950176954
2651,Manuel Ugarte,uy URU,MF,Manchester Utd,eng Premier League,24.0,2001.0,22,8,887.0,9.9,0,0,0,0,0,0,1,0,0.0,0.0,0.0,0.0,0.0,Matches,0,13,1,7.7,1.32,0.1,0.0,0.0,0,0,Matches,,,,,,,,,,,,,,,0,,,,,,Matches,,30,,,,,,,,,,,20,,,,Matches,,,,,,,,,,,,,,,,,,,,,Matches,manuel ugarte,0.8379190387204289,0.1287948712706565,0.8379190387204289,3.852708961814642,3.154600067064166
2652,Lesley Ugochukwu,fr FRA,MF,Burnley,eng Premier League,21.0,2004.0,35,27,2336.0,26.0,3,1,4,3,0,0,3,1,0.12,0.04,0.15,0.12,0.15,Matches,3,23,8,34.8,0.89,0.31,0.13,0.38,0,0,Matches,,,,,,,,,,,,,,,1,,,,,,Matches,,26,,,,,,,,,,,17,,,,Matches,,,,,,,,,,,,,,,,,,,,,Matches,lesley ugochukwu,2.622456289827824,0.4493608232587576,2.622456289827824,7.266716599464416,4.90908182784915
2653,Filip Ugrinic,ch SUI,MF,Valencia,es La Liga,26.0,1999.0,27,17,1504.0,16.7,0,3,3,0,0,0,3,0,0.0,0.18,0.18,0.0,0.18,Matches,0,20,3,15.0,1.2,0.18,0.0,0.0,0,0,Matches,,,,,,,,,,,,,,,3,,,,,,Matches,,16,,,,,,,,,,,11,,,,Matches,,,,,,,,,,,,,,,,,,,,,Matches,filip ugrinic,0.6209417562931776,3.7198971258476377,0.6209417562931776,6.901665989309549,5.459673470817506
2654,Lukas Ullrich,de GER,"DF,MF",Gladbach,de Bundesliga,21.0,2004.0,23,14,1305.0,14.5,0,0,0,0,0,0,2,0,0.0,0.0,0.0,0.0,0.0,Matches,0,10,2,20.0,0.69,0.14,0.0,0.0,0,0,Matches,,,,,,,,,,,,,,,0,,,,,,Matches,,17,,,,,,,,,,,21,,,,Matches,,,,,,,,,,,,,,,,,,,,,Matches,lukas ullrich,0.7565966881811619,0.9062265641987324,0.7565966881811619,5.585675872862339,4.3064204677939415
2657,Deniz Undav,de GER,"FW,MF",Stuttgart,de Bundesliga,29.0,1996.0,29,25,2241.0,24.9,19,7,26,19,0,1,5,0,0.76,0.28,1.04,0.76,1.04,Matches,19,124,46,37.1,4.98,1.85,0.15,0.41,0,1,Matches,,,,,,,,,,,,,,,7,,,,,,Matches,,14,,,,,,,,,,,4,,,,Matches,,,,,,,,,,,,,,,,,,,,,Matches,deniz undav,19.05754723213613,5.584789767861366,18.299770614132285,30.379802346229557,9.69207865279168
2658,Dayot Upamecano,fr FRA,DF,Bayern Munich,de Bundesliga,26.0,1998.0,24,21,1794.0,19.9,1,1,2,1,0,0,4,0,0.05,0.05,0.1,0.05,0.1,Matches,1,8,2,25.0,0.4,0.1,0.13,0.5,0,0,Matches,,,,,,,,,,,,,,,1,,,,,,Matches,,26,,,,,,,,,,,21,,,,Matches,,,,,,,,,,,,,,,,,,,,,Matches,dayot upamecano,0.8303499147295952,1.4384191930294037,0.8303499147295952,14.301490493118765,13.812318220734596
2660,Jonas Urbig,de GER,GK,Bayern Munich,de Bundesliga,21.0,2003.0,14,11,1111.0,12.3,0,0,0,0,0,0,0,0,0.0,0.0,0.0,0.0,0.0,Matches,0,0,0,,0.0,0.0,,,0,0,Matches,,,,,,,,,,,,,,,0,,,,,,Matches,,0,,,,,,,,,,,0,,,,Matches,,,,,,,,,,,,,,,,,,,,,Matches,jonas urbig,0.0,0.1030491515994072,0.0,5.324276648461819,5.324276648461819
2661,Can Uzun,tr TUR,MF,Frankfurt,de Bundesliga,19.0,2005.0,21,15,1156.0,12.8,8,4,12,7,1,1,3,0,0.62,0.31,0.93,0.54,0.86,Matches,8,41,19,46.3,3.19,1.48,0.2,0.42,1,1,Matches,,,,,,,,,,,,,,,4,,,,,,Matches,,9,,,,,,,,,,,3,,,,Matches,,,,,,,,,,,,,,,,,,,,,Matches,can uzun,4.544798476621509,2.6320750545710325,3.7870217841118574,8.537243850529194,3.061049897223711
2662,Josha Vagnoman,de GER,"DF,MF",Stuttgart,de Bundesliga,24.0,2000.0,27,18,1587.0,17.6,1,3,4,1,0,0,3,0,0.06,0.17,0.23,0.06,0.23,Matches,1,19,11,57.9,1.08,0.62,0.05,0.09,0,0,Matches,,,,,,,,,,,,,,,3,,,,,,Matches,,19,,,,,,,,,,,3,,,,Matches,,,,,,,,,,,,,,,,,,,,,Matches,josha vagnoman,,,,,
2665,Lautaro Valenti,ar ARG,DF,Parma,it Serie A,26.0,1999.0,27,25,2252.0,25.0,0,0,0,0,0,0,7,0,0.0,0.0,0.0,0.0,0.0,Matches,0,17,4,23.5,0.68,0.16,0.0,0.0,0,0,Matches,,,,,,,,,,,,,,,0,,,,,,Matches,,30,,,,,,,,,,,26,,,,Matches,,,,,,,,,,,,,,,,,,,,,Matches,lautaro valenti,0.4869517162442207,1.1660469826310873,0.4869517162442207,5.188648164272308,4.281415678560734
2666,Óscar Valentín,es ESP,MF,Rayo Vallecano,es La Liga,30.0,1994.0,33,26,2108.0,23.4,1,0,1,1,0,0,3,1,0.04,0.0,0.04,0.04,0.04,Matches,1,13,4,30.8,0.56,0.17,0.08,0.25,0,0,Matches,,,,,,,,,,,,,,,0,,,,,,Matches,,43,,,,,,,,,,,29,,,,Matches,,,,,,,,,,,,,,,,,,,,,Matches,oscar valentin,1.4860157845541837,0.9415555438026786,1.4860157845541837,10.363398014567792,8.101587588898838
2667,Nicolás Valentini,ar ARG,DF,Hellas Verona,it Serie A,24.0,2001.0,21,15,1409.0,15.7,0,0,0,0,0,0,8,1,0.0,0.0,0.0,0.0,0.0,Matches,0,16,7,43.8,1.02,0.45,0.0,0.0,0,0,Matches,,,,,,,,,,,,,,,0,,,,,,Matches,,18,,,,,,,,,,,16,,,,Matches,,,,,,,,,,,,,,,,,,,,,Matches,nicolas valentini,0.7951413663104177,0.6271094977855682,0.7951413663104177,3.025006441399455,1.8920742087066171
2668,Germán Valera,es ESP,"MF,DF",Elche,es La Liga,23.0,2002.0,36,33,2857.0,31.7,4,5,9,4,0,0,5,1,0.13,0.16,0.28,0.13,0.28,Matches,4,28,8,28.6,0.88,0.25,0.14,0.5,0,0,Matches,,,,,,,,,,,,,,,5,,,,,,Matches,,40,,,,,,,,,,,23,,,,Matches,,,,,,,,,,,,,,,,,,,,,Matches,german valera,2.898498496040702,7.393028756603599,2.898498496040702,14.3036432787776,7.749514225870371
2669,Emanuele Valeri,it ITA,"MF,DF",Parma,it Serie A,26.0,1998.0,34,29,2643.0,29.4,0,2,2,0,0,0,2,0,0.0,0.07,0.07,0.0,0.07,Matches,0,23,5,21.7,0.78,0.17,0.0,0.0,0,0,Matches,,,,,,,,,,,,,,,2,,,,,,Matches,,32,,,,,,,,,,,20,,,,Matches,,,,,,,,,,,,,,,,,,,,,Matches,emanuele valeri,0.6690369648858905,3.777259983122349,0.6690369648858905,6.482847294770181,4.969146250747144
2670,Martin Valjent,sk SVK,DF,Mallorca,es La Liga,29.0,1995.0,37,37,3308.0,36.8,0,0,0,0,0,0,6,0,0.0,0.0,0.0,0.0,0.0,Matches,0,17,8,47.1,0.46,0.22,0.0,0.0,0,0,Matches,,,,,,,,,,,,,,,0,,,,,,Matches,,33,,,,,,,,,,,24,,,,Matches,,,,,,,,,,,,,,,,,,,,,Matches,martin valjent,0.9677190342918038,0.1400438267737627,0.9677190342918038,9.191905220970511,8.853639227338135
2671,Álex Valle,es ESP,DF,Como,it Serie A,21.0,2004.0,28,23,2026.0,22.5,1,4,5,1,0,0,3,0,0.04,0.18,0.22,0.04,0.22,Matches,1,11,2,18.2,0.49,0.09,0.09,0.5,0,0,Matches,,,,,,,,,,,,,,,4,,,,,,Matches,,31,,,,,,,,,,,24,,,,Matches,,,,,,,,,,,,,,,,,,,,,Matches,alex valle,0.8854037057608366,1.477425147779286,0.8854037057608366,8.43967054784298,6.7662607887759805
2672,Álvaro Vallés,es ESP,GK,Real Betis,es La Liga,28.0,1997.0,28,28,2520.0,28.0,0,0,0,0,0,0,1,0,0.0,0.0,0.0,0.0,0.0,Matches,0,0,0,,0.0,0.0,,,0,0,Matches,,,,,,,,,,,,,,,0,,,,,,Matches,,0,,,,,,,,,,,1,,,,Matches,,,,,,,,,,,,,,,,,,,,,Matches,alvaro valles,0.0,0.0,0.0,3.662847968749702,3.662847968749702
2673,Federico Valverde,uy URU,"MF,DF",Real Madrid,es La Liga,27.0,1998.0,33,31,2740.0,30.4,5,8,13,5,0,0,3,1,0.16,0.26,0.43,0.16,0.43,Matches,5,51,22,43.1,1.68,0.72,0.1,0.23,0,0,Matches,,,,,,,,,,,,,,,8,,,,,,Matches,,25,,,,,,,,,,,25,,,,Matches,,,,,,,,,,,,,,,,,,,,,Matches,federico valverde,2.2435944536700845,5.012471796944737,2.2435944536700845,19.056539345532656,15.301276870071888
2674,Ignace Van Der Brempt,be BEL,DF,Como,it Serie A,23.0,2002.0,20,11,931.0,10.3,0,1,1,0,0,0,2,0,0.0,0.1,0.1,0.0,0.1,Matches,0,3,0,0.0,0.29,0.0,0.0,,0,0,Matches,,,,,,,,,,,,,,,1,,,,,,Matches,,14,,,,,,,,,,,8,,,,Matches,,,,,,,,,,,,,,,,,,,,,Matches,ignace van der brempt,0.1629508137702942,0.8157258443534374,0.1629508137702942,4.370813526213169,4.091412968933582
2675,Virgil van Dijk,nl NED,DF,Liverpool,eng Premier League,34.0,1991.0,38,38,3420.0,38.0,6,0,6,6,0,0,4,0,0.16,0.0,0.16,0.16,0.16,Matches,6,30,14,46.7,0.79,0.37,0.2,0.43,0,0,Matches,,,,,,,,,,,,,,,0,,,,,,Matches,,15,,,,,,,,,,,26,,,,Matches,,,,,,,,,,,,,,,,,,,,,Matches,virgil van dijk,4.891236560419202,0.3285368140786886,4.891236560419202,12.485559825785458,11.383180485107005
2676,Vladyslav Vanat,ua UKR,FW,Girona,es La Liga,23.0,2002.0,27,27,1942.0,21.6,9,1,10,6,3,3,4,0,0.42,0.05,0.46,0.28,0.32,Matches,9,27,18,66.7,1.25,0.83,0.33,0.5,3,3,Matches,,,,,,,,,,,,,,,1,,,,,,Matches,,3,,,,,,,,,,,3,,,,Matches,,,,,,,,,,,,,,,,,,,,,Matches,vladyslav vanat,9.496832385659218,2.104125237092376,7.2669995576143265,8.851113688200712,1.6265962794423103
2677,Jari Vandeputte,be BEL,MF,Cremonese,it Serie A,29.0,1996.0,32,23,1944.0,21.6,1,5,6,1,0,0,3,0,0.05,0.23,0.28,0.05,0.28,Matches,1,20,8,40.0,0.93,0.37,0.05,0.13,0,0,Matches,,,,,,,,,,,,,,,5,,,,,,Matches,,21,,,,,,,,,,,18,,,,Matches,,,,,,,,,,,,,,,,,,,,,Matches,jari vandeputte,2.11050614900887,6.268006220459938,2.11050614900887,7.40445183776319,4.125671859830618
2678,Vanderson,br BRA,"DF,MF",Monaco,fr Ligue 1,24.0,2001.0,14,7,616.0,6.8,0,2,2,0,0,0,4,0,0.0,0.29,0.29,0.0,0.29,Matches,0,3,0,0.0,0.44,0.0,0.0,,0,0,Matches,,,,,,,,,,,,,,,2,,,,,,Matches,,13,,,,,,,,,,,19,,,,Matches,,,,,,,,,,,,,,,,,,,,,Matches,vanderson,0.1478172391653061,1.3581282254308462,0.1478172391653061,3.2797976564615965,2.639238817617297
2679,Maarten Vandevoordt,be BEL,GK,RB Leipzig,de Bundesliga,23.0,2002.0,12,11,1052.0,11.7,0,0,0,0,0,0,0,0,0.0,0.0,0.0,0.0,0.0,Matches,0,0,0,,0.0,0.0,,,0,0,Matches,,,,,,,,,,,,,,,0,,,,,,Matches,,0,,,,,,,,,,,0,,,,Matches,,,,,,,,,,,,,,,,,,,,,Matches,maarten vandevoordt,0.0,0.0,0.0,3.504514906555414,3.504514906555414
2680,Charles Vanhoutte,be BEL,MF,Nice,fr Ligue 1,26.0,1998.0,26,21,1772.0,19.7,0,2,2,0,0,0,7,0,0.0,0.1,0.1,0.0,0.1,Matches,0,5,1,20.0,0.25,0.05,0.0,0.0,0,0,Matches,,,,,,,,,,,,,,,2,,,,,,Matches,,28,,,,,,,,,,,21,,,,Matches,,,,,,,,,,,,,,,,,,,,,Matches,charles vanhoutte,0.2521444540470838,1.149057075381279,0.2521444540470838,6.881905682384968,5.568232594057918
2681,Jamie Vardy,eng ENG,FW,Cremonese,it Serie A,38.0,1987.0,29,24,2105.0,23.4,7,2,9,7,0,0,5,0,0.3,0.09,0.38,0.3,0.38,Matches,7,30,14,46.7,1.28,0.6,0.23,0.5,0,0,Matches,,,,,,,,,,,,,,,2,,,,,,Matches,,10,,,,,,,,,,,3,,,,Matches,,,,,,,,,,,,,,,,,,,,,Matches,jamie vardy,6.281962929293513,2.123625386506319,6.281962929293513,10.19005998596549,2.679563503712416
2682,Obed Vargas,mx MEX,MF,Atlético Madrid,es La Liga,19.0,2005.0,12,8,740.0,8.2,0,1,1,0,0,0,2,0,0.0,0.12,0.12,0.0,0.12,Matches,0,5,0,0.0,0.61,0.0,0.0,,0,0,Matches,,,,,,,,,,,,,,,1,,,,,,Matches,,16,,,,,,,,,,,8,,,,Matches,,,,,,,,,,,,,,,,,,,,,Matches,obed vargas,0.1979613173753023,0.1968949781730771,0.1979613173753023,2.4817810729146004,2.10262493789196
2683,Ruben Vargas,ch SUI,"MF,FW",Sevilla,es La Liga,26.0,1998.0,24,20,1594.0,17.7,3,6,9,2,1,1,2,0,0.17,0.34,0.51,0.11,0.45,Matches,3,41,8,19.5,2.31,0.45,0.07,0.38,1,1,Matches,,,,,,,,,,,,,,,6,,,,,,Matches,,15,,,,,,,,,,,7,,,,Matches,,,,,,,,,,,,,,,,,,,,,Matches,ruben vargas,3.4263215493410826,3.1103639528155327,2.683043917641044,6.954289648681879,2.946367779746652
2684,Nikola Vasilj,ba BIH,GK,St Pauli,de Bundesliga,29.0,1995.0,34,34,3060.0,34.0,0,0,0,0,0,0,0,0,0.0,0.0,0.0,0.0,0.0,Matches,0,0,0,,0.0,0.0,,,0,0,Matches,,,,,,,,,,,,,,,0,,,,,,Matches,,1,,,,,,,,,,,1,,,,Matches,,,,,,,,,,,,,,,,,,,,,Matches,nikola vasilj,0.0,0.0,0.0,2.8116685058921576,2.8116685058921576
2685,Johan Vásquez,mx MEX,DF,Genoa,it Serie A,26.0,1998.0,36,36,3215.0,35.7,1,0,1,1,0,0,2,0,0.03,0.0,0.03,0.03,0.03,Matches,1,24,6,25.0,0.67,0.17,0.04,0.17,0,0,Matches,,,,,,,,,,,,,,,0,,,,,,Matches,,38,,,,,,,,,,,46,,,,Matches,,,,,,,,,,,,,,,,,,,,,Matches,johan vasquez,1.88552456907928,0.4650002354755997,1.88552456907928,6.492754224687815,6.209375747479498
2687,Denis Vavro,sk SVK,DF,Wolfsburg,de Bundesliga,29.0,1996.0,17,13,1176.0,13.1,1,0,1,1,0,0,2,0,0.08,0.0,0.08,0.08,0.08,Matches,1,12,5,41.7,0.92,0.38,0.08,0.2,0,0,Matches,,,,,,,,,,,,,,,0,,,,,,Matches,,5,,,,,,,,,,,14,,,,Matches,,,,,,,,,,,,,,,,,,,,,Matches,denis vavro,1.6649845857173204,0.1777781695127487,1.6649845857173204,1.7065384555608034,1.423941339366138
2688,José Luis García Vayá,es ESP,"MF,DF",Valencia,es La Liga,26.0,1998.0,31,26,2225.0,24.7,2,0,2,1,1,3,4,0,0.08,0.0,0.08,0.04,0.04,Matches,2,24,3,12.5,0.97,0.12,0.08,0.67,1,3,Matches,,,,,,,,,,,,,,,0,,,,,,Matches,,33,,,,,,,,,,,19,,,,Matches,,,,,,,,,,,,,,,,,,,,,Matches,jose luis garcia vaya,,,,,
2691,Franco Vázquez,ar ARG,"FW,MF",Cremonese,it Serie A,36.0,1989.0,15,4,524.0,5.8,1,1,2,1,0,0,1,0,0.17,0.17,0.34,0.17,0.34,Matches,1,12,4,33.3,2.06,0.69,0.08,0.25,0,0,Matches,,,,,,,,,,,,,,,1,,,,,,Matches,,12,,,,,,,,,,,4,,,,Matches,,,,,,,,,,,,,,,,,,,,,Matches,franco vazquez,1.4491588799282908,1.8917765356600285,1.4491588799282908,3.0313472282141447,1.5376330390572548
2692,Jesus Vazquez,es ESP,"DF,MF",Valencia,es La Liga,22.0,2003.0,24,7,974.0,10.8,0,0,0,0,0,0,2,0,0.0,0.0,0.0,0.0,0.0,Matches,0,8,2,25.0,0.74,0.18,0.0,0.0,0,0,Matches,,,,,,,,,,,,,,,0,,,,,,Matches,,10,,,,,,,,,,,4,,,,Matches,,,,,,,,,,,,,,,,,,,,,Matches,jesus vazquez,0.2909505907446146,1.52333901822567,0.2909505907446146,5.841807333752513,4.413359213620424
2693,Lucas Vázquez,es ESP,MF,Leverkusen,de Bundesliga,34.0,1991.0,12,6,481.0,5.3,1,2,3,1,0,0,2,0,0.19,0.37,0.56,0.19,0.56,Matches,1,4,1,25.0,0.75,0.19,0.25,1.0,0,0,Matches,,,,,,,,,,,,,,,2,,,,,,Matches,,4,,,,,,,,,,,2,,,,Matches,,,,,,,,,,,,,,,,,,,,,Matches,lucas vazquez,0.9143912717700003,2.509555133059621,0.9143912717700003,5.7617636397480965,2.454696498811245
2694,Luis Vázquez,ar ARG,FW,Getafe,es La Liga,24.0,2001.0,17,14,1194.0,13.3,3,1,4,3,0,0,2,0,0.23,0.08,0.3,0.23,0.3,Matches,3,25,9,36.0,1.88,0.68,0.12,0.33,0,0,Matches,,,,,,,,,,,,,,,1,,,,,,Matches,,3,,,,,,,,,,,4,,,,Matches,,,,,,,,,,,,,,,,,,,,,Matches,luis vazquez,2.6704405779019,0.1650496739894151,2.6704405779019,4.0771912625059485,1.7306871116161346
2695,Matías Vecino,uy URU,MF,Lazio,it Serie A,33.0,1991.0,13,5,603.0,6.7,0,1,1,0,0,0,1,0,0.0,0.15,0.15,0.0,0.15,Matches,0,7,1,14.3,1.04,0.15,0.0,0.0,0,0,Matches,,,,,,,,,,,,,,,1,,,,,,Matches,,9,,,,,,,,,,,7,,,,Matches,,,,,,,,,,,,,,,,,,,,,Matches,matias vecino,0.0422598384320735,0.0,0.0422598384320735,0.9760599210858344,0.9568000212311744
2697,Danilo Veiga,pt POR,DF,Lecce,it Serie A,22.0,2002.0,36,33,3020.0,33.6,0,1,1,0,0,0,9,0,0.0,0.03,0.03,0.0,0.03,Matches,0,6,2,33.3,0.18,0.06,0.0,0.0,0,0,Matches,,,,,,,,,,,,,,,1,,,,,,Matches,,53,,,,,,,,,,,32,,,,Matches,,,,,,,,,,,,,,,,,,,,,Matches,danilo veiga,0.258736458607018,1.432144824415445,0.258736458607018,4.834762010723352,3.6639139968901873
2698,Renato Veiga,pt POR,DF,Villarreal,es La Liga,22.0,2003.0,32,27,2481.0,27.6,0,0,0,0,0,0,5,1,0.0,0.0,0.0,0.0,0.0,Matches,0,9,3,33.3,0.33,0.11,0.0,0.0,0,0,Matches,,,,,,,,,,,,,,,0,,,,,,Matches,,9,,,,,,,,,,,26,,,,Matches,,,,,,,,,,,,,,,,,,,,,Matches,renato veiga,0.1982421772554516,0.1171861607581377,0.1982421772554516,12.081188935786486,11.930671013891695
2699,Joël Veltman,nl NED,DF,Brighton,eng Premier League,33.0,1992.0,24,9,1058.0,11.8,1,0,1,1,0,0,5,0,0.09,0.0,0.09,0.09,0.09,Matches,1,4,1,25.0,0.34,0.09,0.25,1.0,0,0,Matches,,,,,,,,,,,,,,,0,,,,,,Matches,,17,,,,,,,,,,,19,,,,Matches,,,,,,,,,,,,,,,,,,,,,Matches,joel veltman,1.064280278980732,0.252019003033638,1.064280278980732,2.46354559995234,2.3217557463794947
2700,Micky van de Ven,nl NED,DF,Tottenham,eng Premier League,24.0,2001.0,35,35,3041.0,33.8,4,1,5,4,0,0,9,1,0.12,0.03,0.15,0.12,0.15,Matches,4,16,6,37.5,0.47,0.18,0.25,0.67,0,0,Matches,,,,,,,,,,,,,,,1,,,,,,Matches,,20,,,,,,,,,,,21,,,,Matches,,,,,,,,,,,,,,,,,,,,,Matches,micky van de ven,2.4525543581694365,1.0142897926270962,2.4525543581694365,5.581554230302572,5.243820492178202
2701,Unai Vencedor Paris,es ESP,MF,Levante,es La Liga,24.0,2000.0,16,11,812.0,9.0,0,0,0,0,0,0,3,1,0.0,0.0,0.0,0.0,0.0,Matches,0,0,0,,0.0,0.0,,,0,0,Matches,,,,,,,,,,,,,,,0,,,,,,Matches,,13,,,,,,,,,,,4,,,,Matches,,,,,,,,,,,,,,,,,,,,,Matches,unai vencedor paris,0.0,1.509224282577634,0.0,2.1353150978684425,1.1437988132238388
2704,Nikolas Veratschnig,at AUT,"MF,DF",Mainz 05,de Bundesliga,22.0,2003.0,21,6,660.0,7.3,0,1,1,0,0,0,3,0,0.0,0.14,0.14,0.0,0.14,Matches,0,4,1,25.0,0.55,0.14,0.0,0.0,0,0,Matches,,,,,,,,,,,,,,,1,,,,,,Matches,,13,,,,,,,,,,,10,,,,Matches,,,,,,,,,,,,,,,,,,,,,Matches,nikolas veratschnig,0.147859844379127,1.0244743488729,0.147859844379127,1.3057616231963038,0.501030370593071
2705,Bart Verbruggen,nl NED,GK,Brighton,eng Premier League,22.0,2002.0,38,38,3420.0,38.0,0,0,0,0,0,0,3,0,0.0,0.0,0.0,0.0,0.0,Matches,0,0,0,,0.0,0.0,,,0,0,Matches,,,,,,,,,,,,,,,0,,,,,,Matches,,1,,,,,,,,,,,0,,,,Matches,,,,,,,,,,,,,,,,,,,,,Matches,bart verbruggen,0.0,0.076464258134365,0.0,7.377120533958077,7.377120533958077
2706,Calvin Verdonk,id IDN,DF,Lille,fr Ligue 1,28.0,1997.0,18,7,790.0,8.8,0,0,0,0,0,0,3,1,0.0,0.0,0.0,0.0,0.0,Matches,0,3,1,33.3,0.34,0.11,0.0,0.0,0,0,Matches,,,,,,,,,,,,,,,0,,,,,,Matches,,10,,,,,,,,,,,15,,,,Matches,,,,,,,,,,,,,,,,,,,,,Matches,calvin verdonk,0.0447092773392796,0.6956469472497702,0.0447092773392796,3.652131300419569,3.151029270142317
2707,Antonio Vergara,it ITA,MF,Napoli,it Serie A,22.0,2003.0,12,8,612.0,6.8,1,2,3,1,0,0,2,0,0.15,0.29,0.44,0.15,0.44,Matches,1,10,3,30.0,1.47,0.44,0.1,0.33,0,0,Matches,,,,,,,,,,,,,,,2,,,,,,Matches,,9,,,,,,,,,,,4,,,,Matches,,,,,,,,,,,,,,,,,,,,,Matches,antonio vergara,0.7055973187088966,0.8353275340050459,0.7055973187088966,2.610380455851555,1.256837198510766
2708,Arthur Vermeeren,be BEL,MF,Marseille,fr Ligue 1,20.0,2005.0,20,10,828.0,9.2,0,1,1,0,0,0,1,1,0.0,0.11,0.11,0.0,0.11,Matches,0,3,1,33.3,0.33,0.11,0.0,0.0,0,0,Matches,,,,,,,,,,,,,,,1,,,,,,Matches,,11,,,,,,,,,,,11,,,,Matches,,,,,,,,,,,,,,,,,,,,,Matches,arthur vermeeren,0.3678686078637838,0.7389395069330931,0.3678686078637838,4.488341554999352,3.467931855469942
2711,Mikel Vesga,es ESP,MF,Athletic Club,es La Liga,32.0,1993.0,23,1,465.0,5.2,0,0,0,0,0,0,0,0,0.0,0.0,0.0,0.0,0.0,Matches,0,3,0,0.0,0.58,0.0,0.0,,0,0,Matches,,,,,,,,,,,,,,,0,,,,,,Matches,,10,,,,,,,,,,,9,,,,Matches,,,,,,,,,,,,,,,,,,,,,Matches,mikel vesga,0.2157706804573536,0.1244056141003966,0.2157706804573536,1.2043952187523246,1.042739911004901
2712,Guglielmo Vicario,it ITA,GK,Tottenham,eng Premier League,28.0,1996.0,31,31,2790.0,31.0,0,0,0,0,0,0,1,0,0.0,0.0,0.0,0.0,0.0,Matches,0,0,0,,0.0,0.0,,,0,0,Matches,,,,,,,,,,,,,,,0,,,,,,Matches,,1,,,,,,,,,,,0,,,,Matches,,,,,,,,,,,,,,,,,,,,,Matches,guglielmo vicario,0.0,0.0718652158975601,0.0,3.511237784288824,3.4393725832924247
2713,Carlos Vicente,es ESP,MF,Alavés,es La Liga,26.0,1999.0,21,11,1258.0,14.0,5,0,5,2,3,3,1,0,0.36,0.0,0.36,0.14,0.14,Matches,5,12,6,50.0,0.86,0.43,0.42,0.83,3,3,Matches,,,,,,,,,,,,,,,0,,,,,,Matches,,18,,,,,,,,,,,7,,,,Matches,,,,,,,,,,,,,,,,,,,,,Matches,carlos vicente,3.714753158390522,3.857187973335385,1.4849203303456306,5.572600442916155,1.6297904159873724
2714,Nacho Vidal,es ESP,DF,Oviedo,es La Liga,30.0,1995.0,29,27,2263.0,25.1,0,0,0,0,0,0,4,0,0.0,0.0,0.0,0.0,0.0,Matches,0,15,3,20.0,0.6,0.12,0.0,0.0,0,0,Matches,,,,,,,,,,,,,,,0,,,,,,Matches,,30,,,,,,,,,,,29,,,,Matches,,,,,,,,,,,,,,,,,,,,,Matches,nacho vidal,2.859865885227918,0.3238163329660892,2.859865885227918,5.2956321854144335,2.365584071725607
2715,Fabio Vieira,pt POR,"MF,FW",Hamburger SV,de Bundesliga,25.0,2000.0,29,25,2206.0,24.5,7,5,12,6,1,1,4,2,0.29,0.2,0.49,0.24,0.45,Matches,7,59,19,32.2,2.41,0.78,0.12,0.37,1,1,Matches,,,,,,,,,,,,,,,5,,,,,,Matches,,9,,,,,,,,,,,15,,,,Matches,,,,,,,,,,,,,,,,,,,,,Matches,fabio vieira,4.894621319137514,4.638651036657393,4.136844581924379,12.298777882009745,5.455926336348057
2717,Gonzalo Villar,es ESP,MF,Elche,es La Liga,27.0,1998.0,12,8,718.0,8.0,1,0,1,1,0,0,3,0,0.13,0.0,0.13,0.13,0.13,Matches,1,4,1,25.0,0.5,0.13,0.25,1.0,0,0,Matches,,,,,,,,,,,,,,,0,,,,,,Matches,,9,,,,,,,,,,,2,,,,Matches,,,,,,,,,,,,,,,,,,,,,Matches,gonzalo villar,0.214775089174509,0.0481224060058593,0.214775089174509,2.1673560813069344,1.957960419356823
2718,Federico Viñas,uy URU,"FW,MF",Oviedo,es La Liga,27.0,1998.0,33,28,2439.0,27.1,9,1,10,7,2,2,7,3,0.33,0.04,0.37,0.26,0.3,Matches,9,57,21,36.8,2.1,0.77,0.16,0.43,2,2,Matches,,,,,,,,,,,,,,,1,,,,,,Matches,,32,,,,,,,,,,,13,,,,Matches,,,,,,,,,,,,,,,,,,,,,Matches,federico vinas,9.87893870100379,3.027751691639424,8.392383448779583,8.796410974115133,2.640840981155634
2719,Jan Virgili,es ESP,"MF,FW",Mallorca,es La Liga,19.0,2006.0,31,19,1792.0,19.9,2,4,6,2,0,0,0,1,0.1,0.2,0.3,0.1,0.3,Matches,2,32,16,50.0,1.61,0.8,0.06,0.13,0,0,Matches,,,,,,,,,,,,,,,4,,,,,,Matches,,10,,,,,,,,,,,7,,,,Matches,,,,,,,,,,,,,,,,,,,,,Matches,jan virgili,2.593278208747506,3.7704717284068474,2.593278208747506,7.063589424826205,2.66401737742126
2721,Martin Vitík,cz CZE,DF,Bologna,it Serie A,22.0,2003.0,19,14,1325.0,14.7,0,0,0,0,0,0,3,0,0.0,0.0,0.0,0.0,0.0,Matches,0,8,2,25.0,0.54,0.14,0.0,0.0,0,0,Matches,,,,,,,,,,,,,,,0,,,,,,Matches,,22,,,,,,,,,,,8,,,,Matches,,,,,,,,,,,,,,,,,,,,,Matches,martin vitik,0.7379880752414465,0.170901820063591,0.7379880752414465,1.804028332233429,1.5788080394268036
2722,Vitinha,pt POR,MF,PSG,fr Ligue 1,25.0,2000.0,29,24,2119.0,23.5,1,7,8,1,0,0,2,0,0.04,0.3,0.34,0.04,0.34,Matches,1,34,10,29.4,1.44,0.42,0.03,0.1,0,0,Matches,,,,,,,,,,,,,,,7,,,,,,Matches,,20,,,,,,,,,,,26,,,,Matches,,,,,,,,,,,,,,,,,,,,,Matches,vitinha,6.909197731874883,2.17753553763032,6.909197731874883,9.6502389581874,2.648514298722148
2723,Vitinha,pt POR,"FW,MF",Genoa,it Serie A,25.0,2000.0,35,28,2226.0,24.7,5,1,6,5,0,0,5,0,0.2,0.04,0.24,0.2,0.24,Matches,5,65,20,30.8,2.63,0.81,0.08,0.25,0,0,Matches,,,,,,,,,,,,,,,1,,,,,,Matches,,32,,,,,,,,,,,14,,,,Matches,,,,,,,,,,,,,,,,,,,,,Matches,vitinha,6.909197731874883,2.17753553763032,6.909197731874883,9.6502389581874,2.648514298722148
2724,Daniel Vivian,es ESP,DF,Athletic Club,es La Liga,26.0,1999.0,31,28,2564.0,28.5,1,0,1,1,0,0,8,1,0.04,0.0,0.04,0.04,0.04,Matches,1,17,6,35.3,0.6,0.21,0.06,0.17,0,0,Matches,,,,,,,,,,,,,,,0,,,,,,Matches,,38,,,,,,,,,,,34,,,,Matches,,,,,,,,,,,,,,,,,,,,,Matches,daniel vivian,1.454393805935979,1.5971452463418243,1.454393805935979,7.594794306904077,6.529198620468378
2725,Odysseas Vlachodimos,gr GRE,GK,Sevilla,es La Liga,31.0,1994.0,33,33,2970.0,33.0,0,0,0,0,0,0,1,0,0.0,0.0,0.0,0.0,0.0,Matches,0,0,0,,0.0,0.0,,,0,0,Matches,,,,,,,,,,,,,,,0,,,,,,Matches,,0,,,,,,,,,,,1,,,,Matches,,,,,,,,,,,,,,,,,,,,,Matches,odysseas vlachodimos,0.0,0.0,0.0,2.363366136327386,2.363366136327386
2726,Dušan Vlahović,rs SRB,FW,Juventus,it Serie A,25.0,2000.0,19,11,968.0,10.8,7,1,8,6,1,1,0,0,0.65,0.09,0.74,0.56,0.65,Matches,7,49,18,36.7,4.56,1.67,0.14,0.39,1,1,Matches,,,,,,,,,,,,,,,1,,,,,,Matches,,3,,,,,,,,,,,2,,,,Matches,,,,,,,,,,,,,,,,,,,,,Matches,dusan vlahovic,7.53763036429882,1.247139237821102,6.776331529021263,8.03644740395248,1.5761071387678385
2727,Nikola Vlašić,hr CRO,"MF,FW",Torino,it Serie A,27.0,1997.0,37,36,3043.0,33.8,8,3,11,3,5,5,7,0,0.24,0.09,0.33,0.09,0.18,Matches,8,49,17,34.7,1.45,0.5,0.16,0.47,5,5,Matches,,,,,,,,,,,,,,,3,,,,,,Matches,,39,,,,,,,,,,,22,,,,Matches,,,,,,,,,,,,,,,,,,,,,Matches,nikola vlasic,7.40812112763524,4.68042840436101,3.601626990363002,14.853947822004557,8.530875468626618
2728,Mërgim Vojvoda,xk KVX,"MF,DF",Como,it Serie A,30.0,1995.0,30,19,1591.0,17.7,2,2,4,2,0,0,2,0,0.11,0.11,0.23,0.11,0.23,Matches,2,18,7,38.9,1.02,0.4,0.11,0.29,0,0,Matches,,,,,,,,,,,,,,,2,,,,,,Matches,,4,,,,,,,,,,,14,,,,Matches,,,,,,,,,,,,,,,,,,,,,Matches,mergim vojvoda,1.4710992444306612,3.094263934530318,1.4710992444306612,7.919539753347635,4.826663876883686
2729,Cristian Volpato,au AUS,FW,Sassuolo,it Serie A,21.0,2003.0,24,11,1064.0,11.8,2,4,6,2,0,0,4,0,0.17,0.34,0.51,0.17,0.51,Matches,2,21,7,33.3,1.78,0.59,0.1,0.29,0,0,Matches,,,,,,,,,,,,,,,4,,,,,,Matches,,11,,,,,,,,,,,6,,,,Matches,,,,,,,,,,,,,,,,,,,,,Matches,cristian volpato,1.749022038653493,2.896068687550724,1.749022038653493,6.181194823235273,2.2634265329688787
2730,Alexis Vossah,fr FRA,MF,Toulouse,fr Ligue 1,17.0,2008.0,23,12,1092.0,12.1,1,1,2,1,0,0,5,1,0.08,0.08,0.16,0.08,0.16,Matches,1,9,2,22.2,0.74,0.16,0.11,0.5,0,0,Matches,,,,,,,,,,,,,,,1,,,,,,Matches,,7,,,,,,,,,,,7,,,,Matches,,,,,,,,,,,,,,,,,,,,,Matches,alexis vossah,0.4475819719955325,0.6934271529316902,0.4475819719955325,2.707592196762562,2.048197515308857
2731,Aster Vranckx,be BEL,MF,Sassuolo,it Serie A,22.0,2002.0,16,9,690.0,7.7,0,0,0,0,0,0,2,0,0.0,0.0,0.0,0.0,0.0,Matches,0,3,1,33.3,0.39,0.13,0.0,0.0,0,0,Matches,,,,,,,,,,,,,,,0,,,,,,Matches,,9,,,,,,,,,,,0,,,,Matches,,,,,,,,,,,,,,,,,,,,,Matches,aster vranckx,0.0885750222951173,0.0952156260609626,0.0885750222951173,1.1440454255789518,1.0025428906083107
2732,Stefan de Vrij,nl NED,DF,Inter,it Serie A,33.0,1992.0,11,8,670.0,7.4,0,0,0,0,0,0,1,0,0.0,0.0,0.0,0.0,0.0,Matches,0,6,2,33.3,0.81,0.27,0.0,0.0,0,0,Matches,,,,,,,,,,,,,,,0,,,,,,Matches,,12,,,,,,,,,,,7,,,,Matches,,,,,,,,,,,,,,,,,,,,,Matches,stefan de vrij,0.3569717379286885,0.1030677296221256,0.3569717379286885,5.014415010809898,4.854875788092613
2733,İsak Vural,tr TUR,MF,Pisa,it Serie A,19.0,2006.0,15,9,752.0,8.4,0,0,0,0,0,0,4,0,0.0,0.0,0.0,0.0,0.0,Matches,0,6,1,16.7,0.72,0.12,0.0,0.0,0,0,Matches,,,,,,,,,,,,,,,0,,,,,,Matches,,7,,,,,,,,,,,2,,,,Matches,,,,,,,,,,,,,,,,,,,,,Matches,isak vural,0.761934264563024,0.1692916788160801,0.761934264563024,1.9328494872897863,1.2197597604244947
2734,Luka Vušković,hr CRO,DF,Hamburger SV,de Bundesliga,18.0,2007.0,28,27,2442.0,27.1,6,0,6,5,1,1,6,0,0.22,0.0,0.22,0.18,0.18,Matches,6,32,10,31.3,1.18,0.37,0.19,0.6,1,1,Matches,,,,,,,,,,,,,,,0,,,,,,Matches,,17,,,,,,,,,,,40,,,,Matches,,,,,,,,,,,,,,,,,,,,,Matches,luka vuskovic,4.682130139321089,0.5671260496601462,3.924353461712599,8.051702403463423,6.383656639605761
2736,Elye Wahi,ci CIV,FW,Nice,fr Ligue 1,22.0,2003.0,14,11,922.0,10.2,5,1,6,4,1,1,5,0,0.49,0.1,0.59,0.39,0.49,Matches,5,23,15,65.2,2.25,1.46,0.22,0.33,1,1,Matches,,,,,,,,,,,,,,,1,,,,,,Matches,,4,,,,,,,,,,,2,,,,Matches,,,,,,,,,,,,,,,,,,,,,Matches,elye wahi,4.234686259180307,0.7982091940939426,3.474591109901666,4.848278559744358,1.0522057861089706
2738,Hauke Wahl,de GER,DF,St Pauli,de Bundesliga,31.0,1994.0,30,29,2592.0,28.8,2,1,3,2,0,0,1,0,0.07,0.03,0.1,0.07,0.1,Matches,2,10,4,40.0,0.35,0.14,0.2,0.5,0,0,Matches,,,,,,,,,,,,,,,1,,,,,,Matches,,32,,,,,,,,,,,31,,,,Matches,,,,,,,,,,,,,,,,,,,,,Matches,hauke wahl,0.5231343070045114,0.6354480646550655,0.5231343070045114,3.7871760576963434,3.6133358404040337
2739,Luca Waldschmidt,de GER,"FW,MF",Köln,de Bundesliga,29.0,1996.0,24,7,677.0,7.5,5,4,9,3,2,2,1,0,0.66,0.53,1.2,0.4,0.93,Matches,5,26,13,50.0,3.46,1.73,0.19,0.38,2,2,Matches,,,,,,,,,,,,,,,4,,,,,,Matches,,3,,,,,,,,,,,4,,,,Matches,,,,,,,,,,,,,,,,,,,,,Matches,luca waldschmidt,,,,,
2740,Kyle Walker,eng ENG,"DF,MF",Burnley,eng Premier League,35.0,1990.0,36,35,3096.0,34.4,0,2,2,0,0,0,9,0,0.0,0.06,0.06,0.0,0.06,Matches,0,4,0,0.0,0.12,0.0,0.0,,0,0,Matches,,,,,,,,,,,,,,,2,,,,,,Matches,,32,,,,,,,,,,,43,,,,Matches,,,,,,,,,,,,,,,,,,,,,Matches,kyle walker,0.0930412104353308,1.6653890665620563,0.0930412104353308,9.239772559143605,9.072032039053738
2741,Kyle Walker-Peters,eng ENG,DF,West Ham,eng Premier League,28.0,1997.0,23,15,1383.0,15.4,1,0,1,1,0,0,2,0,0.07,0.0,0.07,0.07,0.07,Matches,1,5,3,60.0,0.33,0.2,0.2,0.33,0,0,Matches,,,,,,,,,,,,,,,0,,,,,,Matches,,30,,,,,,,,,,,9,,,,Matches,,,,,,,,,,,,,,,,,,,,,Matches,kyle walker peters,1.1882447563111782,0.3569928742945194,1.1882447563111782,4.904916271567345,3.5975223556160927
2742,Sebastian Walukiewicz,pl POL,DF,Sassuolo,it Serie A,25.0,2000.0,34,33,2852.0,31.7,0,1,1,0,0,0,7,0,0.0,0.03,0.03,0.0,0.03,Matches,0,7,0,0.0,0.22,0.0,0.0,,0,0,Matches,,,,,,,,,,,,,,,1,,,,,,Matches,,34,,,,,,,,,,,23,,,,Matches,,,,,,,,,,,,,,,,,,,,,Matches,sebastian walukiewicz,0.1800192967057228,2.0545829758048058,0.1800192967057228,8.79346252931282,7.566686389502138
2743,Aaron Wan-Bissaka,cd COD,"DF,MF",West Ham,eng Premier League,27.0,1997.0,25,23,2081.0,23.1,0,2,2,0,0,0,4,0,0.0,0.09,0.09,0.0,0.09,Matches,0,0,0,,0.0,0.0,,,0,0,Matches,,,,,,,,,,,,,,,2,,,,,,Matches,,24,,,,,,,,,,,41,,,,Matches,,,,,,,,,,,,,,,,,,,,,Matches,aaron wan bissaka,0.0,1.428995594382286,0.0,3.827808958478272,3.086061582900584
2745,James Ward-Prowse,eng ENG,MF,Burnley,eng Premier League,30.0,1994.0,13,7,684.0,7.6,0,1,1,0,0,0,1,0,0.0,0.13,0.13,0.0,0.13,Matches,0,3,2,66.7,0.39,0.26,0.0,0.0,0,0,Matches,,,,,,,,,,,,,,,1,,,,,,Matches,,4,,,,,,,,,,,15,,,,Matches,,,,,,,,,,,,,,,,,,,,,Matches,james ward prowse,0.1810428909957409,3.429459560662508,0.1810428909957409,3.5722367390990257,3.075804917141795
2746,Ollie Watkins,eng ENG,FW,Aston Villa,eng Premier League,29.0,1995.0,37,33,2839.0,31.5,16,3,19,16,0,0,4,0,0.51,0.1,0.6,0.51,0.6,Matches,16,83,38,45.8,2.63,1.2,0.19,0.42,0,0,Matches,,,,,,,,,,,,,,,3,,,,,,Matches,,14,,,,,,,,,,,5,,,,Matches,,,,,,,,,,,,,,,,,,,,,Matches,ollie watkins,18.82772558834404,2.816021606326103,18.82772558834404,21.74590409174561,4.3408186649903655
2748,Timothy Weah,us USA,"MF,DF",Marseille,fr Ligue 1,25.0,2000.0,29,26,2253.0,25.0,2,2,4,2,0,0,5,0,0.08,0.08,0.16,0.08,0.16,Matches,2,29,10,34.5,1.16,0.4,0.07,0.2,0,0,Matches,,,,,,,,,,,,,,,2,,,,,,Matches,,35,,,,,,,,,,,15,,,,Matches,,,,,,,,,,,,,,,,,,,,,Matches,timothy weah,2.7870269222185016,3.784172408282757,2.7870269222185016,17.289419043809175,12.779591096565127
2750,Nelson Weiper,de GER,FW,Mainz 05,de Bundesliga,20.0,2005.0,24,3,558.0,6.2,0,0,0,0,0,0,1,0,0.0,0.0,0.0,0.0,0.0,Matches,0,13,6,46.2,2.1,0.97,0.0,0.0,0,0,Matches,,,,,,,,,,,,,,,0,,,,,,Matches,,2,,,,,,,,,,,3,,,,Matches,,,,,,,,,,,,,,,,,,,,,Matches,nelson weiper,2.777646102011204,0.3957122415304184,2.777646102011204,1.864802185446024,0.2630641795694828
2752,Danny Welbeck,eng ENG,FW,Brighton,eng Premier League,34.0,1990.0,37,26,2258.0,25.1,13,1,14,12,1,3,5,0,0.52,0.04,0.56,0.48,0.52,Matches,13,56,28,50.0,2.23,1.12,0.23,0.46,1,3,Matches,,,,,,,,,,,,,,,1,,,,,,Matches,,14,,,,,,,,,,,8,,,,Matches,,,,,,,,,,,,,,,,,,,,,Matches,danny welbeck,12.718900069594383,2.2625304386019707,10.435393424704673,14.98485920764506,4.79668786842376
2755,Wesley,br BRA,MF,Roma,it Serie A,21.0,2003.0,30,28,2448.0,27.2,5,0,5,5,0,0,7,2,0.18,0.0,0.18,0.18,0.18,Matches,5,25,13,52.0,0.92,0.48,0.2,0.38,0,0,Matches,,,,,,,,,,,,,,,0,,,,,,Matches,,40,,,,,,,,,,,23,,,,Matches,,,,,,,,,,,,,,,,,,,,,Matches,wesley,0.0101176528260111,0.0,0.0101176528260111,0.0711119649931788,0.0609943121671676
2756,Adam Wharton,eng ENG,MF,Crystal Palace,eng Premier League,21.0,2004.0,34,29,2552.0,28.4,1,5,6,1,0,0,6,1,0.04,0.18,0.21,0.04,0.21,Matches,1,32,6,18.8,1.13,0.21,0.03,0.17,0,0,Matches,,,,,,,,,,,,,,,5,,,,,,Matches,,36,,,,,,,,,,,27,,,,Matches,,,,,,,,,,,,,,,,,,,,,Matches,adam wharton,1.1520960042253137,6.6245664320886135,1.1520960042253137,14.679165456444023,10.561547454446554
2757,Ben White,eng ENG,DF,Arsenal,eng Premier League,27.0,1997.0,12,9,702.0,7.8,0,1,1,0,0,0,0,0,0.0,0.13,0.13,0.0,0.13,Matches,0,5,1,20.0,0.64,0.13,0.0,0.0,0,0,Matches,,,,,,,,,,,,,,,1,,,,,,Matches,,9,,,,,,,,,,,9,,,,Matches,,,,,,,,,,,,,,,,,,,,,Matches,ben white,0.2829237170517444,1.557781394571066,0.2829237170517444,4.4763969369232655,3.178620528429746
2758,Silvan Widmer,ch SUI,MF,Mainz 05,de Bundesliga,32.0,1993.0,27,22,1810.0,20.1,2,1,3,2,0,0,5,0,0.1,0.05,0.15,0.1,0.15,Matches,2,20,4,20.0,0.99,0.2,0.1,0.5,0,0,Matches,,,,,,,,,,,,,,,1,,,,,,Matches,,27,,,,,,,,,,,18,,,,Matches,,,,,,,,,,,,,,,,,,,,,Matches,silvan widmer,2.7386183850467205,1.8089449182152748,2.7386183850467205,7.704604331403971,4.957497945055366
2759,Mats Wieffer,nl NED,DF,Brighton,eng Premier League,25.0,1999.0,26,23,1903.0,21.1,2,3,5,2,0,0,8,0,0.09,0.14,0.24,0.09,0.24,Matches,2,18,6,33.3,0.85,0.28,0.11,0.33,0,0,Matches,,,,,,,,,,,,,,,3,,,,,,Matches,,43,,,,,,,,,,,24,,,,Matches,,,,,,,,,,,,,,,,,,,,,Matches,mats wieffer,1.9274322018027303,2.8690227568149567,1.9274322018027303,10.283977266401052,8.267712463624775
2760,Iñaki Williams,gh GHA,"MF,FW",Athletic Club,es La Liga,31.0,1994.0,30,25,2157.0,24.0,3,6,9,2,1,1,2,0,0.13,0.25,0.38,0.08,0.33,Matches,3,57,20,35.1,2.38,0.83,0.05,0.15,1,1,Matches,,,,,,,,,,,,,,,6,,,,,,Matches,,9,,,,,,,,,,,8,,,,Matches,,,,,,,,,,,,,,,,,,,,,Matches,inaki williams,8.660440864041448,4.209227036684752,7.9171632546931505,12.954110903665423,3.731445241719484
2761,Neco Williams,wls WAL,DF,Nottingham,eng Premier League,24.0,2001.0,37,36,3204.0,35.6,2,3,5,2,0,0,6,1,0.06,0.08,0.14,0.06,0.14,Matches,2,46,19,41.3,1.29,0.53,0.04,0.11,0,0,Matches,,,,,,,,,,,,,,,3,,,,,,Matches,,61,,,,,,,,,,,46,,,,Matches,,,,,,,,,,,,,,,,,,,,,Matches,neco williams,1.8705778289586303,4.3956019571051,1.8705778289586303,12.105098510161042,9.00960880704224
2762,Nico Williams,es ESP,MF,Athletic Club,es La Liga,23.0,2002.0,25,20,1674.0,18.6,6,3,9,5,1,2,2,0,0.32,0.16,0.48,0.27,0.43,Matches,6,46,16,34.8,2.47,0.86,0.13,0.38,1,2,Matches,,,,,,,,,,,,,,,3,,,,,,Matches,,9,,,,,,,,,,,7,,,,Matches,,,,,,,,,,,,,,,,,,,,,Matches,nico williams,5.862554809078574,4.138543902896345,4.375999530777335,10.798387989401816,3.284014131873846
2763,Estêvão Willian,br BRA,MF,Chelsea,eng Premier League,18.0,2007.0,22,12,848.0,9.4,2,2,4,2,0,0,4,0,0.21,0.21,0.42,0.21,0.42,Matches,2,28,8,28.6,2.97,0.85,0.07,0.25,0,0,Matches,,,,,,,,,,,,,,,2,,,,,,Matches,,6,,,,,,,,,,,4,,,,Matches,,,,,,,,,,,,,,,,,,,,,Matches,estevao willian,3.874036334455013,2.8163073528558016,3.874036334455013,9.267625011503696,3.582291418686509
2764,Joe Willock,eng ENG,MF,Newcastle,eng Premier League,25.0,1999.0,24,10,983.0,10.9,0,2,2,0,0,0,3,0,0.0,0.18,0.18,0.0,0.18,Matches,0,17,6,35.3,1.56,0.55,0.0,0.0,0,0,Matches,,,,,,,,,,,,,,,2,,,,,,Matches,,15,,,,,,,,,,,7,,,,Matches,,,,,,,,,,,,,,,,,,,,,Matches,joe willock,1.3859424609690905,2.0978056583553557,1.3859424609690905,5.043021183460951,3.405696664005518
2765,Callum Wilson,eng ENG,FW,West Ham,eng Premier League,33.0,1992.0,32,11,1251.0,13.9,7,1,8,7,0,0,1,0,0.5,0.07,0.58,0.5,0.58,Matches,7,38,16,42.1,2.73,1.15,0.18,0.44,0,0,Matches,,,,,,,,,,,,,,,1,,,,,,Matches,,2,,,,,,,,,,,3,,,,Matches,,,,,,,,,,,,,,,,,,,,,Matches,callum wilson,7.60266119800508,1.0267592892050743,7.60266119800508,6.896431270986795,0.6376099903136492
2766,Harry Wilson,wls WAL,MF,Fulham,eng Premier League,28.0,1997.0,36,32,2673.0,29.7,10,7,17,10,0,0,7,0,0.34,0.24,0.57,0.34,0.57,Matches,10,78,25,32.1,2.63,0.84,0.13,0.4,0,0,Matches,,,,,,,,,,,,,,,7,,,,,,Matches,,19,,,,,,,,,,,16,,,,Matches,,,,,,,,,,,,,,,,,,,,,Matches,harry wilson,5.759745923802257,5.503671173006296,5.759745923802257,11.091712068766356,4.132661418989301
2767,Patrick Wimmer,at AUT,MF,Wolfsburg,de Bundesliga,24.0,2001.0,25,21,1621.0,18.0,4,3,7,4,0,0,4,0,0.22,0.17,0.39,0.22,0.39,Matches,4,24,8,33.3,1.33,0.44,0.17,0.5,0,0,Matches,,,,,,,,,,,,,,,3,,,,,,Matches,,20,,,,,,,,,,,23,,,,Matches,,,,,,,,,,,,,,,,,,,,,Matches,patrick wimmer,3.6373985055834055,2.249568970873952,3.6373985055834055,8.324480776675045,3.472630725242197
2768,Jonas Wind,dk DEN,FW,Wolfsburg,de Bundesliga,26.0,1999.0,11,5,481.0,5.3,1,0,1,1,0,0,1,0,0.19,0.0,0.19,0.19,0.19,Matches,1,9,6,66.7,1.68,1.12,0.11,0.17,0,0,Matches,,,,,,,,,,,,,,,0,,,,,,Matches,,0,,,,,,,,,,,0,,,,Matches,,,,,,,,,,,,,,,,,,,,,Matches,jonas wind,1.382240418344736,0.2623850591480732,1.382240418344736,2.308900620788336,1.0269743390381336
2770,Florian Wirtz,de GER,MF,Liverpool,eng Premier League,22.0,2003.0,33,27,2378.0,26.4,5,3,8,5,0,0,1,0,0.19,0.11,0.3,0.19,0.3,Matches,5,51,18,35.3,1.93,0.68,0.1,0.28,0,0,Matches,,,,,,,,,,,,,,,3,,,,,,Matches,,26,,,,,,,,,,,12,,,,Matches,,,,,,,,,,,,,,,,,,,,,Matches,florian wirtz,7.576831823214889,5.384264823049307,7.576831823214889,20.641500685364008,10.743050179444252
2771,Yoane Wissa,cd COD,FW,Newcastle,eng Premier League,28.0,1996.0,19,4,531.0,5.9,1,1,2,1,0,0,3,0,0.17,0.17,0.34,0.17,0.34,Matches,1,13,5,38.5,2.2,0.85,0.08,0.2,0,0,Matches,,,,,,,,,,,,,,,1,,,,,,Matches,,5,,,,,,,,,,,0,,,,Matches,,,,,,,,,,,,,,,,,,,,,Matches,yoane wissa,3.238182602450252,0.1695390567183494,3.238182602450252,4.3540798760950565,1.3058659806847572
2772,Axel Witsel,be BEL,MF,Girona,es La Liga,36.0,1989.0,32,30,2526.0,28.1,1,2,3,1,0,0,2,1,0.04,0.07,0.11,0.04,0.11,Matches,1,20,5,25.0,0.71,0.18,0.05,0.2,0,0,Matches,,,,,,,,,,,,,,,2,,,,,,Matches,,24,,,,,,,,,,,30,,,,Matches,,,,,,,,,,,,,,,,,,,,,Matches,axel witsel,2.5918547697365284,2.218277433887124,2.5918547697365284,10.09136007912457,9.34759215824306
2774,Marius Wolf,de GER,MF,Augsburg,de Bundesliga,30.0,1995.0,29,12,1019.0,11.3,1,1,2,1,0,0,4,0,0.09,0.09,0.18,0.09,0.18,Matches,1,14,5,35.7,1.24,0.44,0.07,0.2,0,0,Matches,,,,,,,,,,,,,,,1,,,,,,Matches,,10,,,,,,,,,,,13,,,,Matches,,,,,,,,,,,,,,,,,,,,,Matches,marius wolf,1.7143956972286103,3.691459383815527,1.7143956972286103,4.361116588115692,1.4035527957603335
2776,Nick Woltemade,de GER,"FW,MF",Newcastle,eng Premier League,23.0,2002.0,33,24,1902.0,21.1,8,3,11,7,1,1,0,0,0.38,0.14,0.52,0.33,0.47,Matches,8,32,13,40.6,1.51,0.62,0.25,0.62,1,1,Matches,,,,,,,,,,,,,,,3,,,,,,Matches,,13,,,,,,,,,,,5,,,,Matches,,,,,,,,,,,,,,,,,,,,,Matches,nick woltemade,8.262036986649036,2.9012854490429163,7.500868149101734,8.79227769561112,2.300962809473276
2777,Jeong Woo-yeong,kr KOR,"MF,FW",Union Berlin,de Bundesliga,25.0,1999.0,28,13,1197.0,13.3,4,1,5,4,0,0,0,0,0.3,0.08,0.38,0.3,0.38,Matches,4,22,8,36.4,1.65,0.6,0.18,0.5,0,0,Matches,,,,,,,,,,,,,,,1,,,,,,Matches,,7,,,,,,,,,,,8,,,,Matches,,,,,,,,,,,,,,,,,,,,,Matches,jeong woo yeong,2.681515445932746,0.4271412957459688,2.681515445932746,4.1683559119701385,1.4844767227768898
2778,Chris Wood,nz NZL,FW,Nottingham,eng Premier League,33.0,1991.0,15,11,901.0,10.0,3,0,3,3,0,0,0,0,0.3,0.0,0.3,0.3,0.3,Matches,3,23,9,39.1,2.3,0.9,0.13,0.33,0,0,Matches,,,,,,,,,,,,,,,0,,,,,,Matches,,1,,,,,,,,,,,1,,,,Matches,,,,,,,,,,,,,,,,,,,,,Matches,chris wood,3.365151971578598,0.321694266051054,3.365151971578598,3.2678276151418686,0.5070263929665089
2781,Joe Worrall,eng ENG,DF,Burnley,eng Premier League,28.0,1997.0,11,5,500.0,5.6,0,0,0,0,0,0,0,0,0.0,0.0,0.0,0.0,0.0,Matches,0,1,0,0.0,0.18,0.0,0.0,,0,0,Matches,,,,,,,,,,,,,,,0,,,,,,Matches,,2,,,,,,,,,,,6,,,,Matches,,,,,,,,,,,,,,,,,,,,,Matches,joe worrall,0.0381001383066177,0.0,0.0381001383066177,0.5445791333913803,0.5064789950847626
2783,Granit Xhaka,ch SUI,MF,Sunderland,eng Premier League,32.0,1992.0,34,32,2904.0,32.3,1,6,7,1,0,0,8,0,0.03,0.19,0.22,0.03,0.22,Matches,1,21,5,23.8,0.65,0.15,0.05,0.2,0,0,Matches,,,,,,,,,,,,,,,6,,,,,,Matches,,33,,,,,,,,,,,29,,,,Matches,,,,,,,,,,,,,,,,,,,,,Matches,granit xhaka,0.8072718912735581,3.7049803622066975,0.8072718912735581,10.455324796028435,8.981416845694184
2784,Lamine Yamal,es ESP,"MF,FW",Barcelona,es La Liga,18.0,2007.0,28,26,2262.0,25.1,16,11,27,13,3,4,1,0,0.64,0.44,1.07,0.52,0.95,Matches,16,117,37,31.6,4.66,1.47,0.14,0.43,3,4,Matches,,,,,,,,,,,,,,,11,,,,,,Matches,,20,,,,,,,,,,,8,,,,Matches,,,,,,,,,,,,,,,,,,,,,Matches,lamine yamal,14.664689928293228,12.566995456814766,11.691579438745975,33.655128441751,15.989167042076588
2786,Roman Yaremchuk,ua UKR,FW,Lyon,fr Ligue 1,29.0,1995.0,11,5,561.0,6.2,4,1,5,4,0,0,1,0,0.64,0.16,0.8,0.64,0.8,Matches,4,16,6,37.5,2.57,0.96,0.25,0.67,0,0,Matches,,,,,,,,,,,,,,,1,,,,,,Matches,,3,,,,,,,,,,,0,,,,Matches,,,,,,,,,,,,,,,,,,,,,Matches,roman yaremchuk,3.279270388185978,0.6049698125571012,3.279270388185978,4.823097825050354,1.034571833908558
2787,Yehor Yarmoliuk,ua UKR,MF,Brentford,eng Premier League,21.0,2004.0,37,30,2659.0,29.5,1,2,3,1,0,0,7,0,0.03,0.07,0.1,0.03,0.1,Matches,1,16,4,25.0,0.54,0.14,0.06,0.25,0,0,Matches,,,,,,,,,,,,,,,2,,,,,,Matches,,46,,,,,,,,,,,28,,,,Matches,,,,,,,,,,,,,,,,,,,,,Matches,yehor yarmoliuk,,,,,
2788,Gessime Yassine,ma MAR,MF,Strasbourg,fr Ligue 1,19.0,2005.0,12,6,510.0,5.7,0,1,1,0,0,0,0,0,0.0,0.18,0.18,0.0,0.18,Matches,0,8,1,12.5,1.41,0.18,0.0,0.0,0,0,Matches,,,,,,,,,,,,,,,1,,,,,,Matches,,9,,,,,,,,,,,1,,,,Matches,,,,,,,,,,,,,,,,,,,,,Matches,gessime yassine,0.5050588417798281,1.593078263103962,0.5050588417798281,2.7707884162664413,1.095685675740242
2789,Ryan Yates,eng ENG,MF,Nottingham,eng Premier League,27.0,1997.0,22,2,617.0,6.9,0,2,2,0,0,0,3,0,0.0,0.29,0.29,0.0,0.29,Matches,0,9,2,22.2,1.31,0.29,0.0,0.0,0,0,Matches,,,,,,,,,,,,,,,2,,,,,,Matches,,10,,,,,,,,,,,9,,,,Matches,,,,,,,,,,,,,,,,,,,,,Matches,ryan yates,0.674801416695118,0.2274915445595979,0.674801416695118,3.2866642624139786,2.774006627500057
2790,Terry Yegbe,gh GHA,DF,Metz,fr Ligue 1,24.0,2001.0,24,22,1963.0,21.8,0,1,1,0,0,0,3,0,0.0,0.05,0.05,0.0,0.05,Matches,0,6,2,33.3,0.28,0.09,0.0,0.0,0,0,Matches,,,,,,,,,,,,,,,1,,,,,,Matches,,7,,,,,,,,,,,22,,,,Matches,,,,,,,,,,,,,,,,,,,,,Matches,terry yegbe,1.2832730244845152,0.4399317279458046,1.2832730244845152,2.7807160019874573,2.70413526147604
2792,Kenan Yıldız,tr TUR,"MF,FW",Juventus,it Serie A,20.0,2005.0,36,33,2825.0,31.4,10,6,16,9,1,2,2,0,0.32,0.19,0.51,0.29,0.48,Matches,10,97,40,41.2,3.09,1.27,0.1,0.25,1,2,Matches,,,,,,,,,,,,,,,6,,,,,,Matches,,14,,,,,,,,,,,7,,,,Matches,,,,,,,,,,,,,,,,,,,,,Matches,kenan y ld z,,,,,
2793,Darlin Yongwa,cm CMR,"DF,MF",Lorient,fr Ligue 1,24.0,2000.0,23,14,1312.0,14.6,0,1,1,0,0,0,4,1,0.0,0.07,0.07,0.0,0.07,Matches,0,10,2,20.0,0.69,0.14,0.0,0.0,0,0,Matches,,,,,,,,,,,,,,,1,,,,,,Matches,,24,,,,,,,,,,,11,,,,Matches,,,,,,,,,,,,,,,,,,,,,Matches,darlin yongwa,0.7409866116940975,2.4014131873846054,0.7409866116940975,4.1103757210075855,1.5042753145098686
2794,Leny Yoro,fr FRA,DF,Manchester Utd,eng Premier League,19.0,2005.0,32,18,1740.0,19.3,0,0,0,0,0,0,1,0,0.0,0.0,0.0,0.0,0.0,Matches,0,9,3,33.3,0.47,0.16,0.0,0.0,0,0,Matches,,,,,,,,,,,,,,,0,,,,,,Matches,,20,,,,,,,,,,,31,,,,Matches,,,,,,,,,,,,,,,,,,,,,Matches,leny yoro,1.247398313134909,0.2197452150285244,1.247398313134909,4.670362060889602,4.498527536168695
2795,Ali Yousuf,ly LBY,DF,Nantes,fr Ligue 1,24.0,2001.0,13,10,969.0,10.8,0,0,0,0,0,0,4,0,0.0,0.0,0.0,0.0,0.0,Matches,0,6,1,16.7,0.56,0.09,0.0,0.0,0,0,Matches,,,,,,,,,,,,,,,0,,,,,,Matches,,7,,,,,,,,,,,18,,,,Matches,,,,,,,,,,,,,,,,,,,,,Matches,ali yousuf,,,,,
2797,Illia Zabarnyi,ua UKR,DF,PSG,fr Ligue 1,22.0,2002.0,28,26,2387.0,26.5,1,0,1,1,0,0,6,0,0.04,0.0,0.04,0.04,0.04,Matches,1,4,3,75.0,0.15,0.11,0.25,0.33,0,0,Matches,,,,,,,,,,,,,,,0,,,,,,Matches,,20,,,,,,,,,,,20,,,,Matches,,,,,,,,,,,,,,,,,,,,,Matches,illia zabarnyi,0.5713930502533913,0.1647182032465934,0.5713930502533913,13.267120525240898,13.244858965277672
2799,Mattia Zaccagni,it ITA,FW,Lazio,it Serie A,30.0,1995.0,26,26,2104.0,23.4,3,0,3,3,0,1,6,1,0.13,0.0,0.13,0.13,0.13,Matches,3,34,14,41.2,1.45,0.6,0.09,0.21,0,1,Matches,,,,,,,,,,,,,,,0,,,,,,Matches,,21,,,,,,,,,,,20,,,,Matches,,,,,,,,,,,,,,,,,,,,,Matches,mattia zaccagni,6.383842973038554,2.789195232093334,5.622544137760997,9.418848052620888,4.15836684871465
2803,Stephan Zagadou,fr FRA,DF,Le Havre,fr Ligue 1,16.0,2008.0,8,6,495.0,5.5,1,0,1,1,0,0,0,1,0.18,0.0,0.18,0.18,0.18,Matches,1,1,1,100.0,0.18,0.18,1.0,1.0,0,0,Matches,,,,,,,,,,,,,,,0,,,,,,Matches,,5,,,,,,,,,,,1,,,,Matches,,,,,,,,,,,,,,,,,,,,,Matches,stephan zagadou,0.100525863468647,0.1055814241990447,0.100525863468647,0.8398977145552635,0.8263909742236137
2804,Warren Zaïre-Emery,fr FRA,"DF,MF",PSG,fr Ligue 1,19.0,2006.0,32,27,2447.0,27.2,3,4,7,3,0,0,3,0,0.11,0.15,0.26,0.11,0.26,Matches,3,19,7,36.8,0.7,0.26,0.16,0.43,0,0,Matches,,,,,,,,,,,,,,,4,,,,,,Matches,,29,,,,,,,,,,,11,,,,Matches,,,,,,,,,,,,,,,,,,,,,Matches,warren zaire emery,2.0695376126095653,4.277606188319624,2.0695376126095653,20.938116820529103,16.631349600851536
2805,Denis Zakaria,ch SUI,"DF,MF",Monaco,fr Ligue 1,28.0,1996.0,24,23,2031.0,22.6,2,1,3,2,0,0,4,1,0.09,0.04,0.13,0.09,0.13,Matches,2,18,3,16.7,0.8,0.13,0.11,0.67,0,0,Matches,,,,,,,,,,,,,,,1,,,,,,Matches,,25,,,,,,,,,,,45,,,,Matches,,,,,,,,,,,,,,,,,,,,,Matches,denis zakaria,2.5516049545258284,1.4270154759287834,2.5516049545258284,7.711904387921095,6.586218696087599
2806,Arsen Zakharyan,ru RUS,MF,Real Sociedad,es La Liga,22.0,2003.0,17,3,458.0,5.1,0,0,0,0,0,0,2,0,0.0,0.0,0.0,0.0,0.0,Matches,0,14,3,21.4,2.75,0.59,0.0,0.0,0,0,Matches,,,,,,,,,,,,,,,0,,,,,,Matches,,6,,,,,,,,,,,2,,,,Matches,,,,,,,,,,,,,,,,,,,,,Matches,arsen zakharyan,1.1044645830988884,1.1248002797365189,1.1044645830988884,2.9856996089220047,1.2410607375204563
2807,Nicola Zalewski,pl POL,MF,Atalanta,it Serie A,23.0,2002.0,33,24,1897.0,21.1,2,4,6,2,0,0,3,0,0.09,0.19,0.28,0.09,0.28,Matches,2,38,7,18.4,1.8,0.33,0.05,0.29,0,0,Matches,,,,,,,,,,,,,,,4,,,,,,Matches,,20,,,,,,,,,,,16,,,,Matches,,,,,,,,,,,,,,,,,,,,,Matches,nicola zalewski,3.13883500918746,5.143455224111676,3.13883500918746,10.349049489945171,5.962576111778617
2808,Nicolò Zaniolo,it ITA,"FW,MF",Udinese,it Serie A,26.0,1999.0,32,28,2257.0,25.1,5,6,11,5,0,0,8,0,0.2,0.24,0.44,0.2,0.44,Matches,5,72,22,30.6,2.87,0.88,0.07,0.23,0,0,Matches,,,,,,,,,,,,,,,6,,,,,,Matches,,21,,,,,,,,,,,4,,,,Matches,,,,,,,,,,,,,,,,,,,,,Matches,nicolo zaniolo,6.143913544714451,5.693028134293854,6.143913544714451,12.040764158591628,3.449165239930153
2809,Alessandro Zanoli,it ITA,MF,Udinese,it Serie A,24.0,2000.0,19,16,1280.0,14.2,1,2,3,1,0,0,1,0,0.07,0.14,0.21,0.07,0.21,Matches,1,3,1,33.3,0.21,0.07,0.33,1.0,0,0,Matches,,,,,,,,,,,,,,,2,,,,,,Matches,,18,,,,,,,,,,,7,,,,Matches,,,,,,,,,,,,,,,,,,,,,Matches,alessandro zanoli,0.0999864116311073,1.5538526717573404,0.0999864116311073,3.543575694784522,2.3799541387706995
2810,Duván Zapata,co COL,FW,Torino,it Serie A,34.0,1991.0,28,11,1103.0,12.3,3,1,4,3,0,1,0,0,0.24,0.08,0.33,0.24,0.33,Matches,3,34,15,44.1,2.77,1.22,0.09,0.2,0,1,Matches,,,,,,,,,,,,,,,1,,,,,,Matches,,2,,,,,,,,,,,1,,,,Matches,,,,,,,,,,,,,,,,,,,,,Matches,duvan zapata,4.402640111744404,2.6804053094238043,3.641341291368008,5.999322157353163,0.5478684362024069
2811,Gabriele Zappa,it ITA,"DF,MF",Cagliari,it Serie A,25.0,1999.0,31,18,1597.0,17.7,0,3,3,0,0,0,2,0,0.0,0.17,0.17,0.0,0.17,Matches,0,11,2,18.2,0.62,0.11,0.0,0.0,0,0,Matches,,,,,,,,,,,,,,,3,,,,,,Matches,,17,,,,,,,,,,,18,,,,Matches,,,,,,,,,,,,,,,,,,,,,Matches,gabriele zappa,1.1292200051248074,2.106568494811654,1.1292200051248074,6.058917995542288,4.171539556235075
2812,Davide Zappacosta,it ITA,MF,Atalanta,it Serie A,33.0,1992.0,35,30,2569.0,28.5,3,3,6,3,0,0,3,0,0.11,0.11,0.21,0.11,0.21,Matches,3,37,9,24.3,1.3,0.32,0.08,0.33,0,0,Matches,,,,,,,,,,,,,,,3,,,,,,Matches,,14,,,,,,,,,,,18,,,,Matches,,,,,,,,,,,,,,,,,,,,,Matches,davide zappacosta,3.226649757474661,4.505483852699399,3.226649757474661,14.347047809511425,9.38390316069126
2814,Bryan Zaragoza,es ESP,"FW,MF",Celta Vigo,es La Liga,23.0,2001.0,19,13,1131.0,12.6,1,1,2,0,1,1,1,0,0.08,0.08,0.16,0.0,0.08,Matches,1,26,12,46.2,2.07,0.95,0.04,0.08,1,1,Matches,,,,,,,,,,,,,,,1,,,,,,Matches,,5,,,,,,,,,,,2,,,,Matches,,,,,,,,,,,,,,,,,,,,,Matches,bryan zaragoza,1.910445837303996,2.2636110819876194,1.1671682186424732,6.203656457364559,4.05707526486367
2815,Oier Zarraga,es ESP,MF,Udinese,it Serie A,26.0,1999.0,24,2,475.0,5.3,0,0,0,0,0,0,2,0,0.0,0.0,0.0,0.0,0.0,Matches,0,4,1,25.0,0.76,0.19,0.0,0.0,0,0,Matches,,,,,,,,,,,,,,,0,,,,,,Matches,,6,,,,,,,,,,,7,,,,Matches,,,,,,,,,,,,,,,,,,,,,Matches,oier zarraga,0.5969471037387848,0.1326537951827049,0.5969471037387848,1.634027755819261,1.019283807836473
2817,Aaron Zehnter,de GER,"DF,MF",Wolfsburg,de Bundesliga,20.0,2004.0,20,17,1456.0,16.2,2,0,2,2,0,0,0,0,0.12,0.0,0.12,0.12,0.12,Matches,2,11,5,45.5,0.68,0.31,0.18,0.4,0,0,Matches,,,,,,,,,,,,,,,0,,,,,,Matches,,10,,,,,,,,,,,16,,,,Matches,,,,,,,,,,,,,,,,,,,,,Matches,aaron zehnter,1.8096191370859744,1.0538889579474926,1.8096191370859744,5.76640553586185,3.103568371385336
2818,Jordan Zemura,zw ZIM,"MF,DF",Udinese,it Serie A,25.0,1999.0,17,13,1127.0,12.5,0,1,1,0,0,0,3,0,0.0,0.08,0.08,0.0,0.08,Matches,0,5,1,20.0,0.4,0.08,0.0,0.0,0,0,Matches,,,,,,,,,,,,,,,1,,,,,,Matches,,17,,,,,,,,,,,6,,,,Matches,,,,,,,,,,,,,,,,,,,,,Matches,jordan zemura,0.3313146717846393,1.270031085237861,0.3313146717846393,2.144699914380908,1.7161248307675123
2819,Robin Zentner,de GER,GK,Mainz 05,de Bundesliga,30.0,1994.0,10,10,876.0,9.7,0,0,0,0,0,0,2,1,0.0,0.0,0.0,0.0,0.0,Matches,0,0,0,,0.0,0.0,,,0,0,Matches,,,,,,,,,,,,,,,0,,,,,,Matches,,0,,,,,,,,,,,0,,,,Matches,,,,,,,,,,,,,,,,,,,,,Matches,robin zentner,0.0,0.0,0.0,0.803024910390377,0.803024910390377
2820,Alessio Zerbin,it ITA,MF,Cremonese,it Serie A,26.0,1999.0,32,17,1646.0,18.3,0,3,3,0,0,0,1,0,0.0,0.16,0.16,0.0,0.16,Matches,0,21,7,33.3,1.15,0.38,0.0,0.0,0,0,Matches,,,,,,,,,,,,,,,3,,,,,,Matches,,20,,,,,,,,,,,3,,,,Matches,,,,,,,,,,,,,,,,,,,,,Matches,alessio zerbin,1.82145987264812,2.4866941403597598,1.82145987264812,5.13411957398057,1.9741908451542256
2821,Cedric Zesiger,ch SUI,DF,Augsburg,de Bundesliga,27.0,1998.0,27,20,1816.0,20.2,0,0,0,0,0,0,7,0,0.0,0.0,0.0,0.0,0.0,Matches,0,12,3,25.0,0.59,0.15,0.0,0.0,0,0,Matches,,,,,,,,,,,,,,,0,,,,,,Matches,,24,,,,,,,,,,,17,,,,Matches,,,,,,,,,,,,,,,,,,,,,Matches,cedric zesiger,1.7500400636345148,0.5558719579130411,1.7500400636345148,4.428809206932783,3.970293586142361
2822,Michael Zetterer,de GER,GK,Frankfurt,de Bundesliga,30.0,1995.0,22,21,1976.0,22.0,0,0,0,0,0,0,1,0,0.0,0.0,0.0,0.0,0.0,Matches,0,0,0,,0.0,0.0,,,0,0,Matches,,,,,,,,,,,,,,,0,,,,,,Matches,,1,,,,,,,,,,,1,,,,Matches,,,,,,,,,,,,,,,,,,,,,Matches,michael zetterer,0.0,0.0,0.0,3.528816443867981,3.528816443867981
2824,Piotr Zieliński,pl POL,MF,Inter,it Serie A,31.0,1994.0,34,22,2045.0,22.7,6,3,9,5,1,1,3,0,0.26,0.13,0.4,0.22,0.35,Matches,6,29,10,34.5,1.28,0.44,0.21,0.6,1,1,Matches,,,,,,,,,,,,,,,3,,,,,,Matches,,19,,,,,,,,,,,7,,,,Matches,,,,,,,,,,,,,,,,,,,,,Matches,piotr zielinski,2.100138319656253,4.237796379253268,1.338839491829276,13.946551250293853,11.256322965025902
2827,Jan Ziółkowski,pl POL,DF,Roma,it Serie A,20.0,2005.0,18,5,517.0,5.7,0,0,0,0,0,0,3,0,0.0,0.0,0.0,0.0,0.0,Matches,0,2,0,0.0,0.35,0.0,0.0,,0,0,Matches,,,,,,,,,,,,,,,0,,,,,,Matches,,14,,,,,,,,,,,7,,,,Matches,,,,,,,,,,,,,,,,,,,,,Matches,jan zio kowski,,,,,
2828,Joshua Zirkzee,nl NED,"FW,MF",Manchester Utd,eng Premier League,24.0,2001.0,24,5,626.0,7.0,2,1,3,2,0,0,3,0,0.29,0.14,0.43,0.29,0.43,Matches,2,25,9,36.0,3.59,1.29,0.08,0.22,0,0,Matches,,,,,,,,,,,,,,,1,,,,,,Matches,,6,,,,,,,,,,,1,,,,Matches,,,,,,,,,,,,,,,,,,,,,Matches,joshua zirkzee,3.846635088324547,1.2162351589649916,3.846635088324547,6.710166962817311,2.60221391543746
2829,Budu Zivzivadze,ge GEO,FW,Heidenheim,de Bundesliga,31.0,1994.0,20,14,1142.0,12.7,6,0,6,6,0,0,2,1,0.47,0.0,0.47,0.47,0.47,Matches,6,28,14,50.0,2.21,1.1,0.21,0.43,0,0,Matches,,,,,,,,,,,,,,,0,,,,,,Matches,,10,,,,,,,,,,,1,,,,Matches,,,,,,,,,,,,,,,,,,,,,Matches,budu zivzivadze,5.819976218044758,0.9086363017559052,5.819976218044758,5.734111532568932,0.7583490833640099
2831,Nadir Zortea,it ITA,DF,Bologna,it Serie A,26.0,1999.0,32,16,1819.0,20.2,0,2,2,0,0,0,2,0,0.0,0.1,0.1,0.0,0.1,Matches,0,11,1,9.1,0.54,0.05,0.0,0.0,0,0,Matches,,,,,,,,,,,,,,,2,,,,,,Matches,,17,,,,,,,,,,,20,,,,Matches,,,,,,,,,,,,,,,,,,,,,Matches,nadir zortea,0.4220857946202159,2.858346225693822,0.4220857946202159,5.77900561131537,3.2570625115185976
2832,Yanis Zouaoui,dz ALG,"DF,MF",Le Havre,fr Ligue 1,27.0,1998.0,30,28,2338.0,26.0,1,1,2,0,1,1,7,0,0.04,0.04,0.08,0.0,0.04,Matches,1,16,5,31.3,0.62,0.19,0.06,0.2,1,1,Matches,,,,,,,,,,,,,,,1,,,,,,Matches,,30,,,,,,,,,,,27,,,,Matches,,,,,,,,,,,,,,,,,,,,,Matches,yanis zouaoui,1.2848391653969884,3.175815327093005,0.524744008667767,6.167215092107654,5.196353107690811
2833,Igor Zubeldia,es ESP,DF,Real Sociedad,es La Liga,28.0,1997.0,25,23,2082.0,23.1,0,1,1,0,0,0,9,0,0.0,0.04,0.04,0.0,0.04,Matches,0,6,1,16.7,0.26,0.04,0.0,0.0,0,0,Matches,,,,,,,,,,,,,,,1,,,,,,Matches,,21,,,,,,,,,,,23,,,,Matches,,,,,,,,,,,,,,,,,,,,,Matches,igor zubeldia,0.3188817761838436,0.6090575475245714,0.3188817761838436,6.32798408344388,5.914616275578737
2834,Martín Zubimendi,es ESP,MF,Arsenal,eng Premier League,26.0,1999.0,38,34,2992.0,33.2,5,1,6,5,0,0,4,0,0.15,0.03,0.18,0.15,0.18,Matches,5,27,9,33.3,0.81,0.27,0.19,0.56,0,0,Matches,,,,,,,,,,,,,,,1,,,,,,Matches,,39,,,,,,,,,,,39,,,,Matches,,,,,,,,,,,,,,,,,,,,,Matches,martin zubimendi,2.944296659901738,1.087823610752821,2.944296659901738,13.476701468229294,11.17571103386581
2835,Martin Ødegaard,no NOR,MF,Arsenal,eng Premier League,26.0,1998.0,24,16,1369.0,15.2,1,6,7,1,0,0,0,0,0.07,0.39,0.46,0.07,0.46,Matches,1,22,8,36.4,1.45,0.53,0.05,0.13,0,0,Matches,,,,,,,,,,,,,,,6,,,,,,Matches,,9,,,,,,,,,,,7,,,,Matches,,,,,,,,,,,,,,,,,,,,,Matches,martin degaard,,,,,
2836,Leo Østigård,no NOR,DF,Genoa,it Serie A,25.0,1999.0,30,30,2622.0,29.1,5,1,6,5,0,0,7,0,0.17,0.03,0.21,0.17,0.21,Matches,5,22,12,54.5,0.76,0.41,0.23,0.42,0,0,Matches,,,,,,,,,,,,,,,1,,,,,,Matches,,27,,,,,,,,,,,30,,,,Matches,,,,,,,,,,,,,,,,,,,,,Matches,leo stigard,2.920729400590062,0.8717853697016835,2.920729400590062,6.932035542093217,5.880535993725061
