Rk,Player,Nation,Pos,Squad,Comp,Age,Born,Playing Time_MP,Playing Time_Starts,Playing Time_Min,Playing Time_90s,Performance_Gls,Performance_Ast,Performance_G+A,Performance_G-PK,Performance_PK,Performance_PKatt,Performance_CrdY,Performance_CrdR,Per 90 Minutes_Gls,Per 90 Minutes_Ast,Per 90 Minutes_G+A,Per 90 Minutes_G-PK,Per 90 Minutes_G+A-PK,Matches,Standard_Gls,Standard_Sh,Standard_SoT,Standard_SoT%,Standard_Sh/90,Standard_SoT/90,Standard_G/Sh,Standard_G/SoT,Standard_PK,Standard_PKatt,Matches_shooting,Total_Cmp,Total_Att,Total_Cmp%,Total_TotDist,Total_PrgDist,Short_Cmp,Short_Att,Short_Cmp%,Medium_Cmp,Medium_Att,Medium_Cmp%,Long_Cmp,Long_Att,Long_Cmp%,Ast,A-xAG,KP,1/3,PPA,CrsPA,Matches_passing,Tackles_Tkl,Tackles_TklW,Tackles_Def 3rd,Tackles_Mid 3rd,Tackles_Att 3rd,Challenges_Tkl,Challenges_Att,Challenges_Tkl%,Challenges_Lost,Blocks_Blocks,Blocks_Sh,Blocks_Pass,Int,Tkl+Int,Clr,Err,Matches_defense,Touches_Touches,Touches_Def Pen,Touches_Def 3rd,Touches_Mid 3rd,Touches_Att 3rd,Touches_Att Pen,Touches_Live,Take-Ons_Att,Take-Ons_Succ,Take-Ons_Succ%,Take-Ons_Tkld,Take-Ons_Tkld%,Carries_Carries,Carries_TotDist,Carries_PrgDist,Carries_1/3,Carries_CPA,Carries_Mis,Carries_Dis,Rec,Matches_possession
1,Brenden Aaronson,us USA,"MF,FW",Leeds United,eng Premier League,24.0,2000.0,37,30,2449.0,27.2,4,5,9,4,0,0,3,0,0.15,0.18,0.33,0.15,0.33,Matches,4,47,17,36.2,1.73,0.62,0.09,0.24,0,0,Matches,,,,,,,,,,,,,,,5,,,,,,Matches,,27,,,,,,,,,,,17,,,,Matches,,,,,,,,,,,,,,,,,,,,,Matches
4,Jones El-Abdellaoui,ma MAR,"MF,FW",Celta Vigo,es La Liga,19.0,2006.0,22,4,681.0,7.6,2,0,2,2,0,0,0,0,0.26,0.0,0.26,0.26,0.26,Matches,2,17,4,23.5,2.25,0.53,0.12,0.5,0,0,Matches,,,,,,,,,,,,,,,0,,,,,,Matches,,3,,,,,,,,,,,3,,,,Matches,,,,,,,,,,,,,,,,,,,,,Matches
6,Himad Abdelli,dz ALG,MF,Angers,fr Ligue 1,25.0,1999.0,13,11,943.0,10.5,2,0,2,0,2,2,1,0,0.19,0.0,0.19,0.0,0.0,Matches,2,11,5,45.5,1.05,0.48,0.18,0.4,2,2,Matches,,,,,,,,,,,,,,,0,,,,,,Matches,,17,,,,,,,,,,,13,,,,Matches,,,,,,,,,,,,,,,,,,,,,Matches
7,Ali Abdi,tn TUN,"MF,DF",Nice,fr Ligue 1,31.0,1993.0,22,13,1187.0,13.2,3,0,3,3,0,0,4,1,0.23,0.0,0.23,0.23,0.23,Matches,3,16,4,25.0,1.21,0.3,0.19,0.75,0,0,Matches,,,,,,,,,,,,,,,0,,,,,,Matches,,11,,,,,,,,,,,10,,,,Matches,,,,,,,,,,,,,,,,,,,,,Matches
8,Salis Abdul Samed,gh GHA,MF,Nice,fr Ligue 1,25.0,2000.0,18,12,911.0,10.1,0,0,0,0,0,0,3,0,0.0,0.0,0.0,0.0,0.0,Matches,0,1,0,0.0,0.1,0.0,0.0,,0,0,Matches,,,,,,,,,,,,,,,0,,,,,,Matches,,7,,,,,,,,,,,11,,,,Matches,,,,,,,,,,,,,,,,,,,,,Matches
9,Saud Abdulhamid,sa KSA,MF,Lens,fr Ligue 1,26.0,1999.0,25,14,1352.0,15.0,2,4,6,2,0,0,4,1,0.13,0.27,0.4,0.13,0.4,Matches,2,8,3,37.5,0.53,0.2,0.25,0.67,0,0,Matches,,,,,,,,,,,,,,,4,,,,,,Matches,,22,,,,,,,,,,,9,,,,Matches,,,,,,,,,,,,,,,,,,,,,Matches
11,Laurent Abergel,fr FRA,MF,Lorient,fr Ligue 1,32.0,1993.0,28,27,2318.0,25.8,1,0,1,1,0,0,7,0,0.04,0.0,0.04,0.04,0.04,Matches,1,22,5,22.7,0.85,0.19,0.05,0.2,0,0,Matches,,,,,,,,,,,,,,,0,,,,,,Matches,,23,,,,,,,,,,,28,,,,Matches,,,,,,,,,,,,,,,,,,,,,Matches
12,Matthis Abline,fr FRA,"FW,MF",Nantes,fr Ligue 1,22.0,2003.0,32,27,2494.0,27.7,6,4,10,6,0,1,6,0,0.22,0.14,0.36,0.22,0.36,Matches,6,84,22,26.2,3.03,0.79,0.07,0.27,0,1,Matches,,,,,,,,,,,,,,,4,,,,,,Matches,,13,,,,,,,,,,,9,,,,Matches,,,,,,,,,,,,,,,,,,,,,Matches
13,Abner,br BRA,"DF,MF",Lyon,fr Ligue 1,25.0,2000.0,26,25,2150.0,23.9,3,2,5,3,0,0,4,1,0.13,0.08,0.21,0.13,0.21,Matches,3,17,7,41.2,0.71,0.29,0.18,0.43,0,0,Matches,,,,,,,,,,,,,,,2,,,,,,Matches,,24,,,,,,,,,,,8,,,,Matches,,,,,,,,,,,,,,,,,,,,,Matches
14,Zakaria Aboukhlal,ma MAR,MF,Torino,it Serie A,25.0,2000.0,15,6,511.0,5.7,0,0,0,0,0,0,4,0,0.0,0.0,0.0,0.0,0.0,Matches,0,7,2,28.6,1.23,0.35,0.0,0.0,0,0,Matches,,,,,,,,,,,,,,,0,,,,,,Matches,,12,,,,,,,,,,,1,,,,Matches,,,,,,,,,,,,,,,,,,,,,Matches
15,Abdel Abqar,ma MAR,DF,Getafe,es La Liga,26.0,1999.0,23,17,1437.0,16.0,0,2,2,0,0,0,10,1,0.0,0.13,0.13,0.0,0.13,Matches,0,7,1,14.3,0.44,0.06,0.0,0.0,0,0,Matches,,,,,,,,,,,,,,,2,,,,,,Matches,,17,,,,,,,,,,,20,,,,Matches,,,,,,,,,,,,,,,,,,,,,Matches
17,Francis Abu,gh GHA,MF,Toulouse,fr Ligue 1,24.0,2001.0,8,7,526.0,5.8,0,0,0,0,0,0,2,0,0.0,0.0,0.0,0.0,0.0,Matches,0,6,0,0.0,1.03,0.0,0.0,,0,0,Matches,,,,,,,,,,,,,,,0,,,,,,Matches,,12,,,,,,,,,,,8,,,,Matches,,,,,,,,,,,,,,,,,,,,,Matches
18,Giorgi Abuashvili,ge GEO,"MF,FW",Metz,fr Ligue 1,22.0,2003.0,23,6,698.0,7.8,2,0,2,2,0,0,1,0,0.26,0.0,0.26,0.26,0.26,Matches,2,23,9,39.1,2.97,1.16,0.09,0.22,0,0,Matches,,,,,,,,,,,,,,,0,,,,,,Matches,,8,,,,,,,,,,,5,,,,Matches,,,,,,,,,,,,,,,,,,,,,Matches
20,Francesco Acerbi,it ITA,DF,Inter,it Serie A,37.0,1988.0,18,15,1378.0,15.3,0,1,1,0,0,0,3,0,0.0,0.07,0.07,0.0,0.07,Matches,0,3,1,33.3,0.2,0.07,0.0,0.0,0,0,Matches,,,,,,,,,,,,,,,1,,,,,,Matches,,9,,,,,,,,,,,18,,,,Matches,,,,,,,,,,,,,,,,,,,,,Matches
21,Ragnar Ache,de GER,FW,Köln,de Bundesliga,27.0,1998.0,29,18,1718.0,19.1,7,4,11,7,0,0,3,0,0.37,0.21,0.58,0.37,0.58,Matches,7,52,22,42.3,2.72,1.15,0.13,0.32,0,0,Matches,,,,,,,,,,,,,,,4,,,,,,Matches,,8,,,,,,,,,,,4,,,,Matches,,,,,,,,,,,,,,,,,,,,,Matches
22,Joshua Acheampong,eng ENG,DF,Chelsea,eng Premier League,19.0,2006.0,17,8,666.0,7.4,1,0,1,1,0,0,1,0,0.14,0.0,0.14,0.14,0.14,Matches,1,4,2,50.0,0.54,0.27,0.25,0.5,0,0,Matches,,,,,,,,,,,,,,,0,,,,,,Matches,,8,,,,,,,,,,,12,,,,Matches,,,,,,,,,,,,,,,,,,,,,Matches
23,Akor Adams,ng NGA,FW,Sevilla,es La Liga,25.0,2000.0,32,21,2064.0,22.9,10,3,13,7,3,3,3,0,0.44,0.13,0.57,0.31,0.44,Matches,10,61,30,49.2,2.66,1.31,0.16,0.33,3,3,Matches,,,,,,,,,,,,,,,3,,,,,,Matches,,4,,,,,,,,,,,1,,,,Matches,,,,,,,,,,,,,,,,,,,,,Matches
24,Ché Adams,sct SCO,FW,Torino,it Serie A,29.0,1996.0,33,19,1893.0,21.0,6,2,8,6,0,0,0,0,0.29,0.1,0.38,0.29,0.38,Matches,6,53,18,34.0,2.52,0.86,0.11,0.33,0,0,Matches,,,,,,,,,,,,,,,2,,,,,,Matches,,9,,,,,,,,,,,1,,,,Matches,,,,,,,,,,,,,,,,,,,,,Matches
25,Tyler Adams,us USA,MF,Bournemouth,eng Premier League,26.0,1999.0,25,21,1772.0,19.7,2,2,4,2,0,0,8,0,0.1,0.1,0.2,0.1,0.2,Matches,2,10,6,60.0,0.51,0.3,0.2,0.33,0,0,Matches,,,,,,,,,,,,,,,2,,,,,,Matches,,24,,,,,,,,,,,30,,,,Matches,,,,,,,,,,,,,,,,,,,,,Matches
27,Tosin Adarabioyo,eng ENG,DF,Chelsea,eng Premier League,27.0,1997.0,16,8,795.0,8.8,0,0,0,0,0,0,2,0,0.0,0.0,0.0,0.0,0.0,Matches,0,2,0,0.0,0.23,0.0,0.0,,0,0,Matches,,,,,,,,,,,,,,,0,,,,,,Matches,,6,,,,,,,,,,,9,,,,Matches,,,,,,,,,,,,,,,,,,,,,Matches
28,Jayden Addai,nl NED,MF,Como,it Serie A,19.0,2005.0,12,7,686.0,7.6,3,0,3,3,0,0,4,0,0.39,0.0,0.39,0.39,0.39,Matches,3,13,6,46.2,1.71,0.79,0.23,0.5,0,0,Matches,,,,,,,,,,,,,,,0,,,,,,Matches,,2,,,,,,,,,,,2,,,,Matches,,,,,,,,,,,,,,,,,,,,,Matches
29,Karim Adeyemi,de GER,"MF,FW",Dortmund,de Bundesliga,23.0,2002.0,28,15,1195.0,13.3,7,4,11,7,0,0,5,0,0.53,0.3,0.83,0.53,0.83,Matches,7,31,14,45.2,2.33,1.05,0.23,0.5,0,0,Matches,,,,,,,,,,,,,,,4,,,,,,Matches,,4,,,,,,,,,,,8,,,,Matches,,,,,,,,,,,,,,,,,,,,,Matches
30,Simon Adingra,ci CIV,"MF,FW",Sunderland,eng Premier League,23.0,2002.0,14,9,653.0,7.3,1,0,1,1,0,0,2,0,0.14,0.0,0.14,0.14,0.14,Matches,1,6,2,33.3,0.83,0.28,0.17,0.5,0,0,Matches,,,,,,,,,,,,,,,0,,,,,,Matches,,8,,,,,,,,,,,2,,,,Matches,,,,,,,,,,,,,,,,,,,,,Matches
31,Simon Adingra,ci CIV,"MF,FW",Monaco,fr Ligue 1,23.0,2002.0,14,10,855.0,9.5,3,2,5,3,0,0,0,0,0.32,0.21,0.53,0.32,0.53,Matches,3,22,6,27.3,2.32,0.63,0.14,0.5,0,0,Matches,,,,,,,,,,,,,,,2,,,,,,Matches,,9,,,,,,,,,,,6,,,,Matches,,,,,,,,,,,,,,,,,,,,,Matches
32,Nathaniel Adjei,gh GHA,DF,Lorient,fr Ligue 1,22.0,2002.0,15,9,835.0,9.3,0,0,0,0,0,0,0,0,0.0,0.0,0.0,0.0,0.0,Matches,0,4,2,50.0,0.43,0.22,0.0,0.0,0,0,Matches,,,,,,,,,,,,,,,0,,,,,,Matches,,7,,,,,,,,,,,9,,,,Matches,,,,,,,,,,,,,,,,,,,,,Matches
34,Amine Adli,ma MAR,MF,Bournemouth,eng Premier League,25.0,2000.0,31,10,1094.0,12.2,3,1,4,3,0,0,2,0,0.25,0.08,0.33,0.25,0.33,Matches,3,20,9,45.0,1.65,0.74,0.15,0.33,0,0,Matches,,,,,,,,,,,,,,,1,,,,,,Matches,,17,,,,,,,,,,,6,,,,Matches,,,,,,,,,,,,,,,,,,,,,Matches
37,Michel Aebischer,ch SUI,MF,Pisa,it Serie A,28.0,1997.0,35,33,2892.0,32.1,1,2,3,1,0,0,8,0,0.03,0.06,0.09,0.03,0.09,Matches,1,19,5,26.3,0.59,0.16,0.05,0.2,0,0,Matches,,,,,,,,,,,,,,,2,,,,,,Matches,,37,,,,,,,,,,,35,,,,Matches,,,,,,,,,,,,,,,,,,,,,Matches
38,David Affengruber,at AUT,DF,Elche,es La Liga,24.0,2001.0,36,33,2949.0,32.8,1,1,2,1,0,0,7,1,0.03,0.03,0.06,0.03,0.06,Matches,1,14,4,28.6,0.43,0.12,0.07,0.25,0,0,Matches,,,,,,,,,,,,,,,1,,,,,,Matches,,50,,,,,,,,,,,50,,,,Matches,,,,,,,,,,,,,,,,,,,,,Matches
40,Emmanuel Agbadou,ci CIV,DF,Wolves,eng Premier League,28.0,1997.0,14,12,1101.0,12.2,0,0,0,0,0,0,1,1,0.0,0.0,0.0,0.0,0.0,Matches,0,10,3,30.0,0.82,0.25,0.0,0.0,0,0,Matches,,,,,,,,,,,,,,,0,,,,,,Matches,,21,,,,,,,,,,,14,,,,Matches,,,,,,,,,,,,,,,,,,,,,Matches
41,Julen Agirrezabala,es ESP,GK,Valencia,es La Liga,24.0,2000.0,18,18,1620.0,18.0,0,0,0,0,0,0,1,0,0.0,0.0,0.0,0.0,0.0,Matches,0,0,0,,0.0,0.0,,,0,0,Matches,,,,,,,,,,,,,,,0,,,,,,Matches,,1,,,,,,,,,,,0,,,,Matches,,,,,,,,,,,,,,,,,,,,,Matches
42,Lucien Agoume,fr FRA,MF,Sevilla,es La Liga,23.0,2002.0,34,31,2686.0,29.8,1,3,4,1,0,0,12,0,0.03,0.1,0.13,0.03,0.13,Matches,1,15,2,13.3,0.5,0.07,0.07,0.5,0,0,Matches,,,,,,,,,,,,,,,3,,,,,,Matches,,40,,,,,,,,,,,49,,,,Matches,,,,,,,,,,,,,,,,,,,,,Matches
43,Felix Agu,ng NGA,"DF,MF",Werder Bremen,de Bundesliga,25.0,1999.0,11,9,744.0,8.3,0,0,0,0,0,0,1,0,0.0,0.0,0.0,0.0,0.0,Matches,0,2,1,50.0,0.24,0.12,0.0,0.0,0,0,Matches,,,,,,,,,,,,,,,0,,,,,,Matches,,14,,,,,,,,,,,11,,,,Matches,,,,,,,,,,,,,,,,,,,,,Matches
45,Marc Aguado,es ESP,MF,Elche,es La Liga,25.0,2000.0,35,30,2500.0,27.8,1,2,3,1,0,0,3,0,0.04,0.07,0.11,0.04,0.11,Matches,1,3,2,66.7,0.11,0.07,0.33,0.5,0,0,Matches,,,,,,,,,,,,,,,2,,,,,,Matches,,26,,,,,,,,,,,42,,,,Matches,,,,,,,,,,,,,,,,,,,,,Matches
47,Nayef Aguerd,ma MAR,DF,Marseille,fr Ligue 1,29.0,1996.0,16,16,1396.0,15.5,1,0,1,1,0,0,4,0,0.06,0.0,0.06,0.06,0.06,Matches,1,10,2,20.0,0.64,0.13,0.1,0.5,0,0,Matches,,,,,,,,,,,,,,,0,,,,,,Matches,,16,,,,,,,,,,,21,,,,Matches,,,,,,,,,,,,,,,,,,,,,Matches
49,Ruben Aguilar,fr FRA,MF,Lens,fr Ligue 1,32.0,1993.0,26,20,1720.0,19.1,2,2,4,2,0,0,6,1,0.1,0.1,0.21,0.1,0.21,Matches,2,13,3,23.1,0.68,0.16,0.15,0.67,0,0,Matches,,,,,,,,,,,,,,,2,,,,,,Matches,,24,,,,,,,,,,,24,,,,Matches,,,,,,,,,,,,,,,,,,,,,Matches
51,Naouirou Ahamada,fr FRA,MF,Auxerre,fr Ligue 1,23.0,2002.0,15,8,682.0,7.6,0,1,1,0,0,0,0,0,0.0,0.13,0.13,0.0,0.13,Matches,0,6,1,16.7,0.79,0.13,0.0,0.0,0,0,Matches,,,,,,,,,,,,,,,1,,,,,,Matches,,10,,,,,,,,,,,5,,,,Matches,,,,,,,,,,,,,,,,,,,,,Matches
52,Honest Ahanor,it ITA,DF,Atalanta,it Serie A,17.0,2008.0,22,15,1377.0,15.3,0,0,0,0,0,0,2,1,0.0,0.0,0.0,0.0,0.0,Matches,0,13,4,30.8,0.85,0.26,0.0,0.0,0,0,Matches,,,,,,,,,,,,,,,0,,,,,,Matches,,20,,,,,,,,,,,24,,,,Matches,,,,,,,,,,,,,,,,,,,,,Matches
53,Lucas Ahijado,es ESP,DF,Oviedo,es La Liga,30.0,1995.0,20,11,1098.0,12.2,0,1,1,0,0,0,3,0,0.0,0.08,0.08,0.0,0.08,Matches,0,10,2,20.0,0.82,0.16,0.0,0.0,0,0,Matches,,,,,,,,,,,,,,,1,,,,,,Matches,,29,,,,,,,,,,,17,,,,Matches,,,,,,,,,,,,,,,,,,,,,Matches
54,Joseph Aidoo,gh GHA,DF,Celta Vigo,es La Liga,29.0,1995.0,8,7,639.0,7.1,0,0,0,0,0,0,0,0,0.0,0.0,0.0,0.0,0.0,Matches,0,2,0,0.0,0.28,0.0,0.0,,0,0,Matches,,,,,,,,,,,,,,,0,,,,,,Matches,,3,,,,,,,,,,,10,,,,Matches,,,,,,,,,,,,,,,,,,,,,Matches
55,Ola Aina,ng NGA,DF,Nottingham,eng Premier League,28.0,1996.0,18,18,1588.0,17.6,0,0,0,0,0,0,3,0,0.0,0.0,0.0,0.0,0.0,Matches,0,12,1,8.3,0.68,0.06,0.0,0.0,0,0,Matches,,,,,,,,,,,,,,,0,,,,,,Matches,,21,,,,,,,,,,,26,,,,Matches,,,,,,,,,,,,,,,,,,,,,Matches
56,Abdelhamid Ait Boudlal,ma MAR,DF,Rennes,fr Ligue 1,19.0,2006.0,20,17,1403.0,15.6,2,1,3,2,0,0,3,1,0.13,0.06,0.19,0.13,0.19,Matches,2,13,4,30.8,0.83,0.26,0.15,0.5,0,0,Matches,,,,,,,,,,,,,,,1,,,,,,Matches,,11,,,,,,,,,,,18,,,,Matches,,,,,,,,,,,,,,,,,,,,,Matches
57,Rayan Aït-Nouri,dz ALG,DF,Manchester City,eng Premier League,24.0,2001.0,17,12,974.0,10.8,0,2,2,0,0,0,2,0,0.0,0.18,0.18,0.0,0.18,Matches,0,10,2,20.0,0.92,0.18,0.0,0.0,0,0,Matches,,,,,,,,,,,,,,,2,,,,,,Matches,,21,,,,,,,,,,,13,,,,Matches,,,,,,,,,,,,,,,,,,,,,Matches
58,Tosin Aiyegun,bj BEN,"FW,MF",Lorient,fr Ligue 1,27.0,1998.0,27,11,1073.0,11.9,5,0,5,5,0,1,1,0,0.42,0.0,0.42,0.42,0.42,Matches,5,30,12,40.0,2.52,1.01,0.17,0.42,0,1,Matches,,,,,,,,,,,,,,,0,,,,,,Matches,,5,,,,,,,,,,,1,,,,Matches,,,,,,,,,,,,,,,,,,,,,Matches
60,Kristoffer Ajer,no NOR,DF,Brentford,eng Premier League,27.0,1998.0,27,20,1810.0,20.1,0,1,1,0,0,0,4,0,0.0,0.05,0.05,0.0,0.05,Matches,0,10,3,30.0,0.5,0.15,0.0,0.0,0,0,Matches,,,,,,,,,,,,,,,1,,,,,,Matches,,23,,,,,,,,,,,15,,,,Matches,,,,,,,,,,,,,,,,,,,,,Matches
61,Ludovic Ajorque,fr FRA,FW,Brest,fr Ligue 1,31.0,1994.0,32,32,2820.0,31.3,8,9,17,8,0,0,9,1,0.26,0.29,0.54,0.26,0.54,Matches,8,55,17,30.9,1.76,0.54,0.15,0.47,0,0,Matches,,,,,,,,,,,,,,,9,,,,,,Matches,,20,,,,,,,,,,,11,,,,Matches,,,,,,,,,,,,,,,,,,,,,Matches
62,Manuel Akanji,ch SUI,DF,Inter,it Serie A,30.0,1995.0,33,31,2821.0,31.3,2,0,2,2,0,0,4,0,0.06,0.0,0.06,0.06,0.06,Matches,2,23,6,26.1,0.73,0.19,0.09,0.33,0,0,Matches,,,,,,,,,,,,,,,0,,,,,,Matches,,24,,,,,,,,,,,37,,,,Matches,,,,,,,,,,,,,,,,,,,,,Matches
63,Nathan Aké,nl NED,DF,Manchester City,eng Premier League,30.0,1995.0,18,6,695.0,7.7,0,0,0,0,0,0,1,0,0.0,0.0,0.0,0.0,0.0,Matches,0,7,1,14.3,0.91,0.13,0.0,0.0,0,0,Matches,,,,,,,,,,,,,,,0,,,,,,Matches,,6,,,,,,,,,,,5,,,,Matches,,,,,,,,,,,,,,,,,,,,,Matches
65,Ilias Akhomach,ma MAR,"MF,FW",Rayo Vallecano,es La Liga,21.0,2004.0,11,7,709.0,7.9,0,1,1,0,0,0,2,0,0.0,0.13,0.13,0.0,0.13,Matches,0,18,6,33.3,2.28,0.76,0.0,0.0,0,0,Matches,,,,,,,,,,,,,,,1,,,,,,Matches,,10,,,,,,,,,,,2,,,,Matches,,,,,,,,,,,,,,,,,,,,,Matches
66,Ebenezer Akinsanmiro,ng NGA,MF,Pisa,it Serie A,20.0,2004.0,24,16,1444.0,16.0,0,1,1,0,0,0,2,0,0.0,0.06,0.06,0.0,0.06,Matches,0,13,3,23.1,0.81,0.19,0.0,0.0,0,0,Matches,,,,,,,,,,,,,,,1,,,,,,Matches,,25,,,,,,,,,,,27,,,,Matches,,,,,,,,,,,,,,,,,,,,,Matches
67,Maghnes Akliouche,fr FRA,"MF,FW",Monaco,fr Ligue 1,23.0,2002.0,31,28,2400.0,26.7,6,6,12,6,0,0,3,0,0.23,0.23,0.45,0.23,0.45,Matches,6,48,19,39.6,1.8,0.71,0.13,0.32,0,0,Matches,,,,,,,,,,,,,,,6,,,,,,Matches,,26,,,,,,,,,,,18,,,,Matches,,,,,,,,,,,,,,,,,,,,,Matches
68,Clément Akpa,ci CIV,DF,Auxerre,fr Ligue 1,23.0,2001.0,26,21,1944.0,21.6,0,0,0,0,0,0,4,1,0.0,0.0,0.0,0.0,0.0,Matches,0,6,0,0.0,0.28,0.0,0.0,,0,0,Matches,,,,,,,,,,,,,,,0,,,,,,Matches,,19,,,,,,,,,,,23,,,,Matches,,,,,,,,,,,,,,,,,,,,,Matches
69,Jean-Daniel Akpa-Akpro,ci CIV,MF,Hellas Verona,it Serie A,32.0,1992.0,22,17,1504.0,16.7,1,0,1,1,0,0,9,0,0.06,0.0,0.06,0.06,0.06,Matches,1,13,4,30.8,0.78,0.24,0.08,0.25,0,0,Matches,,,,,,,,,,,,,,,0,,,,,,Matches,,32,,,,,,,,,,,22,,,,Matches,,,,,,,,,,,,,,,,,,,,,Matches
71,Al-Musrati,ly LBY,MF,Hellas Verona,it Serie A,29.0,1996.0,18,8,844.0,9.4,0,1,1,0,0,0,6,1,0.0,0.11,0.11,0.0,0.11,Matches,0,9,1,11.1,0.96,0.11,0.0,0.0,0,0,Matches,,,,,,,,,,,,,,,1,,,,,,Matches,,7,,,,,,,,,,,11,,,,Matches,,,,,,,,,,,,,,,,,,,,,Matches
75,Raúl Albiol,es ESP,DF,Pisa,it Serie A,39.0,1985.0,8,5,500.0,5.6,0,1,1,0,0,0,1,0,0.0,0.18,0.18,0.0,0.18,Matches,0,1,0,0.0,0.18,0.0,0.0,,0,0,Matches,,,,,,,,,,,,,,,1,,,,,,Matches,,4,,,,,,,,,,,7,,,,Matches,,,,,,,,,,,,,,,,,,,,,Matches
76,Carlos Alcaraz,ar ARG,MF,Everton,eng Premier League,22.0,2002.0,20,6,689.0,7.7,0,1,1,0,0,0,4,0,0.0,0.13,0.13,0.0,0.13,Matches,0,20,5,25.0,2.61,0.65,0.0,0.0,0,0,Matches,,,,,,,,,,,,,,,1,,,,,,Matches,,9,,,,,,,,,,,2,,,,Matches,,,,,,,,,,,,,,,,,,,,,Matches
77,Omar Alderete,py PAR,DF,Sunderland,eng Premier League,28.0,1996.0,33,32,2798.0,31.1,1,1,2,1,0,0,6,0,0.03,0.03,0.06,0.03,0.06,Matches,1,24,9,37.5,0.77,0.29,0.04,0.11,0,0,Matches,,,,,,,,,,,,,,,1,,,,,,Matches,,18,,,,,,,,,,,36,,,,Matches,,,,,,,,,,,,,,,,,,,,,Matches
78,Alexandre Alemão,br BRA,FW,Rayo Vallecano,es La Liga,27.0,1998.0,26,11,1136.0,12.6,4,0,4,4,0,0,3,0,0.32,0.0,0.32,0.32,0.32,Matches,4,26,12,46.2,2.06,0.95,0.15,0.33,0,0,Matches,,,,,,,,,,,,,,,0,,,,,,Matches,,2,,,,,,,,,,,1,,,,Matches,,,,,,,,,,,,,,,,,,,,,Matches
79,Carles Aleñá,es ESP,MF,Alavés,es La Liga,27.0,1998.0,34,23,1989.0,22.1,0,4,4,0,0,0,5,0,0.0,0.18,0.18,0.0,0.18,Matches,0,29,5,17.2,1.31,0.23,0.0,0.0,0,0,Matches,,,,,,,,,,,,,,,4,,,,,,Matches,,24,,,,,,,,,,,12,,,,Matches,,,,,,,,,,,,,,,,,,,,,Matches
80,Trent Alexander-Arnold,eng ENG,DF,Real Madrid,es La Liga,26.0,1998.0,21,14,1163.0,12.9,0,4,4,0,0,0,4,0,0.0,0.31,0.31,0.0,0.31,Matches,0,10,2,20.0,0.77,0.15,0.0,0.0,0,0,Matches,,,,,,,,,,,,,,,4,,,,,,Matches,,10,,,,,,,,,,,13,,,,Matches,,,,,,,,,,,,,,,,,,,,,Matches
83,Mohamed Ali Cho,fr FRA,"FW,MF",Nice,fr Ligue 1,21.0,2004.0,24,20,1667.0,18.5,4,3,7,4,0,0,1,0,0.22,0.16,0.38,0.22,0.38,Matches,4,32,14,43.8,1.73,0.76,0.13,0.29,0,0,Matches,,,,,,,,,,,,,,,3,,,,,,Matches,,9,,,,,,,,,,,4,,,,Matches,,,,,,,,,,,,,,,,,,,,,Matches
84,Alisson,br BRA,GK,Liverpool,eng Premier League,32.0,1992.0,26,26,2340.0,26.0,0,0,0,0,0,0,1,0,0.0,0.0,0.0,0.0,0.0,Matches,0,0,0,,0.0,0.0,,,0,0,Matches,,,,,,,,,,,,,,,0,,,,,,Matches,,0,,,,,,,,,,,0,,,,Matches,,,,,,,,,,,,,,,,,,,,,Matches
87,Thiago Almada,ar ARG,"MF,FW",Atlético Madrid,es La Liga,24.0,2001.0,27,16,1311.0,14.6,3,1,4,3,0,0,2,1,0.21,0.07,0.27,0.21,0.27,Matches,3,21,10,47.6,1.44,0.69,0.14,0.3,0,0,Matches,,,,,,,,,,,,,,,1,,,,,,Matches,,18,,,,,,,,,,,9,,,,Matches,,,,,,,,,,,,,,,,,,,,,Matches
88,André Almeida,pt POR,MF,Valencia,es La Liga,25.0,2000.0,22,11,1017.0,11.3,0,2,2,0,0,0,0,0,0.0,0.18,0.18,0.0,0.18,Matches,0,9,3,33.3,0.8,0.27,0.0,0.0,0,0,Matches,,,,,,,,,,,,,,,2,,,,,,Matches,,11,,,,,,,,,,,8,,,,Matches,,,,,,,,,,,,,,,,,,,,,Matches
89,Pontus Almqvist,se SWE,MF,Parma,it Serie A,26.0,1999.0,13,4,457.0,5.1,0,1,1,0,0,0,0,0,0.0,0.2,0.2,0.0,0.2,Matches,0,5,2,40.0,0.98,0.39,0.0,0.0,0,0,Matches,,,,,,,,,,,,,,,1,,,,,,Matches,,6,,,,,,,,,,,6,,,,Matches,,,,,,,,,,,,,,,,,,,,,Matches
90,Marcos Alonso,es ESP,DF,Celta Vigo,es La Liga,34.0,1990.0,32,31,2768.0,30.8,1,0,1,0,1,1,5,0,0.03,0.0,0.03,0.0,0.0,Matches,1,24,3,12.5,0.78,0.1,0.04,0.33,1,1,Matches,,,,,,,,,,,,,,,0,,,,,,Matches,,24,,,,,,,,,,,30,,,,Matches,,,,,,,,,,,,,,,,,,,,,Matches
92,Sergi Altimira,es ESP,MF,Real Betis,es La Liga,23.0,2001.0,24,13,1186.0,13.2,1,2,3,1,0,0,3,0,0.08,0.15,0.23,0.08,0.23,Matches,1,7,3,42.9,0.53,0.23,0.14,0.33,0,0,Matches,,,,,,,,,,,,,,,2,,,,,,Matches,,36,,,,,,,,,,,20,,,,Matches,,,,,,,,,,,,,,,,,,,,,Matches
93,Carlos Álvarez,es ESP,MF,Levante,es La Liga,21.0,2003.0,30,23,1890.0,21.0,3,1,4,3,0,0,3,0,0.14,0.05,0.19,0.14,0.19,Matches,3,30,11,36.7,1.43,0.52,0.1,0.27,0,0,Matches,,,,,,,,,,,,,,,1,,,,,,Matches,,13,,,,,,,,,,,13,,,,Matches,,,,,,,,,,,,,,,,,,,,,Matches
94,Hugo Álvarez,es ESP,"FW,MF",Celta Vigo,es La Liga,22.0,2003.0,28,15,1340.0,14.9,4,2,6,4,0,0,2,0,0.27,0.13,0.4,0.27,0.4,Matches,4,14,8,57.1,0.94,0.54,0.29,0.5,0,0,Matches,,,,,,,,,,,,,,,2,,,,,,Matches,,9,,,,,,,,,,,10,,,,Matches,,,,,,,,,,,,,,,,,,,,,Matches
95,Julián Álvarez,ar ARG,FW,Atlético Madrid,es La Liga,25.0,2000.0,29,22,1895.0,21.1,8,4,12,6,2,3,2,0,0.38,0.19,0.57,0.28,0.47,Matches,8,54,26,48.1,2.56,1.23,0.15,0.31,2,3,Matches,,,,,,,,,,,,,,,4,,,,,,Matches,,13,,,,,,,,,,,3,,,,Matches,,,,,,,,,,,,,,,,,,,,,Matches
96,Yeray Álvarez,es ESP,DF,Athletic Club,es La Liga,30.0,1995.0,7,6,513.0,5.7,0,0,0,0,0,0,0,0,0.0,0.0,0.0,0.0,0.0,Matches,0,1,0,0.0,0.18,0.0,0.0,,0,0,Matches,,,,,,,,,,,,,,,0,,,,,,Matches,,1,,,,,,,,,,,14,,,,Matches,,,,,,,,,,,,,,,,,,,,,Matches
99,Ayoube Amaimouni,ma MAR,"MF,FW",Frankfurt,de Bundesliga,20.0,2004.0,17,6,586.0,6.5,2,3,5,2,0,0,1,0,0.31,0.46,0.77,0.31,0.77,Matches,2,12,7,58.3,1.84,1.08,0.17,0.29,0,0,Matches,,,,,,,,,,,,,,,3,,,,,,Matches,,5,,,,,,,,,,,2,,,,Matches,,,,,,,,,,,,,,,,,,,,,Matches
103,Aurèle Amenda,ch SUI,DF,Frankfurt,de Bundesliga,22.0,2003.0,24,18,1678.0,18.6,0,0,0,0,0,0,5,0,0.0,0.0,0.0,0.0,0.0,Matches,0,10,2,20.0,0.54,0.11,0.0,0.0,0,0,Matches,,,,,,,,,,,,,,,0,,,,,,Matches,,12,,,,,,,,,,,29,,,,Matches,,,,,,,,,,,,,,,,,,,,,Matches
104,Kelvin Amian,fr FRA,DF,Nantes,fr Ligue 1,27.0,1998.0,23,22,1961.0,21.8,0,1,1,0,0,0,3,0,0.0,0.05,0.05,0.0,0.05,Matches,0,10,2,20.0,0.46,0.09,0.0,0.0,0,0,Matches,,,,,,,,,,,,,,,1,,,,,,Matches,,18,,,,,,,,,,,8,,,,Matches,,,,,,,,,,,,,,,,,,,,,Matches
105,Michael Amir Murillo,pa PAN,"DF,MF",Marseille,fr Ligue 1,29.0,1996.0,16,11,989.0,11.0,2,1,3,2,0,0,4,0,0.18,0.09,0.27,0.18,0.27,Matches,2,9,2,22.2,0.82,0.18,0.22,1.0,0,0,Matches,,,,,,,,,,,,,,,1,,,,,,Matches,,13,,,,,,,,,,,6,,,,Matches,,,,,,,,,,,,,,,,,,,,,Matches
106,Nadiem Amiri,de GER,MF,Mainz 05,de Bundesliga,28.0,1996.0,26,24,2083.0,23.1,12,2,14,4,8,8,6,0,0.52,0.09,0.6,0.17,0.26,Matches,12,54,22,40.7,2.33,0.95,0.22,0.55,8,8,Matches,,,,,,,,,,,,,,,2,,,,,,Matches,,18,,,,,,,,,,,19,,,,Matches,,,,,,,,,,,,,,,,,,,,,Matches
107,Samuel Amo-Ameyaw,eng ENG,"MF,DF",Strasbourg,fr Ligue 1,19.0,2006.0,25,9,1047.0,11.6,2,2,4,2,0,0,2,0,0.17,0.17,0.34,0.17,0.34,Matches,2,17,5,29.4,1.46,0.43,0.12,0.4,0,0,Matches,,,,,,,,,,,,,,,2,,,,,,Matches,,12,,,,,,,,,,,3,,,,Matches,,,,,,,,,,,,,,,,,,,,,Matches
108,Amorim,br BRA,MF,Genoa,it Serie A,20.0,2005.0,11,6,552.0,6.1,0,0,0,0,0,0,1,0,0.0,0.0,0.0,0.0,0.0,Matches,0,2,0,0.0,0.33,0.0,0.0,,0,0,Matches,,,,,,,,,,,,,,,0,,,,,,Matches,,6,,,,,,,,,,,7,,,,Matches,,,,,,,,,,,,,,,,,,,,,Matches
110,Mohamed Amoura,dz ALG,"FW,MF",Wolfsburg,de Bundesliga,25.0,2000.0,30,23,1919.0,21.3,8,3,11,7,1,1,2,0,0.38,0.14,0.52,0.33,0.47,Matches,8,60,19,31.7,2.81,0.89,0.13,0.42,1,1,Matches,,,,,,,,,,,,,,,3,,,,,,Matches,,22,,,,,,,,,,,7,,,,Matches,,,,,,,,,,,,,,,,,,,,,Matches
111,Ethan Ampadu,wls WAL,MF,Leeds United,eng Premier League,24.0,2000.0,35,35,3119.0,34.7,1,1,2,1,0,0,10,0,0.03,0.03,0.06,0.03,0.06,Matches,1,26,6,23.1,0.75,0.17,0.04,0.17,0,0,Matches,,,,,,,,,,,,,,,1,,,,,,Matches,,46,,,,,,,,,,,50,,,,Matches,,,,,,,,,,,,,,,,,,,,,Matches
112,Sofyan Amrabat,ma MAR,MF,Real Betis,es La Liga,28.0,1996.0,17,14,1295.0,14.4,0,0,0,0,0,0,4,0,0.0,0.0,0.0,0.0,0.0,Matches,0,8,1,12.5,0.56,0.07,0.0,0.0,0,0,Matches,,,,,,,,,,,,,,,0,,,,,,Matches,,13,,,,,,,,,,,11,,,,Matches,,,,,,,,,,,,,,,,,,,,,Matches
113,Joachim Andersen,dk DEN,DF,Fulham,eng Premier League,29.0,1996.0,33,33,2875.0,31.9,0,1,1,0,0,0,7,1,0.0,0.03,0.03,0.0,0.03,Matches,0,16,4,25.0,0.5,0.13,0.0,0.0,0,0,Matches,,,,,,,,,,,,,,,1,,,,,,Matches,,26,,,,,,,,,,,34,,,,Matches,,,,,,,,,,,,,,,,,,,,,Matches
114,Elliot Anderson,eng ENG,MF,Nottingham,eng Premier League,22.0,2002.0,38,37,3331.0,37.0,4,4,8,3,1,1,8,0,0.11,0.11,0.22,0.08,0.19,Matches,4,44,10,22.7,1.19,0.27,0.09,0.4,1,1,Matches,,,,,,,,,,,,,,,4,,,,,,Matches,,60,,,,,,,,,,,41,,,,Matches,,,,,,,,,,,,,,,,,,,,,Matches
115,Tomoya Ando,jp JPN,DF,St Pauli,de Bundesliga,26.0,1999.0,15,14,1260.0,14.0,0,1,1,0,0,0,3,0,0.0,0.07,0.07,0.0,0.07,Matches,0,8,2,25.0,0.57,0.14,0.0,0.0,0,0,Matches,,,,,,,,,,,,,,,1,,,,,,Matches,,23,,,,,,,,,,,14,,,,Matches,,,,,,,,,,,,,,,,,,,,,Matches
116,Nícolas Andrade,br BRA,GK,Pisa,it Serie A,37.0,1988.0,6,6,540.0,6.0,0,0,0,0,0,0,0,0,0.0,0.0,0.0,0.0,0.0,Matches,0,0,0,,0.0,0.0,,,0,0,Matches,,,,,,,,,,,,,,,0,,,,,,Matches,,0,,,,,,,,,,,0,,,,Matches,,,,,,,,,,,,,,,,,,,,,Matches
117,André,br BRA,MF,Wolves,eng Premier League,24.0,2001.0,35,30,2762.0,30.7,1,0,1,1,0,0,12,0,0.03,0.0,0.03,0.03,0.03,Matches,1,15,1,6.7,0.49,0.03,0.07,1.0,0,0,Matches,,,,,,,,,,,,,,,0,,,,,,Matches,,42,,,,,,,,,,,25,,,,Matches,,,,,,,,,,,,,,,,,,,,,Matches
118,Benjamin André,fr FRA,MF,Lille,fr Ligue 1,34.0,1990.0,27,26,2332.0,25.9,2,2,4,2,0,0,9,0,0.08,0.08,0.15,0.08,0.15,Matches,2,27,6,22.2,1.04,0.23,0.07,0.33,0,0,Matches,,,,,,,,,,,,,,,2,,,,,,Matches,,40,,,,,,,,,,,31,,,,Matches,,,,,,,,,,,,,,,,,,,,,Matches
119,Robert Andrich,de GER,"DF,MF",Leverkusen,de Bundesliga,30.0,1994.0,32,29,2546.0,28.3,2,0,2,2,0,0,6,1,0.07,0.0,0.07,0.07,0.07,Matches,2,12,3,25.0,0.42,0.11,0.17,0.67,0,0,Matches,,,,,,,,,,,,,,,0,,,,,,Matches,,30,,,,,,,,,,,33,,,,Matches,,,,,,,,,,,,,,,,,,,,,Matches
124,Samuele Angori,it ITA,MF,Pisa,it Serie A,21.0,2003.0,35,30,2599.0,28.9,0,2,2,0,0,0,2,0,0.0,0.07,0.07,0.0,0.07,Matches,0,14,3,21.4,0.48,0.1,0.0,0.0,0,0,Matches,,,,,,,,,,,,,,,2,,,,,,Matches,,25,,,,,,,,,,,23,,,,Matches,,,,,,,,,,,,,,,,,,,,,Matches
125,Frank Anguissa,cm CMR,MF,Napoli,it Serie A,29.0,1995.0,18,14,1258.0,14.0,4,1,5,4,0,0,1,0,0.29,0.07,0.36,0.29,0.36,Matches,4,23,9,39.1,1.65,0.64,0.17,0.44,0,0,Matches,,,,,,,,,,,,,,,1,,,,,,Matches,,14,,,,,,,,,,,13,,,,Matches,,,,,,,,,,,,,,,,,,,,,Matches
128,Ilyas Ansah,de GER,"MF,FW",Union Berlin,de Bundesliga,20.0,2004.0,33,23,1892.0,21.0,5,1,6,5,0,0,1,0,0.24,0.05,0.29,0.24,0.29,Matches,5,33,12,36.4,1.57,0.57,0.15,0.42,0,0,Matches,,,,,,,,,,,,,,,1,,,,,,Matches,,9,,,,,,,,,,,4,,,,Matches,,,,,,,,,,,,,,,,,,,,,Matches
132,Jaidon Anthony,eng ENG,MF,Burnley,eng Premier League,25.0,1999.0,37,32,2722.0,30.2,8,2,10,8,0,0,4,0,0.26,0.07,0.33,0.26,0.33,Matches,8,55,23,41.8,1.82,0.76,0.15,0.35,0,0,Matches,,,,,,,,,,,,,,,2,,,,,,Matches,,21,,,,,,,,,,,16,,,,Matches,,,,,,,,,,,,,,,,,,,,,Matches
133,Waldemar Anton,de GER,DF,Dortmund,de Bundesliga,29.0,1996.0,32,32,2880.0,32.0,2,0,2,2,0,0,3,0,0.06,0.0,0.06,0.06,0.06,Matches,2,16,6,37.5,0.5,0.19,0.13,0.33,0,0,Matches,,,,,,,,,,,,,,,0,,,,,,Matches,,42,,,,,,,,,,,33,,,,Matches,,,,,,,,,,,,,,,,,,,,,Matches
136,Antony,br BRA,"MF,FW",Real Betis,es La Liga,25.0,2000.0,32,30,2447.0,27.2,8,6,14,8,0,0,6,1,0.29,0.22,0.51,0.29,0.51,Matches,8,90,34,37.8,3.31,1.25,0.09,0.24,0,0,Matches,,,,,,,,,,,,,,,6,,,,,,Matches,,23,,,,,,,,,,,22,,,,Matches,,,,,,,,,,,,,,,,,,,,,Matches
137,Youssef El-Arabi,ma MAR,FW,Nantes,fr Ligue 1,38.0,1987.0,25,11,941.0,10.5,3,0,3,3,0,1,0,0,0.29,0.0,0.29,0.29,0.29,Matches,3,15,9,60.0,1.43,0.86,0.2,0.33,0,1,Matches,,,,,,,,,,,,,,,0,,,,,,Matches,,9,,,,,,,,,,,4,,,,Matches,,,,,,,,,,,,,,,,,,,,,Matches
138,Mauro Arambarri,uy URU,MF,Getafe,es La Liga,29.0,1995.0,37,37,3249.0,36.1,6,2,8,4,2,3,6,0,0.17,0.06,0.22,0.11,0.17,Matches,6,58,19,32.8,1.61,0.53,0.1,0.32,2,3,Matches,,,,,,,,,,,,,,,2,,,,,,Matches,,43,,,,,,,,,,,21,,,,Matches,,,,,,,,,,,,,,,,,,,,,Matches
139,Jon Aramburu,ve VEN,DF,Real Sociedad,es La Liga,23.0,2002.0,35,31,2773.0,30.8,1,0,1,1,0,0,11,0,0.03,0.0,0.03,0.03,0.03,Matches,1,21,5,23.8,0.68,0.16,0.05,0.2,0,0,Matches,,,,,,,,,,,,,,,0,,,,,,Matches,,66,,,,,,,,,,,47,,,,Matches,,,,,,,,,,,,,,,,,,,,,Matches
141,Ronald Araújo,uy URU,DF,Barcelona,es La Liga,26.0,1999.0,24,11,1071.0,11.9,3,0,3,3,0,0,2,0,0.25,0.0,0.25,0.25,0.25,Matches,3,12,5,41.7,1.01,0.42,0.25,0.6,0,0,Matches,,,,,,,,,,,,,,,0,,,,,,Matches,,15,,,,,,,,,,,10,,,,Matches,,,,,,,,,,,,,,,,,,,,,Matches
142,Carlens Arcus,ht HAI,DF,Angers,fr Ligue 1,29.0,1996.0,26,24,2040.0,22.7,0,3,3,0,0,0,7,0,0.0,0.13,0.13,0.0,0.13,Matches,0,9,1,11.1,0.4,0.04,0.0,0.0,0,0,Matches,,,,,,,,,,,,,,,3,,,,,,Matches,,29,,,,,,,,,,,29,,,,Matches,,,,,,,,,,,,,,,,,,,,,Matches
144,Alphonse Areola,fr FRA,GK,West Ham,eng Premier League,32.0,1993.0,20,20,1800.0,20.0,0,1,1,0,0,0,0,0,0.0,0.05,0.05,0.0,0.05,Matches,0,0,0,,0.0,0.0,,,0,0,Matches,,,,,,,,,,,,,,,1,,,,,,Matches,,0,,,,,,,,,,,1,,,,Matches,,,,,,,,,,,,,,,,,,,,,Matches
145,Jesús Areso,es ESP,DF,Athletic Club,es La Liga,26.0,1999.0,26,14,1506.0,16.7,0,1,1,0,0,0,3,0,0.0,0.06,0.06,0.0,0.06,Matches,0,3,0,0.0,0.18,0.0,0.0,,0,0,Matches,,,,,,,,,,,,,,,1,,,,,,Matches,,16,,,,,,,,,,,20,,,,Matches,,,,,,,,,,,,,,,,,,,,,Matches
149,Jhon Arias,co COL,"FW,MF",Wolves,eng Premier League,27.0,1997.0,23,14,1124.0,12.5,1,0,1,1,0,0,1,0,0.08,0.0,0.08,0.08,0.08,Matches,1,16,3,18.8,1.28,0.24,0.06,0.33,0,0,Matches,,,,,,,,,,,,,,,0,,,,,,Matches,,27,,,,,,,,,,,7,,,,Matches,,,,,,,,,,,,,,,,,,,,,Matches
151,Adam Armstrong,eng ENG,"FW,MF",Wolves,eng Premier League,28.0,1997.0,14,14,1140.0,12.7,2,2,4,1,1,1,3,0,0.16,0.16,0.32,0.08,0.24,Matches,2,18,6,33.3,1.42,0.47,0.11,0.33,1,1,Matches,,,,,,,,,,,,,,,2,,,,,,Matches,,4,,,,,,,,,,,1,,,,Matches,,,,,,,,,,,,,,,,,,,,,Matches
152,Harrison Armstrong,eng ENG,MF,Everton,eng Premier League,18.0,2007.0,13,6,529.0,5.9,0,0,0,0,0,0,0,0,0.0,0.0,0.0,0.0,0.0,Matches,0,5,2,40.0,0.85,0.34,0.0,0.0,0,0,Matches,,,,,,,,,,,,,,,0,,,,,,Matches,,10,,,,,,,,,,,4,,,,Matches,,,,,,,,,,,,,,,,,,,,,Matches
153,Maximilian Arnold,de GER,MF,Wolfsburg,de Bundesliga,31.0,1994.0,25,20,1859.0,20.7,1,4,5,1,0,0,5,0,0.05,0.19,0.24,0.05,0.24,Matches,1,13,5,38.5,0.63,0.24,0.08,0.2,0,0,Matches,,,,,,,,,,,,,,,4,,,,,,Matches,,15,,,,,,,,,,,24,,,,Matches,,,,,,,,,,,,,,,,,,,,,Matches
154,Tolu Arokodare,ng NGA,FW,Wolves,eng Premier League,24.0,2000.0,33,13,1419.0,15.8,3,1,4,3,0,1,1,0,0.19,0.06,0.25,0.19,0.25,Matches,3,46,16,34.8,2.92,1.01,0.07,0.19,0,1,Matches,,,,,,,,,,,,,,,1,,,,,,Matches,,4,,,,,,,,,,,5,,,,Matches,,,,,,,,,,,,,,,,,,,,,Matches
156,Kervin Arriaga,hn HON,MF,Levante,es La Liga,27.0,1998.0,27,16,1532.0,17.0,3,3,6,3,0,0,8,1,0.18,0.18,0.35,0.18,0.35,Matches,3,16,6,37.5,0.94,0.35,0.19,0.5,0,0,Matches,,,,,,,,,,,,,,,3,,,,,,Matches,,26,,,,,,,,,,,14,,,,Matches,,,,,,,,,,,,,,,,,,,,,Matches
158,Arthur,br BRA,MF,Leverkusen,de Bundesliga,22.0,2003.0,20,13,1136.0,12.6,1,3,4,1,0,0,3,0,0.08,0.24,0.32,0.08,0.32,Matches,1,10,2,20.0,0.79,0.16,0.1,0.5,0,0,Matches,,,,,,,,,,,,,,,3,,,,,,Matches,,12,,,,,,,,,,,18,,,,Matches,,,,,,,,,,,,,,,,,,,,,Matches
159,Takuma Asano,jp JPN,"MF,FW",Mallorca,es La Liga,30.0,1994.0,20,8,664.0,7.4,1,0,1,1,0,0,2,0,0.14,0.0,0.14,0.14,0.14,Matches,1,17,2,11.8,2.3,0.27,0.06,0.5,0,0,Matches,,,,,,,,,,,,,,,0,,,,,,Matches,,10,,,,,,,,,,,1,,,,Matches,,,,,,,,,,,,,,,,,,,,,Matches
160,Raúl Asencio,es ESP,DF,Real Madrid,es La Liga,22.0,2003.0,23,18,1708.0,19.0,2,0,2,2,0,0,4,0,0.11,0.0,0.11,0.11,0.11,Matches,2,14,4,28.6,0.74,0.21,0.14,0.5,0,0,Matches,,,,,,,,,,,,,,,0,,,,,,Matches,,12,,,,,,,,,,,10,,,,Matches,,,,,,,,,,,,,,,,,,,,,Matches
161,Fisnik Asllani,xk KVX,"FW,MF",Hoffenheim,de Bundesliga,22.0,2002.0,33,31,2335.0,25.9,10,7,17,10,0,0,2,0,0.39,0.27,0.66,0.39,0.66,Matches,10,73,28,38.4,2.81,1.08,0.14,0.36,0,0,Matches,,,,,,,,,,,,,,,7,,,,,,Matches,,7,,,,,,,,,,,5,,,,Matches,,,,,,,,,,,,,,,,,,,,,Matches
162,Kristjan Asllani,al ALB,MF,Torino,it Serie A,23.0,2002.0,15,13,1129.0,12.5,0,0,0,0,0,1,3,0,0.0,0.0,0.0,0.0,0.0,Matches,0,20,4,20.0,1.59,0.32,0.0,0.0,0,1,Matches,,,,,,,,,,,,,,,0,,,,,,Matches,,14,,,,,,,,,,,12,,,,Matches,,,,,,,,,,,,,,,,,,,,,Matches
164,Iago Aspas,es ESP,"FW,MF",Celta Vigo,es La Liga,37.0,1987.0,32,11,1140.0,12.7,5,3,8,3,2,2,4,0,0.39,0.24,0.63,0.24,0.47,Matches,5,28,12,42.9,2.21,0.95,0.18,0.42,2,2,Matches,,,,,,,,,,,,,,,3,,,,,,Matches,,11,,,,,,,,,,,12,,,,Matches,,,,,,,,,,,,,,,,,,,,,Matches
165,Yaser Asprilla,co COL,"FW,MF",Girona,es La Liga,21.0,2003.0,15,6,611.0,6.8,0,0,0,0,0,0,0,0,0.0,0.0,0.0,0.0,0.0,Matches,0,15,5,33.3,2.21,0.74,0.0,0.0,0,0,Matches,,,,,,,,,,,,,,,0,,,,,,Matches,,4,,,,,,,,,,,5,,,,Matches,,,,,,,,,,,,,,,,,,,,,Matches
166,Lorenz Assignon,tg TOG,"DF,MF",Stuttgart,de Bundesliga,25.0,2000.0,24,12,1094.0,12.2,0,0,0,0,0,0,3,1,0.0,0.0,0.0,0.0,0.0,Matches,0,12,4,33.3,0.99,0.33,0.0,0.0,0,0,Matches,,,,,,,,,,,,,,,0,,,,,,Matches,,15,,,,,,,,,,,15,,,,Matches,,,,,,,,,,,,,,,,,,,,,Matches
167,Dehmaine Assoumani,fr FRA,MF,Nantes,fr Ligue 1,20.0,2005.0,27,14,1276.0,14.2,1,0,1,1,0,0,5,0,0.07,0.0,0.07,0.07,0.07,Matches,1,29,7,24.1,2.05,0.49,0.03,0.14,0,0,Matches,,,,,,,,,,,,,,,0,,,,,,Matches,,18,,,,,,,,,,,16,,,,Matches,,,,,,,,,,,,,,,,,,,,,Matches
169,Otavio Ataide,br BRA,DF,Paris FC,fr Ligue 1,23.0,2002.0,23,21,1901.0,21.1,1,0,1,1,0,0,6,1,0.05,0.0,0.05,0.05,0.05,Matches,1,12,3,25.0,0.57,0.14,0.08,0.33,0,0,Matches,,,,,,,,,,,,,,,0,,,,,,Matches,,29,,,,,,,,,,,27,,,,Matches,,,,,,,,,,,,,,,,,,,,,Matches
170,Zachary Athekame,ch SUI,"MF,DF",Milan,it Serie A,20.0,2004.0,27,7,833.0,9.3,2,2,4,2,0,0,3,0,0.22,0.22,0.43,0.22,0.43,Matches,2,13,4,30.8,1.4,0.43,0.15,0.5,0,0,Matches,,,,,,,,,,,,,,,2,,,,,,Matches,,8,,,,,,,,,,,4,,,,Matches,,,,,,,,,,,,,,,,,,,,,Matches
171,Arthur Atta,fr FRA,MF,Udinese,it Serie A,22.0,2003.0,32,29,2557.0,28.4,5,3,8,5,0,0,3,0,0.18,0.11,0.28,0.18,0.28,Matches,5,57,20,35.1,2.01,0.7,0.09,0.25,0,0,Matches,,,,,,,,,,,,,,,3,,,,,,Matches,,17,,,,,,,,,,,23,,,,Matches,,,,,,,,,,,,,,,,,,,,,Matches
172,Noah Atubolu,de GER,GK,Freiburg,de Bundesliga,23.0,2002.0,34,34,3060.0,34.0,0,0,0,0,0,0,1,0,0.0,0.0,0.0,0.0,0.0,Matches,0,0,0,,0.0,0.0,,,0,0,Matches,,,,,,,,,,,,,,,0,,,,,,Matches,,0,,,,,,,,,,,1,,,,Matches,,,,,,,,,,,,,,,,,,,,,Matches
173,Pierre-Emerick Aubameyang,ga GAB,FW,Marseille,fr Ligue 1,36.0,1989.0,30,23,2039.0,22.7,10,5,15,10,0,0,1,0,0.44,0.22,0.66,0.44,0.66,Matches,10,60,34,56.7,2.65,1.5,0.17,0.29,0,0,Matches,,,,,,,,,,,,,,,5,,,,,,Matches,,6,,,,,,,,,,,7,,,,Matches,,,,,,,,,,,,,,,,,,,,,Matches
174,Emil Audero,id IDN,GK,Cremonese,it Serie A,28.0,1997.0,34,34,3060.0,34.0,0,0,0,0,0,0,0,0,0.0,0.0,0.0,0.0,0.0,Matches,0,0,0,,0.0,0.0,,,0,0,Matches,,,,,,,,,,,,,,,0,,,,,,Matches,,0,,,,,,,,,,,0,,,,Matches,,,,,,,,,,,,,,,,,,,,,Matches
175,Carlos Augusto,br BRA,"MF,DF",Inter,it Serie A,26.0,1999.0,34,18,1763.0,19.6,1,1,2,1,0,0,6,0,0.05,0.05,0.1,0.05,0.1,Matches,1,20,6,30.0,1.02,0.31,0.05,0.17,0,0,Matches,,,,,,,,,,,,,,,1,,,,,,Matches,,22,,,,,,,,,,,19,,,,Matches,,,,,,,,,,,,,,,,,,,,,Matches
176,Yann Aurel Bisseck,de GER,DF,Inter,it Serie A,24.0,2000.0,23,21,1922.0,21.4,3,1,4,3,0,0,2,0,0.14,0.05,0.19,0.14,0.19,Matches,3,25,12,48.0,1.17,0.56,0.12,0.25,0,0,Matches,,,,,,,,,,,,,,,1,,,,,,Matches,,18,,,,,,,,,,,23,,,,Matches,,,,,,,,,,,,,,,,,,,,,Matches
177,Leon Avdullahu,xk KVX,MF,Hoffenheim,de Bundesliga,21.0,2004.0,33,32,2834.0,31.5,0,1,1,0,0,0,5,0,0.0,0.03,0.03,0.0,0.03,Matches,0,14,2,14.3,0.44,0.06,0.0,0.0,0,0,Matches,,,,,,,,,,,,,,,1,,,,,,Matches,,30,,,,,,,,,,,33,,,,Matches,,,,,,,,,,,,,,,,,,,,,Matches
179,Arthur Avom,cm CMR,MF,Lorient,fr Ligue 1,20.0,2004.0,31,22,2119.0,23.5,2,1,3,2,0,0,3,0,0.08,0.04,0.13,0.08,0.13,Matches,2,21,6,28.6,0.89,0.25,0.1,0.33,0,0,Matches,,,,,,,,,,,,,,,1,,,,,,Matches,,31,,,,,,,,,,,28,,,,Matches,,,,,,,,,,,,,,,,,,,,,Matches
180,Chidozie Awaziem,ng NGA,DF,Nantes,fr Ligue 1,28.0,1997.0,26,25,2231.0,24.8,1,2,3,1,0,0,7,0,0.04,0.08,0.12,0.04,0.12,Matches,1,11,4,36.4,0.44,0.16,0.09,0.25,0,0,Matches,,,,,,,,,,,,,,,2,,,,,,Matches,,20,,,,,,,,,,,20,,,,Matches,,,,,,,,,,,,,,,,,,,,,Matches
181,Taiwo Awoniyi,ng NGA,FW,Nottingham,eng Premier League,27.0,1997.0,17,3,494.0,5.5,4,1,5,4,0,0,2,0,0.73,0.18,0.91,0.73,0.91,Matches,4,15,8,53.3,2.73,1.46,0.27,0.5,0,0,Matches,,,,,,,,,,,,,,,1,,,,,,Matches,,1,,,,,,,,,,,1,,,,Matches,,,,,,,,,,,,,,,,,,,,,Matches
182,Yasin Ayari,se SWE,MF,Brighton,eng Premier League,21.0,2003.0,29,20,1929.0,21.4,3,3,6,3,0,0,1,0,0.14,0.14,0.28,0.14,0.28,Matches,3,41,10,24.4,1.91,0.47,0.07,0.3,0,0,Matches,,,,,,,,,,,,,,,3,,,,,,Matches,,25,,,,,,,,,,,26,,,,Matches,,,,,,,,,,,,,,,,,,,,,Matches
183,Neil El Aynaoui,ma MAR,MF,Roma,it Serie A,24.0,2001.0,25,8,999.0,11.1,1,2,3,1,0,0,5,0,0.09,0.18,0.27,0.09,0.27,Matches,1,6,4,66.7,0.54,0.36,0.17,0.25,0,0,Matches,,,,,,,,,,,,,,,2,,,,,,Matches,,10,,,,,,,,,,,18,,,,Matches,,,,,,,,,,,,,,,,,,,,,Matches
185,César Azpilicueta,es ESP,DF,Sevilla,es La Liga,35.0,1989.0,17,17,1213.0,13.5,0,1,1,0,0,0,4,0,0.0,0.07,0.07,0.0,0.07,Matches,0,1,0,0.0,0.07,0.0,0.0,,0,0,Matches,,,,,,,,,,,,,,,1,,,,,,Matches,,19,,,,,,,,,,,22,,,,Matches,,,,,,,,,,,,,,,,,,,,,Matches
186,Oussama El Azzouzi,ma MAR,"MF,DF",Auxerre,fr Ligue 1,24.0,2001.0,11,10,807.0,9.0,1,0,1,1,0,0,1,1,0.11,0.0,0.11,0.11,0.11,Matches,1,5,1,20.0,0.56,0.11,0.2,1.0,0,0,Matches,,,,,,,,,,,,,,,0,,,,,,Matches,,15,,,,,,,,,,,16,,,,Matches,,,,,,,,,,,,,,,,,,,,,Matches
187,Mio Backhaus,de GER,GK,Werder Bremen,de Bundesliga,21.0,2004.0,32,32,2880.0,32.0,0,0,0,0,0,0,1,0,0.0,0.0,0.0,0.0,0.0,Matches,0,0,0,,0.0,0.0,,,0,0,Matches,,,,,,,,,,,,,,,0,,,,,,Matches,,0,,,,,,,,,,,0,,,,Matches,,,,,,,,,,,,,,,,,,,,,Matches
188,Loïc Bade,fr FRA,DF,Leverkusen,de Bundesliga,25.0,2000.0,23,19,1653.0,18.4,0,0,0,0,0,0,4,0,0.0,0.0,0.0,0.0,0.0,Matches,0,12,4,33.3,0.65,0.22,0.0,0.0,0,0,Matches,,,,,,,,,,,,,,,0,,,,,,Matches,,19,,,,,,,,,,,21,,,,Matches,,,,,,,,,,,,,,,,,,,,,Matches
189,Benoît Badiashile,fr FRA,DF,Chelsea,eng Premier League,24.0,2001.0,8,6,471.0,5.2,0,0,0,0,0,0,2,0,0.0,0.0,0.0,0.0,0.0,Matches,0,0,0,,0.0,0.0,,,0,0,Matches,,,,,,,,,,,,,,,0,,,,,,Matches,,5,,,,,,,,,,,9,,,,Matches,,,,,,,,,,,,,,,,,,,,,Matches
190,Álex Baena,es ESP,"MF,FW",Atlético Madrid,es La Liga,24.0,2001.0,27,21,1560.0,17.3,2,3,5,2,0,0,5,0,0.12,0.17,0.29,0.12,0.29,Matches,2,29,7,24.1,1.67,0.4,0.07,0.29,0,0,Matches,,,,,,,,,,,,,,,3,,,,,,Matches,,11,,,,,,,,,,,16,,,,Matches,,,,,,,,,,,,,,,,,,,,,Matches
191,Samson Baidoo,at AUT,DF,Lens,fr Ligue 1,21.0,2004.0,23,20,1827.0,20.3,2,1,3,2,0,0,2,0,0.1,0.05,0.15,0.1,0.15,Matches,2,16,4,25.0,0.79,0.2,0.13,0.5,0,0,Matches,,,,,,,,,,,,,,,1,,,,,,Matches,,23,,,,,,,,,,,25,,,,Matches,,,,,,,,,,,,,,,,,,,,,Matches
192,Leon Bailey,jm JAM,MF,Aston Villa,eng Premier League,27.0,1997.0,13,3,459.0,5.1,0,1,1,0,0,0,1,0,0.0,0.2,0.2,0.0,0.2,Matches,0,8,1,12.5,1.57,0.2,0.0,0.0,0,0,Matches,,,,,,,,,,,,,,,1,,,,,,Matches,,6,,,,,,,,,,,4,,,,Matches,,,,,,,,,,,,,,,,,,,,,Matches
194,Eric Bailly,ci CIV,DF,Oviedo,es La Liga,31.0,1994.0,15,15,1234.0,13.7,1,0,1,1,0,0,3,0,0.07,0.0,0.07,0.07,0.07,Matches,1,6,1,16.7,0.44,0.07,0.17,1.0,0,0,Matches,,,,,,,,,,,,,,,0,,,,,,Matches,,10,,,,,,,,,,,17,,,,Matches,,,,,,,,,,,,,,,,,,,,,Matches
196,Cédric Bakambu,cd COD,FW,Real Betis,es La Liga,34.0,1991.0,18,5,569.0,6.3,3,1,4,3,0,0,1,0,0.47,0.16,0.63,0.47,0.63,Matches,3,21,9,42.9,3.32,1.42,0.14,0.33,0,0,Matches,,,,,,,,,,,,,,,1,,,,,,Matches,,2,,,,,,,,,,,2,,,,Matches,,,,,,,,,,,,,,,,,,,,,Matches
197,Johan Bakayoko,be BEL,"FW,MF",RB Leipzig,de Bundesliga,22.0,2003.0,20,8,777.0,8.6,2,0,2,2,0,0,1,0,0.23,0.0,0.23,0.23,0.23,Matches,2,24,9,37.5,2.78,1.04,0.08,0.22,0,0,Matches,,,,,,,,,,,,,,,0,,,,,,Matches,,3,,,,,,,,,,,2,,,,Matches,,,,,,,,,,,,,,,,,,,,,Matches
201,Ridle Baku,de GER,DF,RB Leipzig,de Bundesliga,27.0,1998.0,32,28,2504.0,27.8,2,3,5,2,0,0,4,0,0.07,0.11,0.18,0.07,0.18,Matches,2,30,6,20.0,1.08,0.22,0.07,0.33,0,0,Matches,,,,,,,,,,,,,,,3,,,,,,Matches,,40,,,,,,,,,,,31,,,,Matches,,,,,,,,,,,,,,,,,,,,,Matches
203,Dilane Bakwa,fr FRA,MF,Nottingham,eng Premier League,22.0,2002.0,14,6,553.0,6.1,0,2,2,0,0,0,1,0,0.0,0.33,0.33,0.0,0.33,Matches,0,9,3,33.3,1.46,0.49,0.0,0.0,0,0,Matches,,,,,,,,,,,,,,,2,,,,,,Matches,,3,,,,,,,,,,,0,,,,Matches,,,,,,,,,,,,,,,,,,,,,Matches
207,Alejandro Balde,es ESP,DF,Barcelona,es La Liga,21.0,2003.0,28,21,1869.0,20.8,0,2,2,0,0,0,2,0,0.0,0.1,0.1,0.0,0.1,Matches,0,10,1,10.0,0.48,0.05,0.0,0.0,0,0,Matches,,,,,,,,,,,,,,,2,,,,,,Matches,,21,,,,,,,,,,,6,,,,Matches,,,,,,,,,,,,,,,,,,,,,Matches
209,Carlos Baleba,cm CMR,MF,Brighton,eng Premier League,21.0,2004.0,31,23,1652.0,18.4,0,0,0,0,0,0,5,0,0.0,0.0,0.0,0.0,0.0,Matches,0,20,2,10.0,1.09,0.11,0.0,0.0,0,0,Matches,,,,,,,,,,,,,,,0,,,,,,Matches,,21,,,,,,,,,,,28,,,,Matches,,,,,,,,,,,,,,,,,,,,,Matches
210,Leonardo Balerdi,ar ARG,DF,Marseille,fr Ligue 1,26.0,1999.0,26,21,2001.0,22.2,0,1,1,0,0,0,5,0,0.0,0.04,0.04,0.0,0.04,Matches,0,20,5,25.0,0.9,0.22,0.0,0.0,0,0,Matches,,,,,,,,,,,,,,,1,,,,,,Matches,,28,,,,,,,,,,,27,,,,Matches,,,,,,,,,,,,,,,,,,,,,Matches
211,Daniel Ballard,nir NIR,DF,Sunderland,eng Premier League,25.0,1999.0,29,24,2149.0,23.9,2,0,2,2,0,0,4,1,0.08,0.0,0.08,0.08,0.08,Matches,2,26,9,34.6,1.09,0.38,0.08,0.22,0,0,Matches,,,,,,,,,,,,,,,0,,,,,,Matches,,17,,,,,,,,,,,20,,,,Matches,,,,,,,,,,,,,,,,,,,,,Matches
213,Iván Balliu,al ALB,DF,Rayo Vallecano,es La Liga,33.0,1992.0,14,6,582.0,6.5,0,0,0,0,0,0,2,0,0.0,0.0,0.0,0.0,0.0,Matches,0,4,0,0.0,0.62,0.0,0.0,,0,0,Matches,,,,,,,,,,,,,,,0,,,,,,Matches,,9,,,,,,,,,,,9,,,,Matches,,,,,,,,,,,,,,,,,,,,,Matches
214,Fodé Ballo-Touré,sn SEN,"DF,MF",Metz,fr Ligue 1,28.0,1997.0,13,11,836.0,9.3,0,0,0,0,0,0,2,0,0.0,0.0,0.0,0.0,0.0,Matches,0,5,1,20.0,0.54,0.11,0.0,0.0,0,0,Matches,,,,,,,,,,,,,,,0,,,,,,Matches,,16,,,,,,,,,,,5,,,,Matches,,,,,,,,,,,,,,,,,,,,,Matches
215,Folarin Balogun,us USA,FW,Monaco,fr Ligue 1,24.0,2001.0,30,26,2230.0,24.8,13,4,17,10,3,3,4,1,0.52,0.16,0.69,0.4,0.57,Matches,13,77,32,41.6,3.11,1.29,0.17,0.41,3,3,Matches,,,,,,,,,,,,,,,4,,,,,,Matches,,6,,,,,,,,,,,4,,,,Matches,,,,,,,,,,,,,,,,,,,,,Matches
217,Aladji Bamba,fr FRA,MF,Monaco,fr Ligue 1,19.0,2006.0,18,10,816.0,9.1,0,2,2,0,0,0,2,0,0.0,0.22,0.22,0.0,0.22,Matches,0,2,1,50.0,0.22,0.11,0.0,0.0,0,0,Matches,,,,,,,,,,,,,,,2,,,,,,Matches,,20,,,,,,,,,,,8,,,,Matches,,,,,,,,,,,,,,,,,,,,,Matches
218,Mohamed Bamba,ci CIV,FW,Lorient,fr Ligue 1,23.0,2001.0,18,7,682.0,7.6,1,2,3,1,0,1,3,0,0.13,0.26,0.4,0.13,0.4,Matches,1,13,6,46.2,1.72,0.79,0.08,0.17,0,1,Matches,,,,,,,,,,,,,,,2,,,,,,Matches,,2,,,,,,,,,,,2,,,,Matches,,,,,,,,,,,,,,,,,,,,,Matches
219,Lameck Banda,zm ZAM,"MF,FW",Lecce,it Serie A,24.0,2001.0,32,21,1752.0,19.5,5,4,9,5,0,0,6,1,0.26,0.21,0.46,0.26,0.46,Matches,5,38,15,39.5,1.95,0.77,0.13,0.33,0,0,Matches,,,,,,,,,,,,,,,4,,,,,,Matches,,17,,,,,,,,,,,7,,,,Matches,,,,,,,,,,,,,,,,,,,,,Matches
220,Noahkai Banks,us USA,DF,Augsburg,de Bundesliga,18.0,2006.0,23,20,1725.0,19.2,1,1,2,1,0,0,8,0,0.05,0.05,0.1,0.05,0.1,Matches,1,9,5,55.6,0.47,0.26,0.11,0.2,0,0,Matches,,,,,,,,,,,,,,,1,,,,,,Matches,,29,,,,,,,,,,,18,,,,Matches,,,,,,,,,,,,,,,,,,,,,Matches
221,Ezechiel Banzuzi,nl NED,MF,RB Leipzig,de Bundesliga,20.0,2005.0,24,2,597.0,6.6,0,1,1,0,0,0,3,0,0.0,0.15,0.15,0.0,0.15,Matches,0,15,4,26.7,2.26,0.6,0.0,0.0,0,0,Matches,,,,,,,,,,,,,,,1,,,,,,Matches,,10,,,,,,,,,,,6,,,,Matches,,,,,,,,,,,,,,,,,,,,,Matches
222,Tommaso Barbieri,it ITA,MF,Cremonese,it Serie A,22.0,2002.0,29,18,1707.0,19.0,0,1,1,0,0,0,8,0,0.0,0.05,0.05,0.0,0.05,Matches,0,16,2,12.5,0.84,0.11,0.0,0.0,0,0,Matches,,,,,,,,,,,,,,,1,,,,,,Matches,,26,,,,,,,,,,,14,,,,Matches,,,,,,,,,,,,,,,,,,,,,Matches
223,Valentín Barco,ar ARG,MF,Strasbourg,fr Ligue 1,21.0,2004.0,27,24,2168.0,24.1,2,4,6,2,0,0,5,1,0.08,0.17,0.25,0.08,0.25,Matches,2,27,10,37.0,1.12,0.42,0.07,0.2,0,0,Matches,,,,,,,,,,,,,,,4,,,,,,Matches,,33,,,,,,,,,,,14,,,,Matches,,,,,,,,,,,,,,,,,,,,,Matches
224,Bradley Barcola,fr FRA,FW,PSG,fr Ligue 1,22.0,2002.0,29,21,1743.0,19.4,11,1,12,11,0,0,2,0,0.57,0.05,0.62,0.57,0.62,Matches,11,66,30,45.5,3.41,1.55,0.17,0.37,0,0,Matches,,,,,,,,,,,,,,,1,,,,,,Matches,,16,,,,,,,,,,,12,,,,Matches,,,,,,,,,,,,,,,,,,,,,Matches
225,Melvin Bard,fr FRA,"DF,MF",Nice,fr Ligue 1,24.0,2000.0,29,26,2394.0,26.6,2,1,3,2,0,0,4,0,0.08,0.04,0.11,0.08,0.11,Matches,2,15,5,33.3,0.56,0.19,0.13,0.4,0,0,Matches,,,,,,,,,,,,,,,1,,,,,,Matches,,29,,,,,,,,,,,41,,,,Matches,,,,,,,,,,,,,,,,,,,,,Matches
226,Roony Bardghji,se SWE,"MF,FW",Barcelona,es La Liga,19.0,2005.0,21,7,648.0,7.2,1,1,2,1,0,0,0,0,0.14,0.14,0.28,0.14,0.28,Matches,1,22,12,54.5,3.06,1.67,0.05,0.08,0,0,Matches,,,,,,,,,,,,,,,1,,,,,,Matches,,4,,,,,,,,,,,2,,,,Matches,,,,,,,,,,,,,,,,,,,,,Matches
227,Nicolò Barella,it ITA,MF,Inter,it Serie A,28.0,1997.0,34,31,2517.0,28.0,3,8,11,3,0,0,7,0,0.11,0.29,0.39,0.11,0.39,Matches,3,35,5,14.3,1.25,0.18,0.09,0.6,0,0,Matches,,,,,,,,,,,,,,,8,,,,,,Matches,,31,,,,,,,,,,,9,,,,Matches,,,,,,,,,,,,,,,,,,,,,Matches
229,Ross Barkley,eng ENG,MF,Aston Villa,eng Premier League,31.0,1993.0,21,7,857.0,9.5,3,1,4,3,0,0,1,0,0.32,0.11,0.42,0.32,0.42,Matches,3,18,8,44.4,1.89,0.84,0.17,0.38,0,0,Matches,,,,,,,,,,,,,,,1,,,,,,Matches,,11,,,,,,,,,,,2,,,,Matches,,,,,,,,,,,,,,,,,,,,,Matches
231,Harvey Barnes,eng ENG,"FW,MF",Newcastle,eng Premier League,27.0,1997.0,37,19,1966.0,21.8,7,1,8,7,0,0,1,0,0.32,0.05,0.37,0.32,0.37,Matches,7,58,21,36.2,2.66,0.96,0.12,0.33,0,0,Matches,,,,,,,,,,,,,,,1,,,,,,Matches,,5,,,,,,,,,,,3,,,,Matches,,,,,,,,,,,,,,,,,,,,,Matches
232,Ander Barrenetxea,es ESP,MF,Real Sociedad,es La Liga,23.0,2001.0,30,22,1763.0,19.6,3,5,8,3,0,0,5,0,0.15,0.26,0.41,0.15,0.41,Matches,3,35,11,31.4,1.79,0.56,0.09,0.27,0,0,Matches,,,,,,,,,,,,,,,5,,,,,,Matches,,18,,,,,,,,,,,17,,,,Matches,,,,,,,,,,,,,,,,,,,,,Matches
233,Pablo Barrios,es ESP,MF,Atlético Madrid,es La Liga,22.0,2003.0,23,20,1661.0,18.5,1,1,2,1,0,0,0,0,0.05,0.05,0.11,0.05,0.11,Matches,1,23,6,26.1,1.25,0.33,0.04,0.17,0,0,Matches,,,,,,,,,,,,,,,1,,,,,,Matches,,16,,,,,,,,,,,26,,,,Matches,,,,,,,,,,,,,,,,,,,,,Matches
234,Thierno Barry,fr FRA,FW,Everton,eng Premier League,22.0,2002.0,38,21,1914.0,21.3,8,0,8,8,0,0,3,0,0.38,0.0,0.38,0.38,0.38,Matches,8,38,14,36.8,1.79,0.66,0.21,0.57,0,0,Matches,,,,,,,,,,,,,,,0,,,,,,Matches,,4,,,,,,,,,,,5,,,,Matches,,,,,,,,,,,,,,,,,,,,,Matches
235,Davide Bartesaghi,it ITA,"MF,DF",Milan,it Serie A,19.0,2005.0,31,27,2441.0,27.1,2,0,2,2,0,0,3,0,0.07,0.0,0.07,0.07,0.07,Matches,2,22,7,31.8,0.81,0.26,0.09,0.29,0,0,Matches,,,,,,,,,,,,,,,0,,,,,,Matches,,35,,,,,,,,,,,15,,,,Matches,,,,,,,,,,,,,,,,,,,,,Matches
236,Marc Bartra,es ESP,DF,Real Betis,es La Liga,34.0,1991.0,25,21,1978.0,22.0,1,0,1,1,0,0,3,0,0.05,0.0,0.05,0.05,0.05,Matches,1,16,5,31.3,0.73,0.23,0.06,0.2,0,0,Matches,,,,,,,,,,,,,,,0,,,,,,Matches,,18,,,,,,,,,,,29,,,,Matches,,,,,,,,,,,,,,,,,,,,,Matches
237,Federico Baschirotto,it ITA,DF,Cremonese,it Serie A,28.0,1996.0,29,29,2540.0,28.2,2,0,2,2,0,0,2,0,0.07,0.0,0.07,0.07,0.07,Matches,2,12,5,41.7,0.43,0.18,0.17,0.4,0,0,Matches,,,,,,,,,,,,,,,0,,,,,,Matches,,13,,,,,,,,,,,24,,,,Matches,,,,,,,,,,,,,,,,,,,,,Matches
238,Toma Bašić,hr CRO,MF,Lazio,it Serie A,28.0,1996.0,23,23,1735.0,19.3,2,3,5,2,0,0,0,1,0.1,0.16,0.26,0.1,0.26,Matches,2,30,12,40.0,1.56,0.62,0.07,0.17,0,0,Matches,,,,,,,,,,,,,,,3,,,,,,Matches,,16,,,,,,,,,,,9,,,,Matches,,,,,,,,,,,,,,,,,,,,,Matches
239,Calvin Bassey,ng NGA,DF,Fulham,eng Premier League,25.0,1999.0,30,28,2534.0,28.2,1,0,1,1,0,0,5,0,0.04,0.0,0.04,0.04,0.04,Matches,1,12,1,8.3,0.43,0.04,0.08,1.0,0,0,Matches,,,,,,,,,,,,,,,0,,,,,,Matches,,32,,,,,,,,,,,22,,,,Matches,,,,,,,,,,,,,,,,,,,,,Matches
240,Alessandro Bastoni,it ITA,DF,Inter,it Serie A,26.0,1999.0,28,28,2239.0,24.9,1,4,5,1,0,0,6,0,0.04,0.16,0.2,0.04,0.2,Matches,1,17,8,47.1,0.68,0.32,0.06,0.13,0,0,Matches,,,,,,,,,,,,,,,4,,,,,,Matches,,39,,,,,,,,,,,21,,,,Matches,,,,,,,,,,,,,,,,,,,,,Matches
241,Augusto Batalla,ar ARG,GK,Rayo Vallecano,es La Liga,29.0,1996.0,34,34,3060.0,34.0,0,0,0,0,0,0,6,0,0.0,0.0,0.0,0.0,0.0,Matches,0,0,0,,0.0,0.0,,,0,0,Matches,,,,,,,,,,,,,,,0,,,,,,Matches,,1,,,,,,,,,,,0,,,,Matches,,,,,,,,,,,,,,,,,,,,,Matches
243,Martin Baturina,hr CRO,"MF,FW",Como,it Serie A,22.0,2003.0,29,17,1569.0,17.4,6,3,9,6,0,0,0,0,0.34,0.17,0.52,0.34,0.52,Matches,6,28,9,32.1,1.61,0.52,0.21,0.67,0,0,Matches,,,,,,,,,,,,,,,3,,,,,,Matches,,14,,,,,,,,,,,5,,,,Matches,,,,,,,,,,,,,,,,,,,,,Matches
244,Daniel Batz,de GER,GK,Mainz 05,de Bundesliga,34.0,1991.0,21,21,1890.0,21.0,0,0,0,0,0,0,2,0,0.0,0.0,0.0,0.0,0.0,Matches,0,0,0,,0.0,0.0,,,0,0,Matches,,,,,,,,,,,,,,,0,,,,,,Matches,,0,,,,,,,,,,,0,,,,Matches,,,,,,,,,,,,,,,,,,,,,Matches
246,Oliver Baumann,de GER,GK,Hoffenheim,de Bundesliga,35.0,1990.0,34,34,3060.0,34.0,0,0,0,0,0,0,3,0,0.0,0.0,0.0,0.0,0.0,Matches,0,0,0,,0.0,0.0,,,0,0,Matches,,,,,,,,,,,,,,,0,,,,,,Matches,,0,,,,,,,,,,,1,,,,Matches,,,,,,,,,,,,,,,,,,,,,Matches
247,Christoph Baumgartner,at AUT,MF,RB Leipzig,de Bundesliga,25.0,1999.0,33,32,2780.0,30.9,13,8,21,13,0,1,10,0,0.42,0.26,0.68,0.42,0.68,Matches,13,81,35,43.2,2.62,1.13,0.16,0.37,0,1,Matches,,,,,,,,,,,,,,,8,,,,,,Matches,,40,,,,,,,,,,,22,,,,Matches,,,,,,,,,,,,,,,,,,,,,Matches
248,Altay Bayındır,tr TUR,GK,Manchester Utd,eng Premier League,27.0,1998.0,6,6,540.0,6.0,0,0,0,0,0,0,0,0,0.0,0.0,0.0,0.0,0.0,Matches,0,0,0,,0.0,0.0,,,0,0,Matches,,,,,,,,,,,,,,,0,,,,,,Matches,,0,,,,,,,,,,,0,,,,Matches,,,,,,,,,,,,,,,,,,,,,Matches
249,Vakoun Bayo,ci CIV,FW,Udinese,it Serie A,28.0,1997.0,15,4,453.0,5.0,0,2,2,0,0,0,0,0,0.0,0.4,0.4,0.0,0.4,Matches,0,14,2,14.3,2.78,0.4,0.0,0.0,0,0,Matches,,,,,,,,,,,,,,,2,,,,,,Matches,,1,,,,,,,,,,,0,,,,Matches,,,,,,,,,,,,,,,,,,,,,Matches
252,Adrian Beck,de GER,MF,Heidenheim,de Bundesliga,28.0,1997.0,24,9,868.0,9.6,1,1,2,1,0,0,1,0,0.1,0.1,0.21,0.1,0.21,Matches,1,11,4,36.4,1.14,0.41,0.09,0.25,0,0,Matches,,,,,,,,,,,,,,,1,,,,,,Matches,,17,,,,,,,,,,,3,,,,Matches,,,,,,,,,,,,,,,,,,,,,Matches
254,Sheraldo Becker,sr SUR,FW,Mainz 05,de Bundesliga,30.0,1995.0,14,11,946.0,10.5,3,3,6,3,0,0,2,0,0.29,0.29,0.57,0.29,0.57,Matches,3,29,15,51.7,2.76,1.43,0.1,0.2,0,0,Matches,,,,,,,,,,,,,,,3,,,,,,Matches,,0,,,,,,,,,,,3,,,,Matches,,,,,,,,,,,,,,,,,,,,,Matches
257,Hannes Behrens,de GER,"DF,MF",Heidenheim,de Bundesliga,20.0,2005.0,16,15,1318.0,14.6,1,2,3,1,0,0,0,0,0.07,0.14,0.2,0.07,0.2,Matches,1,9,4,44.4,0.61,0.27,0.11,0.25,0,0,Matches,,,,,,,,,,,,,,,2,,,,,,Matches,,18,,,,,,,,,,,18,,,,Matches,,,,,,,,,,,,,,,,,,,,,Matches
258,Maximilian Beier,de GER,"MF,FW",Dortmund,de Bundesliga,22.0,2002.0,32,24,2026.0,22.5,9,6,15,9,0,0,3,0,0.4,0.27,0.67,0.4,0.67,Matches,9,50,20,40.0,2.22,0.89,0.18,0.45,0,0,Matches,,,,,,,,,,,,,,,6,,,,,,Matches,,16,,,,,,,,,,,11,,,,Matches,,,,,,,,,,,,,,,,,,,,,Matches
261,Reda Belahyane,ma MAR,MF,Lazio,it Serie A,21.0,2004.0,13,5,609.0,6.8,0,2,2,0,0,0,1,1,0.0,0.3,0.3,0.0,0.3,Matches,0,3,1,33.3,0.44,0.15,0.0,0.0,0,0,Matches,,,,,,,,,,,,,,,2,,,,,,Matches,,8,,,,,,,,,,,3,,,,Matches,,,,,,,,,,,,,,,,,,,,,Matches
263,Rafik Belghali,dz ALG,MF,Hellas Verona,it Serie A,23.0,2002.0,26,22,1920.0,21.3,2,0,2,2,0,0,6,0,0.09,0.0,0.09,0.09,0.09,Matches,2,21,6,28.6,0.98,0.28,0.1,0.33,0,0,Matches,,,,,,,,,,,,,,,0,,,,,,Matches,,13,,,,,,,,,,,17,,,,Matches,,,,,,,,,,,,,,,,,,,,,Matches
264,Haris Belkebla,dz ALG,MF,Angers,fr Ligue 1,31.0,1994.0,33,33,2875.0,31.9,0,0,0,0,0,0,7,0,0.0,0.0,0.0,0.0,0.0,Matches,0,5,0,0.0,0.16,0.0,0.0,,0,0,Matches,,,,,,,,,,,,,,,0,,,,,,Matches,,44,,,,,,,,,,,30,,,,Matches,,,,,,,,,,,,,,,,,,,,,Matches
265,Yassin Belkhdim,fr FRA,MF,Angers,fr Ligue 1,23.0,2002.0,27,26,2135.0,23.7,2,2,4,2,0,0,5,0,0.08,0.08,0.17,0.08,0.17,Matches,2,33,14,42.4,1.39,0.59,0.06,0.14,0,0,Matches,,,,,,,,,,,,,,,2,,,,,,Matches,,43,,,,,,,,,,,32,,,,Matches,,,,,,,,,,,,,,,,,,,,,Matches
266,Stefan Bell,de GER,DF,Mainz 05,de Bundesliga,33.0,1991.0,18,13,1039.0,11.5,2,1,3,2,0,0,4,0,0.17,0.09,0.26,0.17,0.26,Matches,2,12,5,41.7,1.04,0.43,0.17,0.4,0,0,Matches,,,,,,,,,,,,,,,1,,,,,,Matches,,6,,,,,,,,,,,19,,,,Matches,,,,,,,,,,,,,,,,,,,,,Matches
267,Armel Bella Kotchap,de GER,DF,Hellas Verona,it Serie A,23.0,2001.0,19,14,1347.0,15.0,0,0,0,0,0,0,3,0,0.0,0.0,0.0,0.0,0.0,Matches,0,3,0,0.0,0.2,0.0,0.0,,0,0,Matches,,,,,,,,,,,,,,,0,,,,,,Matches,,12,,,,,,,,,,,29,,,,Matches,,,,,,,,,,,,,,,,,,,,,Matches
268,Raoul Bellanova,it ITA,MF,Atalanta,it Serie A,25.0,2000.0,24,15,1377.0,15.3,0,1,1,0,0,0,2,0,0.0,0.07,0.07,0.0,0.07,Matches,0,13,5,38.5,0.85,0.33,0.0,0.0,0,0,Matches,,,,,,,,,,,,,,,1,,,,,,Matches,,9,,,,,,,,,,,10,,,,Matches,,,,,,,,,,,,,,,,,,,,,Matches
269,Jean-Ricner Bellegarde,ht HAI,"MF,FW",Wolves,eng Premier League,27.0,1998.0,26,15,1248.0,13.9,1,1,2,1,0,0,5,0,0.07,0.07,0.14,0.07,0.14,Matches,1,21,7,33.3,1.51,0.5,0.05,0.14,0,0,Matches,,,,,,,,,,,,,,,1,,,,,,Matches,,15,,,,,,,,,,,9,,,,Matches,,,,,,,,,,,,,,,,,,,,,Matches
270,Héctor Bellerín,es ESP,DF,Real Betis,es La Liga,30.0,1995.0,27,20,1822.0,20.2,2,3,5,2,0,0,2,0,0.1,0.15,0.25,0.1,0.25,Matches,2,7,5,71.4,0.35,0.25,0.29,0.4,0,0,Matches,,,,,,,,,,,,,,,3,,,,,,Matches,,16,,,,,,,,,,,14,,,,Matches,,,,,,,,,,,,,,,,,,,,,Matches
271,Jobe Bellingham,eng ENG,MF,Dortmund,de Bundesliga,19.0,2005.0,32,20,1786.0,19.8,0,1,1,0,0,0,2,1,0.0,0.05,0.05,0.0,0.05,Matches,0,19,6,31.6,0.96,0.3,0.0,0.0,0,0,Matches,,,,,,,,,,,,,,,1,,,,,,Matches,,23,,,,,,,,,,,41,,,,Matches,,,,,,,,,,,,,,,,,,,,,Matches
272,Jude Bellingham,eng ENG,MF,Real Madrid,es La Liga,22.0,2003.0,28,22,1916.0,21.3,6,4,10,6,0,0,3,0,0.28,0.19,0.47,0.28,0.47,Matches,6,51,26,51.0,2.4,1.22,0.12,0.23,0,0,Matches,,,,,,,,,,,,,,,4,,,,,,Matches,,37,,,,,,,,,,,14,,,,Matches,,,,,,,,,,,,,,,,,,,,,Matches
273,Jeanuël Belocian,fr FRA,DF,Wolfsburg,de Bundesliga,20.0,2005.0,14,14,1254.0,13.9,0,1,1,0,0,0,3,0,0.0,0.07,0.07,0.0,0.07,Matches,0,3,0,0.0,0.22,0.0,0.0,,0,0,Matches,,,,,,,,,,,,,,,1,,,,,,Matches,,17,,,,,,,,,,,16,,,,Matches,,,,,,,,,,,,,,,,,,,,,Matches
276,Fran Beltrán,es ESP,MF,Girona,es La Liga,26.0,1999.0,17,11,1012.0,11.2,1,0,1,1,0,0,3,0,0.09,0.0,0.09,0.09,0.09,Matches,1,10,3,30.0,0.89,0.27,0.1,0.33,0,0,Matches,,,,,,,,,,,,,,,0,,,,,,Matches,,14,,,,,,,,,,,11,,,,Matches,,,,,,,,,,,,,,,,,,,,,Matches
277,Fran Beltrán,es ESP,MF,Celta Vigo,es La Liga,26.0,1999.0,10,7,528.0,5.9,0,0,0,0,0,0,0,0,0.0,0.0,0.0,0.0,0.0,Matches,0,6,1,16.7,1.02,0.17,0.0,0.0,0,0,Matches,,,,,,,,,,,,,,,0,,,,,,Matches,,5,,,,,,,,,,,8,,,,Matches,,,,,,,,,,,,,,,,,,,,,Matches
278,Lucas Beltrán,ar ARG,FW,Valencia,es La Liga,24.0,2001.0,27,16,1365.0,15.2,1,2,3,1,0,0,1,0,0.07,0.13,0.2,0.07,0.2,Matches,1,34,9,26.5,2.24,0.59,0.03,0.11,0,0,Matches,,,,,,,,,,,,,,,2,,,,,,Matches,,10,,,,,,,,,,,4,,,,Matches,,,,,,,,,,,,,,,,,,,,,Matches
282,Adrian Benedyczak,pl POL,FW,Parma,it Serie A,24.0,2000.0,14,5,490.0,5.4,1,1,2,0,1,1,1,0,0.18,0.18,0.37,0.0,0.18,Matches,1,8,3,37.5,1.47,0.55,0.13,0.33,1,1,Matches,,,,,,,,,,,,,,,1,,,,,,Matches,,6,,,,,,,,,,,1,,,,Matches,,,,,,,,,,,,,,,,,,,,,Matches
283,Yassine Benhattab,fr FRA,"MF,FW",Nantes,fr Ligue 1,22.0,2002.0,10,5,477.0,5.3,0,0,0,0,0,0,0,0,0.0,0.0,0.0,0.0,0.0,Matches,0,4,1,25.0,0.75,0.19,0.0,0.0,0,0,Matches,,,,,,,,,,,,,,,0,,,,,,Matches,,6,,,,,,,,,,,0,,,,Matches,,,,,,,,,,,,,,,,,,,,,Matches
287,Ramy Bensebaini,dz ALG,DF,Dortmund,de Bundesliga,30.0,1995.0,21,15,1530.0,17.0,5,2,7,3,2,2,6,0,0.29,0.12,0.41,0.18,0.29,Matches,5,17,7,41.2,1.0,0.41,0.29,0.71,2,2,Matches,,,,,,,,,,,,,,,2,,,,,,Matches,,14,,,,,,,,,,,18,,,,Matches,,,,,,,,,,,,,,,,,,,,,Matches
288,Nabil Bentaleb,dz ALG,MF,Lille,fr Ligue 1,30.0,1994.0,26,13,1287.0,14.3,2,2,4,1,1,1,3,0,0.14,0.14,0.28,0.07,0.21,Matches,2,18,6,33.3,1.26,0.42,0.11,0.33,1,1,Matches,,,,,,,,,,,,,,,2,,,,,,Matches,,12,,,,,,,,,,,15,,,,Matches,,,,,,,,,,,,,,,,,,,,,Matches
289,Rodrigo Bentancur,uy URU,MF,Tottenham,eng Premier League,28.0,1997.0,26,23,1883.0,20.9,1,1,2,1,0,0,7,0,0.05,0.05,0.1,0.05,0.1,Matches,1,13,3,23.1,0.62,0.14,0.08,0.33,0,0,Matches,,,,,,,,,,,,,,,1,,,,,,Matches,,36,,,,,,,,,,,36,,,,Matches,,,,,,,,,,,,,,,,,,,,,Matches
291,Lucas Beraldo,br BRA,"DF,MF",PSG,fr Ligue 1,21.0,2003.0,20,18,1567.0,17.4,2,1,3,2,0,0,2,0,0.11,0.06,0.17,0.11,0.17,Matches,2,14,4,28.6,0.8,0.23,0.14,0.5,0,0,Matches,,,,,,,,,,,,,,,1,,,,,,Matches,,21,,,,,,,,,,,18,,,,Matches,,,,,,,,,,,,,,,,,,,,,Matches
292,Domenico Berardi,it ITA,FW,Sassuolo,it Serie A,30.0,1994.0,26,24,1958.0,21.8,8,4,12,6,2,3,2,1,0.37,0.18,0.55,0.28,0.46,Matches,8,40,21,52.5,1.84,0.97,0.2,0.38,2,3,Matches,,,,,,,,,,,,,,,4,,,,,,Matches,,17,,,,,,,,,,,24,,,,Matches,,,,,,,,,,,,,,,,,,,,,Matches
293,Yuri Berchiche,es ESP,DF,Athletic Club,es La Liga,35.0,1990.0,32,31,2705.0,30.1,0,6,6,0,0,0,5,0,0.0,0.2,0.2,0.0,0.2,Matches,0,24,5,20.8,0.8,0.17,0.0,0.0,0,0,Matches,,,,,,,,,,,,,,,6,,,,,,Matches,,29,,,,,,,,,,,34,,,,Matches,,,,,,,,,,,,,,,,,,,,,Matches
294,Álex Berenguer,es ESP,MF,Athletic Club,es La Liga,30.0,1995.0,31,25,2154.0,23.9,2,3,5,2,0,0,4,0,0.08,0.13,0.21,0.08,0.21,Matches,2,44,20,45.5,1.84,0.84,0.05,0.1,0,0,Matches,,,,,,,,,,,,,,,3,,,,,,Matches,,17,,,,,,,,,,,13,,,,Matches,,,,,,,,,,,,,,,,,,,,,Matches
295,Sander Berge,no NOR,MF,Fulham,eng Premier League,27.0,1998.0,35,34,2905.0,32.3,0,1,1,0,0,0,5,0,0.0,0.03,0.03,0.0,0.03,Matches,0,14,3,21.4,0.43,0.09,0.0,0.0,0,0,Matches,,,,,,,,,,,,,,,1,,,,,,Matches,,41,,,,,,,,,,,26,,,,Matches,,,,,,,,,,,,,,,,,,,,,Matches
296,Lucas Bergström,fi FIN,GK,Mallorca,es La Liga,22.0,2002.0,5,5,450.0,5.0,0,0,0,0,0,0,1,0,0.0,0.0,0.0,0.0,0.0,Matches,0,0,0,,0.0,0.0,,,0,0,Matches,,,,,,,,,,,,,,,0,,,,,,Matches,,0,,,,,,,,,,,0,,,,Matches,,,,,,,,,,,,,,,,,,,,,Matches
297,Lucas Bergvall,se SWE,MF,Tottenham,eng Premier League,19.0,2006.0,23,11,965.0,10.7,1,3,4,1,0,0,2,0,0.09,0.28,0.37,0.09,0.37,Matches,1,12,5,41.7,1.12,0.47,0.08,0.2,0,0,Matches,,,,,,,,,,,,,,,3,,,,,,Matches,,14,,,,,,,,,,,3,,,,Matches,,,,,,,,,,,,,,,,,,,,,Matches
298,Medon Berisha,al ALB,MF,Lecce,it Serie A,21.0,2003.0,13,12,871.0,9.7,2,3,5,2,0,0,0,0,0.21,0.31,0.52,0.21,0.52,Matches,2,24,5,20.8,2.48,0.52,0.08,0.4,0,0,Matches,,,,,,,,,,,,,,,3,,,,,,Matches,,12,,,,,,,,,,,5,,,,Matches,,,,,,,,,,,,,,,,,,,,,Matches
300,Adrian Bernabe,es ESP,MF,Parma,it Serie A,24.0,2001.0,32,31,2470.0,27.4,3,1,4,3,0,0,0,0,0.11,0.04,0.15,0.11,0.15,Matches,3,50,12,24.0,1.82,0.44,0.06,0.25,0,0,Matches,,,,,,,,,,,,,,,1,,,,,,Matches,,23,,,,,,,,,,,17,,,,Matches,,,,,,,,,,,,,,,,,,,,,Matches
301,Marc Bernal,es ESP,MF,Barcelona,es La Liga,18.0,2007.0,22,9,790.0,8.8,2,1,3,2,0,0,4,0,0.23,0.11,0.34,0.23,0.34,Matches,2,7,2,28.6,0.8,0.23,0.29,1.0,0,0,Matches,,,,,,,,,,,,,,,1,,,,,,Matches,,19,,,,,,,,,,,12,,,,Matches,,,,,,,,,,,,,,,,,,,,,Matches
303,Federico Bernardeschi,it ITA,"MF,FW",Bologna,it Serie A,31.0,1994.0,29,12,1217.0,13.5,4,2,6,3,1,1,3,0,0.3,0.15,0.44,0.22,0.37,Matches,4,39,13,33.3,2.88,0.96,0.1,0.31,1,1,Matches,,,,,,,,,,,,,,,2,,,,,,Matches,,6,,,,,,,,,,,6,,,,Matches,,,,,,,,,,,,,,,,,,,,,Matches
304,Bernardo,br BRA,DF,Hoffenheim,de Bundesliga,30.0,1995.0,29,26,2312.0,25.7,0,0,0,0,0,0,9,0,0.0,0.0,0.0,0.0,0.0,Matches,0,10,0,0.0,0.39,0.0,0.0,,0,0,Matches,,,,,,,,,,,,,,,0,,,,,,Matches,,42,,,,,,,,,,,39,,,,Matches,,,,,,,,,,,,,,,,,,,,,Matches
305,Lorenzo Bernasconi,it ITA,MF,Atalanta,it Serie A,21.0,2003.0,23,17,1572.0,17.5,0,3,3,0,0,0,3,0,0.0,0.17,0.17,0.0,0.17,Matches,0,9,1,11.1,0.52,0.06,0.0,0.0,0,0,Matches,,,,,,,,,,,,,,,3,,,,,,Matches,,16,,,,,,,,,,,14,,,,Matches,,,,,,,,,,,,,,,,,,,,,Matches
306,Antoine Bernede,fr FRA,MF,Hellas Verona,it Serie A,26.0,1999.0,32,29,2301.0,25.6,1,2,3,1,0,0,2,0,0.04,0.08,0.12,0.04,0.12,Matches,1,21,4,19.0,0.82,0.16,0.05,0.25,0,0,Matches,,,,,,,,,,,,,,,2,,,,,,Matches,,39,,,,,,,,,,,16,,,,Matches,,,,,,,,,,,,,,,,,,,,,Matches
307,Nicolò Bertola,it ITA,"DF,MF",Udinese,it Serie A,22.0,2003.0,28,18,1763.0,19.6,0,1,1,0,0,0,3,0,0.0,0.05,0.05,0.0,0.05,Matches,0,13,4,30.8,0.66,0.2,0.0,0.0,0,0,Matches,,,,,,,,,,,,,,,1,,,,,,Matches,,21,,,,,,,,,,,24,,,,Matches,,,,,,,,,,,,,,,,,,,,,Matches
308,Jan-Niklas Beste,de GER,MF,Freiburg,de Bundesliga,26.0,1999.0,28,20,1704.0,18.9,2,2,4,2,0,0,5,0,0.11,0.11,0.21,0.11,0.21,Matches,2,24,14,58.3,1.27,0.74,0.08,0.14,0,0,Matches,,,,,,,,,,,,,,,2,,,,,,Matches,,24,,,,,,,,,,,17,,,,Matches,,,,,,,,,,,,,,,,,,,,,Matches
309,Beto,gw GNB,FW,Everton,eng Premier League,27.0,1998.0,37,17,1568.0,17.4,9,1,10,9,0,0,3,0,0.52,0.06,0.57,0.52,0.57,Matches,9,43,17,39.5,2.47,0.98,0.21,0.53,0,0,Matches,,,,,,,,,,,,,,,1,,,,,,Matches,,5,,,,,,,,,,,1,,,,Matches,,,,,,,,,,,,,,,,,,,,,Matches
311,Sam Beukema,nl NED,DF,Napoli,it Serie A,26.0,1998.0,24,18,1681.0,18.7,2,0,2,2,0,0,2,0,0.11,0.0,0.11,0.11,0.11,Matches,2,8,4,50.0,0.43,0.21,0.25,0.5,0,0,Matches,,,,,,,,,,,,,,,0,,,,,,Matches,,17,,,,,,,,,,,14,,,,Matches,,,,,,,,,,,,,,,,,,,,,Matches
312,Matteo Bianchetti,it ITA,DF,Cremonese,it Serie A,32.0,1993.0,27,25,2192.0,24.4,0,2,2,0,0,0,4,0,0.0,0.08,0.08,0.0,0.08,Matches,0,7,1,14.3,0.29,0.04,0.0,0.0,0,0,Matches,,,,,,,,,,,,,,,2,,,,,,Matches,,30,,,,,,,,,,,19,,,,Matches,,,,,,,,,,,,,,,,,,,,,Matches
313,Mika Biereth,dk DEN,FW,Monaco,fr Ligue 1,22.0,2003.0,32,12,1074.0,11.9,2,2,4,2,0,0,0,0,0.17,0.17,0.34,0.17,0.34,Matches,2,19,7,36.8,1.59,0.59,0.11,0.29,0,0,Matches,,,,,,,,,,,,,,,2,,,,,,Matches,,7,,,,,,,,,,,0,,,,Matches,,,,,,,,,,,,,,,,,,,,,Matches
314,Pedro Bigas,es ESP,DF,Elche,es La Liga,34.0,1990.0,28,25,2063.0,22.9,1,3,4,1,0,0,5,1,0.04,0.13,0.17,0.04,0.17,Matches,1,10,3,30.0,0.44,0.13,0.1,0.33,0,0,Matches,,,,,,,,,,,,,,,3,,,,,,Matches,,22,,,,,,,,,,,30,,,,Matches,,,,,,,,,,,,,,,,,,,,,Matches
315,Justin Bijlow,nl NED,GK,Genoa,it Serie A,27.0,1998.0,16,16,1395.0,15.5,0,0,0,0,0,0,1,0,0.0,0.0,0.0,0.0,0.0,Matches,0,0,0,,0.0,0.0,,,0,0,Matches,,,,,,,,,,,,,,,0,,,,,,Matches,,0,,,,,,,,,,,0,,,,Matches,,,,,,,,,,,,,,,,,,,,,Matches
316,Jaka Bijol,si SVN,DF,Leeds United,eng Premier League,26.0,1999.0,25,21,1890.0,21.0,1,2,3,1,0,0,4,0,0.05,0.1,0.14,0.05,0.14,Matches,1,15,6,40.0,0.71,0.29,0.07,0.17,0,0,Matches,,,,,,,,,,,,,,,2,,,,,,Matches,,13,,,,,,,,,,,22,,,,Matches,,,,,,,,,,,,,,,,,,,,,Matches
317,Cristiano Biraghi,it ITA,"MF,DF",Torino,it Serie A,32.0,1992.0,14,5,517.0,5.7,0,0,0,0,0,0,0,0,0.0,0.0,0.0,0.0,0.0,Matches,0,2,0,0.0,0.35,0.0,0.0,,0,0,Matches,,,,,,,,,,,,,,,0,,,,,,Matches,,7,,,,,,,,,,,3,,,,Matches,,,,,,,,,,,,,,,,,,,,,Matches
319,Tom Bischof,de GER,"DF,MF",Bayern Munich,de Bundesliga,20.0,2005.0,26,14,1302.0,14.5,3,3,6,3,0,0,2,0,0.21,0.21,0.41,0.21,0.41,Matches,3,30,9,30.0,2.07,0.62,0.1,0.33,0,0,Matches,,,,,,,,,,,,,,,3,,,,,,Matches,,18,,,,,,,,,,,15,,,,Matches,,,,,,,,,,,,,,,,,,,,,Matches
320,Yves Bissouma,ml MLI,MF,Tottenham,eng Premier League,28.0,1996.0,11,7,603.0,6.7,0,0,0,0,0,0,4,0,0.0,0.0,0.0,0.0,0.0,Matches,0,5,2,40.0,0.75,0.3,0.0,0.0,0,0,Matches,,,,,,,,,,,,,,,0,,,,,,Matches,,11,,,,,,,,,,,8,,,,Matches,,,,,,,,,,,,,,,,,,,,,Matches
321,Leonardo Bittencourt,de GER,MF,Werder Bremen,de Bundesliga,31.0,1993.0,17,5,615.0,6.8,0,1,1,0,0,0,5,0,0.0,0.15,0.15,0.0,0.15,Matches,0,7,0,0.0,1.02,0.0,0.0,,0,0,Matches,,,,,,,,,,,,,,,1,,,,,,Matches,,10,,,,,,,,,,,8,,,,Matches,,,,,,,,,,,,,,,,,,,,,Matches
323,Marco Bizot,nl NED,GK,Aston Villa,eng Premier League,34.0,1991.0,7,6,585.0,6.5,0,0,0,0,0,0,2,0,0.0,0.0,0.0,0.0,0.0,Matches,0,0,0,,0.0,0.0,,,0,0,Matches,,,,,,,,,,,,,,,0,,,,,,Matches,,0,,,,,,,,,,,0,,,,Matches,,,,,,,,,,,,,,,,,,,,,Matches
324,Antonio Blanco,es ESP,MF,Alavés,es La Liga,25.0,2000.0,36,36,3110.0,34.6,2,3,5,2,0,0,9,0,0.06,0.09,0.14,0.06,0.14,Matches,2,40,13,32.5,1.16,0.38,0.05,0.15,0,0,Matches,,,,,,,,,,,,,,,3,,,,,,Matches,,49,,,,,,,,,,,51,,,,Matches,,,,,,,,,,,,,,,,,,,,,Matches
325,Ludovic Blas,fr FRA,"MF,FW",Rennes,fr Ligue 1,27.0,1997.0,32,15,1546.0,17.2,5,4,9,3,2,2,1,0,0.29,0.23,0.52,0.17,0.41,Matches,5,47,14,29.8,2.74,0.82,0.11,0.36,2,2,Matches,,,,,,,,,,,,,,,4,,,,,,Matches,,10,,,,,,,,,,,15,,,,Matches,,,,,,,,,,,,,,,,,,,,,Matches
326,Janis Blaswich,de GER,GK,Leverkusen,de Bundesliga,34.0,1991.0,11,10,931.0,10.3,0,0,0,0,0,0,1,0,0.0,0.0,0.0,0.0,0.0,Matches,0,0,0,,0.0,0.0,,,0,0,Matches,,,,,,,,,,,,,,,0,,,,,,Matches,,0,,,,,,,,,,,0,,,,Matches,,,,,,,,,,,,,,,,,,,,,Matches
327,Daley Blind,nl NED,DF,Girona,es La Liga,35.0,1990.0,31,30,2606.0,29.0,0,0,0,0,0,0,1,0,0.0,0.0,0.0,0.0,0.0,Matches,0,5,1,20.0,0.17,0.03,0.0,0.0,0,0,Matches,,,,,,,,,,,,,,,0,,,,,,Matches,,34,,,,,,,,,,,38,,,,Matches,,,,,,,,,,,,,,,,,,,,,Matches
329,Oscar Bobb,no NOR,"MF,FW",Manchester City,eng Premier League,22.0,2003.0,9,5,468.0,5.2,0,1,1,0,0,0,1,0,0.0,0.19,0.19,0.0,0.19,Matches,0,4,0,0.0,0.77,0.0,0.0,,0,0,Matches,,,,,,,,,,,,,,,1,,,,,,Matches,,5,,,,,,,,,,,3,,,,Matches,,,,,,,,,,,,,,,,,,,,,Matches
330,Oscar Bobb,no NOR,MF,Fulham,eng Premier League,22.0,2003.0,14,6,571.0,6.3,0,0,0,0,0,0,0,0,0.0,0.0,0.0,0.0,0.0,Matches,0,8,3,37.5,1.26,0.47,0.0,0.0,0,0,Matches,,,,,,,,,,,,,,,0,,,,,,Matches,,7,,,,,,,,,,,6,,,,Matches,,,,,,,,,,,,,,,,,,,,,Matches
333,Sacha Boey,fr FRA,DF,Bayern Munich,de Bundesliga,24.0,2000.0,9,5,463.0,5.1,0,0,0,0,0,0,1,0,0.0,0.0,0.0,0.0,0.0,Matches,0,6,0,0.0,1.17,0.0,0.0,,0,0,Matches,,,,,,,,,,,,,,,0,,,,,,Matches,,4,,,,,,,,,,,7,,,,Matches,,,,,,,,,,,,,,,,,,,,,Matches
334,Jeremie Boga,ci CIV,"MF,FW",Nice,fr Ligue 1,28.0,1997.0,14,7,646.0,7.2,2,2,4,2,0,0,0,0,0.28,0.28,0.56,0.28,0.56,Matches,2,15,5,33.3,2.09,0.7,0.13,0.4,0,0,Matches,,,,,,,,,,,,,,,2,,,,,,Matches,,5,,,,,,,,,,,3,,,,Matches,,,,,,,,,,,,,,,,,,,,,Matches
335,Jeremie Boga,ci CIV,"MF,FW",Juventus,it Serie A,28.0,1997.0,15,6,679.0,7.5,4,0,4,4,0,0,1,0,0.53,0.0,0.53,0.53,0.53,Matches,4,24,12,50.0,3.18,1.59,0.17,0.33,0,0,Matches,,,,,,,,,,,,,,,0,,,,,,Matches,,3,,,,,,,,,,,2,,,,Matches,,,,,,,,,,,,,,,,,,,,,Matches
336,Lamare Bogarde,nl NED,"MF,DF",Aston Villa,eng Premier League,21.0,2004.0,28,11,1053.0,11.7,0,0,0,0,0,0,5,0,0.0,0.0,0.0,0.0,0.0,Matches,0,0,0,,0.0,0.0,,,0,0,Matches,,,,,,,,,,,,,,,0,,,,,,Matches,,19,,,,,,,,,,,4,,,,Matches,,,,,,,,,,,,,,,,,,,,,Matches
337,Jayden Bogle,eng ENG,"MF,DF",Leeds United,eng Premier League,25.0,2000.0,34,32,2793.0,31.0,1,2,3,1,0,0,6,0,0.03,0.06,0.1,0.03,0.1,Matches,1,18,4,22.2,0.58,0.13,0.06,0.25,0,0,Matches,,,,,,,,,,,,,,,2,,,,,,Matches,,43,,,,,,,,,,,30,,,,Matches,,,,,,,,,,,,,,,,,,,,,Matches
339,Adama Boiro,es ESP,DF,Athletic Club,es La Liga,23.0,2002.0,14,8,815.0,9.1,0,0,0,0,0,0,1,0,0.0,0.0,0.0,0.0,0.0,Matches,0,2,0,0.0,0.22,0.0,0.0,,0,0,Matches,,,,,,,,,,,,,,,0,,,,,,Matches,,11,,,,,,,,,,,18,,,,Matches,,,,,,,,,,,,,,,,,,,,,Matches
341,Hugo Bolin,se SWE,"MF,FW",Gladbach,de Bundesliga,22.0,2003.0,13,5,550.0,6.1,1,1,2,1,0,0,0,0,0.16,0.16,0.33,0.16,0.33,Matches,1,15,4,26.7,2.45,0.65,0.07,0.25,0,0,Matches,,,,,,,,,,,,,,,1,,,,,,Matches,,2,,,,,,,,,,,1,,,,Matches,,,,,,,,,,,,,,,,,,,,,Matches
345,Federico Bonazzoli,it ITA,FW,Cremonese,it Serie A,28.0,1997.0,35,31,2510.0,27.9,10,1,11,7,3,3,4,0,0.36,0.04,0.39,0.25,0.29,Matches,10,75,32,42.7,2.69,1.15,0.13,0.31,3,3,Matches,,,,,,,,,,,,,,,1,,,,,,Matches,,16,,,,,,,,,,,12,,,,Matches,,,,,,,,,,,,,,,,,,,,,Matches
346,Warren Bondo,fr FRA,MF,Cremonese,it Serie A,21.0,2003.0,27,22,1762.0,19.6,0,0,0,0,0,0,5,0,0.0,0.0,0.0,0.0,0.0,Matches,0,8,2,25.0,0.41,0.1,0.0,0.0,0,0,Matches,,,,,,,,,,,,,,,0,,,,,,Matches,,16,,,,,,,,,,,9,,,,Matches,,,,,,,,,,,,,,,,,,,,,Matches
347,Giovanni Bonfanti,it ITA,"DF,MF",Pisa,it Serie A,22.0,2003.0,9,6,494.0,5.5,0,0,0,0,0,0,1,0,0.0,0.0,0.0,0.0,0.0,Matches,0,6,1,16.7,1.09,0.18,0.0,0.0,0,0,Matches,,,,,,,,,,,,,,,0,,,,,,Matches,,6,,,,,,,,,,,7,,,,Matches,,,,,,,,,,,,,,,,,,,,,Matches
349,Rahim Bonkano,ne NIG,DF,Oviedo,es La Liga,23.0,2002.0,27,18,1713.0,19.0,0,0,0,0,0,0,2,0,0.0,0.0,0.0,0.0,0.0,Matches,0,3,0,0.0,0.16,0.0,0.0,,0,0,Matches,,,,,,,,,,,,,,,0,,,,,,Matches,,19,,,,,,,,,,,29,,,,Matches,,,,,,,,,,,,,,,,,,,,,Matches
350,Ange-Yoan Bonny,ci CIV,FW,Inter,it Serie A,21.0,2003.0,33,10,1142.0,12.7,5,4,9,5,0,0,1,0,0.39,0.32,0.71,0.39,0.71,Matches,5,22,9,40.9,1.73,0.71,0.23,0.56,0,0,Matches,,,,,,,,,,,,,,,4,,,,,,Matches,,9,,,,,,,,,,,1,,,,Matches,,,,,,,,,,,,,,,,,,,,,Matches
353,Gennaro Borrelli,it ITA,FW,Cagliari,it Serie A,25.0,2000.0,27,13,1275.0,14.2,5,1,6,5,0,0,4,0,0.35,0.07,0.42,0.35,0.42,Matches,5,30,12,40.0,2.12,0.85,0.17,0.42,0,0,Matches,,,,,,,,,,,,,,,1,,,,,,Matches,,6,,,,,,,,,,,3,,,,Matches,,,,,,,,,,,,,,,,,,,,,Matches
354,Olivier Boscagli,fr FRA,DF,Brighton,eng Premier League,27.0,1997.0,12,9,802.0,8.9,0,1,1,0,0,0,2,0,0.0,0.11,0.11,0.0,0.11,Matches,0,1,0,0.0,0.11,0.0,0.0,,0,0,Matches,,,,,,,,,,,,,,,1,,,,,,Matches,,11,,,,,,,,,,,16,,,,Matches,,,,,,,,,,,,,,,,,,,,,Matches
357,Sven Botman,nl NED,DF,Newcastle,eng Premier League,25.0,2000.0,25,21,1835.0,20.4,1,1,2,1,0,0,2,0,0.05,0.05,0.1,0.05,0.1,Matches,1,15,4,26.7,0.74,0.2,0.07,0.25,0,0,Matches,,,,,,,,,,,,,,,1,,,,,,Matches,,14,,,,,,,,,,,25,,,,Matches,,,,,,,,,,,,,,,,,,,,,Matches
358,Ayyoub Bouaddi,ma MAR,MF,Lille,fr Ligue 1,17.0,2007.0,30,28,2321.0,25.8,0,1,1,0,0,0,7,1,0.0,0.04,0.04,0.0,0.04,Matches,0,16,5,31.3,0.62,0.19,0.0,0.0,0,0,Matches,,,,,,,,,,,,,,,1,,,,,,Matches,,40,,,,,,,,,,,27,,,,Matches,,,,,,,,,,,,,,,,,,,,,Matches
360,Badredine Bouanani,dz ALG,MF,Stuttgart,de Bundesliga,20.0,2004.0,14,5,463.0,5.1,0,0,0,0,0,0,1,0,0.0,0.0,0.0,0.0,0.0,Matches,0,16,4,25.0,3.11,0.78,0.0,0.0,0,0,Matches,,,,,,,,,,,,,,,0,,,,,,Matches,,3,,,,,,,,,,,4,,,,Matches,,,,,,,,,,,,,,,,,,,,,Matches
361,Kaïl Boudache,fr FRA,"MF,FW",Nice,fr Ligue 1,19.0,2006.0,13,3,531.0,5.9,1,0,1,1,0,0,1,0,0.17,0.0,0.17,0.17,0.17,Matches,1,13,2,15.4,2.2,0.34,0.08,0.5,0,0,Matches,,,,,,,,,,,,,,,0,,,,,,Matches,,9,,,,,,,,,,,6,,,,Matches,,,,,,,,,,,,,,,,,,,,,Matches
362,Hicham Boudaoui,dz ALG,MF,Nice,fr Ligue 1,25.0,1999.0,25,18,1694.0,18.8,1,2,3,1,0,0,5,0,0.05,0.11,0.16,0.05,0.16,Matches,1,21,9,42.9,1.12,0.48,0.05,0.11,0,0,Matches,,,,,,,,,,,,,,,2,,,,,,Matches,,16,,,,,,,,,,,18,,,,Matches,,,,,,,,,,,,,,,,,,,,,Matches
363,Sofiane Boufal,ma MAR,"MF,FW",Le Havre,fr Ligue 1,31.0,1993.0,17,13,1019.0,11.3,1,4,5,1,0,1,2,0,0.09,0.35,0.44,0.09,0.44,Matches,1,19,4,21.1,1.68,0.35,0.05,0.25,0,1,Matches,,,,,,,,,,,,,,,4,,,,,,Matches,,17,,,,,,,,,,,3,,,,Matches,,,,,,,,,,,,,,,,,,,,,Matches
365,Jarrod Bowen,eng ENG,"MF,FW",West Ham,eng Premier League,28.0,1996.0,38,38,3403.0,37.8,9,11,20,8,1,1,4,0,0.24,0.29,0.53,0.21,0.5,Matches,9,79,28,35.4,2.09,0.74,0.11,0.32,1,1,Matches,,,,,,,,,,,,,,,11,,,,,,Matches,,28,,,,,,,,,,,27,,,,Matches,,,,,,,,,,,,,,,,,,,,,Matches
366,Kieron Bowie,sct SCO,FW,Hellas Verona,it Serie A,22.0,2002.0,14,14,1200.0,13.3,4,0,4,4,0,0,1,0,0.3,0.0,0.3,0.3,0.3,Matches,4,33,11,33.3,2.48,0.82,0.12,0.36,0,0,Matches,,,,,,,,,,,,,,,0,,,,,,Matches,,3,,,,,,,,,,,0,,,,Matches,,,,,,,,,,,,,,,,,,,,,Matches
367,Lucas Boyé,ar ARG,FW,Alavés,es La Liga,29.0,1996.0,29,22,1958.0,21.8,11,1,12,8,3,3,4,1,0.51,0.05,0.55,0.37,0.41,Matches,11,63,21,33.3,2.9,0.97,0.17,0.52,3,3,Matches,,,,,,,,,,,,,,,1,,,,,,Matches,,25,,,,,,,,,,,7,,,,Matches,,,,,,,,,,,,,,,,,,,,,Matches
368,Enzo Boyomo,cm CMR,DF,Osasuna,es La Liga,23.0,2001.0,30,29,2542.0,28.2,1,2,3,1,0,0,7,0,0.04,0.07,0.11,0.04,0.11,Matches,1,11,4,36.4,0.39,0.14,0.09,0.25,0,0,Matches,,,,,,,,,,,,,,,2,,,,,,Matches,,36,,,,,,,,,,,17,,,,Matches,,,,,,,,,,,,,,,,,,,,,Matches
369,Rosen Bozhinov,bg BUL,DF,Pisa,it Serie A,20.0,2005.0,9,8,610.0,6.8,0,0,0,0,0,0,3,1,0.0,0.0,0.0,0.0,0.0,Matches,0,3,1,33.3,0.44,0.15,0.0,0.0,0,0,Matches,,,,,,,,,,,,,,,0,,,,,,Matches,,5,,,,,,,,,,,12,,,,Matches,,,,,,,,,,,,,,,,,,,,,Matches
370,Domagoj Bradarić,hr CRO,MF,Hellas Verona,it Serie A,25.0,1999.0,29,23,1966.0,21.8,0,1,1,0,0,0,2,0,0.0,0.05,0.05,0.0,0.05,Matches,0,13,6,46.2,0.6,0.27,0.0,0.0,0,0,Matches,,,,,,,,,,,,,,,1,,,,,,Matches,,20,,,,,,,,,,,9,,,,Matches,,,,,,,,,,,,,,,,,,,,,Matches
371,Conor Bradley,nir NIR,DF,Liverpool,eng Premier League,22.0,2003.0,15,12,929.0,10.3,0,1,1,0,0,0,5,0,0.0,0.1,0.1,0.0,0.1,Matches,0,6,0,0.0,0.58,0.0,0.0,,0,0,Matches,,,,,,,,,,,,,,,1,,,,,,Matches,,15,,,,,,,,,,,12,,,,Matches,,,,,,,,,,,,,,,,,,,,,Matches
373,Julian Brandt,de GER,"MF,FW",Dortmund,de Bundesliga,29.0,1996.0,29,17,1606.0,17.8,7,4,11,7,0,0,0,0,0.39,0.22,0.62,0.39,0.62,Matches,7,38,18,47.4,2.13,1.01,0.18,0.39,0,0,Matches,,,,,,,,,,,,,,,4,,,,,,Matches,,8,,,,,,,,,,,5,,,,Matches,,,,,,,,,,,,,,,,,,,,,Matches
374,Jarrad Branthwaite,eng ENG,DF,Everton,eng Premier League,23.0,2002.0,10,7,680.0,7.6,1,0,1,1,0,0,1,0,0.13,0.0,0.13,0.13,0.13,Matches,1,6,2,33.3,0.79,0.26,0.17,0.5,0,0,Matches,,,,,,,,,,,,,,,0,,,,,,Matches,,6,,,,,,,,,,,11,,,,Matches,,,,,,,,,,,,,,,,,,,,,Matches
376,Lilian Brassier,fr FRA,DF,Rennes,fr Ligue 1,25.0,1999.0,27,25,2250.0,25.0,0,1,1,0,0,0,2,0,0.0,0.04,0.04,0.0,0.04,Matches,0,11,2,18.2,0.44,0.08,0.0,0.0,0,0,Matches,,,,,,,,,,,,,,,1,,,,,,Matches,,13,,,,,,,,,,,38,,,,Matches,,,,,,,,,,,,,,,,,,,,,Matches
378,Josip Brekalo,hr CRO,"MF,FW",Oviedo,es La Liga,27.0,1998.0,14,6,486.0,5.4,0,0,0,0,0,0,1,0,0.0,0.0,0.0,0.0,0.0,Matches,0,9,3,33.3,1.67,0.56,0.0,0.0,0,0,Matches,,,,,,,,,,,,,,,0,,,,,,Matches,,7,,,,,,,,,,,2,,,,Matches,,,,,,,,,,,,,,,,,,,,,Matches
379,Gleison Bremer,br BRA,DF,Juventus,it Serie A,28.0,1997.0,26,25,2171.0,24.1,4,3,7,4,0,0,5,0,0.17,0.12,0.29,0.17,0.29,Matches,4,23,9,39.1,0.95,0.37,0.17,0.44,0,0,Matches,,,,,,,,,,,,,,,3,,,,,,Matches,,14,,,,,,,,,,,30,,,,Matches,,,,,,,,,,,,,,,,,,,,,Matches
380,Marco Brescianini,it ITA,MF,Fiorentina,it Serie A,25.0,2000.0,17,10,862.0,9.6,1,1,2,1,0,0,1,0,0.1,0.1,0.21,0.1,0.21,Matches,1,10,2,20.0,1.04,0.21,0.1,0.5,0,0,Matches,,,,,,,,,,,,,,,1,,,,,,Matches,,2,,,,,,,,,,,1,,,,Matches,,,,,,,,,,,,,,,,,,,,,Matches
382,Abel Bretones,es ESP,"MF,DF",Osasuna,es La Liga,24.0,2000.0,28,17,1624.0,18.0,1,2,3,1,0,0,5,1,0.06,0.11,0.17,0.06,0.17,Matches,1,11,3,27.3,0.61,0.17,0.09,0.33,0,0,Matches,,,,,,,,,,,,,,,2,,,,,,Matches,,12,,,,,,,,,,,16,,,,Matches,,,,,,,,,,,,,,,,,,,,,Matches
383,Sascha Britschgi,ch SUI,"MF,DF",Parma,it Serie A,18.0,2006.0,29,22,2095.0,23.3,0,2,2,0,0,0,7,1,0.0,0.09,0.09,0.0,0.09,Matches,0,13,3,23.1,0.56,0.13,0.0,0.0,0,0,Matches,,,,,,,,,,,,,,,2,,,,,,Matches,,18,,,,,,,,,,,8,,,,Matches,,,,,,,,,,,,,,,,,,,,,Matches
384,Brian Brobbey,nl NED,FW,Sunderland,eng Premier League,23.0,2002.0,31,22,1927.0,21.4,7,1,8,7,0,0,6,0,0.33,0.05,0.37,0.33,0.37,Matches,7,36,18,50.0,1.68,0.84,0.19,0.39,0,0,Matches,,,,,,,,,,,,,,,1,,,,,,Matches,,2,,,,,,,,,,,0,,,,Matches,,,,,,,,,,,,,,,,,,,,,Matches
386,Armando Broja,al ALB,FW,Burnley,eng Premier League,23.0,2001.0,24,8,860.0,9.6,1,1,2,1,0,0,0,0,0.1,0.1,0.21,0.1,0.21,Matches,1,16,6,37.5,1.67,0.63,0.06,0.17,0,0,Matches,,,,,,,,,,,,,,,1,,,,,,Matches,,3,,,,,,,,,,,3,,,,Matches,,,,,,,,,,,,,,,,,,,,,Matches
387,David Brooks,wls WAL,MF,Bournemouth,eng Premier League,28.0,1997.0,31,13,1204.0,13.4,1,3,4,1,0,0,7,0,0.07,0.22,0.3,0.07,0.3,Matches,1,48,13,27.1,3.59,0.97,0.02,0.08,0,0,Matches,,,,,,,,,,,,,,,3,,,,,,Matches,,13,,,,,,,,,,,4,,,,Matches,,,,,,,,,,,,,,,,,,,,,Matches
388,Nathaniel Brown,de GER,"MF,DF",Frankfurt,de Bundesliga,22.0,2003.0,33,29,2656.0,29.5,4,4,8,4,0,0,3,0,0.14,0.14,0.27,0.14,0.27,Matches,4,18,9,50.0,0.61,0.3,0.22,0.44,0,0,Matches,,,,,,,,,,,,,,,4,,,,,,Matches,,57,,,,,,,,,,,25,,,,Matches,,,,,,,,,,,,,,,,,,,,,Matches
389,Brugui,es ESP,"MF,FW",Levante,es La Liga,28.0,1996.0,19,10,1005.0,11.2,1,1,2,1,0,0,1,1,0.09,0.09,0.18,0.09,0.18,Matches,1,28,9,32.1,2.51,0.81,0.04,0.11,0,0,Matches,,,,,,,,,,,,,,,1,,,,,,Matches,,6,,,,,,,,,,,4,,,,Matches,,,,,,,,,,,,,,,,,,,,,Matches
391,Jacob Bruun Larsen,dk DEN,"MF,FW",Burnley,eng Premier League,26.0,1998.0,28,10,1030.0,11.4,0,1,1,0,0,0,0,0,0.0,0.09,0.09,0.0,0.09,Matches,0,17,4,23.5,1.49,0.35,0.0,0.0,0,0,Matches,,,,,,,,,,,,,,,1,,,,,,Matches,,3,,,,,,,,,,,6,,,,Matches,,,,,,,,,,,,,,,,,,,,,Matches
392,Tajon Buchanan,ca CAN,MF,Villarreal,es La Liga,26.0,1999.0,34,21,1819.0,20.2,7,1,8,7,0,0,8,0,0.35,0.05,0.4,0.35,0.4,Matches,7,27,11,40.7,1.34,0.54,0.26,0.64,0,0,Matches,,,,,,,,,,,,,,,1,,,,,,Matches,,19,,,,,,,,,,,22,,,,Matches,,,,,,,,,,,,,,,,,,,,,Matches
393,Ante Budimir,hr CRO,FW,Osasuna,es La Liga,34.0,1991.0,37,35,2938.0,32.6,17,0,17,11,6,8,3,0,0.52,0.0,0.52,0.34,0.34,Matches,17,103,41,39.8,3.16,1.26,0.17,0.41,6,8,Matches,,,,,,,,,,,,,,,0,,,,,,Matches,,16,,,,,,,,,,,6,,,,Matches,,,,,,,,,,,,,,,,,,,,,Matches
394,Emi Buendía,ar ARG,MF,Aston Villa,eng Premier League,28.0,1996.0,36,21,1755.0,19.5,6,2,8,6,0,0,6,0,0.31,0.1,0.41,0.31,0.41,Matches,6,49,13,26.5,2.51,0.67,0.12,0.46,0,0,Matches,,,,,,,,,,,,,,,2,,,,,,Matches,,27,,,,,,,,,,,13,,,,Matches,,,,,,,,,,,,,,,,,,,,,Matches
395,Hugo Bueno,es ESP,"MF,DF",Wolves,eng Premier League,22.0,2002.0,35,26,2366.0,26.3,1,2,3,1,0,0,3,0,0.04,0.08,0.11,0.04,0.11,Matches,1,16,6,37.5,0.61,0.23,0.06,0.17,0,0,Matches,,,,,,,,,,,,,,,2,,,,,,Matches,,35,,,,,,,,,,,33,,,,Matches,,,,,,,,,,,,,,,,,,,,,Matches
397,Santiago Bueno,uy URU,DF,Wolves,eng Premier League,26.0,1998.0,29,28,2553.0,28.4,3,1,4,3,0,0,4,0,0.11,0.04,0.14,0.11,0.14,Matches,3,10,7,70.0,0.35,0.25,0.3,0.43,0,0,Matches,,,,,,,,,,,,,,,1,,,,,,Matches,,30,,,,,,,,,,,27,,,,Matches,,,,,,,,,,,,,,,,,,,,,Matches
399,Adam Buksa,pl POL,FW,Udinese,it Serie A,29.0,1996.0,25,6,922.0,10.2,3,0,3,3,0,0,3,0,0.29,0.0,0.29,0.29,0.29,Matches,3,12,6,50.0,1.17,0.59,0.25,0.5,0,0,Matches,,,,,,,,,,,,,,,0,,,,,,Matches,,8,,,,,,,,,,,3,,,,Matches,,,,,,,,,,,,,,,,,,,,,Matches
400,Andrija Bulatović,me MNE,MF,Lens,fr Ligue 1,18.0,2006.0,19,6,762.0,8.5,0,4,4,0,0,0,2,0,0.0,0.47,0.47,0.0,0.47,Matches,0,11,5,45.5,1.3,0.59,0.0,0.0,0,0,Matches,,,,,,,,,,,,,,,4,,,,,,Matches,,21,,,,,,,,,,,8,,,,Matches,,,,,,,,,,,,,,,,,,,,,Matches
401,Marius Bülter,de GER,"FW,MF",Köln,de Bundesliga,32.0,1993.0,32,18,1597.0,17.7,5,4,9,5,0,0,3,0,0.28,0.23,0.51,0.28,0.51,Matches,5,42,17,40.5,2.37,0.96,0.12,0.29,0,0,Matches,,,,,,,,,,,,,,,4,,,,,,Matches,,5,,,,,,,,,,,8,,,,Matches,,,,,,,,,,,,,,,,,,,,,Matches
404,Alessandro Buongiorno,it ITA,DF,Napoli,it Serie A,26.0,1999.0,33,28,2521.0,28.0,0,1,1,0,0,0,3,0,0.0,0.04,0.04,0.0,0.04,Matches,0,8,3,37.5,0.29,0.11,0.0,0.0,0,0,Matches,,,,,,,,,,,,,,,1,,,,,,Matches,,22,,,,,,,,,,,40,,,,Matches,,,,,,,,,,,,,,,,,,,,,Matches
405,Livan Burcu,tr TUR,"MF,FW",Union Berlin,de Bundesliga,20.0,2004.0,18,6,651.0,7.2,1,1,2,1,0,0,4,0,0.14,0.14,0.28,0.14,0.28,Matches,1,16,3,18.8,2.21,0.41,0.06,0.33,0,0,Matches,,,,,,,,,,,,,,,1,,,,,,Matches,,7,,,,,,,,,,,2,,,,Matches,,,,,,,,,,,,,,,,,,,,,Matches
407,Wouter Burger,nl NED,MF,Hoffenheim,de Bundesliga,24.0,2001.0,30,30,2430.0,27.0,4,5,9,4,0,0,7,1,0.15,0.19,0.33,0.15,0.33,Matches,4,36,13,36.1,1.33,0.48,0.11,0.31,0,0,Matches,,,,,,,,,,,,,,,5,,,,,,Matches,,42,,,,,,,,,,,19,,,,Matches,,,,,,,,,,,,,,,,,,,,,Matches
408,Jonathan Burkardt,de GER,FW,Frankfurt,de Bundesliga,25.0,2000.0,22,15,1336.0,14.8,13,1,14,9,4,4,1,0,0.88,0.07,0.94,0.61,0.67,Matches,13,41,21,51.2,2.76,1.41,0.32,0.62,4,4,Matches,,,,,,,,,,,,,,,1,,,,,,Matches,,4,,,,,,,,,,,1,,,,Matches,,,,,,,,,,,,,,,,,,,,,Matches
409,Oliver Burke,sct SCO,"FW,MF",Union Berlin,de Bundesliga,28.0,1997.0,29,21,1664.0,18.5,6,2,8,6,0,0,4,0,0.32,0.11,0.43,0.32,0.43,Matches,6,34,15,44.1,1.84,0.81,0.18,0.4,0,0,Matches,,,,,,,,,,,,,,,2,,,,,,Matches,,7,,,,,,,,,,,4,,,,Matches,,,,,,,,,,,,,,,,,,,,,Matches
411,Dan Burn,eng ENG,DF,Newcastle,eng Premier League,33.0,1992.0,29,25,2199.0,24.4,1,2,3,1,0,0,11,1,0.04,0.08,0.12,0.04,0.12,Matches,1,10,3,30.0,0.41,0.12,0.1,0.33,0,0,Matches,,,,,,,,,,,,,,,2,,,,,,Matches,,26,,,,,,,,,,,20,,,,Matches,,,,,,,,,,,,,,,,,,,,,Matches
413,Marnon Busch,de GER,"DF,MF",Heidenheim,de Bundesliga,30.0,1994.0,29,20,1915.0,21.3,1,5,6,1,0,0,4,0,0.05,0.23,0.28,0.05,0.28,Matches,1,12,3,25.0,0.56,0.14,0.08,0.33,0,0,Matches,,,,,,,,,,,,,,,5,,,,,,Matches,,24,,,,,,,,,,,34,,,,Matches,,,,,,,,,,,,,,,,,,,,,Matches
415,Jean Butez,fr FRA,GK,Como,it Serie A,30.0,1995.0,38,38,3420.0,38.0,0,1,1,0,0,0,3,0,0.0,0.03,0.03,0.0,0.03,Matches,0,0,0,,0.0,0.0,,,0,0,Matches,,,,,,,,,,,,,,,1,,,,,,Matches,,2,,,,,,,,,,,0,,,,Matches,,,,,,,,,,,,,,,,,,,,,Matches
420,Rémy Cabella,fr FRA,"MF,FW",Nantes,fr Ligue 1,35.0,1990.0,11,6,572.0,6.4,2,0,2,1,1,1,1,0,0.31,0.0,0.31,0.16,0.16,Matches,2,9,5,55.6,1.42,0.79,0.22,0.4,1,1,Matches,,,,,,,,,,,,,,,0,,,,,,Matches,,7,,,,,,,,,,,6,,,,Matches,,,,,,,,,,,,,,,,,,,,,Matches
423,Leandro Cabrera,uy URU,DF,Espanyol,es La Liga,34.0,1991.0,37,37,3330.0,37.0,3,0,3,3,0,0,4,0,0.08,0.0,0.08,0.08,0.08,Matches,3,40,12,30.0,1.08,0.32,0.08,0.25,0,0,Matches,,,,,,,,,,,,,,,0,,,,,,Matches,,23,,,,,,,,,,,23,,,,Matches,,,,,,,,,,,,,,,,,,,,,Matches
424,Anthony Caci,fr FRA,MF,Mainz 05,de Bundesliga,28.0,1997.0,10,6,519.0,5.8,0,0,0,0,0,0,3,0,0.0,0.0,0.0,0.0,0.0,Matches,0,6,0,0.0,1.04,0.0,0.0,,0,0,Matches,,,,,,,,,,,,,,,0,,,,,,Matches,,10,,,,,,,,,,,3,,,,Matches,,,,,,,,,,,,,,,,,,,,,Matches
425,Noah Cadiou,gp GLP,MF,Lorient,fr Ligue 1,26.0,1998.0,28,20,1879.0,20.9,3,1,4,3,0,0,2,0,0.14,0.05,0.19,0.14,0.19,Matches,3,19,9,47.4,0.91,0.43,0.16,0.33,0,0,Matches,,,,,,,,,,,,,,,1,,,,,,Matches,,16,,,,,,,,,,,24,,,,Matches,,,,,,,,,,,,,,,,,,,,,Matches
427,Moisés Caicedo,ec ECU,MF,Chelsea,eng Premier League,23.0,2001.0,33,32,2795.0,31.1,3,1,4,3,0,0,11,1,0.1,0.03,0.13,0.1,0.13,Matches,3,27,7,25.9,0.87,0.23,0.11,0.43,0,0,Matches,,,,,,,,,,,,,,,1,,,,,,Matches,,47,,,,,,,,,,,59,,,,Matches,,,,,,,,,,,,,,,,,,,,,Matches
428,Tom Cairney,sct SCO,MF,Fulham,eng Premier League,34.0,1991.0,24,6,775.0,8.6,2,0,2,2,0,0,3,0,0.23,0.0,0.23,0.23,0.23,Matches,2,17,2,11.8,1.97,0.23,0.12,1.0,0,0,Matches,,,,,,,,,,,,,,,0,,,,,,Matches,,4,,,,,,,,,,,4,,,,Matches,,,,,,,,,,,,,,,,,,,,,Matches
429,Arturo Calabresi,it ITA,DF,Pisa,it Serie A,29.0,1996.0,26,17,1514.0,16.8,0,0,0,0,0,0,8,0,0.0,0.0,0.0,0.0,0.0,Matches,0,4,1,25.0,0.24,0.06,0.0,0.0,0,0,Matches,,,,,,,,,,,,,,,0,,,,,,Matches,,13,,,,,,,,,,,19,,,,Matches,,,,,,,,,,,,,,,,,,,,,Matches
430,Riccardo Calafiori,it ITA,DF,Arsenal,eng Premier League,23.0,2002.0,26,22,1699.0,18.9,1,2,3,1,0,0,5,0,0.05,0.11,0.16,0.05,0.16,Matches,1,32,8,25.0,1.7,0.42,0.03,0.13,0,0,Matches,,,,,,,,,,,,,,,2,,,,,,Matches,,19,,,,,,,,,,,13,,,,Matches,,,,,,,,,,,,,,,,,,,,,Matches
432,Calebe,br BRA,MF,Alavés,es La Liga,25.0,2000.0,19,13,752.0,8.4,0,0,0,0,0,0,2,0,0.0,0.0,0.0,0.0,0.0,Matches,0,5,1,20.0,0.6,0.12,0.0,0.0,0,0,Matches,,,,,,,,,,,,,,,0,,,,,,Matches,,14,,,,,,,,,,,9,,,,Matches,,,,,,,,,,,,,,,,,,,,,Matches
433,Fernando Calero,es ESP,DF,Espanyol,es La Liga,29.0,1995.0,28,24,2148.0,23.9,0,0,0,0,0,0,5,0,0.0,0.0,0.0,0.0,0.0,Matches,0,12,1,8.3,0.5,0.04,0.0,0.0,0,0,Matches,,,,,,,,,,,,,,,0,,,,,,Matches,,18,,,,,,,,,,,31,,,,Matches,,,,,,,,,,,,,,,,,,,,,Matches
434,Duje Ćaleta-Car,hr CRO,DF,Real Sociedad,es La Liga,28.0,1996.0,27,24,2150.0,23.9,1,0,1,1,0,0,6,1,0.04,0.0,0.04,0.04,0.04,Matches,1,13,3,23.1,0.54,0.13,0.08,0.33,0,0,Matches,,,,,,,,,,,,,,,0,,,,,,Matches,,14,,,,,,,,,,,29,,,,Matches,,,,,,,,,,,,,,,,,,,,,Matches
435,Hakan Çalhanoğlu,tr TUR,MF,Inter,it Serie A,31.0,1994.0,22,20,1639.0,18.2,9,4,13,5,4,5,7,0,0.49,0.22,0.71,0.27,0.49,Matches,9,50,17,34.0,2.75,0.93,0.18,0.53,4,5,Matches,,,,,,,,,,,,,,,4,,,,,,Matches,,17,,,,,,,,,,,19,,,,Matches,,,,,,,,,,,,,,,,,,,,,Matches
436,Dominic Calvert-Lewin,eng ENG,FW,Leeds United,eng Premier League,28.0,1997.0,35,30,2721.0,30.2,14,1,15,10,4,5,3,0,0.46,0.03,0.5,0.33,0.36,Matches,14,73,34,46.6,2.41,1.12,0.19,0.41,4,5,Matches,,,,,,,,,,,,,,,1,,,,,,Matches,,4,,,,,,,,,,,5,,,,Matches,,,,,,,,,,,,,,,,,,,,,Matches
437,Dani Calvo,es ESP,DF,Oviedo,es La Liga,31.0,1994.0,20,17,1611.0,17.9,0,0,0,0,0,0,3,0,0.0,0.0,0.0,0.0,0.0,Matches,0,3,0,0.0,0.17,0.0,0.0,,0,0,Matches,,,,,,,,,,,,,,,0,,,,,,Matches,,15,,,,,,,,,,,10,,,,Matches,,,,,,,,,,,,,,,,,,,,,Matches
439,Adama Camara,fr FRA,"MF,DF",Paris FC,fr Ligue 1,28.0,1996.0,29,26,2159.0,24.0,1,0,1,1,0,0,8,0,0.04,0.0,0.04,0.04,0.04,Matches,1,17,5,29.4,0.71,0.21,0.06,0.2,0,0,Matches,,,,,,,,,,,,,,,0,,,,,,Matches,,30,,,,,,,,,,,38,,,,Matches,,,,,,,,,,,,,,,,,,,,,Matches
442,Lamine Camara,sn SEN,MF,Monaco,fr Ligue 1,21.0,2004.0,24,22,1847.0,20.5,3,4,7,3,0,0,6,0,0.15,0.19,0.34,0.15,0.34,Matches,3,25,4,16.0,1.22,0.19,0.12,0.75,0,0,Matches,,,,,,,,,,,,,,,4,,,,,,Matches,,33,,,,,,,,,,,38,,,,Matches,,,,,,,,,,,,,,,,,,,,,Matches
443,Mahdi Camara,fr FRA,MF,Rennes,fr Ligue 1,27.0,1998.0,32,31,2653.0,29.5,3,1,4,3,0,0,5,1,0.1,0.03,0.14,0.1,0.14,Matches,3,29,12,41.4,0.98,0.41,0.1,0.25,0,0,Matches,,,,,,,,,,,,,,,1,,,,,,Matches,,33,,,,,,,,,,,27,,,,Matches,,,,,,,,,,,,,,,,,,,,,Matches
444,Ousmane Camara,ml MLI,DF,Angers,fr Ligue 1,22.0,2003.0,32,31,2718.0,30.2,1,0,1,1,0,0,4,0,0.03,0.0,0.03,0.03,0.03,Matches,1,13,5,38.5,0.43,0.17,0.08,0.2,0,0,Matches,,,,,,,,,,,,,,,0,,,,,,Matches,,29,,,,,,,,,,,34,,,,Matches,,,,,,,,,,,,,,,,,,,,,Matches
445,Francesco Camarda,it ITA,FW,Lecce,it Serie A,17.0,2008.0,21,7,687.0,7.6,1,0,1,1,0,1,1,0,0.13,0.0,0.13,0.13,0.13,Matches,1,16,3,18.8,2.1,0.39,0.06,0.33,0,1,Matches,,,,,,,,,,,,,,,0,,,,,,Matches,,1,,,,,,,,,,,0,,,,Matches,,,,,,,,,,,,,,,,,,,,,Matches
446,Eduardo Camavinga,fr FRA,MF,Real Madrid,es La Liga,22.0,2002.0,29,16,1528.0,17.0,1,0,1,1,0,0,2,0,0.06,0.0,0.06,0.06,0.06,Matches,1,13,2,15.4,0.77,0.12,0.08,0.5,0,0,Matches,,,,,,,,,,,,,,,0,,,,,,Matches,,37,,,,,,,,,,,15,,,,Matches,,,,,,,,,,,,,,,,,,,,,Matches
447,Nicolò Cambiaghi,it ITA,"MF,FW",Bologna,it Serie A,24.0,2000.0,28,17,1518.0,16.9,3,4,7,3,0,0,3,1,0.18,0.24,0.42,0.18,0.42,Matches,3,24,6,25.0,1.42,0.36,0.13,0.5,0,0,Matches,,,,,,,,,,,,,,,4,,,,,,Matches,,20,,,,,,,,,,,9,,,,Matches,,,,,,,,,,,,,,,,,,,,,Matches
448,Andrea Cambiaso,it ITA,"MF,DF",Juventus,it Serie A,25.0,2000.0,36,35,2769.0,30.8,3,4,7,3,0,0,3,1,0.1,0.13,0.23,0.1,0.23,Matches,3,26,13,50.0,0.85,0.42,0.12,0.23,0,0,Matches,,,,,,,,,,,,,,,4,,,,,,Matches,,39,,,,,,,,,,,20,,,,Matches,,,,,,,,,,,,,,,,,,,,,Matches
450,Sergio Camello,es ESP,"FW,MF",Rayo Vallecano,es La Liga,24.0,2001.0,22,8,823.0,9.1,5,1,6,5,0,0,3,1,0.55,0.11,0.66,0.55,0.66,Matches,5,27,14,51.9,2.95,1.53,0.19,0.36,0,0,Matches,,,,,,,,,,,,,,,1,,,,,,Matches,,8,,,,,,,,,,,4,,,,Matches,,,,,,,,,,,,,,,,,,,,,Matches
453,Emre Can,de GER,DF,Dortmund,de Bundesliga,31.0,1994.0,9,7,621.0,6.9,3,0,3,0,3,3,3,0,0.43,0.0,0.43,0.0,0.0,Matches,3,5,4,80.0,0.72,0.58,0.6,0.75,3,3,Matches,,,,,,,,,,,,,,,0,,,,,,Matches,,8,,,,,,,,,,,13,,,,Matches,,,,,,,,,,,,,,,,,,,,,Matches
454,Matteo Cancellieri,it ITA,FW,Lazio,it Serie A,23.0,2002.0,30,21,1725.0,19.2,4,2,6,4,0,0,6,0,0.21,0.1,0.31,0.21,0.31,Matches,4,41,17,41.5,2.14,0.89,0.1,0.24,0,0,Matches,,,,,,,,,,,,,,,2,,,,,,Matches,,28,,,,,,,,,,,24,,,,Matches,,,,,,,,,,,,,,,,,,,,,Matches
455,João Cancelo,pt POR,DF,Barcelona,es La Liga,31.0,1994.0,16,11,954.0,10.6,2,2,4,2,0,0,1,0,0.19,0.19,0.38,0.19,0.38,Matches,2,13,4,30.8,1.23,0.38,0.15,0.5,0,0,Matches,,,,,,,,,,,,,,,2,,,,,,Matches,,19,,,,,,,,,,,11,,,,Matches,,,,,,,,,,,,,,,,,,,,,Matches
456,Fali Candé,gw GNB,DF,Sassuolo,it Serie A,27.0,1998.0,12,5,509.0,5.7,0,0,0,0,0,0,2,0,0.0,0.0,0.0,0.0,0.0,Matches,0,3,0,0.0,0.53,0.0,0.0,,0,0,Matches,,,,,,,,,,,,,,,0,,,,,,Matches,,9,,,,,,,,,,,2,,,,Matches,,,,,,,,,,,,,,,,,,,,,Matches
457,Simone Canestrelli,it ITA,DF,Pisa,it Serie A,24.0,2000.0,37,36,3201.0,35.6,1,0,1,1,0,0,4,0,0.03,0.0,0.03,0.03,0.03,Matches,1,16,3,18.8,0.45,0.08,0.06,0.33,0,0,Matches,,,,,,,,,,,,,,,0,,,,,,Matches,,25,,,,,,,,,,,33,,,,Matches,,,,,,,,,,,,,,,,,,,,,Matches
459,Jaydee Canvot,fr FRA,DF,Crystal Palace,eng Premier League,19.0,2006.0,20,14,1336.0,14.8,0,0,0,0,0,0,3,0,0.0,0.0,0.0,0.0,0.0,Matches,0,7,1,14.3,0.47,0.07,0.0,0.0,0,0,Matches,,,,,,,,,,,,,,,0,,,,,,Matches,,22,,,,,,,,,,,12,,,,Matches,,,,,,,,,,,,,,,,,,,,,Matches
460,Nicolás Capaldo,ar ARG,"DF,MF",Hamburger SV,de Bundesliga,26.0,1998.0,26,24,2001.0,22.2,1,3,4,1,0,0,10,0,0.04,0.13,0.18,0.04,0.18,Matches,1,22,6,27.3,0.99,0.27,0.05,0.17,0,0,Matches,,,,,,,,,,,,,,,3,,,,,,Matches,,46,,,,,,,,,,,35,,,,Matches,,,,,,,,,,,,,,,,,,,,,Matches
461,Pierrick Capelle,fr FRA,MF,Angers,fr Ligue 1,38.0,1987.0,16,6,651.0,7.2,0,1,1,0,0,0,2,0,0.0,0.14,0.14,0.0,0.14,Matches,0,10,1,10.0,1.38,0.14,0.0,0.0,0,0,Matches,,,,,,,,,,,,,,,1,,,,,,Matches,,13,,,,,,,,,,,7,,,,Matches,,,,,,,,,,,,,,,,,,,,,Matches
462,Elia Caprile,it ITA,GK,Cagliari,it Serie A,23.0,2001.0,38,38,3420.0,38.0,0,0,0,0,0,0,2,0,0.0,0.0,0.0,0.0,0.0,Matches,0,0,0,,0.0,0.0,,,0,0,Matches,,,,,,,,,,,,,,,0,,,,,,Matches,,0,,,,,,,,,,,0,,,,Matches,,,,,,,,,,,,,,,,,,,,,Matches
463,Maxence Caqueret,fr FRA,MF,Como,it Serie A,25.0,2000.0,30,17,1485.0,16.5,2,6,8,2,0,0,3,0,0.12,0.36,0.48,0.12,0.48,Matches,2,18,4,22.2,1.09,0.24,0.11,0.5,0,0,Matches,,,,,,,,,,,,,,,6,,,,,,Matches,,23,,,,,,,,,,,14,,,,Matches,,,,,,,,,,,,,,,,,,,,,Matches
464,Antonio Caracciolo,it ITA,DF,Pisa,it Serie A,35.0,1990.0,35,34,3073.0,34.1,2,0,2,2,0,0,10,0,0.06,0.0,0.06,0.06,0.06,Matches,2,25,6,24.0,0.73,0.18,0.08,0.33,0,0,Matches,,,,,,,,,,,,,,,0,,,,,,Matches,,44,,,,,,,,,,,57,,,,Matches,,,,,,,,,,,,,,,,,,,,,Matches
471,Sergi Cardona,es ESP,DF,Villarreal,es La Liga,26.0,1999.0,31,20,1970.0,21.9,1,4,5,1,0,0,4,0,0.05,0.18,0.23,0.05,0.23,Matches,1,18,5,27.8,0.82,0.23,0.06,0.2,0,0,Matches,,,,,,,,,,,,,,,4,,,,,,Matches,,31,,,,,,,,,,,37,,,,Matches,,,,,,,,,,,,,,,,,,,,,Matches
473,Johnny Cardoso,us USA,MF,Atlético Madrid,es La Liga,23.0,2001.0,15,12,887.0,9.9,0,0,0,0,0,0,5,0,0.0,0.0,0.0,0.0,0.0,Matches,0,2,0,0.0,0.2,0.0,0.0,,0,0,Matches,,,,,,,,,,,,,,,0,,,,,,Matches,,21,,,,,,,,,,,16,,,,Matches,,,,,,,,,,,,,,,,,,,,,Matches
475,Igor Carioca,br BRA,DF,Lorient,fr Ligue 1,28.0,1996.0,17,13,1213.0,13.5,1,0,1,1,0,0,1,0,0.07,0.0,0.07,0.07,0.07,Matches,1,8,1,12.5,0.59,0.07,0.13,1.0,0,0,Matches,,,,,,,,,,,,,,,0,,,,,,Matches,,19,,,,,,,,,,,13,,,,Matches,,,,,,,,,,,,,,,,,,,,,Matches
477,Diego Carlos,br BRA,DF,Como,it Serie A,32.0,1993.0,27,21,1949.0,21.7,1,0,1,1,0,0,8,0,0.05,0.0,0.05,0.05,0.05,Matches,1,8,2,25.0,0.37,0.09,0.13,0.5,0,0,Matches,,,,,,,,,,,,,,,0,,,,,,Matches,,18,,,,,,,,,,,22,,,,Matches,,,,,,,,,,,,,,,,,,,,,Matches
478,Kevin Carlos,es ESP,FW,Nice,fr Ligue 1,24.0,2001.0,23,9,880.0,9.8,0,0,0,0,0,0,3,0,0.0,0.0,0.0,0.0,0.0,Matches,0,22,7,31.8,2.25,0.72,0.0,0.0,0,0,Matches,,,,,,,,,,,,,,,0,,,,,,Matches,,1,,,,,,,,,,,1,,,,Matches,,,,,,,,,,,,,,,,,,,,,Matches
479,David Carmo,ao ANG,DF,Oviedo,es La Liga,26.0,1999.0,22,20,1786.0,19.8,1,0,1,1,0,0,8,1,0.05,0.0,0.05,0.05,0.05,Matches,1,10,3,30.0,0.5,0.15,0.1,0.33,0,0,Matches,,,,,,,,,,,,,,,0,,,,,,Matches,,18,,,,,,,,,,,21,,,,Matches,,,,,,,,,,,,,,,,,,,,,Matches
480,Carmona,es ESP,"DF,MF",Sevilla,es La Liga,23.0,2002.0,35,29,2565.0,28.5,1,3,4,1,0,0,13,0,0.04,0.11,0.14,0.04,0.14,Matches,1,20,3,15.0,0.7,0.11,0.05,0.33,0,0,Matches,,,,,,,,,,,,,,,3,,,,,,Matches,,40,,,,,,,,,,,45,,,,Matches,,,,,,,,,,,,,,,,,,,,,Matches
481,Marco Carnesecchi,it ITA,GK,Atalanta,it Serie A,25.0,2000.0,37,37,3330.0,37.0,0,0,0,0,0,0,0,0,0.0,0.0,0.0,0.0,0.0,Matches,0,0,0,,0.0,0.0,,,0,0,Matches,,,,,,,,,,,,,,,0,,,,,,Matches,,0,,,,,,,,,,,0,,,,Matches,,,,,,,,,,,,,,,,,,,,,Matches
482,Sergio Carreira,es ESP,MF,Celta Vigo,es La Liga,24.0,2000.0,34,29,2694.0,29.9,2,1,3,2,0,0,2,0,0.07,0.03,0.1,0.07,0.1,Matches,2,16,7,43.8,0.53,0.23,0.13,0.29,0,0,Matches,,,,,,,,,,,,,,,1,,,,,,Matches,,18,,,,,,,,,,,27,,,,Matches,,,,,,,,,,,,,,,,,,,,,Matches
484,Álvaro Carreras,es ESP,DF,Real Madrid,es La Liga,22.0,2003.0,28,26,2332.0,25.9,2,3,5,2,0,0,5,1,0.08,0.12,0.19,0.08,0.19,Matches,2,9,3,33.3,0.35,0.12,0.22,0.67,0,0,Matches,,,,,,,,,,,,,,,3,,,,,,Matches,,18,,,,,,,,,,,38,,,,Matches,,,,,,,,,,,,,,,,,,,,,Matches
485,Dani Carvajal,es ESP,DF,Real Madrid,es La Liga,33.0,1992.0,17,10,977.0,10.9,0,1,1,0,0,0,0,0,0.0,0.09,0.09,0.0,0.09,Matches,0,5,1,20.0,0.46,0.09,0.0,0.0,0,0,Matches,,,,,,,,,,,,,,,1,,,,,,Matches,,12,,,,,,,,,,,6,,,,Matches,,,,,,,,,,,,,,,,,,,,,Matches
487,Cesare Casadei,it ITA,MF,Torino,it Serie A,22.0,2003.0,33,19,1997.0,22.2,6,0,6,6,0,0,5,0,0.27,0.0,0.27,0.27,0.27,Matches,6,35,17,48.6,1.58,0.77,0.17,0.35,0,0,Matches,,,,,,,,,,,,,,,0,,,,,,Matches,,16,,,,,,,,,,,9,,,,Matches,,,,,,,,,,,,,,,,,,,,,Matches
488,Marc Casado,es ESP,MF,Barcelona,es La Liga,21.0,2003.0,24,10,989.0,11.0,0,1,1,0,0,0,1,0,0.0,0.09,0.09,0.0,0.09,Matches,0,11,0,0.0,1.0,0.0,0.0,,0,0,Matches,,,,,,,,,,,,,,,1,,,,,,Matches,,9,,,,,,,,,,,7,,,,Matches,,,,,,,,,,,,,,,,,,,,,Matches
489,Nicolò Casale,it ITA,DF,Bologna,it Serie A,27.0,1998.0,12,8,678.0,7.5,0,0,0,0,0,0,0,0,0.0,0.0,0.0,0.0,0.0,Matches,0,5,0,0.0,0.66,0.0,0.0,,0,0,Matches,,,,,,,,,,,,,,,0,,,,,,Matches,,2,,,,,,,,,,,7,,,,Matches,,,,,,,,,,,,,,,,,,,,,Matches
490,Casemiro,br BRA,MF,Manchester Utd,eng Premier League,33.0,1992.0,34,33,2571.0,28.6,9,2,11,9,0,0,11,1,0.32,0.07,0.39,0.32,0.39,Matches,9,52,18,34.6,1.82,0.63,0.17,0.5,0,0,Matches,,,,,,,,,,,,,,,2,,,,,,Matches,,45,,,,,,,,,,,30,,,,Matches,,,,,,,,,,,,,,,,,,,,,Matches
491,Matty Cash,pl POL,DF,Aston Villa,eng Premier League,27.0,1997.0,35,34,3014.0,33.5,3,3,6,3,0,0,9,0,0.09,0.09,0.18,0.09,0.18,Matches,3,30,10,33.3,0.9,0.3,0.1,0.3,0,0,Matches,,,,,,,,,,,,,,,3,,,,,,Matches,,32,,,,,,,,,,,24,,,,Matches,,,,,,,,,,,,,,,,,,,,,Matches
492,Josué Casimir,ht HAI,"MF,FW",Auxerre,fr Ligue 1,23.0,2001.0,31,16,1522.0,16.9,1,0,1,1,0,1,6,1,0.06,0.0,0.06,0.06,0.06,Matches,1,22,12,54.5,1.3,0.71,0.05,0.08,0,1,Matches,,,,,,,,,,,,,,,0,,,,,,Matches,,17,,,,,,,,,,,11,,,,Matches,,,,,,,,,,,,,,,,,,,,,Matches
493,Cristian Cásseres Jr.,ve VEN,MF,Toulouse,fr Ligue 1,25.0,2000.0,30,28,2495.0,27.7,2,3,5,2,0,1,6,0,0.07,0.11,0.18,0.07,0.18,Matches,2,26,6,23.1,0.94,0.22,0.08,0.33,0,1,Matches,,,,,,,,,,,,,,,3,,,,,,Matches,,42,,,,,,,,,,,37,,,,Matches,,,,,,,,,,,,,,,,,,,,,Matches
494,Timothy Castagne,be BEL,"DF,MF",Fulham,eng Premier League,29.0,1995.0,30,20,1845.0,20.5,0,0,0,0,0,0,4,0,0.0,0.0,0.0,0.0,0.0,Matches,0,14,6,42.9,0.68,0.29,0.0,0.0,0,0,Matches,,,,,,,,,,,,,,,0,,,,,,Matches,,24,,,,,,,,,,,28,,,,Matches,,,,,,,,,,,,,,,,,,,,,Matches
496,Valentín Castellanos,ar ARG,FW,Lazio,it Serie A,26.0,1998.0,11,8,692.0,7.7,2,3,5,2,0,0,2,0,0.26,0.39,0.65,0.26,0.65,Matches,2,20,8,40.0,2.6,1.04,0.1,0.25,0,0,Matches,,,,,,,,,,,,,,,3,,,,,,Matches,,3,,,,,,,,,,,3,,,,Matches,,,,,,,,,,,,,,,,,,,,,Matches
497,Valentín Castellanos,ar ARG,FW,West Ham,eng Premier League,26.0,1998.0,18,17,1384.0,15.4,6,0,6,6,0,0,6,0,0.39,0.0,0.39,0.39,0.39,Matches,6,50,22,44.0,3.25,1.43,0.12,0.27,0,0,Matches,,,,,,,,,,,,,,,0,,,,,,Matches,,9,,,,,,,,,,,6,,,,Matches,,,,,,,,,,,,,,,,,,,,,Matches
498,Castrin,es ESP,DF,Sevilla,es La Liga,22.0,2003.0,19,13,1277.0,14.2,1,0,1,1,0,0,4,0,0.07,0.0,0.07,0.07,0.07,Matches,1,11,3,27.3,0.78,0.21,0.09,0.33,0,0,Matches,,,,,,,,,,,,,,,0,,,,,,Matches,,15,,,,,,,,,,,22,,,,Matches,,,,,,,,,,,,,,,,,,,,,Matches
499,Jonny Castro,es ESP,DF,Alavés,es La Liga,31.0,1994.0,34,34,2994.0,33.3,0,0,0,0,0,0,7,0,0.0,0.0,0.0,0.0,0.0,Matches,0,9,3,33.3,0.27,0.09,0.0,0.0,0,0,Matches,,,,,,,,,,,,,,,0,,,,,,Matches,,41,,,,,,,,,,,40,,,,Matches,,,,,,,,,,,,,,,,,,,,,Matches
500,Santiago Castro,ar ARG,FW,Bologna,it Serie A,20.0,2004.0,35,26,2359.0,26.2,7,2,9,7,0,0,3,0,0.27,0.08,0.34,0.27,0.34,Matches,7,63,20,31.7,2.4,0.76,0.11,0.35,0,0,Matches,,,,,,,,,,,,,,,2,,,,,,Matches,,8,,,,,,,,,,,1,,,,Matches,,,,,,,,,,,,,,,,,,,,,Matches
501,Alessio Castro-Montes,be BEL,"MF,DF",Köln,de Bundesliga,28.0,1997.0,14,7,672.0,7.5,1,3,4,1,0,0,2,0,0.13,0.4,0.54,0.13,0.54,Matches,1,8,1,12.5,1.07,0.13,0.13,1.0,0,0,Matches,,,,,,,,,,,,,,,3,,,,,,Matches,,17,,,,,,,,,,,5,,,,Matches,,,,,,,,,,,,,,,,,,,,,Matches
502,Jens Castrop,kr KOR,MF,Gladbach,de Bundesliga,22.0,2003.0,26,20,1584.0,17.6,3,1,4,3,0,0,2,2,0.17,0.06,0.23,0.17,0.23,Matches,3,30,12,40.0,1.7,0.68,0.1,0.25,0,0,Matches,,,,,,,,,,,,,,,1,,,,,,Matches,,27,,,,,,,,,,,17,,,,Matches,,,,,,,,,,,,,,,,,,,,,Matches
503,Danilo Cataldi,it ITA,MF,Lazio,it Serie A,30.0,1994.0,27,24,1985.0,22.1,3,3,6,1,2,2,6,0,0.14,0.14,0.27,0.05,0.18,Matches,3,26,7,26.9,1.18,0.32,0.12,0.43,2,2,Matches,,,,,,,,,,,,,,,3,,,,,,Matches,,22,,,,,,,,,,,21,,,,Matches,,,,,,,,,,,,,,,,,,,,,Matches
504,Catena,es ESP,DF,Osasuna,es La Liga,30.0,1994.0,35,35,3071.0,34.1,3,2,5,3,0,0,11,1,0.09,0.06,0.15,0.09,0.15,Matches,3,19,4,21.1,0.56,0.12,0.16,0.75,0,0,Matches,,,,,,,,,,,,,,,2,,,,,,Matches,,29,,,,,,,,,,,32,,,,Matches,,,,,,,,,,,,,,,,,,,,,Matches
506,Santi Cazorla,es ESP,MF,Oviedo,es La Liga,40.0,1984.0,28,6,940.0,10.4,0,1,1,0,0,0,2,1,0.0,0.1,0.1,0.0,0.1,Matches,0,7,1,14.3,0.67,0.1,0.0,0.0,0,0,Matches,,,,,,,,,,,,,,,1,,,,,,Matches,,10,,,,,,,,,,,4,,,,Matches,,,,,,,,,,,,,,,,,,,,,Matches
507,Dani Ceballos,es ESP,MF,Real Madrid,es La Liga,28.0,1996.0,16,4,486.0,5.4,0,0,0,0,0,0,1,0,0.0,0.0,0.0,0.0,0.0,Matches,0,3,0,0.0,0.56,0.0,0.0,,0,0,Matches,,,,,,,,,,,,,,,0,,,,,,Matches,,10,,,,,,,,,,,7,,,,Matches,,,,,,,,,,,,,,,,,,,,,Matches
508,Federico Ceccherini,it ITA,DF,Cremonese,it Serie A,33.0,1992.0,9,6,476.0,5.3,0,1,1,0,0,0,1,1,0.0,0.19,0.19,0.0,0.19,Matches,0,5,2,40.0,0.95,0.38,0.0,0.0,0,0,Matches,,,,,,,,,,,,,,,1,,,,,,Matches,,2,,,,,,,,,,,7,,,,Matches,,,,,,,,,,,,,,,,,,,,,Matches
510,Nidal Čelik,ba BIH,DF,Lens,fr Ligue 1,19.0,2006.0,8,8,616.0,6.8,0,0,0,0,0,0,2,0,0.0,0.0,0.0,0.0,0.0,Matches,0,1,1,100.0,0.15,0.15,0.0,0.0,0,0,Matches,,,,,,,,,,,,,,,0,,,,,,Matches,,10,,,,,,,,,,,9,,,,Matches,,,,,,,,,,,,,,,,,,,,,Matches
511,Zeki Çelik,tr TUR,"MF,DF",Roma,it Serie A,28.0,1997.0,34,32,2723.0,30.3,1,2,3,1,0,0,2,1,0.03,0.07,0.1,0.03,0.1,Matches,1,22,4,18.2,0.73,0.13,0.05,0.25,0,0,Matches,,,,,,,,,,,,,,,2,,,,,,Matches,,40,,,,,,,,,,,24,,,,Matches,,,,,,,,,,,,,,,,,,,,,Matches
512,Fabien Centonze,fr FRA,"MF,DF",Nantes,fr Ligue 1,29.0,1996.0,15,9,736.0,8.2,3,0,3,3,0,0,4,0,0.37,0.0,0.37,0.37,0.37,Matches,3,8,3,37.5,0.98,0.37,0.38,1.0,0,0,Matches,,,,,,,,,,,,,,,0,,,,,,Matches,,18,,,,,,,,,,,20,,,,Matches,,,,,,,,,,,,,,,,,,,,,Matches
516,Julian Chabot,de GER,DF,Stuttgart,de Bundesliga,27.0,1998.0,27,26,2294.0,25.5,0,0,0,0,0,0,3,0,0.0,0.0,0.0,0.0,0.0,Matches,0,18,7,38.9,0.71,0.27,0.0,0.0,0,0,Matches,,,,,,,,,,,,,,,0,,,,,,Matches,,20,,,,,,,,,,,40,,,,Matches,,,,,,,,,,,,,,,,,,,,,Matches
517,El Chadaille Bitshiabu,fr FRA,DF,RB Leipzig,de Bundesliga,20.0,2005.0,11,8,655.0,7.3,0,0,0,0,0,0,0,0,0.0,0.0,0.0,0.0,0.0,Matches,0,2,0,0.0,0.27,0.0,0.0,,0,0,Matches,,,,,,,,,,,,,,,0,,,,,,Matches,,6,,,,,,,,,,,6,,,,Matches,,,,,,,,,,,,,,,,,,,,,Matches
518,Fares Chaïbi,dz ALG,MF,Frankfurt,de Bundesliga,22.0,2002.0,28,21,1792.0,19.9,2,9,11,2,0,0,2,0,0.1,0.45,0.55,0.1,0.55,Matches,2,35,9,25.7,1.76,0.45,0.06,0.22,0,0,Matches,,,,,,,,,,,,,,,9,,,,,,Matches,,21,,,,,,,,,,,13,,,,Matches,,,,,,,,,,,,,,,,,,,,,Matches
519,Ilyas Chaira,ma MAR,"MF,FW",Oviedo,es La Liga,24.0,2001.0,36,30,2447.0,27.2,6,2,8,6,0,0,2,1,0.22,0.07,0.29,0.22,0.29,Matches,6,81,35,43.2,2.98,1.29,0.07,0.17,0,0,Matches,,,,,,,,,,,,,,,2,,,,,,Matches,,34,,,,,,,,,,,4,,,,Matches,,,,,,,,,,,,,,,,,,,,,Matches
520,Trevoh Chalobah,eng ENG,DF,Chelsea,eng Premier League,26.0,1999.0,34,31,2783.0,30.9,3,0,3,3,0,0,3,1,0.1,0.0,0.1,0.1,0.1,Matches,3,16,5,31.3,0.52,0.16,0.19,0.6,0,0,Matches,,,,,,,,,,,,,,,0,,,,,,Matches,,22,,,,,,,,,,,37,,,,Matches,,,,,,,,,,,,,,,,,,,,,Matches
523,Brendan Chardonnet,fr FRA,DF,Brest,fr Ligue 1,30.0,1994.0,29,29,2546.0,28.3,1,3,4,1,0,0,6,0,0.04,0.11,0.14,0.04,0.14,Matches,1,12,6,50.0,0.42,0.21,0.08,0.17,0,0,Matches,,,,,,,,,,,,,,,3,,,,,,Matches,,18,,,,,,,,,,,34,,,,Matches,,,,,,,,,,,,,,,,,,,,,Matches
524,Pep Chavarría,es ESP,DF,Rayo Vallecano,es La Liga,27.0,1998.0,33,29,2682.0,29.8,1,2,3,1,0,0,6,1,0.03,0.07,0.1,0.03,0.1,Matches,1,18,3,16.7,0.6,0.1,0.06,0.33,0,0,Matches,,,,,,,,,,,,,,,2,,,,,,Matches,,31,,,,,,,,,,,32,,,,Matches,,,,,,,,,,,,,,,,,,,,,Matches
526,Arthur Chaves,br BRA,DF,Augsburg,de Bundesliga,24.0,2001.0,11,9,829.0,9.2,2,0,2,2,0,0,1,0,0.22,0.0,0.22,0.22,0.22,Matches,2,4,2,50.0,0.43,0.22,0.5,1.0,0,0,Matches,,,,,,,,,,,,,,,0,,,,,,Matches,,13,,,,,,,,,,,8,,,,Matches,,,,,,,,,,,,,,,,,,,,,Matches
530,Walid Cheddira,ma MAR,FW,Lecce,it Serie A,27.0,1998.0,17,11,1000.0,11.1,3,1,4,3,0,0,2,0,0.27,0.09,0.36,0.27,0.36,Matches,3,25,10,40.0,2.25,0.9,0.12,0.3,0,0,Matches,,,,,,,,,,,,,,,1,,,,,,Matches,,3,,,,,,,,,,,1,,,,Matches,,,,,,,,,,,,,,,,,,,,,Matches
531,Chema,es ESP,MF,Stuttgart,de Bundesliga,20.0,2005.0,25,14,1310.0,14.6,3,0,3,3,0,0,5,0,0.21,0.0,0.21,0.21,0.21,Matches,3,15,6,40.0,1.03,0.41,0.2,0.5,0,0,Matches,,,,,,,,,,,,,,,0,,,,,,Matches,,16,,,,,,,,,,,31,,,,Matches,,,,,,,,,,,,,,,,,,,,,Matches
532,Samir Chergui,dz ALG,DF,Paris FC,fr Ligue 1,26.0,1999.0,15,13,1154.0,12.8,1,0,1,1,0,0,1,0,0.08,0.0,0.08,0.08,0.08,Matches,1,13,4,30.8,1.01,0.31,0.08,0.25,0,0,Matches,,,,,,,,,,,,,,,0,,,,,,Matches,,12,,,,,,,,,,,13,,,,Matches,,,,,,,,,,,,,,,,,,,,,Matches
533,Sidiki Cherif,fr FRA,"FW,MF",Angers,fr Ligue 1,18.0,2006.0,19,14,1157.0,12.9,4,0,4,4,0,0,3,0,0.31,0.0,0.31,0.31,0.31,Matches,4,28,12,42.9,2.18,0.93,0.14,0.33,0,0,Matches,,,,,,,,,,,,,,,0,,,,,,Matches,,3,,,,,,,,,,,6,,,,Matches,,,,,,,,,,,,,,,,,,,,,Matches
534,Rayan Cherki,fr FRA,MF,Manchester City,eng Premier League,21.0,2003.0,33,19,1786.0,19.8,4,12,16,4,0,0,1,0,0.2,0.6,0.81,0.2,0.81,Matches,4,55,13,23.6,2.77,0.66,0.07,0.31,0,0,Matches,,,,,,,,,,,,,,,12,,,,,,Matches,,16,,,,,,,,,,,7,,,,Matches,,,,,,,,,,,,,,,,,,,,,Matches
535,Lucas Chevalier,fr FRA,GK,PSG,fr Ligue 1,23.0,2001.0,17,17,1530.0,17.0,0,0,0,0,0,0,0,0,0.0,0.0,0.0,0.0,0.0,Matches,0,0,0,,0.0,0.0,,,0,0,Matches,,,,,,,,,,,,,,,0,,,,,,Matches,,0,,,,,,,,,,,0,,,,Matches,,,,,,,,,,,,,,,,,,,,,Matches
536,Fabio Chiarodia,it ITA,DF,Gladbach,de Bundesliga,20.0,2005.0,15,8,674.0,7.5,0,0,0,0,0,0,1,0,0.0,0.0,0.0,0.0,0.0,Matches,0,4,1,25.0,0.53,0.13,0.0,0.0,0,0,Matches,,,,,,,,,,,,,,,0,,,,,,Matches,,9,,,,,,,,,,,13,,,,Matches,,,,,,,,,,,,,,,,,,,,,Matches
538,Ben Chilwell,eng ENG,"DF,MF",Strasbourg,fr Ligue 1,28.0,1996.0,20,19,1598.0,17.8,0,2,2,0,0,0,4,0,0.0,0.11,0.11,0.0,0.11,Matches,0,5,3,60.0,0.28,0.17,0.0,0.0,0,0,Matches,,,,,,,,,,,,,,,2,,,,,,Matches,,17,,,,,,,,,,,22,,,,Matches,,,,,,,,,,,,,,,,,,,,,Matches
540,Joris Chotard,fr FRA,MF,Brest,fr Ligue 1,23.0,2001.0,33,31,2773.0,30.8,2,1,3,2,0,0,2,0,0.06,0.03,0.1,0.06,0.1,Matches,2,25,8,32.0,0.81,0.26,0.08,0.25,0,0,Matches,,,,,,,,,,,,,,,1,,,,,,Matches,,34,,,,,,,,,,,48,,,,Matches,,,,,,,,,,,,,,,,,,,,,Matches
543,Ryan Christie,sct SCO,MF,Bournemouth,eng Premier League,30.0,1995.0,26,9,994.0,11.0,2,0,2,2,0,0,3,1,0.18,0.0,0.18,0.18,0.18,Matches,2,25,8,32.0,2.26,0.72,0.08,0.25,0,0,Matches,,,,,,,,,,,,,,,0,,,,,,Matches,,20,,,,,,,,,,,11,,,,Matches,,,,,,,,,,,,,,,,,,,,,Matches
544,Carney Chukwuemeka,at AUT,"MF,FW",Dortmund,de Bundesliga,21.0,2003.0,28,8,919.0,10.2,2,0,2,2,0,0,2,0,0.2,0.0,0.2,0.2,0.2,Matches,2,18,2,11.1,1.76,0.2,0.11,1.0,0,0,Matches,,,,,,,,,,,,,,,0,,,,,,Matches,,15,,,,,,,,,,,6,,,,Matches,,,,,,,,,,,,,,,,,,,,,Matches
546,Samuel Chukwueze,ng NGA,MF,Fulham,eng Premier League,26.0,1999.0,23,10,1079.0,12.0,3,4,7,3,0,0,0,0,0.25,0.33,0.58,0.25,0.58,Matches,3,25,7,28.0,2.09,0.58,0.12,0.43,0,0,Matches,,,,,,,,,,,,,,,4,,,,,,Matches,,4,,,,,,,,,,,6,,,,Matches,,,,,,,,,,,,,,,,,,,,,Matches
547,Víctor Chust,es ESP,DF,Elche,es La Liga,25.0,2000.0,31,22,2166.0,24.1,1,0,1,1,0,0,8,1,0.04,0.0,0.04,0.04,0.04,Matches,1,9,3,33.3,0.37,0.12,0.11,0.33,0,0,Matches,,,,,,,,,,,,,,,0,,,,,,Matches,,35,,,,,,,,,,,20,,,,Matches,,,,,,,,,,,,,,,,,,,,,Matches
548,Alessandro Circati,au AUS,DF,Parma,it Serie A,21.0,2003.0,31,31,2664.0,29.6,1,0,1,1,0,0,6,0,0.03,0.0,0.03,0.03,0.03,Matches,1,8,1,12.5,0.27,0.03,0.13,1.0,0,0,Matches,,,,,,,,,,,,,,,0,,,,,,Matches,,25,,,,,,,,,,,27,,,,Matches,,,,,,,,,,,,,,,,,,,,,Matches
550,Pathé Ciss,sn SEN,"MF,DF",Rayo Vallecano,es La Liga,31.0,1994.0,29,20,1999.0,22.2,2,1,3,2,0,0,9,2,0.09,0.05,0.14,0.09,0.14,Matches,2,20,8,40.0,0.9,0.36,0.1,0.25,0,0,Matches,,,,,,,,,,,,,,,1,,,,,,Matches,,35,,,,,,,,,,,35,,,,Matches,,,,,,,,,,,,,,,,,,,,,Matches
552,Djaoui Cissé,fr FRA,MF,Rennes,fr Ligue 1,21.0,2004.0,24,12,981.0,10.9,0,0,0,0,0,0,3,0,0.0,0.0,0.0,0.0,0.0,Matches,0,24,6,25.0,2.2,0.55,0.0,0.0,0,0,Matches,,,,,,,,,,,,,,,0,,,,,,Matches,,22,,,,,,,,,,,5,,,,Matches,,,,,,,,,,,,,,,,,,,,,Matches
554,Alexis Claude-Maurice,fr FRA,"MF,FW",Augsburg,de Bundesliga,27.0,1998.0,29,25,2097.0,23.3,5,4,9,4,1,2,3,0,0.21,0.17,0.39,0.17,0.34,Matches,5,71,26,36.6,3.05,1.12,0.07,0.19,1,2,Matches,,,,,,,,,,,,,,,4,,,,,,Matches,,26,,,,,,,,,,,8,,,,Matches,,,,,,,,,,,,,,,,,,,,,Matches
555,Jonathan Clauss,fr FRA,"MF,DF",Nice,fr Ligue 1,32.0,1992.0,30,28,2530.0,28.1,1,6,7,1,0,0,0,0,0.04,0.21,0.25,0.04,0.25,Matches,1,23,6,26.1,0.82,0.21,0.04,0.17,0,0,Matches,,,,,,,,,,,,,,,6,,,,,,Matches,,38,,,,,,,,,,,47,,,,Matches,,,,,,,,,,,,,,,,,,,,,Matches
556,Nathaniel Clyne,eng ENG,"MF,DF",Crystal Palace,eng Premier League,34.0,1991.0,10,7,594.0,6.6,0,1,1,0,0,0,1,0,0.0,0.15,0.15,0.0,0.15,Matches,0,3,0,0.0,0.45,0.0,0.0,,0,0,Matches,,,,,,,,,,,,,,,1,,,,,,Matches,,9,,,,,,,,,,,7,,,,Matches,,,,,,,,,,,,,,,,,,,,,Matches
558,Saúl Coco,gq EQG,DF,Torino,it Serie A,26.0,1999.0,35,35,3088.0,34.3,1,1,2,1,0,0,3,0,0.03,0.03,0.06,0.03,0.06,Matches,1,15,4,26.7,0.44,0.12,0.07,0.25,0,0,Matches,,,,,,,,,,,,,,,1,,,,,,Matches,,34,,,,,,,,,,,41,,,,Matches,,,,,,,,,,,,,,,,,,,,,Matches
560,Maxime Colin,fr FRA,DF,Metz,fr Ligue 1,33.0,1991.0,22,18,1692.0,18.8,0,0,0,0,0,0,1,0,0.0,0.0,0.0,0.0,0.0,Matches,0,7,2,28.6,0.37,0.11,0.0,0.0,0,0,Matches,,,,,,,,,,,,,,,0,,,,,,Matches,,30,,,,,,,,,,,24,,,,Matches,,,,,,,,,,,,,,,,,,,,,Matches
561,Nathan Collins,ie IRL,DF,Brentford,eng Premier League,24.0,2001.0,35,32,2975.0,33.1,1,2,3,1,0,0,7,0,0.03,0.06,0.09,0.03,0.09,Matches,1,20,6,30.0,0.61,0.18,0.05,0.17,0,0,Matches,,,,,,,,,,,,,,,2,,,,,,Matches,,13,,,,,,,,,,,36,,,,Matches,,,,,,,,,,,,,,,,,,,,,Matches
562,Nnamdi Collins,de GER,DF,Frankfurt,de Bundesliga,21.0,2004.0,23,16,1500.0,16.7,1,2,3,1,0,0,4,0,0.06,0.12,0.18,0.06,0.18,Matches,1,4,1,25.0,0.24,0.06,0.25,1.0,0,0,Matches,,,,,,,,,,,,,,,2,,,,,,Matches,,38,,,,,,,,,,,24,,,,Matches,,,,,,,,,,,,,,,,,,,,,Matches
564,Santiago Colombatto,ar ARG,MF,Oviedo,es La Liga,28.0,1997.0,32,23,2064.0,22.9,0,1,1,0,0,0,6,0,0.0,0.04,0.04,0.0,0.04,Matches,0,15,2,13.3,0.65,0.09,0.0,0.0,0,0,Matches,,,,,,,,,,,,,,,1,,,,,,Matches,,22,,,,,,,,,,,14,,,,Matches,,,,,,,,,,,,,,,,,,,,,Matches
565,Lorenzo Colombo,it ITA,FW,Genoa,it Serie A,23.0,2002.0,38,30,2326.0,25.8,7,1,8,6,1,2,2,0,0.27,0.04,0.31,0.23,0.27,Matches,7,66,27,40.9,2.55,1.04,0.11,0.26,1,2,Matches,,,,,,,,,,,,,,,1,,,,,,Matches,,12,,,,,,,,,,,1,,,,Matches,,,,,,,,,,,,,,,,,,,,,Matches
567,Eray Cömert,ch SUI,DF,Valencia,es La Liga,27.0,1998.0,17,15,1337.0,14.9,2,1,3,2,0,0,3,1,0.13,0.07,0.2,0.13,0.2,Matches,2,11,3,27.3,0.74,0.2,0.18,0.67,0,0,Matches,,,,,,,,,,,,,,,1,,,,,,Matches,,14,,,,,,,,,,,21,,,,Matches,,,,,,,,,,,,,,,,,,,,,Matches
568,Santi Comesaña,es ESP,MF,Villarreal,es La Liga,28.0,1996.0,34,28,2407.0,26.7,3,6,9,3,0,0,5,1,0.11,0.22,0.34,0.11,0.34,Matches,3,27,7,25.9,1.01,0.26,0.11,0.43,0,0,Matches,,,,,,,,,,,,,,,6,,,,,,Matches,,25,,,,,,,,,,,31,,,,Matches,,,,,,,,,,,,,,,,,,,,,Matches
569,Pietro Comuzzo,it ITA,DF,Fiorentina,it Serie A,20.0,2005.0,27,18,1696.0,18.8,1,0,1,1,0,0,2,0,0.05,0.0,0.05,0.05,0.05,Matches,1,10,2,20.0,0.53,0.11,0.1,0.5,0,0,Matches,,,,,,,,,,,,,,,0,,,,,,Matches,,16,,,,,,,,,,,24,,,,Matches,,,,,,,,,,,,,,,,,,,,,Matches
570,Francisco Conceição,pt POR,"MF,FW",Juventus,it Serie A,22.0,2002.0,31,27,2078.0,23.1,3,5,8,3,0,0,3,0,0.13,0.22,0.35,0.13,0.35,Matches,3,73,23,31.5,3.16,1.0,0.04,0.13,0,0,Matches,,,,,,,,,,,,,,,5,,,,,,Matches,,26,,,,,,,,,,,7,,,,Matches,,,,,,,,,,,,,,,,,,,,,Matches
572,Sirlord Conteh,de GER,"MF,FW",Heidenheim,de Bundesliga,29.0,1996.0,15,3,625.0,6.9,2,1,3,2,0,0,1,0,0.29,0.14,0.43,0.29,0.43,Matches,2,10,3,30.0,1.44,0.43,0.2,0.67,0,0,Matches,,,,,,,,,,,,,,,1,,,,,,Matches,,7,,,,,,,,,,,4,,,,Matches,,,,,,,,,,,,,,,,,,,,,Matches
574,Lewis Cook,eng ENG,"MF,DF",Bournemouth,eng Premier League,28.0,1997.0,18,8,874.0,9.7,0,1,1,0,0,0,1,1,0.0,0.1,0.1,0.0,0.1,Matches,0,3,0,0.0,0.31,0.0,0.0,,0,0,Matches,,,,,,,,,,,,,,,1,,,,,,Matches,,17,,,,,,,,,,,21,,,,Matches,,,,,,,,,,,,,,,,,,,,,Matches
575,Copete,es ESP,DF,Valencia,es La Liga,25.0,1999.0,21,19,1759.0,19.5,0,0,0,0,0,0,5,0,0.0,0.0,0.0,0.0,0.0,Matches,0,13,0,0.0,0.67,0.0,0.0,,0,0,Matches,,,,,,,,,,,,,,,0,,,,,,Matches,,15,,,,,,,,,,,25,,,,Matches,,,,,,,,,,,,,,,,,,,,,Matches
576,Diego Coppola,it ITA,DF,Paris FC,fr Ligue 1,21.0,2003.0,13,13,1170.0,13.0,0,2,2,0,0,0,1,0,0.0,0.15,0.15,0.0,0.15,Matches,0,5,3,60.0,0.38,0.23,0.0,0.0,0,0,Matches,,,,,,,,,,,,,,,2,,,,,,Matches,,9,,,,,,,,,,,7,,,,Matches,,,,,,,,,,,,,,,,,,,,,Matches
578,Francesco Coppola,it ITA,DF,Pisa,it Serie A,20.0,2005.0,7,5,458.0,5.1,0,0,0,0,0,0,3,0,0.0,0.0,0.0,0.0,0.0,Matches,0,2,0,0.0,0.39,0.0,0.0,,0,0,Matches,,,,,,,,,,,,,,,0,,,,,,Matches,,5,,,,,,,,,,,5,,,,Matches,,,,,,,,,,,,,,,,,,,,,Matches
579,Francis Coquelin,fr FRA,MF,Nantes,fr Ligue 1,34.0,1991.0,16,8,655.0,7.3,0,1,1,0,0,0,2,0,0.0,0.14,0.14,0.0,0.14,Matches,0,6,1,16.7,0.82,0.14,0.0,0.0,0,0,Matches,,,,,,,,,,,,,,,1,,,,,,Matches,,13,,,,,,,,,,,5,,,,Matches,,,,,,,,,,,,,,,,,,,,,Matches
583,Félix Correia,pt POR,MF,Lille,fr Ligue 1,24.0,2001.0,34,26,2053.0,22.8,4,5,9,4,0,0,2,0,0.18,0.22,0.39,0.18,0.39,Matches,4,37,8,21.6,1.62,0.35,0.11,0.5,0,0,Matches,,,,,,,,,,,,,,,5,,,,,,Matches,,13,,,,,,,,,,,21,,,,Matches,,,,,,,,,,,,,,,,,,,,,Matches
584,Thierry Correia,pt POR,"DF,MF",Valencia,es La Liga,26.0,1999.0,24,17,1392.0,15.5,0,2,2,0,0,0,5,0,0.0,0.13,0.13,0.0,0.13,Matches,0,5,1,20.0,0.32,0.06,0.0,0.0,0,0,Matches,,,,,,,,,,,,,,,2,,,,,,Matches,,22,,,,,,,,,,,18,,,,Matches,,,,,,,,,,,,,,,,,,,,,Matches
586,Paco Cortés,es ESP,"MF,FW",Levante,es La Liga,17.0,2007.0,12,4,472.0,5.2,0,0,0,0,0,0,2,0,0.0,0.0,0.0,0.0,0.0,Matches,0,12,4,33.3,2.29,0.76,0.0,0.0,0,0,Matches,,,,,,,,,,,,,,,0,,,,,,Matches,,1,,,,,,,,,,,2,,,,Matches,,,,,,,,,,,,,,,,,,,,,Matches
587,Edoardo Corvi,it ITA,GK,Parma,it Serie A,24.0,2001.0,17,17,1530.0,17.0,0,0,0,0,0,0,1,0,0.0,0.0,0.0,0.0,0.0,Matches,0,0,0,,0.0,0.0,,,0,0,Matches,,,,,,,,,,,,,,,0,,,,,,Matches,,0,,,,,,,,,,,0,,,,Matches,,,,,,,,,,,,,,,,,,,,,Matches
589,Danny da Costa,de GER,"DF,MF",Mainz 05,de Bundesliga,32.0,1993.0,34,30,2695.0,29.9,2,3,5,2,0,0,3,0,0.07,0.1,0.17,0.07,0.17,Matches,2,14,5,35.7,0.47,0.17,0.14,0.4,0,0,Matches,,,,,,,,,,,,,,,3,,,,,,Matches,,27,,,,,,,,,,,29,,,,Matches,,,,,,,,,,,,,,,,,,,,,Matches
591,Samu Costa,pt POR,MF,Mallorca,es La Liga,24.0,2000.0,34,31,2697.0,30.0,7,2,9,7,0,0,11,0,0.23,0.07,0.3,0.23,0.3,Matches,7,39,16,41.0,1.3,0.53,0.18,0.44,0,0,Matches,,,,,,,,,,,,,,,2,,,,,,Matches,,37,,,,,,,,,,,26,,,,Matches,,,,,,,,,,,,,,,,,,,,,Matches
592,David Costas,es ESP,DF,Oviedo,es La Liga,30.0,1995.0,25,22,2066.0,23.0,1,0,1,1,0,0,3,0,0.04,0.0,0.04,0.04,0.04,Matches,1,5,1,20.0,0.22,0.04,0.2,1.0,0,0,Matches,,,,,,,,,,,,,,,0,,,,,,Matches,,22,,,,,,,,,,,27,,,,Matches,,,,,,,,,,,,,,,,,,,,,Matches
593,Grégoire Coudert,fr FRA,GK,Brest,fr Ligue 1,26.0,1999.0,25,24,2192.0,24.4,0,0,0,0,0,0,2,0,0.0,0.0,0.0,0.0,0.0,Matches,0,0,0,,0.0,0.0,,,0,0,Matches,,,,,,,,,,,,,,,0,,,,,,Matches,,0,,,,,,,,,,,0,,,,Matches,,,,,,,,,,,,,,,,,,,,,Matches
594,Vladimír Coufal,cz CZE,"DF,MF",Hoffenheim,de Bundesliga,32.0,1992.0,34,34,3012.0,33.5,1,8,9,1,0,0,4,0,0.03,0.24,0.27,0.03,0.27,Matches,1,26,6,23.1,0.78,0.18,0.04,0.17,0,0,Matches,,,,,,,,,,,,,,,8,,,,,,Matches,,35,,,,,,,,,,,39,,,,Matches,,,,,,,,,,,,,,,,,,,,,Matches
595,Abdoul Coulibaly,de GER,DF,Werder Bremen,de Bundesliga,18.0,2007.0,27,24,2120.0,23.6,1,0,1,1,0,0,5,1,0.04,0.0,0.04,0.04,0.04,Matches,1,6,1,16.7,0.25,0.04,0.17,1.0,0,0,Matches,,,,,,,,,,,,,,,0,,,,,,Matches,,14,,,,,,,,,,,24,,,,Matches,,,,,,,,,,,,,,,,,,,,,Matches
597,Lassana Coulibaly,ml MLI,MF,Lecce,it Serie A,29.0,1996.0,33,31,2689.0,29.9,3,1,4,3,0,0,4,0,0.1,0.03,0.13,0.1,0.13,Matches,3,28,8,28.6,0.94,0.27,0.11,0.38,0,0,Matches,,,,,,,,,,,,,,,1,,,,,,Matches,,28,,,,,,,,,,,9,,,,Matches,,,,,,,,,,,,,,,,,,,,,Matches
599,Mamadou Coulibaly,fr FRA,MF,Monaco,fr Ligue 1,21.0,2004.0,25,15,1381.0,15.3,3,3,6,3,0,0,7,1,0.2,0.2,0.39,0.2,0.39,Matches,3,13,5,38.5,0.85,0.33,0.23,0.6,0,0,Matches,,,,,,,,,,,,,,,3,,,,,,Matches,,21,,,,,,,,,,,21,,,,Matches,,,,,,,,,,,,,,,,,,,,,Matches
600,Soumaïla Coulibaly,fr FRA,DF,Brest,fr Ligue 1,21.0,2003.0,16,15,1338.0,14.9,0,0,0,0,0,0,3,0,0.0,0.0,0.0,0.0,0.0,Matches,0,6,2,33.3,0.4,0.13,0.0,0.0,0,0,Matches,,,,,,,,,,,,,,,0,,,,,,Matches,,12,,,,,,,,,,,13,,,,Matches,,,,,,,,,,,,,,,,,,,,,Matches
601,Woyo Coulibaly,ml MLI,DF,Sassuolo,it Serie A,26.0,1999.0,20,9,1054.0,11.7,0,0,0,0,0,0,2,0,0.0,0.0,0.0,0.0,0.0,Matches,0,6,1,16.7,0.51,0.09,0.0,0.0,0,0,Matches,,,,,,,,,,,,,,,0,,,,,,Matches,,14,,,,,,,,,,,10,,,,Matches,,,,,,,,,,,,,,,,,,,,,Matches
603,Thibaut Courtois,be BEL,GK,Real Madrid,es La Liga,33.0,1992.0,32,32,2880.0,32.0,0,0,0,0,0,0,1,0,0.0,0.0,0.0,0.0,0.0,Matches,0,0,0,,0.0,0.0,,,0,0,Matches,,,,,,,,,,,,,,,0,,,,,,Matches,,1,,,,,,,,,,,0,,,,Matches,,,,,,,,,,,,,,,,,,,,,Matches
604,Yan Couto,br BRA,MF,Dortmund,de Bundesliga,23.0,2002.0,19,11,997.0,11.1,2,2,4,2,0,0,4,0,0.18,0.18,0.36,0.18,0.36,Matches,2,9,4,44.4,0.81,0.36,0.22,0.5,0,0,Matches,,,,,,,,,,,,,,,2,,,,,,Matches,,15,,,,,,,,,,,9,,,,Matches,,,,,,,,,,,,,,,,,,,,,Matches
606,Nicolas Cozza,fr FRA,DF,Nantes,fr Ligue 1,26.0,1999.0,29,25,2301.0,25.6,0,1,1,0,0,0,2,0,0.0,0.04,0.04,0.0,0.04,Matches,0,11,3,27.3,0.43,0.12,0.0,0.0,0,0,Matches,,,,,,,,,,,,,,,1,,,,,,Matches,,27,,,,,,,,,,,21,,,,Matches,,,,,,,,,,,,,,,,,,,,,Matches
608,Charlie Cresswell,eng ENG,DF,Toulouse,fr Ligue 1,22.0,2002.0,29,28,2533.0,28.1,3,2,5,3,0,0,8,0,0.11,0.07,0.18,0.11,0.18,Matches,3,38,12,31.6,1.35,0.43,0.08,0.25,0,0,Matches,,,,,,,,,,,,,,,2,,,,,,Matches,,14,,,,,,,,,,,30,,,,Matches,,,,,,,,,,,,,,,,,,,,,Matches
609,Bryan Cristante,it ITA,MF,Roma,it Serie A,30.0,1995.0,37,36,3094.0,34.4,2,1,3,2,0,0,6,0,0.06,0.03,0.09,0.06,0.09,Matches,2,44,8,18.2,1.28,0.23,0.05,0.25,0,0,Matches,,,,,,,,,,,,,,,1,,,,,,Matches,,43,,,,,,,,,,,28,,,,Matches,,,,,,,,,,,,,,,,,,,,,Matches
610,Juan Cruz Armada,es ESP,DF,Osasuna,es La Liga,33.0,1992.0,15,7,649.0,7.2,0,0,0,0,0,0,2,0,0.0,0.0,0.0,0.0,0.0,Matches,0,1,0,0.0,0.14,0.0,0.0,,0,0,Matches,,,,,,,,,,,,,,,0,,,,,,Matches,,3,,,,,,,,,,,4,,,,Matches,,,,,,,,,,,,,,,,,,,,,Matches
611,Juan Cuadrado,co COL,MF,Pisa,it Serie A,37.0,1988.0,19,2,506.0,5.6,1,0,1,0,1,1,3,0,0.18,0.0,0.18,0.0,0.0,Matches,1,10,2,20.0,1.78,0.36,0.1,0.5,1,1,Matches,,,,,,,,,,,,,,,0,,,,,,Matches,,10,,,,,,,,,,,5,,,,Matches,,,,,,,,,,,,,,,,,,,,,Matches
612,Pau Cubarsí,es ESP,DF,Barcelona,es La Liga,18.0,2007.0,31,31,2703.0,30.0,1,0,1,1,0,0,3,0,0.03,0.0,0.03,0.03,0.03,Matches,1,10,2,20.0,0.33,0.07,0.1,0.5,0,0,Matches,,,,,,,,,,,,,,,0,,,,,,Matches,,28,,,,,,,,,,,30,,,,Matches,,,,,,,,,,,,,,,,,,,,,Matches
614,Cucho,co COL,FW,Real Betis,es La Liga,26.0,1999.0,32,30,2580.0,28.7,11,3,14,10,1,1,5,0,0.38,0.1,0.49,0.35,0.45,Matches,11,89,27,30.3,3.1,0.94,0.12,0.41,1,1,Matches,,,,,,,,,,,,,,,3,,,,,,Matches,,16,,,,,,,,,,,11,,,,Matches,,,,,,,,,,,,,,,,,,,,,Matches
615,Marc Cucurella,es ESP,DF,Chelsea,eng Premier League,27.0,1998.0,34,31,2707.0,30.1,1,4,5,1,0,0,8,1,0.03,0.13,0.17,0.03,0.17,Matches,1,20,6,30.0,0.66,0.2,0.05,0.17,0,0,Matches,,,,,,,,,,,,,,,4,,,,,,Matches,,40,,,,,,,,,,,28,,,,Matches,,,,,,,,,,,,,,,,,,,,,Matches
616,Jorge Cuenca,es ESP,DF,Fulham,eng Premier League,25.0,1999.0,15,11,938.0,10.4,0,0,0,0,0,0,6,0,0.0,0.0,0.0,0.0,0.0,Matches,0,1,0,0.0,0.1,0.0,0.0,,0,0,Matches,,,,,,,,,,,,,,,0,,,,,,Matches,,10,,,,,,,,,,,15,,,,Matches,,,,,,,,,,,,,,,,,,,,,Matches
617,Montrell Culbreath,de GER,"MF,DF",Leverkusen,de Bundesliga,17.0,2007.0,12,9,736.0,8.2,1,0,1,1,0,0,0,0,0.12,0.0,0.12,0.12,0.12,Matches,1,8,2,25.0,0.98,0.24,0.13,0.5,0,0,Matches,,,,,,,,,,,,,,,0,,,,,,Matches,,16,,,,,,,,,,,8,,,,Matches,,,,,,,,,,,,,,,,,,,,,Matches
618,Josh Cullen,ie IRL,MF,Burnley,eng Premier League,29.0,1996.0,18,18,1514.0,16.8,2,2,4,2,0,0,2,0,0.12,0.12,0.24,0.12,0.24,Matches,2,11,6,54.5,0.65,0.36,0.18,0.33,0,0,Matches,,,,,,,,,,,,,,,2,,,,,,Matches,,19,,,,,,,,,,,24,,,,Matches,,,,,,,,,,,,,,,,,,,,,Matches
620,Jair Cunha,br BRA,DF,Nottingham,eng Premier League,20.0,2005.0,9,6,517.0,5.7,0,0,0,0,0,0,0,0,0.0,0.0,0.0,0.0,0.0,Matches,0,3,1,33.3,0.52,0.17,0.0,0.0,0,0,Matches,,,,,,,,,,,,,,,0,,,,,,Matches,,5,,,,,,,,,,,5,,,,Matches,,,,,,,,,,,,,,,,,,,,,Matches
621,Matheus Cunha,br BRA,"MF,FW",Manchester Utd,eng Premier League,26.0,1999.0,33,29,2494.0,27.7,10,2,12,10,0,0,4,0,0.36,0.07,0.43,0.36,0.43,Matches,10,90,35,38.9,3.25,1.26,0.11,0.29,0,0,Matches,,,,,,,,,,,,,,,2,,,,,,Matches,,23,,,,,,,,,,,21,,,,Matches,,,,,,,,,,,,,,,,,,,,,Matches
622,Patrick Cutrone,it ITA,FW,Parma,it Serie A,27.0,1998.0,15,11,888.0,9.9,1,0,1,1,0,0,0,0,0.1,0.0,0.1,0.1,0.1,Matches,1,25,7,28.0,2.53,0.71,0.04,0.14,0,0,Matches,,,,,,,,,,,,,,,0,,,,,,Matches,,1,,,,,,,,,,,3,,,,Matches,,,,,,,,,,,,,,,,,,,,,Matches
623,Lucas Da Cunha,fr FRA,MF,Como,it Serie A,24.0,2001.0,36,31,2739.0,30.4,6,4,10,2,4,4,4,0,0.2,0.13,0.33,0.07,0.2,Matches,6,42,16,38.1,1.38,0.53,0.14,0.38,4,4,Matches,,,,,,,,,,,,,,,4,,,,,,Matches,,33,,,,,,,,,,,18,,,,Matches,,,,,,,,,,,,,,,,,,,,,Matches
624,Adam Daghim,dk DEN,"MF,FW",Wolfsburg,de Bundesliga,19.0,2005.0,27,12,1364.0,15.2,2,3,5,2,0,0,3,0,0.13,0.2,0.33,0.13,0.33,Matches,2,27,9,33.3,1.78,0.59,0.07,0.22,0,0,Matches,,,,,,,,,,,,,,,3,,,,,,Matches,,20,,,,,,,,,,,11,,,,Matches,,,,,,,,,,,,,,,,,,,,,Matches
625,Finn Dahmen,de GER,GK,Augsburg,de Bundesliga,27.0,1998.0,34,34,3060.0,34.0,0,0,0,0,0,0,1,0,0.0,0.0,0.0,0.0,0.0,Matches,0,1,0,0.0,0.03,0.0,0.0,,0,0,Matches,,,,,,,,,,,,,,,0,,,,,,Matches,,0,,,,,,,,,,,0,,,,Matches,,,,,,,,,,,,,,,,,,,,,Matches
626,Mahmoud Dahoud,de GER,"MF,FW",Frankfurt,de Bundesliga,29.0,1996.0,15,8,716.0,8.0,2,3,5,2,0,0,0,0,0.25,0.38,0.63,0.25,0.63,Matches,2,17,2,11.8,2.14,0.25,0.12,1.0,0,0,Matches,,,,,,,,,,,,,,,3,,,,,,Matches,,8,,,,,,,,,,,10,,,,Matches,,,,,,,,,,,,,,,,,,,,,Matches
629,Thijs Dallinga,nl NED,FW,Bologna,it Serie A,24.0,2000.0,23,9,811.0,9.0,2,2,4,2,0,0,2,0,0.22,0.22,0.44,0.22,0.44,Matches,2,24,5,20.8,2.66,0.55,0.08,0.4,0,0,Matches,,,,,,,,,,,,,,,2,,,,,,Matches,,4,,,,,,,,,,,1,,,,Matches,,,,,,,,,,,,,,,,,,,,,Matches
630,Diogo Dalot,pt POR,"DF,MF",Manchester Utd,eng Premier League,26.0,1999.0,34,29,2614.0,29.0,1,3,4,1,0,0,5,0,0.03,0.1,0.14,0.03,0.14,Matches,1,24,6,25.0,0.83,0.21,0.04,0.17,0,0,Matches,,,,,,,,,,,,,,,3,,,,,,Matches,,30,,,,,,,,,,,26,,,,Matches,,,,,,,,,,,,,,,,,,,,,Matches
633,Mikkel Damsgaard,dk DEN,MF,Brentford,eng Premier League,25.0,2000.0,33,24,2054.0,22.8,4,4,8,4,0,0,0,0,0.18,0.18,0.35,0.18,0.35,Matches,4,29,11,37.9,1.27,0.48,0.14,0.36,0,0,Matches,,,,,,,,,,,,,,,4,,,,,,Matches,,34,,,,,,,,,,,24,,,,Matches,,,,,,,,,,,,,,,,,,,,,Matches
634,Arnaut Danjuma,nl NED,"MF,FW",Valencia,es La Liga,28.0,1997.0,30,18,1628.0,18.1,3,2,5,3,0,1,0,0,0.17,0.11,0.28,0.17,0.28,Matches,3,36,14,38.9,1.99,0.77,0.08,0.21,0,1,Matches,,,,,,,,,,,,,,,2,,,,,,Matches,,10,,,,,,,,,,,2,,,,Matches,,,,,,,,,,,,,,,,,,,,,Matches
635,Kévin Danois,fr FRA,MF,Auxerre,fr Ligue 1,21.0,2004.0,33,32,2830.0,31.4,3,1,4,3,0,0,3,0,0.1,0.03,0.13,0.1,0.13,Matches,3,25,8,32.0,0.8,0.25,0.12,0.38,0,0,Matches,,,,,,,,,,,,,,,1,,,,,,Matches,,48,,,,,,,,,,,38,,,,Matches,,,,,,,,,,,,,,,,,,,,,Matches
636,Kevin Danso,at AUT,DF,Tottenham,eng Premier League,26.0,1998.0,24,17,1494.0,16.6,0,0,0,0,0,0,8,0,0.0,0.0,0.0,0.0,0.0,Matches,0,11,2,18.2,0.66,0.12,0.0,0.0,0,0,Matches,,,,,,,,,,,,,,,0,,,,,,Matches,,13,,,,,,,,,,,25,,,,Matches,,,,,,,,,,,,,,,,,,,,,Matches
637,Dante,br BRA,DF,Nice,fr Ligue 1,41.0,1983.0,12,9,849.0,9.4,0,1,1,0,0,0,1,0,0.0,0.11,0.11,0.0,0.11,Matches,0,7,1,14.3,0.74,0.11,0.0,0.0,0,0,Matches,,,,,,,,,,,,,,,1,,,,,,Matches,,5,,,,,,,,,,,11,,,,Matches,,,,,,,,,,,,,,,,,,,,,Matches
640,Sergi Darder,es ESP,MF,Mallorca,es La Liga,31.0,1993.0,38,30,2680.0,29.8,1,5,6,1,0,0,3,0,0.03,0.17,0.2,0.03,0.2,Matches,1,36,13,36.1,1.21,0.44,0.03,0.08,0,0,Matches,,,,,,,,,,,,,,,5,,,,,,Matches,,13,,,,,,,,,,,23,,,,Matches,,,,,,,,,,,,,,,,,,,,,Matches
641,Karl Darlow,wls WAL,GK,Leeds United,eng Premier League,34.0,1990.0,22,22,1980.0,22.0,0,0,0,0,0,0,1,0,0.0,0.0,0.0,0.0,0.0,Matches,0,0,0,,0.0,0.0,,,0,0,Matches,,,,,,,,,,,,,,,0,,,,,,Matches,,0,,,,,,,,,,,0,,,,Matches,,,,,,,,,,,,,,,,,,,,,Matches
646,Jonathan David,ca CAN,FW,Juventus,it Serie A,25.0,2000.0,35,20,1781.0,19.8,6,4,10,6,0,1,0,0,0.3,0.2,0.51,0.3,0.51,Matches,6,41,16,39.0,2.07,0.81,0.15,0.38,0,1,Matches,,,,,,,,,,,,,,,4,,,,,,Matches,,10,,,,,,,,,,,6,,,,Matches,,,,,,,,,,,,,,,,,,,,,Matches
647,Alphonso Davies,ca CAN,DF,Bayern Munich,de Bundesliga,24.0,2000.0,13,6,525.0,5.8,1,3,4,1,0,0,1,0,0.17,0.51,0.69,0.17,0.69,Matches,1,4,1,25.0,0.69,0.17,0.25,1.0,0,0,Matches,,,,,,,,,,,,,,,3,,,,,,Matches,,6,,,,,,,,,,,3,,,,Matches,,,,,,,,,,,,,,,,,,,,,Matches
649,Davinchi,es ESP,DF,Getafe,es La Liga,17.0,2007.0,14,7,700.0,7.8,0,0,0,0,0,0,2,0,0.0,0.0,0.0,0.0,0.0,Matches,0,4,2,50.0,0.51,0.26,0.0,0.0,0,0,Matches,,,,,,,,,,,,,,,0,,,,,,Matches,,17,,,,,,,,,,,7,,,,Matches,,,,,,,,,,,,,,,,,,,,,Matches
650,Keinan Davis,eng ENG,FW,Udinese,it Serie A,27.0,1998.0,30,27,2065.0,22.9,10,4,14,6,4,4,5,0,0.44,0.17,0.61,0.26,0.44,Matches,10,50,25,50.0,2.18,1.09,0.2,0.4,4,4,Matches,,,,,,,,,,,,,,,4,,,,,,Matches,,5,,,,,,,,,,,1,,,,Matches,,,,,,,,,,,,,,,,,,,,,Matches
651,Kevin De Bruyne,be BEL,MF,Napoli,it Serie A,34.0,1991.0,18,13,1165.0,12.9,5,2,7,2,3,3,1,0,0.39,0.15,0.54,0.15,0.31,Matches,5,27,11,40.7,2.09,0.85,0.19,0.45,3,3,Matches,,,,,,,,,,,,,,,2,,,,,,Matches,,8,,,,,,,,,,,5,,,,Matches,,,,,,,,,,,,,,,,,,,,,Matches
653,Maxim De Cuyper,be BEL,"DF,MF",Brighton,eng Premier League,24.0,2000.0,30,17,1414.0,15.7,2,3,5,2,0,0,2,0,0.13,0.19,0.32,0.13,0.32,Matches,2,13,6,46.2,0.83,0.38,0.15,0.33,0,0,Matches,,,,,,,,,,,,,,,3,,,,,,Matches,,10,,,,,,,,,,,11,,,,Matches,,,,,,,,,,,,,,,,,,,,,Matches
654,Charles De Ketelaere,be BEL,"MF,FW",Atalanta,it Serie A,24.0,2001.0,31,26,2177.0,24.2,3,5,8,3,0,0,4,0,0.12,0.21,0.33,0.12,0.33,Matches,3,46,16,34.8,1.9,0.66,0.07,0.19,0,0,Matches,,,,,,,,,,,,,,,5,,,,,,Matches,,15,,,,,,,,,,,5,,,,Matches,,,,,,,,,,,,,,,,,,,,,Matches
655,Jeffrey De Lange,nl NED,GK,Marseille,fr Ligue 1,27.0,1998.0,5,5,450.0,5.0,0,0,0,0,0,0,0,0,0.0,0.0,0.0,0.0,0.0,Matches,0,0,0,,0.0,0.0,,,0,0,Matches,,,,,,,,,,,,,,,0,,,,,,Matches,,0,,,,,,,,,,,0,,,,Matches,,,,,,,,,,,,,,,,,,,,,Matches
657,Théo De Percin,mq MTQ,GK,Auxerre,fr Ligue 1,24.0,2001.0,8,5,598.0,6.6,0,0,0,0,0,0,0,0,0.0,0.0,0.0,0.0,0.0,Matches,0,0,0,,0.0,0.0,,,0,0,Matches,,,,,,,,,,,,,,,0,,,,,,Matches,,0,,,,,,,,,,,0,,,,Matches,,,,,,,,,,,,,,,,,,,,,Matches
658,Lorenzo De Silvestri,it ITA,DF,Bologna,it Serie A,37.0,1988.0,12,6,491.0,5.5,0,0,0,0,0,0,2,0,0.0,0.0,0.0,0.0,0.0,Matches,0,0,0,,0.0,0.0,,,0,0,Matches,,,,,,,,,,,,,,,0,,,,,,Matches,,1,,,,,,,,,,,7,,,,Matches,,,,,,,,,,,,,,,,,,,,,Matches
659,Thibault De Smet,be BEL,DF,Paris FC,fr Ligue 1,27.0,1998.0,17,13,1144.0,12.7,0,1,1,0,0,0,6,2,0.0,0.08,0.08,0.0,0.08,Matches,0,4,0,0.0,0.31,0.0,0.0,,0,0,Matches,,,,,,,,,,,,,,,1,,,,,,Matches,,11,,,,,,,,,,,10,,,,Matches,,,,,,,,,,,,,,,,,,,,,Matches
660,Koni De Winter,be BEL,DF,Milan,it Serie A,23.0,2002.0,26,19,1800.0,20.0,1,1,2,1,0,0,1,0,0.05,0.05,0.1,0.05,0.1,Matches,1,7,1,14.3,0.35,0.05,0.14,1.0,0,0,Matches,,,,,,,,,,,,,,,1,,,,,,Matches,,19,,,,,,,,,,,13,,,,Matches,,,,,,,,,,,,,,,,,,,,,Matches
661,Alessandro Deiola,it ITA,"MF,DF",Cagliari,it Serie A,29.0,1995.0,20,17,1430.0,15.9,0,2,2,0,0,0,3,0,0.0,0.13,0.13,0.0,0.13,Matches,0,22,7,31.8,1.38,0.44,0.0,0.0,0,0,Matches,,,,,,,,,,,,,,,2,,,,,,Matches,,20,,,,,,,,,,,13,,,,Matches,,,,,,,,,,,,,,,,,,,,,Matches
662,Romain Del Castillo,fr FRA,"MF,FW",Brest,fr Ligue 1,29.0,1996.0,32,32,2625.0,29.2,9,3,12,3,6,8,2,1,0.31,0.1,0.41,0.1,0.21,Matches,9,33,13,39.4,1.13,0.45,0.27,0.69,6,8,Matches,,,,,,,,,,,,,,,3,,,,,,Matches,,36,,,,,,,,,,,28,,,,Matches,,,,,,,,,,,,,,,,,,,,,Matches
664,Liam Delap,eng ENG,FW,Chelsea,eng Premier League,22.0,2003.0,28,12,1107.0,12.3,1,0,1,1,0,0,4,0,0.08,0.0,0.08,0.08,0.08,Matches,1,36,11,30.6,2.93,0.89,0.03,0.09,0,0,Matches,,,,,,,,,,,,,,,0,,,,,,Matches,,3,,,,,,,,,,,1,,,,Matches,,,,,,,,,,,,,,,,,,,,,Matches
665,Fisayo Dele-Bashiru,ng NGA,MF,Lazio,it Serie A,24.0,2001.0,24,11,1187.0,13.2,1,0,1,1,0,0,0,0,0.08,0.0,0.08,0.08,0.08,Matches,1,9,2,22.2,0.68,0.15,0.11,0.5,0,0,Matches,,,,,,,,,,,,,,,0,,,,,,Matches,,15,,,,,,,,,,,4,,,,Matches,,,,,,,,,,,,,,,,,,,,,Matches
666,Enrico Delprato,it ITA,"DF,MF",Parma,it Serie A,25.0,1999.0,35,34,2951.0,32.8,2,0,2,2,0,0,5,0,0.06,0.0,0.06,0.06,0.06,Matches,2,18,9,50.0,0.55,0.27,0.11,0.22,0,0,Matches,,,,,,,,,,,,,,,0,,,,,,Matches,,21,,,,,,,,,,,24,,,,Matches,,,,,,,,,,,,,,,,,,,,,Matches
667,Olivier Deman,be BEL,"DF,MF",Werder Bremen,de Bundesliga,25.0,2000.0,16,14,1254.0,13.9,1,2,3,1,0,0,3,0,0.07,0.14,0.22,0.07,0.22,Matches,1,10,3,30.0,0.72,0.22,0.1,0.33,0,0,Matches,,,,,,,,,,,,,,,2,,,,,,Matches,,26,,,,,,,,,,,10,,,,Matches,,,,,,,,,,,,,,,,,,,,,Matches
668,Pape Demba Diop,sn SEN,MF,Toulouse,fr Ligue 1,21.0,2003.0,15,13,1181.0,13.1,1,2,3,1,0,0,2,0,0.08,0.15,0.23,0.08,0.23,Matches,1,29,11,37.9,2.21,0.84,0.03,0.09,0,0,Matches,,,,,,,,,,,,,,,2,,,,,,Matches,,20,,,,,,,,,,,29,,,,Matches,,,,,,,,,,,,,,,,,,,,,Matches
670,Ousmane Dembélé,fr FRA,FW,PSG,fr Ligue 1,28.0,1997.0,22,11,1063.0,11.8,10,7,17,8,2,3,0,0,0.85,0.59,1.44,0.68,1.27,Matches,10,45,18,40.0,3.81,1.52,0.22,0.56,2,3,Matches,,,,,,,,,,,,,,,7,,,,,,Matches,,3,,,,,,,,,,,0,,,,Matches,,,,,,,,,,,,,,,,,,,,,Matches
671,Jessy Deminguet,fr FRA,MF,Metz,fr Ligue 1,27.0,1998.0,31,25,1995.0,22.2,2,0,2,2,0,0,4,0,0.09,0.0,0.09,0.09,0.09,Matches,2,17,7,41.2,0.77,0.32,0.12,0.29,0,0,Matches,,,,,,,,,,,,,,,0,,,,,,Matches,,21,,,,,,,,,,,22,,,,Matches,,,,,,,,,,,,,,,,,,,,,Matches
672,Ermedin Demirović,ba BIH,FW,Stuttgart,de Bundesliga,27.0,1998.0,25,17,1497.0,16.6,12,3,15,11,1,1,5,0,0.72,0.18,0.9,0.66,0.84,Matches,12,41,22,53.7,2.46,1.32,0.29,0.55,1,1,Matches,,,,,,,,,,,,,,,3,,,,,,Matches,,10,,,,,,,,,,,2,,,,Matches,,,,,,,,,,,,,,,,,,,,,Matches
673,Rav van den Berg,nl NED,DF,Köln,de Bundesliga,21.0,2004.0,14,12,1131.0,12.6,0,1,1,0,0,0,0,1,0.0,0.08,0.08,0.0,0.08,Matches,0,1,0,0.0,0.08,0.0,0.0,,0,0,Matches,,,,,,,,,,,,,,,1,,,,,,Matches,,8,,,,,,,,,,,14,,,,Matches,,,,,,,,,,,,,,,,,,,,,Matches
674,Sepp van den Berg,nl NED,DF,Brentford,eng Premier League,23.0,2001.0,32,30,2763.0,30.7,0,2,2,0,0,0,2,0,0.0,0.07,0.07,0.0,0.07,Matches,0,23,7,30.4,0.75,0.23,0.0,0.0,0,0,Matches,,,,,,,,,,,,,,,2,,,,,,Matches,,9,,,,,,,,,,,26,,,,Matches,,,,,,,,,,,,,,,,,,,,,Matches
675,Branco van den Boomen,nl NED,MF,Angers,fr Ligue 1,30.0,1995.0,15,14,1238.0,13.8,0,1,1,0,0,1,3,0,0.0,0.07,0.07,0.0,0.07,Matches,0,13,5,38.5,0.95,0.36,0.0,0.0,0,1,Matches,,,,,,,,,,,,,,,1,,,,,,Matches,,15,,,,,,,,,,,7,,,,Matches,,,,,,,,,,,,,,,,,,,,,Matches
676,Leander Dendoncker,be BEL,MF,Oviedo,es La Liga,30.0,1995.0,19,15,1330.0,14.8,1,0,1,1,0,0,2,0,0.07,0.0,0.07,0.07,0.07,Matches,1,9,4,44.4,0.61,0.27,0.11,0.25,0,0,Matches,,,,,,,,,,,,,,,0,,,,,,Matches,,25,,,,,,,,,,,11,,,,Matches,,,,,,,,,,,,,,,,,,,,,Matches
678,Nelson Deossa,co COL,MF,Real Betis,es La Liga,25.0,2000.0,20,8,743.0,8.3,0,0,0,0,0,0,3,0,0.0,0.0,0.0,0.0,0.0,Matches,0,18,0,0.0,2.18,0.0,0.0,,0,0,Matches,,,,,,,,,,,,,,,0,,,,,,Matches,,8,,,,,,,,,,,6,,,,Matches,,,,,,,,,,,,,,,,,,,,,Matches
680,Rémy Descamps,fr FRA,GK,Lyon,fr Ligue 1,29.0,1996.0,5,5,450.0,5.0,0,0,0,0,0,0,0,0,0.0,0.0,0.0,0.0,0.0,Matches,0,0,0,,0.0,0.0,,,0,0,Matches,,,,,,,,,,,,,,,0,,,,,,Matches,,0,,,,,,,,,,,0,,,,Matches,,,,,,,,,,,,,,,,,,,,,Matches
682,Justin Devenny,nir NIR,"MF,FW",Crystal Palace,eng Premier League,21.0,2003.0,21,7,796.0,8.8,1,0,1,0,1,1,0,0,0.11,0.0,0.11,0.0,0.0,Matches,1,13,4,30.8,1.47,0.45,0.08,0.25,1,1,Matches,,,,,,,,,,,,,,,0,,,,,,Matches,,11,,,,,,,,,,,1,,,,Matches,,,,,,,,,,,,,,,,,,,,,Matches
684,Kiernan Dewsbury-Hall,eng ENG,MF,Everton,eng Premier League,26.0,1998.0,31,30,2626.0,29.2,8,4,12,8,0,0,6,0,0.27,0.14,0.41,0.27,0.41,Matches,8,39,15,38.5,1.34,0.51,0.21,0.53,0,0,Matches,,,,,,,,,,,,,,,4,,,,,,Matches,,26,,,,,,,,,,,14,,,,Matches,,,,,,,,,,,,,,,,,,,,,Matches
686,Michele Di Gregorio,it ITA,GK,Juventus,it Serie A,28.0,1997.0,30,29,2655.0,29.5,0,0,0,0,0,0,1,0,0.0,0.0,0.0,0.0,0.0,Matches,0,0,0,,0.0,0.0,,,0,0,Matches,,,,,,,,,,,,,,,0,,,,,,Matches,,0,,,,,,,,,,,0,,,,Matches,,,,,,,,,,,,,,,,,,,,,Matches
687,Giovanni Di Lorenzo,it ITA,"DF,MF",Napoli,it Serie A,31.0,1993.0,26,26,2276.0,25.3,2,1,3,2,0,0,1,0,0.08,0.04,0.12,0.08,0.12,Matches,2,25,9,36.0,0.99,0.36,0.08,0.22,0,0,Matches,,,,,,,,,,,,,,,1,,,,,,Matches,,26,,,,,,,,,,,9,,,,Matches,,,,,,,,,,,,,,,,,,,,,Matches
689,Boulaye Dia,sn SEN,"FW,MF",Lazio,it Serie A,28.0,1996.0,27,14,1253.0,13.9,1,2,3,1,0,0,1,0,0.07,0.14,0.22,0.07,0.22,Matches,1,12,7,58.3,0.86,0.5,0.08,0.14,0,0,Matches,,,,,,,,,,,,,,,2,,,,,,Matches,,7,,,,,,,,,,,3,,,,Matches,,,,,,,,,,,,,,,,,,,,,Matches
690,Ibrahim Diabaté,ci CIV,FW,Alavés,es La Liga,25.0,1999.0,10,6,578.0,6.4,2,0,2,2,0,0,1,0,0.31,0.0,0.31,0.31,0.31,Matches,2,15,5,33.3,2.34,0.78,0.13,0.4,0,0,Matches,,,,,,,,,,,,,,,0,,,,,,Matches,,1,,,,,,,,,,,2,,,,Matches,,,,,,,,,,,,,,,,,,,,,Matches
692,Mouctar Diakhaby,gn GUI,DF,Valencia,es La Liga,28.0,1996.0,8,7,543.0,6.0,1,0,1,1,0,0,3,0,0.17,0.0,0.17,0.17,0.17,Matches,1,4,3,75.0,0.66,0.5,0.25,0.33,0,0,Matches,,,,,,,,,,,,,,,0,,,,,,Matches,,6,,,,,,,,,,,9,,,,Matches,,,,,,,,,,,,,,,,,,,,,Matches
693,Bafodé Diakité,fr FRA,DF,Bournemouth,eng Premier League,24.0,2001.0,18,15,1277.0,14.2,0,0,0,0,0,0,1,0,0.0,0.0,0.0,0.0,0.0,Matches,0,1,0,0.0,0.07,0.0,0.0,,0,0,Matches,,,,,,,,,,,,,,,0,,,,,,Matches,,15,,,,,,,,,,,10,,,,Matches,,,,,,,,,,,,,,,,,,,,,Matches
694,Amad Diallo,ci CIV,MF,Manchester Utd,eng Premier League,23.0,2002.0,32,27,2341.0,26.0,2,3,5,2,0,0,2,0,0.08,0.12,0.19,0.08,0.19,Matches,2,53,23,43.4,2.04,0.88,0.04,0.09,0,0,Matches,,,,,,,,,,,,,,,3,,,,,,Matches,,23,,,,,,,,,,,15,,,,Matches,,,,,,,,,,,,,,,,,,,,,Matches
695,Habib Diallo,sn SEN,FW,Metz,fr Ligue 1,30.0,1995.0,25,21,1909.0,21.2,4,1,5,4,0,1,0,0,0.19,0.05,0.24,0.19,0.24,Matches,4,38,12,31.6,1.79,0.57,0.11,0.33,0,1,Matches,,,,,,,,,,,,,,,1,,,,,,Matches,,5,,,,,,,,,,,2,,,,Matches,,,,,,,,,,,,,,,,,,,,,Matches
697,Grady Diangana,cd COD,"MF,FW",Elche,es La Liga,27.0,1998.0,20,13,926.0,10.3,1,0,1,1,0,0,3,0,0.1,0.0,0.1,0.1,0.1,Matches,1,16,2,12.5,1.56,0.19,0.06,0.5,0,0,Matches,,,,,,,,,,,,,,,0,,,,,,Matches,,6,,,,,,,,,,,4,,,,Matches,,,,,,,,,,,,,,,,,,,,,Matches
698,Assane Diao,sn SEN,MF,Como,it Serie A,19.0,2005.0,17,13,1075.0,11.9,2,1,3,2,0,0,2,0,0.17,0.08,0.25,0.17,0.25,Matches,2,31,10,32.3,2.6,0.84,0.06,0.2,0,0,Matches,,,,,,,,,,,,,,,1,,,,,,Matches,,5,,,,,,,,,,,4,,,,Matches,,,,,,,,,,,,,,,,,,,,,Matches
700,Habib Diarra,sn SEN,MF,Sunderland,eng Premier League,21.0,2004.0,20,15,1405.0,15.6,2,2,4,1,1,1,6,0,0.13,0.13,0.26,0.06,0.19,Matches,2,26,8,30.8,1.67,0.51,0.08,0.25,1,1,Matches,,,,,,,,,,,,,,,2,,,,,,Matches,,7,,,,,,,,,,,4,,,,Matches,,,,,,,,,,,,,,,,,,,,,Matches
702,Rúben Dias,pt POR,DF,Manchester City,eng Premier League,28.0,1997.0,26,24,2141.0,23.8,2,0,2,2,0,0,3,0,0.08,0.0,0.08,0.08,0.08,Matches,2,10,4,40.0,0.42,0.17,0.2,0.5,0,0,Matches,,,,,,,,,,,,,,,0,,,,,,Matches,,6,,,,,,,,,,,23,,,,Matches,,,,,,,,,,,,,,,,,,,,,Matches
705,Krépin Diatta,sn SEN,"MF,DF",Monaco,fr Ligue 1,26.0,1999.0,18,10,1013.0,11.3,0,1,1,0,0,0,2,0,0.0,0.09,0.09,0.0,0.09,Matches,0,7,1,14.3,0.62,0.09,0.0,0.0,0,0,Matches,,,,,,,,,,,,,,,1,,,,,,Matches,,16,,,,,,,,,,,15,,,,Matches,,,,,,,,,,,,,,,,,,,,,Matches
706,Mory Diaw,sn SEN,GK,Le Havre,fr Ligue 1,32.0,1993.0,30,30,2655.0,29.5,0,1,1,0,0,0,1,0,0.0,0.03,0.03,0.0,0.03,Matches,0,0,0,,0.0,0.0,,,0,0,Matches,,,,,,,,,,,,,,,1,,,,,,Matches,,0,,,,,,,,,,,2,,,,Matches,,,,,,,,,,,,,,,,,,,,,Matches
707,Brahim Díaz,ma MAR,"FW,MF",Real Madrid,es La Liga,25.0,1999.0,30,13,1257.0,14.0,1,6,7,1,0,0,2,0,0.07,0.43,0.5,0.07,0.5,Matches,1,15,7,46.7,1.07,0.5,0.07,0.14,0,0,Matches,,,,,,,,,,,,,,,6,,,,,,Matches,,10,,,,,,,,,,,2,,,,Matches,,,,,,,,,,,,,,,,,,,,,Matches
710,Junior Diaz,ci CIV,DF,Brest,fr Ligue 1,22.0,2003.0,20,17,1562.0,17.4,0,0,0,0,0,0,4,0,0.0,0.0,0.0,0.0,0.0,Matches,0,7,1,14.3,0.4,0.06,0.0,0.0,0,0,Matches,,,,,,,,,,,,,,,0,,,,,,Matches,,18,,,,,,,,,,,25,,,,Matches,,,,,,,,,,,,,,,,,,,,,Matches
711,Luis Díaz,co COL,MF,Bayern Munich,de Bundesliga,28.0,1997.0,32,27,2447.0,27.2,15,14,29,15,0,0,7,1,0.55,0.51,1.07,0.55,1.07,Matches,15,88,37,42.0,3.24,1.36,0.17,0.41,0,0,Matches,,,,,,,,,,,,,,,14,,,,,,Matches,,13,,,,,,,,,,,17,,,,Matches,,,,,,,,,,,,,,,,,,,,,Matches
712,Pedro Díaz,es ESP,MF,Rayo Vallecano,es La Liga,27.0,1998.0,34,21,1870.0,20.8,0,1,1,0,0,0,2,0,0.0,0.05,0.05,0.0,0.05,Matches,0,44,6,13.6,2.12,0.29,0.0,0.0,0,0,Matches,,,,,,,,,,,,,,,1,,,,,,Matches,,25,,,,,,,,,,,9,,,,Matches,,,,,,,,,,,,,,,,,,,,,Matches
716,Bamba Dieng,sn SEN,FW,Lorient,fr Ligue 1,25.0,2000.0,22,15,1212.0,13.5,10,1,11,9,1,2,2,0,0.74,0.07,0.82,0.67,0.74,Matches,10,45,24,53.3,3.34,1.78,0.22,0.42,1,2,Matches,,,,,,,,,,,,,,,1,,,,,,Matches,,2,,,,,,,,,,,2,,,,Matches,,,,,,,,,,,,,,,,,,,,,Matches
717,Eric Dier,eng ENG,DF,Monaco,fr Ligue 1,31.0,1994.0,9,7,688.0,7.6,1,0,1,1,0,0,0,0,0.13,0.0,0.13,0.13,0.13,Matches,1,3,2,66.7,0.39,0.26,0.33,0.5,0,0,Matches,,,,,,,,,,,,,,,0,,,,,,Matches,,2,,,,,,,,,,,10,,,,Matches,,,,,,,,,,,,,,,,,,,,,Matches
718,Lucas Digne,fr FRA,DF,Aston Villa,eng Premier League,32.0,1993.0,31,21,1852.0,20.6,0,6,6,0,0,0,3,0,0.0,0.29,0.29,0.0,0.29,Matches,0,14,5,35.7,0.68,0.24,0.0,0.0,0,0,Matches,,,,,,,,,,,,,,,6,,,,,,Matches,,26,,,,,,,,,,,13,,,,Matches,,,,,,,,,,,,,,,,,,,,,Matches
719,Kevin Diks,id IDN,DF,Gladbach,de Bundesliga,28.0,1996.0,30,28,2464.0,27.4,5,0,5,1,4,4,6,0,0.18,0.0,0.18,0.04,0.04,Matches,5,23,13,56.5,0.84,0.47,0.22,0.38,4,4,Matches,,,,,,,,,,,,,,,0,,,,,,Matches,,30,,,,,,,,,,,24,,,,Matches,,,,,,,,,,,,,,,,,,,,,Matches
720,Federico Dimarco,it ITA,MF,Inter,it Serie A,27.0,1997.0,35,30,2698.0,30.0,7,16,23,7,0,0,3,0,0.23,0.53,0.77,0.23,0.77,Matches,7,65,22,33.8,2.17,0.73,0.11,0.32,0,0,Matches,,,,,,,,,,,,,,,16,,,,,,Matches,,31,,,,,,,,,,,30,,,,Matches,,,,,,,,,,,,,,,,,,,,,Matches
721,Stole Dimitrievski,mk MKD,GK,Valencia,es La Liga,31.0,1993.0,20,20,1800.0,20.0,0,0,0,0,0,0,1,0,0.0,0.0,0.0,0.0,0.0,Matches,0,0,0,,0.0,0.0,,,0,0,Matches,,,,,,,,,,,,,,,0,,,,,,Matches,,0,,,,,,,,,,,1,,,,Matches,,,,,,,,,,,,,,,,,,,,,Matches
722,Junior Dina Ebimbe,cm CMR,MF,Brest,fr Ligue 1,24.0,2000.0,27,15,1165.0,12.9,5,0,5,5,0,0,3,0,0.39,0.0,0.39,0.39,0.39,Matches,5,27,9,33.3,2.09,0.7,0.19,0.56,0,0,Matches,,,,,,,,,,,,,,,0,,,,,,Matches,,16,,,,,,,,,,,6,,,,Matches,,,,,,,,,,,,,,,,,,,,,Matches
723,Eren Dinkçi,de GER,"MF,FW",Heidenheim,de Bundesliga,23.0,2001.0,14,13,1131.0,12.6,3,1,4,3,0,0,3,0,0.24,0.08,0.32,0.24,0.32,Matches,3,25,9,36.0,1.99,0.72,0.12,0.33,0,0,Matches,,,,,,,,,,,,,,,1,,,,,,Matches,,13,,,,,,,,,,,5,,,,Matches,,,,,,,,,,,,,,,,,,,,,Matches
725,Sinaly Diomande,ci CIV,DF,Auxerre,fr Ligue 1,24.0,2001.0,24,24,2131.0,23.7,2,2,4,2,0,0,4,1,0.08,0.08,0.17,0.08,0.17,Matches,2,9,4,44.4,0.38,0.17,0.22,0.5,0,0,Matches,,,,,,,,,,,,,,,2,,,,,,Matches,,17,,,,,,,,,,,33,,,,Matches,,,,,,,,,,,,,,,,,,,,,Matches
726,Yan Diomandé,ci CIV,"FW,MF",RB Leipzig,de Bundesliga,18.0,2006.0,33,28,2472.0,27.5,12,8,20,12,0,0,2,0,0.44,0.29,0.73,0.44,0.73,Matches,12,53,26,49.1,1.93,0.95,0.23,0.46,0,0,Matches,,,,,,,,,,,,,,,8,,,,,,Matches,,19,,,,,,,,,,,16,,,,Matches,,,,,,,,,,,,,,,,,,,,,Matches
727,Issa Diop,ma MAR,DF,Fulham,eng Premier League,28.0,1997.0,13,8,816.0,9.1,1,0,1,1,0,0,2,0,0.11,0.0,0.11,0.11,0.11,Matches,1,2,1,50.0,0.22,0.11,0.5,1.0,0,0,Matches,,,,,,,,,,,,,,,0,,,,,,Matches,,2,,,,,,,,,,,6,,,,Matches,,,,,,,,,,,,,,,,,,,,,Matches
729,Sofiane Diop,ma MAR,"MF,FW",Nice,fr Ligue 1,25.0,2000.0,33,26,2130.0,23.7,8,2,10,6,2,2,5,0,0.34,0.08,0.42,0.25,0.34,Matches,8,54,17,31.5,2.28,0.72,0.15,0.47,2,2,Matches,,,,,,,,,,,,,,,2,,,,,,Matches,,9,,,,,,,,,,,18,,,,Matches,,,,,,,,,,,,,,,,,,,,,Matches
730,Andy Diouf,fr FRA,MF,Inter,it Serie A,22.0,2003.0,19,4,493.0,5.5,1,0,1,1,0,0,1,0,0.18,0.0,0.18,0.18,0.18,Matches,1,10,3,30.0,1.83,0.55,0.1,0.33,0,0,Matches,,,,,,,,,,,,,,,0,,,,,,Matches,,6,,,,,,,,,,,1,,,,Matches,,,,,,,,,,,,,,,,,,,,,Matches
732,El Hadji Malick Diouf,sn SEN,"DF,MF",West Ham,eng Premier League,20.0,2004.0,32,30,2707.0,30.1,0,5,5,0,0,0,6,0,0.0,0.17,0.17,0.0,0.17,Matches,0,18,4,22.2,0.6,0.13,0.0,0.0,0,0,Matches,,,,,,,,,,,,,,,5,,,,,,Matches,,19,,,,,,,,,,,32,,,,Matches,,,,,,,,,,,,,,,,,,,,,Matches
733,Yehvann Diouf,sn SEN,GK,Nice,fr Ligue 1,25.0,1999.0,26,26,2340.0,26.0,0,0,0,0,0,0,1,0,0.0,0.0,0.0,0.0,0.0,Matches,0,0,0,,0.0,0.0,,,0,0,Matches,,,,,,,,,,,,,,,0,,,,,,Matches,,0,,,,,,,,,,,2,,,,Matches,,,,,,,,,,,,,,,,,,,,,Matches
735,Axel Disasi,fr FRA,DF,West Ham,eng Premier League,27.0,1998.0,14,14,1254.0,13.9,0,0,0,0,0,0,1,0,0.0,0.0,0.0,0.0,0.0,Matches,0,5,3,60.0,0.36,0.22,0.0,0.0,0,0,Matches,,,,,,,,,,,,,,,0,,,,,,Matches,,10,,,,,,,,,,,12,,,,Matches,,,,,,,,,,,,,,,,,,,,,Matches
736,Matías Dituro,ar ARG,GK,Elche,es La Liga,38.0,1987.0,22,22,1980.0,22.0,0,0,0,0,0,0,1,0,0.0,0.0,0.0,0.0,0.0,Matches,0,0,0,,0.0,0.0,,,0,0,Matches,,,,,,,,,,,,,,,0,,,,,,Matches,,0,,,,,,,,,,,1,,,,Matches,,,,,,,,,,,,,,,,,,,,,Matches
737,Djené,tg TOG,"DF,MF",Getafe,es La Liga,33.0,1991.0,34,32,2578.0,28.6,0,0,0,0,0,0,10,2,0.0,0.0,0.0,0.0,0.0,Matches,0,4,0,0.0,0.14,0.0,0.0,,0,0,Matches,,,,,,,,,,,,,,,0,,,,,,Matches,,24,,,,,,,,,,,38,,,,Matches,,,,,,,,,,,,,,,,,,,,,Matches
739,Berat Djimsiti,al ALB,DF,Atalanta,it Serie A,32.0,1993.0,34,29,2525.0,28.1,0,0,0,0,0,0,4,0,0.0,0.0,0.0,0.0,0.0,Matches,0,16,2,12.5,0.57,0.07,0.0,0.0,0,0,Matches,,,,,,,,,,,,,,,0,,,,,,Matches,,30,,,,,,,,,,,42,,,,Matches,,,,,,,,,,,,,,,,,,,,,Matches
740,Marko Dmitrović,rs SRB,GK,Espanyol,es La Liga,33.0,1992.0,37,37,3330.0,37.0,0,0,0,0,0,0,0,0,0.0,0.0,0.0,0.0,0.0,Matches,0,0,0,,0.0,0.0,,,0,0,Matches,,,,,,,,,,,,,,,0,,,,,,Matches,,2,,,,,,,,,,,0,,,,Matches,,,,,,,,,,,,,,,,,,,,,Matches
742,Ritsu Doan,jp JPN,MF,Frankfurt,de Bundesliga,27.0,1998.0,31,28,2364.0,26.3,5,5,10,5,0,0,5,0,0.19,0.19,0.38,0.19,0.38,Matches,5,41,15,36.6,1.56,0.57,0.12,0.33,0,0,Matches,,,,,,,,,,,,,,,5,,,,,,Matches,,23,,,,,,,,,,,17,,,,Matches,,,,,,,,,,,,,,,,,,,,,Matches
743,Dodô,br BRA,"DF,MF",Fiorentina,it Serie A,26.0,1998.0,36,36,3134.0,34.8,1,2,3,1,0,0,7,0,0.03,0.06,0.09,0.03,0.09,Matches,1,25,4,16.0,0.72,0.11,0.04,0.25,0,0,Matches,,,,,,,,,,,,,,,2,,,,,,Matches,,18,,,,,,,,,,,31,,,,Matches,,,,,,,,,,,,,,,,,,,,,Matches
744,Danilho Doekhi,nl NED,DF,Union Berlin,de Bundesliga,27.0,1998.0,34,34,3060.0,34.0,5,0,5,5,0,0,4,0,0.15,0.0,0.15,0.15,0.15,Matches,5,45,11,24.4,1.32,0.32,0.11,0.45,0,0,Matches,,,,,,,,,,,,,,,0,,,,,,Matches,,31,,,,,,,,,,,42,,,,Matches,,,,,,,,,,,,,,,,,,,,,Matches
745,Matt Doherty,ie IRL,"DF,MF",Wolves,eng Premier League,33.0,1992.0,11,11,787.0,8.7,0,0,0,0,0,0,4,0,0.0,0.0,0.0,0.0,0.0,Matches,0,3,0,0.0,0.34,0.0,0.0,,0,0,Matches,,,,,,,,,,,,,,,0,,,,,,Matches,,8,,,,,,,,,,,7,,,,Matches,,,,,,,,,,,,,,,,,,,,,Matches
746,Josh Doig,sct SCO,DF,Sassuolo,it Serie A,23.0,2002.0,30,22,1917.0,21.3,0,0,0,0,0,0,5,0,0.0,0.0,0.0,0.0,0.0,Matches,0,11,4,36.4,0.52,0.19,0.0,0.0,0,0,Matches,,,,,,,,,,,,,,,0,,,,,,Matches,,20,,,,,,,,,,,22,,,,Matches,,,,,,,,,,,,,,,,,,,,,Matches
747,Jeremy Doku,be BEL,"MF,FW",Manchester City,eng Premier League,23.0,2002.0,30,19,1784.0,19.8,5,5,10,5,0,0,0,0,0.25,0.25,0.5,0.25,0.5,Matches,5,39,15,38.5,1.97,0.76,0.13,0.33,0,0,Matches,,,,,,,,,,,,,,,5,,,,,,Matches,,16,,,,,,,,,,,12,,,,Matches,,,,,,,,,,,,,,,,,,,,,Matches
748,Tyrhys Dolan,eng ENG,MF,Espanyol,es La Liga,23.0,2001.0,36,28,2415.0,26.8,2,5,7,2,0,0,7,1,0.07,0.19,0.26,0.07,0.26,Matches,2,34,12,35.3,1.27,0.45,0.06,0.17,0,0,Matches,,,,,,,,,,,,,,,5,,,,,,Matches,,35,,,,,,,,,,,15,,,,Matches,,,,,,,,,,,,,,,,,,,,,Matches
750,Benjamín Domínguez,ar ARG,MF,Bologna,it Serie A,21.0,2003.0,15,6,547.0,6.1,0,3,3,0,0,0,1,0,0.0,0.49,0.49,0.0,0.49,Matches,0,12,2,16.7,1.97,0.33,0.0,0.0,0,0,Matches,,,,,,,,,,,,,,,3,,,,,,Matches,,2,,,,,,,,,,,2,,,,Matches,,,,,,,,,,,,,,,,,,,,,Matches
751,Carlos Dominguez,es ESP,DF,Celta Vigo,es La Liga,24.0,2001.0,8,6,610.0,6.8,0,0,0,0,0,0,1,0,0.0,0.0,0.0,0.0,0.0,Matches,0,2,1,50.0,0.3,0.15,0.0,0.0,0,0,Matches,,,,,,,,,,,,,,,0,,,,,,Matches,,8,,,,,,,,,,,5,,,,Matches,,,,,,,,,,,,,,,,,,,,,Matches
752,Nicolás Domínguez,ar ARG,MF,Nottingham,eng Premier League,27.0,1998.0,27,17,1175.0,13.1,1,1,2,1,0,0,3,0,0.08,0.08,0.15,0.08,0.15,Matches,1,18,5,27.8,1.38,0.38,0.06,0.2,0,0,Matches,,,,,,,,,,,,,,,1,,,,,,Matches,,30,,,,,,,,,,,6,,,,Matches,,,,,,,,,,,,,,,,,,,,,Matches
753,Jean-Luc Dompé,fr FRA,"FW,MF",Hamburger SV,de Bundesliga,29.0,1995.0,20,12,1138.0,12.6,3,0,3,2,1,1,0,0,0.24,0.0,0.24,0.16,0.16,Matches,3,25,12,48.0,1.98,0.95,0.12,0.25,1,1,Matches,,,,,,,,,,,,,,,0,,,,,,Matches,,5,,,,,,,,,,,0,,,,Matches,,,,,,,,,,,,,,,,,,,,,Matches
754,John Donald,es ESP,"DF,MF",Elche,es La Liga,24.0,2000.0,21,6,665.0,7.4,1,0,1,1,0,0,3,0,0.14,0.0,0.14,0.14,0.14,Matches,1,6,2,33.3,0.81,0.27,0.17,0.5,0,0,Matches,,,,,,,,,,,,,,,0,,,,,,Matches,,12,,,,,,,,,,,8,,,,Matches,,,,,,,,,,,,,,,,,,,,,Matches
755,Gianluigi Donnarumma,it ITA,GK,Manchester City,eng Premier League,26.0,1999.0,34,34,3060.0,34.0,0,0,0,0,0,0,8,0,0.0,0.0,0.0,0.0,0.0,Matches,0,0,0,,0.0,0.0,,,0,0,Matches,,,,,,,,,,,,,,,0,,,,,,Matches,,0,,,,,,,,,,,1,,,,Matches,,,,,,,,,,,,,,,,,,,,,Matches
757,Patrick Dorgu,dk DEN,MF,Manchester Utd,eng Premier League,20.0,2004.0,26,15,1449.0,16.1,4,4,8,4,0,0,5,0,0.25,0.25,0.5,0.25,0.5,Matches,4,25,11,44.0,1.55,0.68,0.16,0.36,0,0,Matches,,,,,,,,,,,,,,,4,,,,,,Matches,,30,,,,,,,,,,,16,,,,Matches,,,,,,,,,,,,,,,,,,,,,Matches
758,Niklas Dorsch,de GER,MF,Heidenheim,de Bundesliga,27.0,1998.0,32,27,2258.0,25.1,0,1,1,0,0,0,2,0,0.0,0.04,0.04,0.0,0.04,Matches,0,14,3,21.4,0.56,0.12,0.0,0.0,0,0,Matches,,,,,,,,,,,,,,,1,,,,,,Matches,,31,,,,,,,,,,,19,,,,Matches,,,,,,,,,,,,,,,,,,,,,Matches
759,Alberto Dossena,it ITA,DF,Cagliari,it Serie A,26.0,1998.0,12,9,859.0,9.5,0,1,1,0,0,0,5,0,0.0,0.1,0.1,0.0,0.1,Matches,0,7,2,28.6,0.73,0.21,0.0,0.0,0,0,Matches,,,,,,,,,,,,,,,1,,,,,,Matches,,13,,,,,,,,,,,9,,,,Matches,,,,,,,,,,,,,,,,,,,,,Matches
761,Fodé Doucouré,ml MLI,"MF,FW",Le Havre,fr Ligue 1,24.0,2001.0,26,15,1239.0,13.8,3,1,4,3,0,0,2,0,0.22,0.07,0.29,0.22,0.29,Matches,3,20,8,40.0,1.45,0.58,0.15,0.38,0,0,Matches,,,,,,,,,,,,,,,1,,,,,,Matches,,26,,,,,,,,,,,9,,,,Matches,,,,,,,,,,,,,,,,,,,,,Matches
764,Désiré Doué,fr FRA,"FW,MF",PSG,fr Ligue 1,20.0,2005.0,23,16,1348.0,15.0,7,4,11,7,0,1,0,0,0.47,0.27,0.73,0.47,0.73,Matches,7,55,19,34.5,3.67,1.27,0.13,0.37,0,1,Matches,,,,,,,,,,,,,,,4,,,,,,Matches,,20,,,,,,,,,,,12,,,,Matches,,,,,,,,,,,,,,,,,,,,,Matches
765,Guéla Doué,ci CIV,"DF,MF",Strasbourg,fr Ligue 1,22.0,2002.0,24,23,2061.0,22.9,2,6,8,2,0,0,3,0,0.09,0.26,0.35,0.09,0.35,Matches,2,12,5,41.7,0.52,0.22,0.17,0.4,0,0,Matches,,,,,,,,,,,,,,,6,,,,,,Matches,,38,,,,,,,,,,,27,,,,Matches,,,,,,,,,,,,,,,,,,,,,Matches
766,Ismaël Doukouré,fr FRA,"DF,MF",Strasbourg,fr Ligue 1,22.0,2003.0,25,25,2072.0,23.0,0,2,2,0,0,0,4,2,0.0,0.09,0.09,0.0,0.09,Matches,0,7,3,42.9,0.3,0.13,0.0,0.0,0,0,Matches,,,,,,,,,,,,,,,2,,,,,,Matches,,11,,,,,,,,,,,24,,,,Matches,,,,,,,,,,,,,,,,,,,,,Matches
767,Kamory Doumbia,ml MLI,MF,Brest,fr Ligue 1,22.0,2003.0,24,22,1750.0,19.4,5,4,9,5,0,0,6,0,0.26,0.21,0.46,0.26,0.46,Matches,5,43,14,32.6,2.21,0.72,0.12,0.36,0,0,Matches,,,,,,,,,,,,,,,4,,,,,,Matches,,30,,,,,,,,,,,20,,,,Matches,,,,,,,,,,,,,,,,,,,,,Matches
768,Anastasios Douvikas,gr GRE,FW,Como,it Serie A,25.0,1999.0,38,25,2273.0,25.3,14,1,15,13,1,1,0,0,0.55,0.04,0.59,0.51,0.55,Matches,14,65,30,46.2,2.57,1.19,0.22,0.47,1,1,Matches,,,,,,,,,,,,,,,1,,,,,,Matches,,10,,,,,,,,,,,4,,,,Matches,,,,,,,,,,,,,,,,,,,,,Matches
771,Damion Downs,us USA,FW,Hamburger SV,de Bundesliga,21.0,2004.0,12,6,536.0,6.0,0,0,0,0,0,0,0,0,0.0,0.0,0.0,0.0,0.0,Matches,0,7,4,57.1,1.18,0.67,0.0,0.0,0,0,Matches,,,,,,,,,,,,,,,0,,,,,,Matches,,2,,,,,,,,,,,0,,,,Matches,,,,,,,,,,,,,,,,,,,,,Matches
772,Radu Drăgușin,ro ROU,DF,Tottenham,eng Premier League,23.0,2002.0,10,5,517.0,5.7,0,0,0,0,0,0,0,0,0.0,0.0,0.0,0.0,0.0,Matches,0,4,0,0.0,0.7,0.0,0.0,,0,0,Matches,,,,,,,,,,,,,,,0,,,,,,Matches,,3,,,,,,,,,,,16,,,,Matches,,,,,,,,,,,,,,,,,,,,,Matches
774,Domingos Duarte,pt POR,DF,Getafe,es La Liga,30.0,1995.0,34,34,2923.0,32.5,1,1,2,1,0,0,11,0,0.03,0.03,0.06,0.03,0.06,Matches,1,13,4,30.8,0.4,0.12,0.08,0.25,0,0,Matches,,,,,,,,,,,,,,,1,,,,,,Matches,,18,,,,,,,,,,,33,,,,Matches,,,,,,,,,,,,,,,,,,,,,Matches
775,Martin Dúbravka,sk SVK,GK,Burnley,eng Premier League,36.0,1989.0,35,35,3150.0,35.0,0,0,0,0,0,0,1,0,0.0,0.0,0.0,0.0,0.0,Matches,0,0,0,,0.0,0.0,,,0,0,Matches,,,,,,,,,,,,,,,0,,,,,,Matches,,1,,,,,,,,,,,0,,,,Matches,,,,,,,,,,,,,,,,,,,,,Matches
776,Denzel Dumfries,nl NED,MF,Inter,it Serie A,29.0,1996.0,20,15,1325.0,14.7,3,1,4,3,0,0,2,0,0.2,0.07,0.27,0.2,0.27,Matches,3,23,5,21.7,1.56,0.34,0.13,0.6,0,0,Matches,,,,,,,,,,,,,,,1,,,,,,Matches,,9,,,,,,,,,,,7,,,,Matches,,,,,,,,,,,,,,,,,,,,,Matches
777,Lewis Dunk,eng ENG,DF,Brighton,eng Premier League,33.0,1991.0,33,31,2838.0,31.5,1,0,1,1,0,0,10,0,0.03,0.0,0.03,0.03,0.03,Matches,1,23,3,13.0,0.73,0.1,0.04,0.33,0,0,Matches,,,,,,,,,,,,,,,0,,,,,,Matches,,22,,,,,,,,,,,30,,,,Matches,,,,,,,,,,,,,,,,,,,,,Matches
778,Maxime Dupé,fr FRA,GK,Nice,fr Ligue 1,32.0,1993.0,8,8,720.0,8.0,0,0,0,0,0,0,0,0,0.0,0.0,0.0,0.0,0.0,Matches,0,0,0,,0.0,0.0,,,0,0,Matches,,,,,,,,,,,,,,,0,,,,,,Matches,,0,,,,,,,,,,,0,,,,Matches,,,,,,,,,,,,,,,,,,,,,Matches
779,Pablo Durán,es ESP,"FW,MF",Celta Vigo,es La Liga,24.0,2001.0,30,17,1425.0,15.8,2,2,4,2,0,0,1,0,0.13,0.13,0.25,0.13,0.25,Matches,2,37,15,40.5,2.34,0.95,0.05,0.13,0,0,Matches,,,,,,,,,,,,,,,2,,,,,,Matches,,11,,,,,,,,,,,7,,,,Matches,,,,,,,,,,,,,,,,,,,,,Matches
780,Hugo Duro,es ESP,FW,Valencia,es La Liga,25.0,1999.0,36,22,1979.0,22.0,10,0,10,9,1,2,4,0,0.45,0.0,0.45,0.41,0.41,Matches,10,36,14,38.9,1.64,0.64,0.28,0.71,1,2,Matches,,,,,,,,,,,,,,,0,,,,,,Matches,,9,,,,,,,,,,,3,,,,Matches,,,,,,,,,,,,,,,,,,,,,Matches
782,Paulo Dybala,ar ARG,"MF,FW",Roma,it Serie A,31.0,1993.0,22,15,1354.0,15.0,2,6,8,2,0,1,0,0,0.13,0.4,0.53,0.13,0.53,Matches,2,43,18,41.9,2.86,1.2,0.05,0.11,0,1,Matches,,,,,,,,,,,,,,,6,,,,,,Matches,,6,,,,,,,,,,,5,,,,Matches,,,,,,,,,,,,,,,,,,,,,Matches
784,Adam Dźwigała,pl POL,DF,St Pauli,de Bundesliga,29.0,1995.0,19,14,1288.0,14.3,1,1,2,1,0,0,5,0,0.07,0.07,0.14,0.07,0.14,Matches,1,4,2,50.0,0.28,0.14,0.25,0.5,0,0,Matches,,,,,,,,,,,,,,,1,,,,,,Matches,,27,,,,,,,,,,,25,,,,Matches,,,,,,,,,,,,,,,,,,,,,Matches
785,Aron Dønnum,no NOR,MF,Toulouse,fr Ligue 1,27.0,1998.0,28,28,2419.0,26.9,4,4,8,1,3,3,10,1,0.15,0.15,0.3,0.04,0.19,Matches,4,40,14,35.0,1.49,0.52,0.1,0.29,3,3,Matches,,,,,,,,,,,,,,,4,,,,,,Matches,,29,,,,,,,,,,,29,,,,Matches,,,,,,,,,,,,,,,,,,,,,Matches
788,Simon Ebonog,cm CMR,MF,Le Havre,fr Ligue 1,20.0,2004.0,30,21,1759.0,19.5,1,0,1,1,0,0,8,0,0.05,0.0,0.05,0.05,0.05,Matches,1,22,4,18.2,1.13,0.2,0.05,0.25,0,0,Matches,,,,,,,,,,,,,,,0,,,,,,Matches,,21,,,,,,,,,,,24,,,,Matches,,,,,,,,,,,,,,,,,,,,,Matches
790,Enzo Ebosse,cm CMR,DF,Torino,it Serie A,26.0,1999.0,13,13,1115.0,12.4,0,1,1,0,0,0,3,0,0.0,0.08,0.08,0.0,0.08,Matches,0,0,0,,0.0,0.0,,,0,0,Matches,,,,,,,,,,,,,,,1,,,,,,Matches,,6,,,,,,,,,,,10,,,,Matches,,,,,,,,,,,,,,,,,,,,,Matches
791,Claudio Echeverri,ar ARG,"FW,MF",Girona,es La Liga,19.0,2006.0,17,5,624.0,6.9,1,1,2,1,0,0,4,0,0.14,0.14,0.29,0.14,0.29,Matches,1,21,7,33.3,3.03,1.01,0.05,0.14,0,0,Matches,,,,,,,,,,,,,,,1,,,,,,Matches,,6,,,,,,,,,,,1,,,,Matches,,,,,,,,,,,,,,,,,,,,,Matches
795,Andrias Edmundsson,fo FRO,DF,Hellas Verona,it Serie A,24.0,2000.0,15,15,1319.0,14.7,0,0,0,0,0,0,3,0,0.0,0.0,0.0,0.0,0.0,Matches,0,4,1,25.0,0.27,0.07,0.0,0.0,0,0,Matches,,,,,,,,,,,,,,,0,,,,,,Matches,,20,,,,,,,,,,,28,,,,Matches,,,,,,,,,,,,,,,,,,,,,Matches
797,Odsonne Édouard,fr FRA,FW,Lens,fr Ligue 1,27.0,1998.0,29,26,1796.0,20.0,12,3,15,11,1,1,2,0,0.6,0.15,0.75,0.55,0.7,Matches,12,60,31,51.7,3.01,1.55,0.2,0.39,1,1,Matches,,,,,,,,,,,,,,,3,,,,,,Matches,,4,,,,,,,,,,,4,,,,Matches,,,,,,,,,,,,,,,,,,,,,Matches
800,Marcus Edwards,eng ENG,"MF,FW",Burnley,eng Premier League,26.0,1998.0,23,11,1067.0,11.9,1,3,4,1,0,0,0,0,0.08,0.25,0.34,0.08,0.34,Matches,1,23,6,26.1,1.94,0.51,0.04,0.17,0,0,Matches,,,,,,,,,,,,,,,3,,,,,,Matches,,6,,,,,,,,,,,3,,,,Matches,,,,,,,,,,,,,,,,,,,,,Matches
801,CJ Egan-Riley,eng ENG,"DF,MF",Marseille,fr Ligue 1,22.0,2003.0,11,8,624.0,6.9,0,0,0,0,0,0,1,1,0.0,0.0,0.0,0.0,0.0,Matches,0,0,0,,0.0,0.0,,,0,0,Matches,,,,,,,,,,,,,,,0,,,,,,Matches,,7,,,,,,,,,,,2,,,,Matches,,,,,,,,,,,,,,,,,,,,,Matches
802,Maximilian Eggestein,de GER,MF,Freiburg,de Bundesliga,28.0,1996.0,34,34,3060.0,34.0,3,1,4,3,0,0,4,0,0.09,0.03,0.12,0.09,0.12,Matches,3,44,13,29.5,1.29,0.38,0.07,0.23,0,0,Matches,,,,,,,,,,,,,,,1,,,,,,Matches,,34,,,,,,,,,,,31,,,,Matches,,,,,,,,,,,,,,,,,,,,,Matches
803,Kingsley Ehizibue,nl NED,"MF,DF",Udinese,it Serie A,30.0,1995.0,32,20,1811.0,20.1,2,0,2,2,0,0,5,0,0.1,0.0,0.1,0.1,0.1,Matches,2,9,2,22.2,0.45,0.1,0.22,1.0,0,0,Matches,,,,,,,,,,,,,,,0,,,,,,Matches,,31,,,,,,,,,,,13,,,,Matches,,,,,,,,,,,,,,,,,,,,,Matches
805,Chidera Ejuke,ng NGA,"MF,FW",Sevilla,es La Liga,27.0,1998.0,27,6,932.0,10.4,1,1,2,1,0,0,0,0,0.1,0.1,0.19,0.1,0.19,Matches,1,23,3,13.0,2.22,0.29,0.04,0.33,0,0,Matches,,,,,,,,,,,,,,,1,,,,,,Matches,,13,,,,,,,,,,,7,,,,Matches,,,,,,,,,,,,,,,,,,,,,Matches
806,Hjalmar Ekdal,se SWE,DF,Burnley,eng Premier League,26.0,1998.0,19,17,1539.0,17.1,0,0,0,0,0,0,0,0,0.0,0.0,0.0,0.0,0.0,Matches,0,6,1,16.7,0.35,0.06,0.0,0.0,0,0,Matches,,,,,,,,,,,,,,,0,,,,,,Matches,,17,,,,,,,,,,,12,,,,Matches,,,,,,,,,,,,,,,,,,,,,Matches
807,Jeff Ekhator,it ITA,"FW,MF",Genoa,it Serie A,18.0,2006.0,30,9,956.0,10.6,3,0,3,3,0,0,3,0,0.28,0.0,0.28,0.28,0.28,Matches,3,20,5,25.0,1.88,0.47,0.15,0.6,0,0,Matches,,,,,,,,,,,,,,,0,,,,,,Matches,,8,,,,,,,,,,,2,,,,Matches,,,,,,,,,,,,,,,,,,,,,Matches
808,Hugo Ekitike,fr FRA,FW,Liverpool,eng Premier League,23.0,2002.0,28,21,1803.0,20.0,11,4,15,11,0,0,0,0,0.55,0.2,0.75,0.55,0.75,Matches,11,65,19,29.2,3.24,0.95,0.17,0.58,0,0,Matches,,,,,,,,,,,,,,,4,,,,,,Matches,,7,,,,,,,,,,,4,,,,Matches,,,,,,,,,,,,,,,,,,,,,Matches
809,Jurgen Ekkelenkamp,nl NED,MF,Udinese,it Serie A,25.0,2000.0,31,27,2186.0,24.3,5,3,8,5,0,0,1,0,0.21,0.12,0.33,0.21,0.33,Matches,5,33,15,45.5,1.36,0.62,0.15,0.33,0,0,Matches,,,,,,,,,,,,,,,3,,,,,,Matches,,27,,,,,,,,,,,18,,,,Matches,,,,,,,,,,,,,,,,,,,,,Matches
810,Jacques Ekomie,ga GAB,"DF,MF",Angers,fr Ligue 1,21.0,2003.0,32,25,2239.0,24.9,0,0,0,0,0,0,3,0,0.0,0.0,0.0,0.0,0.0,Matches,0,12,3,25.0,0.48,0.12,0.0,0.0,0,0,Matches,,,,,,,,,,,,,,,0,,,,,,Matches,,32,,,,,,,,,,,31,,,,Matches,,,,,,,,,,,,,,,,,,,,,Matches
811,Caleb Ekuban,gh GHA,"FW,MF",Genoa,it Serie A,31.0,1994.0,31,6,994.0,11.0,4,1,5,4,0,0,0,0,0.36,0.09,0.45,0.36,0.45,Matches,4,29,10,34.5,2.63,0.91,0.14,0.4,0,0,Matches,,,,,,,,,,,,,,,1,,,,,,Matches,,1,,,,,,,,,,,5,,,,Matches,,,,,,,,,,,,,,,,,,,,,Matches
812,Anthony Elanga,se SWE,"FW,MF",Newcastle,eng Premier League,23.0,2002.0,32,14,1319.0,14.7,0,1,1,0,0,0,0,0,0.0,0.07,0.07,0.0,0.07,Matches,0,17,4,23.5,1.16,0.27,0.0,0.0,0,0,Matches,,,,,,,,,,,,,,,1,,,,,,Matches,,11,,,,,,,,,,,3,,,,Matches,,,,,,,,,,,,,,,,,,,,,Matches
813,Daniel Elfadli,ly LBY,DF,Hamburger SV,de Bundesliga,28.0,1997.0,21,15,1253.0,13.9,0,0,0,0,0,0,6,1,0.0,0.0,0.0,0.0,0.0,Matches,0,4,1,25.0,0.29,0.07,0.0,0.0,0,0,Matches,,,,,,,,,,,,,,,0,,,,,,Matches,,14,,,,,,,,,,,20,,,,Matches,,,,,,,,,,,,,,,,,,,,,Matches
814,Unai Elgezabal,es ESP,"DF,MF",Levante,es La Liga,32.0,1993.0,12,11,958.0,10.6,1,0,1,1,0,0,2,0,0.09,0.0,0.09,0.09,0.09,Matches,1,3,1,33.3,0.28,0.09,0.33,1.0,0,0,Matches,,,,,,,,,,,,,,,0,,,,,,Matches,,4,,,,,,,,,,,4,,,,Matches,,,,,,,,,,,,,,,,,,,,,Matches
816,Mikael Ellertsson,is ISL,MF,Genoa,it Serie A,23.0,2002.0,36,31,2767.0,30.7,1,1,2,1,0,0,1,1,0.03,0.03,0.07,0.03,0.07,Matches,1,26,6,23.1,0.85,0.2,0.04,0.17,0,0,Matches,,,,,,,,,,,,,,,1,,,,,,Matches,,26,,,,,,,,,,,14,,,,Matches,,,,,,,,,,,,,,,,,,,,,Matches
819,Elif Elmas,mk MKD,"MF,FW",Napoli,it Serie A,25.0,1999.0,33,20,1783.0,19.8,1,3,4,1,0,0,3,0,0.05,0.15,0.2,0.05,0.2,Matches,1,27,9,33.3,1.36,0.45,0.04,0.11,0,0,Matches,,,,,,,,,,,,,,,3,,,,,,Matches,,13,,,,,,,,,,,7,,,,Matches,,,,,,,,,,,,,,,,,,,,,Matches
821,Aritz Elustondo,es ESP,DF,Real Sociedad,es La Liga,31.0,1994.0,16,8,720.0,8.0,0,1,1,0,0,0,0,0,0.0,0.12,0.12,0.0,0.12,Matches,0,4,2,50.0,0.5,0.25,0.0,0.0,0,0,Matches,,,,,,,,,,,,,,,1,,,,,,Matches,,8,,,,,,,,,,,10,,,,Matches,,,,,,,,,,,,,,,,,,,,,Matches
822,Nico Elvedi,ch SUI,DF,Gladbach,de Bundesliga,28.0,1996.0,33,33,2966.0,33.0,0,2,2,0,0,0,5,0,0.0,0.06,0.06,0.0,0.06,Matches,0,9,0,0.0,0.27,0.0,0.0,,0,0,Matches,,,,,,,,,,,,,,,2,,,,,,Matches,,32,,,,,,,,,,,40,,,,Matches,,,,,,,,,,,,,,,,,,,,,Matches
823,Breel Embolo,ch SUI,FW,Rennes,fr Ligue 1,28.0,1997.0,31,20,1872.0,20.8,8,3,11,8,0,0,3,0,0.38,0.14,0.53,0.38,0.53,Matches,8,41,18,43.9,1.97,0.87,0.2,0.44,0,0,Matches,,,,,,,,,,,,,,,3,,,,,,Matches,,14,,,,,,,,,,,4,,,,Matches,,,,,,,,,,,,,,,,,,,,,Matches
825,Emersonn,br BRA,FW,Toulouse,fr Ligue 1,21.0,2004.0,27,18,1499.0,16.7,6,2,8,6,0,0,5,1,0.36,0.12,0.48,0.36,0.48,Matches,6,51,19,37.3,3.06,1.14,0.12,0.32,0,0,Matches,,,,,,,,,,,,,,,2,,,,,,Matches,,8,,,,,,,,,,,7,,,,Matches,,,,,,,,,,,,,,,,,,,,,Matches
826,Julio Enciso,py PAR,"MF,FW",Strasbourg,fr Ligue 1,21.0,2004.0,27,22,1883.0,20.9,3,6,9,2,1,1,2,0,0.14,0.29,0.43,0.1,0.38,Matches,3,61,22,36.1,2.92,1.05,0.05,0.14,1,1,Matches,,,,,,,,,,,,,,,6,,,,,,Matches,,10,,,,,,,,,,,7,,,,Matches,,,,,,,,,,,,,,,,,,,,,Matches
829,Endrick,br BRA,"FW,MF",Lyon,fr Ligue 1,19.0,2006.0,16,14,1215.0,13.5,5,7,12,4,1,1,4,1,0.37,0.52,0.89,0.3,0.81,Matches,5,50,26,52.0,3.7,1.93,0.1,0.19,1,1,Matches,,,,,,,,,,,,,,,7,,,,,,Matches,,9,,,,,,,,,,,2,,,,Matches,,,,,,,,,,,,,,,,,,,,,Matches
830,Yannik Engelhardt,de GER,MF,Gladbach,de Bundesliga,24.0,2001.0,31,29,2487.0,27.6,2,2,4,2,0,0,7,0,0.07,0.07,0.14,0.07,0.14,Matches,2,21,5,23.8,0.76,0.18,0.1,0.4,0,0,Matches,,,,,,,,,,,,,,,2,,,,,,Matches,,23,,,,,,,,,,,36,,,,Matches,,,,,,,,,,,,,,,,,,,,,Matches
831,Christian Eriksen,dk DEN,MF,Wolfsburg,de Bundesliga,33.0,1992.0,31,27,2410.0,26.8,3,9,12,0,3,4,4,0,0.11,0.34,0.45,0.0,0.34,Matches,3,38,14,36.8,1.42,0.52,0.08,0.21,3,4,Matches,,,,,,,,,,,,,,,9,,,,,,Matches,,20,,,,,,,,,,,18,,,,Matches,,,,,,,,,,,,,,,,,,,,,Matches
832,Aarón Escandell,es ESP,GK,Oviedo,es La Liga,29.0,1995.0,36,36,3240.0,36.0,0,1,1,0,0,0,3,0,0.0,0.03,0.03,0.0,0.03,Matches,0,0,0,,0.0,0.0,,,0,0,Matches,,,,,,,,,,,,,,,1,,,,,,Matches,,0,,,,,,,,,,,0,,,,Matches,,,,,,,,,,,,,,,,,,,,,Matches
834,Carlos Espí,es ESP,FW,Levante,es La Liga,20.0,2005.0,25,13,1343.0,14.9,11,0,11,11,0,0,3,0,0.74,0.0,0.74,0.74,0.74,Matches,11,57,24,42.1,3.82,1.61,0.19,0.46,0,0,Matches,,,,,,,,,,,,,,,0,,,,,,Matches,,7,,,,,,,,,,,9,,,,Matches,,,,,,,,,,,,,,,,,,,,,Matches
835,Alfonso Espino,uy URU,"DF,MF",Rayo Vallecano,es La Liga,33.0,1992.0,30,15,1486.0,16.5,2,0,2,2,0,0,3,0,0.12,0.0,0.12,0.12,0.12,Matches,2,20,9,45.0,1.21,0.55,0.1,0.22,0,0,Matches,,,,,,,,,,,,,,,0,,,,,,Matches,,33,,,,,,,,,,,15,,,,Matches,,,,,,,,,,,,,,,,,,,,,Matches
836,Francesco Esposito,it ITA,FW,Inter,it Serie A,20.0,2005.0,35,15,1571.0,17.5,7,3,10,7,0,0,1,0,0.4,0.17,0.57,0.4,0.57,Matches,7,57,23,40.4,3.27,1.32,0.12,0.3,0,0,Matches,,,,,,,,,,,,,,,3,,,,,,Matches,,5,,,,,,,,,,,5,,,,Matches,,,,,,,,,,,,,,,,,,,,,Matches
837,Sebastiano Esposito,it ITA,"FW,MF",Cagliari,it Serie A,23.0,2002.0,36,34,2675.0,29.7,7,5,12,6,1,1,6,0,0.24,0.17,0.4,0.2,0.37,Matches,7,57,16,28.1,1.92,0.54,0.12,0.44,1,1,Matches,,,,,,,,,,,,,,,5,,,,,,Matches,,35,,,,,,,,,,,21,,,,Matches,,,,,,,,,,,,,,,,,,,,,Matches
842,Maxime Estève,fr FRA,DF,Burnley,eng Premier League,23.0,2002.0,34,34,2932.0,32.6,0,0,0,0,0,0,1,0,0.0,0.0,0.0,0.0,0.0,Matches,0,10,1,10.0,0.31,0.03,0.0,0.0,0,0,Matches,,,,,,,,,,,,,,,0,,,,,,Matches,,27,,,,,,,,,,,37,,,,Matches,,,,,,,,,,,,,,,,,,,,,Matches
844,Nahuel Estévez,ar ARG,MF,Parma,it Serie A,29.0,1995.0,32,9,1049.0,11.7,0,1,1,0,0,0,2,0,0.0,0.09,0.09,0.0,0.09,Matches,0,9,1,11.1,0.77,0.09,0.0,0.0,0,0,Matches,,,,,,,,,,,,,,,1,,,,,,Matches,,10,,,,,,,,,,,5,,,,Matches,,,,,,,,,,,,,,,,,,,,,Matches
845,Pervis Estupiñán,ec ECU,MF,Milan,it Serie A,27.0,1998.0,19,13,1034.0,11.5,1,1,2,1,0,0,5,1,0.09,0.09,0.17,0.09,0.17,Matches,1,9,1,11.1,0.78,0.09,0.11,1.0,0,0,Matches,,,,,,,,,,,,,,,1,,,,,,Matches,,9,,,,,,,,,,,11,,,,Matches,,,,,,,,,,,,,,,,,,,,,Matches
847,Karl Etta Eyong,cm CMR,FW,Levante,es La Liga,21.0,2003.0,30,15,1416.0,15.7,6,2,8,6,0,1,3,0,0.38,0.13,0.51,0.38,0.51,Matches,6,43,21,48.8,2.73,1.33,0.14,0.29,0,1,Matches,,,,,,,,,,,,,,,2,,,,,,Matches,,11,,,,,,,,,,,6,,,,Matches,,,,,,,,,,,,,,,,,,,,,Matches
848,Evanilson,br BRA,FW,Bournemouth,eng Premier League,25.0,1999.0,36,32,2742.0,30.5,6,1,7,6,0,0,2,0,0.2,0.03,0.23,0.2,0.23,Matches,6,72,23,31.9,2.36,0.75,0.08,0.26,0,0,Matches,,,,,,,,,,,,,,,1,,,,,,Matches,,5,,,,,,,,,,,6,,,,Matches,,,,,,,,,,,,,,,,,,,,,Matches
849,Edu Expósito,es ESP,MF,Espanyol,es La Liga,28.0,1996.0,36,32,2523.0,28.0,1,6,7,1,0,0,9,0,0.04,0.21,0.25,0.04,0.25,Matches,1,44,13,29.5,1.57,0.46,0.02,0.08,0,0,Matches,,,,,,,,,,,,,,,6,,,,,,Matches,,29,,,,,,,,,,,24,,,,Matches,,,,,,,,,,,,,,,,,,,,,Matches
850,Eberechi Eze,eng ENG,"MF,FW",Arsenal,eng Premier League,27.0,1998.0,32,21,1812.0,20.1,7,2,9,7,0,0,1,0,0.35,0.1,0.45,0.35,0.45,Matches,7,57,18,31.6,2.83,0.89,0.12,0.39,0,0,Matches,,,,,,,,,,,,,,,2,,,,,,Matches,,13,,,,,,,,,,,11,,,,Matches,,,,,,,,,,,,,,,,,,,,,Matches
852,Abde Ezzalzouli,ma MAR,"MF,FW",Real Betis,es La Liga,23.0,2001.0,29,26,2247.0,25.0,10,8,18,10,0,0,3,0,0.4,0.32,0.72,0.4,0.72,Matches,10,73,26,35.6,2.92,1.04,0.14,0.38,0,0,Matches,,,,,,,,,,,,,,,8,,,,,,Matches,,32,,,,,,,,,,,15,,,,Matches,,,,,,,,,,,,,,,,,,,,,Matches
853,Giovanni Fabbian,it ITA,MF,Bologna,it Serie A,22.0,2003.0,14,8,705.0,7.8,2,0,2,2,0,0,0,0,0.26,0.0,0.26,0.26,0.26,Matches,2,14,4,28.6,1.79,0.51,0.14,0.5,0,0,Matches,,,,,,,,,,,,,,,0,,,,,,Matches,,4,,,,,,,,,,,5,,,,Matches,,,,,,,,,,,,,,,,,,,,,Matches
854,Giovanni Fabbian,it ITA,MF,Fiorentina,it Serie A,22.0,2003.0,15,4,468.0,5.2,0,0,0,0,0,0,2,0,0.0,0.0,0.0,0.0,0.0,Matches,0,7,2,28.6,1.35,0.38,0.0,0.0,0,0,Matches,,,,,,,,,,,,,,,0,,,,,,Matches,,2,,,,,,,,,,,1,,,,Matches,,,,,,,,,,,,,,,,,,,,,Matches
855,Alieu Fadera,gm GAM,FW,Sassuolo,it Serie A,23.0,2001.0,28,8,987.0,11.0,2,1,3,2,0,0,5,0,0.18,0.09,0.27,0.18,0.27,Matches,2,13,4,30.8,1.19,0.36,0.15,0.5,0,0,Matches,,,,,,,,,,,,,,,1,,,,,,Matches,,23,,,,,,,,,,,5,,,,Matches,,,,,,,,,,,,,,,,,,,,,Matches
856,Wout Faes,be BEL,DF,Monaco,fr Ligue 1,27.0,1998.0,14,13,1141.0,12.7,0,0,0,0,0,0,3,0,0.0,0.0,0.0,0.0,0.0,Matches,0,5,1,20.0,0.39,0.08,0.0,0.0,0,0,Matches,,,,,,,,,,,,,,,0,,,,,,Matches,,12,,,,,,,,,,,14,,,,Matches,,,,,,,,,,,,,,,,,,,,,Matches
857,Nicolò Fagioli,it ITA,MF,Fiorentina,it Serie A,24.0,2001.0,33,30,2554.0,28.4,2,3,5,2,0,0,5,0,0.07,0.11,0.18,0.07,0.18,Matches,2,33,7,21.2,1.16,0.25,0.06,0.29,0,0,Matches,,,,,,,,,,,,,,,3,,,,,,Matches,,31,,,,,,,,,,,18,,,,Matches,,,,,,,,,,,,,,,,,,,,,Matches
858,Romain Faivre,fr FRA,"MF,FW",Auxerre,fr Ligue 1,27.0,1998.0,10,7,581.0,6.5,0,2,2,0,0,0,0,0,0.0,0.31,0.31,0.0,0.31,Matches,0,11,3,27.3,1.7,0.46,0.0,0.0,0,0,Matches,,,,,,,,,,,,,,,2,,,,,,Matches,,4,,,,,,,,,,,6,,,,Matches,,,,,,,,,,,,,,,,,,,,,Matches
860,Wladimiro Falcone,it ITA,GK,Lecce,it Serie A,30.0,1995.0,38,38,3420.0,38.0,0,0,0,0,0,0,2,0,0.0,0.0,0.0,0.0,0.0,Matches,0,0,0,,0.0,0.0,,,0,0,Matches,,,,,,,,,,,,,,,0,,,,,,Matches,,2,,,,,,,,,,,0,,,,Matches,,,,,,,,,,,,,,,,,,,,,Matches
861,Ansu Fati,es ESP,"MF,FW",Monaco,fr Ligue 1,22.0,2002.0,25,10,1093.0,12.1,11,0,11,8,3,4,1,0,0.91,0.0,0.91,0.66,0.66,Matches,11,43,24,55.8,3.54,1.98,0.26,0.46,3,4,Matches,,,,,,,,,,,,,,,0,,,,,,Matches,,9,,,,,,,,,,,2,,,,Matches,,,,,,,,,,,,,,,,,,,,,Matches
862,Abdoulaye Faye,sn SEN,DF,Lorient,fr Ligue 1,20.0,2004.0,17,16,1444.0,16.0,0,0,0,0,0,0,8,0,0.0,0.0,0.0,0.0,0.0,Matches,0,8,2,25.0,0.5,0.12,0.0,0.0,0,0,Matches,,,,,,,,,,,,,,,0,,,,,,Matches,,24,,,,,,,,,,,28,,,,Matches,,,,,,,,,,,,,,,,,,,,,Matches
863,Jacopo Fazzini,it ITA,"MF,FW",Fiorentina,it Serie A,22.0,2003.0,20,5,584.0,6.5,0,0,0,0,0,0,2,0,0.0,0.0,0.0,0.0,0.0,Matches,0,9,1,11.1,1.39,0.15,0.0,0.0,0,0,Matches,,,,,,,,,,,,,,,0,,,,,,Matches,,10,,,,,,,,,,,5,,,,Matches,,,,,,,,,,,,,,,,,,,,,Matches
864,Aleix Febas,es ESP,MF,Elche,es La Liga,29.0,1996.0,36,36,3160.0,35.1,2,2,4,2,0,0,10,0,0.06,0.06,0.11,0.06,0.11,Matches,2,23,8,34.8,0.66,0.23,0.09,0.25,0,0,Matches,,,,,,,,,,,,,,,2,,,,,,Matches,,46,,,,,,,,,,,27,,,,Matches,,,,,,,,,,,,,,,,,,,,,Matches
866,Luiz Felipe,it ITA,DF,Rayo Vallecano,es La Liga,28.0,1997.0,10,7,470.0,5.2,0,0,0,0,0,0,1,0,0.0,0.0,0.0,0.0,0.0,Matches,0,3,1,33.3,0.57,0.19,0.0,0.0,0,0,Matches,,,,,,,,,,,,,,,0,,,,,,Matches,,8,,,,,,,,,,,7,,,,Matches,,,,,,,,,,,,,,,,,,,,,Matches
869,Robin Fellhauer,de GER,MF,Augsburg,de Bundesliga,27.0,1998.0,34,31,2799.0,31.1,3,2,5,3,0,0,2,0,0.1,0.06,0.16,0.1,0.16,Matches,3,30,9,30.0,0.96,0.29,0.1,0.33,0,0,Matches,,,,,,,,,,,,,,,2,,,,,,Matches,,43,,,,,,,,,,,22,,,,Matches,,,,,,,,,,,,,,,,,,,,,Matches
870,Kiko Femenía,es ESP,"DF,MF",Getafe,es La Liga,34.0,1991.0,28,25,2008.0,22.3,1,1,2,1,0,0,6,0,0.04,0.04,0.09,0.04,0.09,Matches,1,8,3,37.5,0.36,0.13,0.13,0.33,0,0,Matches,,,,,,,,,,,,,,,1,,,,,,Matches,,24,,,,,,,,,,,36,,,,Matches,,,,,,,,,,,,,,,,,,,,,Matches
871,Evan Ferguson,ie IRL,FW,Roma,it Serie A,20.0,2004.0,16,10,773.0,8.6,3,2,5,3,0,0,1,0,0.35,0.23,0.58,0.35,0.58,Matches,3,27,15,55.6,3.14,1.75,0.11,0.2,0,0,Matches,,,,,,,,,,,,,,,2,,,,,,Matches,,4,,,,,,,,,,,1,,,,Matches,,,,,,,,,,,,,,,,,,,,,Matches
872,Lewis Ferguson,sct SCO,MF,Bologna,it Serie A,25.0,1999.0,27,17,1601.0,17.8,1,0,1,1,0,0,7,1,0.06,0.0,0.06,0.06,0.06,Matches,1,13,2,15.4,0.73,0.11,0.08,0.5,0,0,Matches,,,,,,,,,,,,,,,0,,,,,,Matches,,16,,,,,,,,,,,12,,,,Matches,,,,,,,,,,,,,,,,,,,,,Matches
873,Bruno Fernandes,pt POR,MF,Manchester Utd,eng Premier League,30.0,1994.0,35,35,3063.0,34.0,9,21,30,5,4,6,5,0,0.26,0.62,0.88,0.15,0.76,Matches,9,85,24,28.2,2.5,0.71,0.11,0.38,4,6,Matches,,,,,,,,,,,,,,,21,,,,,,Matches,,35,,,,,,,,,,,21,,,,Matches,,,,,,,,,,,,,,,,,,,,,Matches
874,Mateus Fernandes,pt POR,MF,West Ham,eng Premier League,21.0,2004.0,36,35,3016.0,33.5,3,4,7,3,0,0,7,0,0.09,0.12,0.21,0.09,0.21,Matches,3,28,8,28.6,0.84,0.24,0.11,0.38,0,0,Matches,,,,,,,,,,,,,,,4,,,,,,Matches,,67,,,,,,,,,,,36,,,,Matches,,,,,,,,,,,,,,,,,,,,,Matches
877,Dro Fernández,es ESP,MF,PSG,fr Ligue 1,17.0,2008.0,12,7,682.0,7.6,1,0,1,1,0,0,0,0,0.13,0.0,0.13,0.13,0.13,Matches,1,9,3,33.3,1.19,0.4,0.11,0.33,0,0,Matches,,,,,,,,,,,,,,,0,,,,,,Matches,,5,,,,,,,,,,,9,,,,Matches,,,,,,,,,,,,,,,,,,,,,Matches
878,Enzo Fernández,ar ARG,MF,Chelsea,eng Premier League,24.0,2001.0,36,35,3115.0,34.6,10,4,14,8,2,2,10,0,0.29,0.12,0.4,0.23,0.35,Matches,10,72,31,43.1,2.08,0.9,0.14,0.32,2,2,Matches,,,,,,,,,,,,,,,4,,,,,,Matches,,24,,,,,,,,,,,20,,,,Matches,,,,,,,,,,,,,,,,,,,,,Matches
879,Ezequiél Fernández,ar ARG,MF,Leverkusen,de Bundesliga,23.0,2002.0,20,12,984.0,10.9,0,1,1,0,0,0,4,1,0.0,0.09,0.09,0.0,0.09,Matches,0,11,1,9.1,1.01,0.09,0.0,0.0,0,0,Matches,,,,,,,,,,,,,,,1,,,,,,Matches,,17,,,,,,,,,,,14,,,,Matches,,,,,,,,,,,,,,,,,,,,,Matches
880,Manu Fernández,es ESP,DF,Celta Vigo,es La Liga,24.0,2001.0,14,9,758.0,8.4,0,0,0,0,0,0,2,0,0.0,0.0,0.0,0.0,0.0,Matches,0,2,0,0.0,0.24,0.0,0.0,,0,0,Matches,,,,,,,,,,,,,,,0,,,,,,Matches,,9,,,,,,,,,,,7,,,,Matches,,,,,,,,,,,,,,,,,,,,,Matches
882,Roberto Férnandez,es ESP,FW,Espanyol,es La Liga,23.0,2002.0,38,25,2382.0,26.5,7,3,10,6,1,1,3,0,0.26,0.11,0.38,0.23,0.34,Matches,7,59,23,39.0,2.23,0.87,0.12,0.3,1,1,Matches,,,,,,,,,,,,,,,3,,,,,,Matches,,5,,,,,,,,,,,6,,,,Matches,,,,,,,,,,,,,,,,,,,,,Matches
883,Thiago Fernández,ar ARG,"MF,FW",Oviedo,es La Liga,21.0,2004.0,16,9,817.0,9.1,0,4,4,0,0,0,4,0,0.0,0.44,0.44,0.0,0.44,Matches,0,13,5,38.5,1.43,0.55,0.0,0.0,0,0,Matches,,,,,,,,,,,,,,,4,,,,,,Matches,,7,,,,,,,,,,,5,,,,Matches,,,,,,,,,,,,,,,,,,,,,Matches
885,Matias Fernandez-Pardo,be BEL,"FW,MF",Lille,fr Ligue 1,20.0,2005.0,29,27,2370.0,26.3,8,5,13,6,2,2,5,0,0.3,0.19,0.49,0.23,0.42,Matches,8,68,30,44.1,2.58,1.14,0.12,0.27,2,2,Matches,,,,,,,,,,,,,,,5,,,,,,Matches,,14,,,,,,,,,,,8,,,,Matches,,,,,,,,,,,,,,,,,,,,,Matches
886,Álvaro Fidalgo,mx MEX,MF,Real Betis,es La Liga,28.0,1997.0,9,8,542.0,6.0,1,0,1,1,0,0,0,0,0.17,0.0,0.17,0.17,0.17,Matches,1,4,2,50.0,0.66,0.33,0.25,0.5,0,0,Matches,,,,,,,,,,,,,,,0,,,,,,Matches,,5,,,,,,,,,,,4,,,,Matches,,,,,,,,,,,,,,,,,,,,,Matches
888,Max Finkgräfe,de GER,DF,RB Leipzig,de Bundesliga,21.0,2004.0,13,5,504.0,5.6,1,1,2,1,0,0,2,0,0.18,0.18,0.36,0.18,0.36,Matches,1,4,2,50.0,0.71,0.36,0.25,0.5,0,0,Matches,,,,,,,,,,,,,,,1,,,,,,Matches,,12,,,,,,,,,,,8,,,,Matches,,,,,,,,,,,,,,,,,,,,,Matches
889,Junior Firpo,do DOM,DF,Real Betis,es La Liga,28.0,1996.0,12,10,827.0,9.2,0,1,1,0,0,0,2,0,0.0,0.11,0.11,0.0,0.11,Matches,0,5,0,0.0,0.54,0.0,0.0,,0,0,Matches,,,,,,,,,,,,,,,1,,,,,,Matches,,14,,,,,,,,,,,10,,,,Matches,,,,,,,,,,,,,,,,,,,,,Matches
890,Jonathan Fischer,dk DEN,GK,Metz,fr Ligue 1,23.0,2001.0,27,26,2354.0,26.2,0,0,0,0,0,0,0,0,0.0,0.0,0.0,0.0,0.0,Matches,0,0,0,,0.0,0.0,,,0,0,Matches,,,,,,,,,,,,,,,0,,,,,,Matches,,0,,,,,,,,,,,0,,,,Matches,,,,,,,,,,,,,,,,,,,,,Matches
891,Kilian Fischer,de GER,DF,Wolfsburg,de Bundesliga,24.0,2000.0,11,10,800.0,8.9,0,0,0,0,0,0,0,0,0.0,0.0,0.0,0.0,0.0,Matches,0,2,0,0.0,0.23,0.0,0.0,,0,0,Matches,,,,,,,,,,,,,,,0,,,,,,Matches,,13,,,,,,,,,,,12,,,,Matches,,,,,,,,,,,,,,,,,,,,,Matches
892,Mark Flekken,nl NED,GK,Leverkusen,de Bundesliga,32.0,1993.0,24,24,2129.0,23.7,0,0,0,0,0,0,2,0,0.0,0.0,0.0,0.0,0.0,Matches,0,0,0,,0.0,0.0,,,0,0,Matches,,,,,,,,,,,,,,,0,,,,,,Matches,,0,,,,,,,,,,,0,,,,Matches,,,,,,,,,,,,,,,,,,,,,Matches
893,Zian Flemming,nl NED,FW,Burnley,eng Premier League,26.0,1998.0,29,21,1769.0,19.7,11,0,11,9,2,2,5,0,0.56,0.0,0.56,0.46,0.46,Matches,11,52,21,40.4,2.65,1.07,0.21,0.52,2,2,Matches,,,,,,,,,,,,,,,0,,,,,,Matches,,10,,,,,,,,,,,6,,,,Matches,,,,,,,,,,,,,,,,,,,,,Matches
896,Romano Floriani,it ITA,MF,Cremonese,it Serie A,22.0,2003.0,28,12,1168.0,13.0,0,1,1,0,0,0,2,0,0.0,0.08,0.08,0.0,0.08,Matches,0,5,1,20.0,0.39,0.08,0.0,0.0,0,0,Matches,,,,,,,,,,,,,,,1,,,,,,Matches,,14,,,,,,,,,,,6,,,,Matches,,,,,,,,,,,,,,,,,,,,,Matches
897,Phil Foden,eng ENG,MF,Manchester City,eng Premier League,25.0,2000.0,33,23,2086.0,23.2,7,5,12,7,0,0,4,0,0.3,0.22,0.52,0.3,0.52,Matches,7,55,19,34.5,2.37,0.82,0.13,0.37,0,0,Matches,,,,,,,,,,,,,,,5,,,,,,Matches,,16,,,,,,,,,,,10,,,,Matches,,,,,,,,,,,,,,,,,,,,,Matches
898,Malick Fofana,be BEL,"MF,FW",Lyon,fr Ligue 1,20.0,2005.0,12,9,749.0,8.3,2,1,3,2,0,0,1,0,0.24,0.12,0.36,0.24,0.36,Matches,2,19,9,47.4,2.28,1.08,0.11,0.22,0,0,Matches,,,,,,,,,,,,,,,1,,,,,,Matches,,5,,,,,,,,,,,3,,,,Matches,,,,,,,,,,,,,,,,,,,,,Matches
899,Rayan Fofana,fr FRA,"FW,MF",Lens,fr Ligue 1,19.0,2006.0,25,7,798.0,8.9,5,0,5,5,0,0,0,0,0.56,0.0,0.56,0.56,0.56,Matches,5,36,12,33.3,4.06,1.35,0.14,0.42,0,0,Matches,,,,,,,,,,,,,,,0,,,,,,Matches,,4,,,,,,,,,,,1,,,,Matches,,,,,,,,,,,,,,,,,,,,,Matches
901,Seko Fofana,ci CIV,MF,Rennes,fr Ligue 1,30.0,1995.0,12,7,655.0,7.3,1,0,1,1,0,0,0,0,0.14,0.0,0.14,0.14,0.14,Matches,1,9,3,33.3,1.24,0.41,0.11,0.33,0,0,Matches,,,,,,,,,,,,,,,0,,,,,,Matches,,2,,,,,,,,,,,3,,,,Matches,,,,,,,,,,,,,,,,,,,,,Matches
902,Wesley Fofana,fr FRA,DF,Chelsea,eng Premier League,24.0,2000.0,25,20,1722.0,19.1,0,1,1,0,0,0,9,2,0.0,0.05,0.05,0.0,0.05,Matches,0,8,1,12.5,0.42,0.05,0.0,0.0,0,0,Matches,,,,,,,,,,,,,,,1,,,,,,Matches,,11,,,,,,,,,,,38,,,,Matches,,,,,,,,,,,,,,,,,,,,,Matches
903,Youssouf Fofana,fr FRA,MF,Milan,it Serie A,26.0,1999.0,33,28,2203.0,24.5,2,3,5,2,0,0,4,0,0.08,0.12,0.2,0.08,0.2,Matches,2,45,18,40.0,1.84,0.74,0.04,0.11,0,0,Matches,,,,,,,,,,,,,,,3,,,,,,Matches,,19,,,,,,,,,,,19,,,,Matches,,,,,,,,,,,,,,,,,,,,,Matches
904,Jonas Föhrenbach,de GER,"DF,MF",Heidenheim,de Bundesliga,29.0,1996.0,27,25,2325.0,25.8,1,1,2,1,0,0,3,0,0.04,0.04,0.08,0.04,0.08,Matches,1,6,1,16.7,0.23,0.04,0.17,1.0,0,0,Matches,,,,,,,,,,,,,,,1,,,,,,Matches,,27,,,,,,,,,,,33,,,,Matches,,,,,,,,,,,,,,,,,,,,,Matches
905,Francesco Folino,it ITA,DF,Cremonese,it Serie A,23.0,2002.0,18,7,722.0,8.0,1,0,1,1,0,0,1,0,0.12,0.0,0.12,0.12,0.12,Matches,1,2,1,50.0,0.25,0.12,0.5,1.0,0,0,Matches,,,,,,,,,,,,,,,0,,,,,,Matches,,4,,,,,,,,,,,2,,,,Matches,,,,,,,,,,,,,,,,,,,,,Matches
906,Michael Folorunsho,it ITA,"MF,FW",Cagliari,it Serie A,27.0,1998.0,27,24,1999.0,22.2,2,0,2,2,0,0,3,0,0.09,0.0,0.09,0.09,0.09,Matches,2,36,9,25.0,1.62,0.41,0.06,0.22,0,0,Matches,,,,,,,,,,,,,,,0,,,,,,Matches,,10,,,,,,,,,,,10,,,,Matches,,,,,,,,,,,,,,,,,,,,,Matches
907,Nicolas Fonseca,uy URU,MF,Oviedo,es La Liga,26.0,1998.0,19,12,1018.0,11.3,0,0,0,0,0,0,6,0,0.0,0.0,0.0,0.0,0.0,Matches,0,8,1,12.5,0.71,0.09,0.0,0.0,0,0,Matches,,,,,,,,,,,,,,,0,,,,,,Matches,,25,,,,,,,,,,,17,,,,Matches,,,,,,,,,,,,,,,,,,,,,Matches
909,Pablo Fornals,es ESP,MF,Real Betis,es La Liga,29.0,1996.0,37,34,2848.0,31.6,9,6,15,9,0,0,2,0,0.28,0.19,0.47,0.28,0.47,Matches,9,43,18,41.9,1.36,0.57,0.21,0.5,0,0,Matches,,,,,,,,,,,,,,,6,,,,,,Matches,,26,,,,,,,,,,,34,,,,Matches,,,,,,,,,,,,,,,,,,,,,Matches
910,Héctor Fort,es ESP,"DF,MF",Elche,es La Liga,18.0,2006.0,14,7,482.0,5.4,2,2,4,2,0,0,0,0,0.37,0.37,0.75,0.37,0.75,Matches,2,12,5,41.7,2.24,0.93,0.17,0.4,0,0,Matches,,,,,,,,,,,,,,,2,,,,,,Matches,,3,,,,,,,,,,,5,,,,Matches,,,,,,,,,,,,,,,,,,,,,Matches
911,Niccolò Fortini,it ITA,MF,Fiorentina,it Serie A,19.0,2006.0,16,2,541.0,6.0,0,0,0,0,0,0,0,0,0.0,0.0,0.0,0.0,0.0,Matches,0,8,2,25.0,1.33,0.33,0.0,0.0,0,0,Matches,,,,,,,,,,,,,,,0,,,,,,Matches,,9,,,,,,,,,,,4,,,,Matches,,,,,,,,,,,,,,,,,,,,,Matches
913,Lyle Foster,za RSA,"FW,MF",Burnley,eng Premier League,24.0,2000.0,26,15,1371.0,15.2,3,2,5,3,0,0,4,0,0.2,0.13,0.33,0.2,0.33,Matches,3,20,6,30.0,1.31,0.39,0.15,0.5,0,0,Matches,,,,,,,,,,,,,,,2,,,,,,Matches,,12,,,,,,,,,,,4,,,,Matches,,,,,,,,,,,,,,,,,,,,,Matches
914,Dimitri Foulquier,fr FRA,DF,Valencia,es La Liga,32.0,1993.0,15,12,1150.0,12.8,0,0,0,0,0,0,1,0,0.0,0.0,0.0,0.0,0.0,Matches,0,6,1,16.7,0.47,0.08,0.0,0.0,0,0,Matches,,,,,,,,,,,,,,,0,,,,,,Matches,,9,,,,,,,,,,,8,,,,Matches,,,,,,,,,,,,,,,,,,,,,Matches
915,Juan Foyth,ar ARG,DF,Villarreal,es La Liga,27.0,1998.0,13,12,934.0,10.4,0,0,0,0,0,0,2,0,0.0,0.0,0.0,0.0,0.0,Matches,0,2,0,0.0,0.19,0.0,0.0,,0,0,Matches,,,,,,,,,,,,,,,0,,,,,,Matches,,13,,,,,,,,,,,15,,,,Matches,,,,,,,,,,,,,,,,,,,,,Matches
916,Alejandro Francés,es ESP,DF,Girona,es La Liga,22.0,2002.0,24,11,1116.0,12.4,0,2,2,0,0,0,2,1,0.0,0.16,0.16,0.0,0.16,Matches,0,16,4,25.0,1.29,0.32,0.0,0.0,0,0,Matches,,,,,,,,,,,,,,,2,,,,,,Matches,,15,,,,,,,,,,,16,,,,Matches,,,,,,,,,,,,,,,,,,,,,Matches
918,Przemysław Frankowski,pl POL,"MF,DF",Rennes,fr Ligue 1,30.0,1995.0,19,15,1210.0,13.4,1,2,3,1,0,0,5,0,0.07,0.15,0.22,0.07,0.22,Matches,1,9,3,33.3,0.67,0.22,0.11,0.33,0,0,Matches,,,,,,,,,,,,,,,2,,,,,,Matches,,25,,,,,,,,,,,9,,,,Matches,,,,,,,,,,,,,,,,,,,,,Matches
919,Davide Frattesi,it ITA,MF,Inter,it Serie A,25.0,1999.0,22,3,569.0,6.3,0,0,0,0,0,0,0,0,0.0,0.0,0.0,0.0,0.0,Matches,0,16,4,25.0,2.53,0.63,0.0,0.0,0,0,Matches,,,,,,,,,,,,,,,0,,,,,,Matches,,7,,,,,,,,,,,3,,,,Matches,,,,,,,,,,,,,,,,,,,,,Matches
923,Morten Frendrup,dk DEN,MF,Genoa,it Serie A,24.0,2001.0,36,35,3081.0,34.2,1,0,1,1,0,0,5,0,0.03,0.0,0.03,0.03,0.03,Matches,1,8,3,37.5,0.23,0.09,0.13,0.33,0,0,Matches,,,,,,,,,,,,,,,0,,,,,,Matches,,71,,,,,,,,,,,41,,,,Matches,,,,,,,,,,,,,,,,,,,,,Matches
924,Martin Frese,dk DEN,"MF,DF",Hellas Verona,it Serie A,27.0,1998.0,31,27,2408.0,26.8,2,0,2,2,0,0,8,0,0.07,0.0,0.07,0.07,0.07,Matches,2,21,11,52.4,0.78,0.41,0.1,0.18,0,0,Matches,,,,,,,,,,,,,,,0,,,,,,Matches,,54,,,,,,,,,,,30,,,,Matches,,,,,,,,,,,,,,,,,,,,,Matches
925,Remo Freuler,ch SUI,MF,Bologna,it Serie A,33.0,1992.0,29,26,2213.0,24.6,1,2,3,1,0,0,5,0,0.04,0.08,0.12,0.04,0.12,Matches,1,8,1,12.5,0.33,0.04,0.13,1.0,0,0,Matches,,,,,,,,,,,,,,,2,,,,,,Matches,,31,,,,,,,,,,,22,,,,Matches,,,,,,,,,,,,,,,,,,,,,Matches
926,Marco Friedl,at AUT,DF,Werder Bremen,de Bundesliga,27.0,1998.0,30,29,2546.0,28.3,1,0,1,1,0,0,9,1,0.04,0.0,0.04,0.04,0.04,Matches,1,8,2,25.0,0.28,0.07,0.13,0.5,0,0,Matches,,,,,,,,,,,,,,,0,,,,,,Matches,,24,,,,,,,,,,,35,,,,Matches,,,,,,,,,,,,,,,,,,,,,Matches
928,Jeremie Frimpong,nl NED,"DF,MF",Liverpool,eng Premier League,24.0,2000.0,21,12,1040.0,11.6,0,1,1,0,0,0,1,0,0.0,0.09,0.09,0.0,0.09,Matches,0,10,2,20.0,0.87,0.17,0.0,0.0,0,0,Matches,,,,,,,,,,,,,,,1,,,,,,Matches,,9,,,,,,,,,,,6,,,,Matches,,,,,,,,,,,,,,,,,,,,,Matches
929,Jorge de Frutos,es ESP,"FW,MF",Rayo Vallecano,es La Liga,28.0,1997.0,36,31,2463.0,27.4,10,1,11,9,1,1,3,0,0.37,0.04,0.4,0.33,0.37,Matches,10,62,28,45.2,2.27,1.02,0.16,0.36,1,1,Matches,,,,,,,,,,,,,,,1,,,,,,Matches,,16,,,,,,,,,,,11,,,,Matches,,,,,,,,,,,,,,,,,,,,,Matches
930,Chris Führich,de GER,MF,Stuttgart,de Bundesliga,27.0,1998.0,33,20,1698.0,18.9,7,7,14,7,0,0,2,0,0.37,0.37,0.74,0.37,0.74,Matches,7,45,23,51.1,2.39,1.22,0.16,0.3,0,0,Matches,,,,,,,,,,,,,,,7,,,,,,Matches,,9,,,,,,,,,,,3,,,,Matches,,,,,,,,,,,,,,,,,,,,,Matches
931,Joel Fujita,jp JPN,MF,St Pauli,de Bundesliga,23.0,2002.0,32,31,2665.0,29.6,1,3,4,1,0,0,6,0,0.03,0.1,0.14,0.03,0.14,Matches,1,32,7,21.9,1.08,0.24,0.03,0.14,0,0,Matches,,,,,,,,,,,,,,,3,,,,,,Matches,,36,,,,,,,,,,,34,,,,Matches,,,,,,,,,,,,,,,,,,,,,Matches
933,Niclas Füllkrug,de GER,FW,Milan,it Serie A,32.0,1993.0,20,3,659.0,7.3,1,0,1,1,0,1,0,0,0.14,0.0,0.14,0.14,0.14,Matches,1,16,5,31.3,2.19,0.68,0.06,0.2,0,1,Matches,,,,,,,,,,,,,,,0,,,,,,Matches,,2,,,,,,,,,,,3,,,,Matches,,,,,,,,,,,,,,,,,,,,,Matches
936,Matteo Gabbia,it ITA,DF,Milan,it Serie A,25.0,1999.0,30,28,2530.0,28.1,0,0,0,0,0,0,4,0,0.0,0.0,0.0,0.0,0.0,Matches,0,19,3,15.8,0.68,0.11,0.0,0.0,0,0,Matches,,,,,,,,,,,,,,,0,,,,,,Matches,,14,,,,,,,,,,,13,,,,Matches,,,,,,,,,,,,,,,,,,,,,Matches
937,Tiago Gabriel,pt POR,DF,Lecce,it Serie A,20.0,2004.0,37,36,3219.0,35.8,2,0,2,2,0,0,7,0,0.06,0.0,0.06,0.06,0.06,Matches,2,20,4,20.0,0.56,0.11,0.1,0.5,0,0,Matches,,,,,,,,,,,,,,,0,,,,,,Matches,,40,,,,,,,,,,,46,,,,Matches,,,,,,,,,,,,,,,,,,,,,Matches
938,Gianluca Gaetano,it ITA,"MF,FW",Cagliari,it Serie A,25.0,2000.0,33,21,1912.0,21.2,2,4,6,2,0,0,4,0,0.09,0.19,0.28,0.09,0.28,Matches,2,34,11,32.4,1.6,0.52,0.06,0.18,0,0,Matches,,,,,,,,,,,,,,,4,,,,,,Matches,,15,,,,,,,,,,,23,,,,Matches,,,,,,,,,,,,,,,,,,,,,Matches
939,Roberto Gagliardini,it ITA,MF,Hellas Verona,it Serie A,31.0,1994.0,29,25,2272.0,25.2,1,0,1,1,0,0,9,0,0.04,0.0,0.04,0.04,0.04,Matches,1,15,3,20.0,0.59,0.12,0.07,0.33,0,0,Matches,,,,,,,,,,,,,,,0,,,,,,Matches,,40,,,,,,,,,,,56,,,,Matches,,,,,,,,,,,,,,,,,,,,,Matches
940,Cody Gakpo,nl NED,"MF,FW",Liverpool,eng Premier League,26.0,1999.0,36,32,2737.0,30.4,7,5,12,7,0,0,3,0,0.23,0.16,0.39,0.23,0.39,Matches,7,87,21,24.1,2.86,0.69,0.08,0.33,0,0,Matches,,,,,,,,,,,,,,,5,,,,,,Matches,,15,,,,,,,,,,,12,,,,Matches,,,,,,,,,,,,,,,,,,,,,Matches
941,Javi Galán,es ESP,DF,Osasuna,es La Liga,30.0,1994.0,20,19,1672.0,18.6,0,1,1,0,0,0,3,0,0.0,0.05,0.05,0.0,0.05,Matches,0,6,1,16.7,0.32,0.05,0.0,0.0,0,0,Matches,,,,,,,,,,,,,,,1,,,,,,Matches,,30,,,,,,,,,,,27,,,,Matches,,,,,,,,,,,,,,,,,,,,,Matches
943,Iñigo Ruiz de Galarreta,es ESP,MF,Athletic Club,es La Liga,31.0,1993.0,34,30,2206.0,24.5,1,2,3,1,0,0,10,0,0.04,0.08,0.12,0.04,0.12,Matches,1,20,2,10.0,0.82,0.08,0.05,0.5,0,0,Matches,,,,,,,,,,,,,,,2,,,,,,Matches,,32,,,,,,,,,,,24,,,,Matches,,,,,,,,,,,,,,,,,,,,,Matches
944,Conor Gallagher,eng ENG,MF,Tottenham,eng Premier League,25.0,2000.0,16,14,1184.0,13.2,1,1,2,1,0,0,2,0,0.08,0.08,0.15,0.08,0.15,Matches,1,11,4,36.4,0.84,0.3,0.09,0.25,0,0,Matches,,,,,,,,,,,,,,,1,,,,,,Matches,,14,,,,,,,,,,,18,,,,Matches,,,,,,,,,,,,,,,,,,,,,Matches
945,Conor Gallagher,eng ENG,MF,Atlético Madrid,es La Liga,25.0,2000.0,19,4,679.0,7.5,2,0,2,2,0,0,2,0,0.27,0.0,0.27,0.27,0.27,Matches,2,13,5,38.5,1.72,0.66,0.15,0.4,0,0,Matches,,,,,,,,,,,,,,,0,,,,,,Matches,,12,,,,,,,,,,,11,,,,Matches,,,,,,,,,,,,,,,,,,,,,Matches
946,Antonino Gallo,it ITA,DF,Lecce,it Serie A,25.0,2000.0,37,34,3056.0,34.0,0,4,4,0,0,0,3,0,0.0,0.12,0.12,0.0,0.12,Matches,0,6,1,16.7,0.18,0.03,0.0,0.0,0,0,Matches,,,,,,,,,,,,,,,4,,,,,,Matches,,37,,,,,,,,,,,15,,,,Matches,,,,,,,,,,,,,,,,,,,,,Matches
947,Ignatius Ganago,cm CMR,FW,Nantes,fr Ligue 1,26.0,1999.0,13,10,839.0,9.3,3,1,4,2,1,1,1,0,0.32,0.11,0.43,0.21,0.32,Matches,3,23,7,30.4,2.47,0.75,0.13,0.43,1,1,Matches,,,,,,,,,,,,,,,1,,,,,,Matches,,3,,,,,,,,,,,2,,,,Matches,,,,,,,,,,,,,,,,,,,,,Matches
948,Omri Gandelman,il ISR,"MF,FW",Lecce,it Serie A,25.0,2000.0,19,10,975.0,10.8,2,1,3,2,0,0,0,0,0.18,0.09,0.28,0.18,0.28,Matches,2,10,3,30.0,0.92,0.28,0.2,0.67,0,0,Matches,,,,,,,,,,,,,,,1,,,,,,Matches,,6,,,,,,,,,,,4,,,,Matches,,,,,,,,,,,,,,,,,,,,,Matches
949,Ismaëlo Ganiou,fr FRA,DF,Lens,fr Ligue 1,20.0,2005.0,23,22,2014.0,22.4,3,0,3,3,0,0,4,1,0.13,0.0,0.13,0.13,0.13,Matches,3,22,4,18.2,0.98,0.18,0.14,0.75,0,0,Matches,,,,,,,,,,,,,,,0,,,,,,Matches,,27,,,,,,,,,,,29,,,,Matches,,,,,,,,,,,,,,,,,,,,,Matches
951,Facundo Garcés,my MAS,DF,Alavés,es La Liga,25.0,1999.0,10,8,793.0,8.8,0,0,0,0,0,0,3,0,0.0,0.0,0.0,0.0,0.0,Matches,0,8,4,50.0,0.91,0.45,0.0,0.0,0,0,Matches,,,,,,,,,,,,,,,0,,,,,,Matches,,8,,,,,,,,,,,7,,,,Matches,,,,,,,,,,,,,,,,,,,,,Matches
952,Aleix García,es ESP,MF,Leverkusen,de Bundesliga,28.0,1997.0,33,31,2667.0,29.6,3,8,11,3,0,0,6,0,0.1,0.27,0.37,0.1,0.37,Matches,3,30,5,16.7,1.01,0.17,0.1,0.6,0,0,Matches,,,,,,,,,,,,,,,8,,,,,,Matches,,20,,,,,,,,,,,22,,,,Matches,,,,,,,,,,,,,,,,,,,,,Matches
953,Álvaro García,es ESP,"MF,FW",Rayo Vallecano,es La Liga,32.0,1992.0,32,23,2101.0,23.3,4,5,9,4,0,0,3,0,0.17,0.21,0.39,0.17,0.39,Matches,4,47,19,40.4,2.01,0.81,0.09,0.21,0,0,Matches,,,,,,,,,,,,,,,5,,,,,,Matches,,15,,,,,,,,,,,14,,,,Matches,,,,,,,,,,,,,,,,,,,,,Matches
956,Eric García,es ESP,"DF,MF",Barcelona,es La Liga,24.0,2001.0,34,32,2721.0,30.2,1,1,2,1,0,0,6,0,0.03,0.03,0.07,0.03,0.07,Matches,1,25,7,28.0,0.83,0.23,0.04,0.14,0,0,Matches,,,,,,,,,,,,,,,1,,,,,,Matches,,44,,,,,,,,,,,50,,,,Matches,,,,,,,,,,,,,,,,,,,,,Matches
957,Fran Garcia,es ESP,"DF,MF",Real Madrid,es La Liga,25.0,1999.0,13,10,929.0,10.3,1,1,2,1,0,0,2,1,0.1,0.1,0.19,0.1,0.19,Matches,1,6,2,33.3,0.58,0.19,0.17,0.5,0,0,Matches,,,,,,,,,,,,,,,1,,,,,,Matches,,12,,,,,,,,,,,6,,,,Matches,,,,,,,,,,,,,,,,,,,,,Matches
958,Gonzalo García,es ESP,FW,Real Madrid,es La Liga,21.0,2004.0,30,9,964.0,10.7,6,1,7,6,0,0,2,0,0.56,0.09,0.65,0.56,0.65,Matches,6,21,11,52.4,1.96,1.03,0.29,0.55,0,0,Matches,,,,,,,,,,,,,,,1,,,,,,Matches,,7,,,,,,,,,,,2,,,,Matches,,,,,,,,,,,,,,,,,,,,,Matches
960,Joan García,es ESP,GK,Barcelona,es La Liga,24.0,2001.0,30,30,2700.0,30.0,0,0,0,0,0,0,1,0,0.0,0.0,0.0,0.0,0.0,Matches,0,0,0,,0.0,0.0,,,0,0,Matches,,,,,,,,,,,,,,,0,,,,,,Matches,,4,,,,,,,,,,,1,,,,Matches,,,,,,,,,,,,,,,,,,,,,Matches
962,Rubén García,es ESP,"MF,FW",Osasuna,es La Liga,32.0,1993.0,35,28,2229.0,24.8,2,5,7,2,0,0,6,0,0.08,0.2,0.28,0.08,0.28,Matches,2,31,10,32.3,1.25,0.4,0.06,0.2,0,0,Matches,,,,,,,,,,,,,,,5,,,,,,Matches,,31,,,,,,,,,,,17,,,,Matches,,,,,,,,,,,,,,,,,,,,,Matches
964,Ulisses Garcia,ch SUI,DF,Sassuolo,it Serie A,29.0,1996.0,13,10,943.0,10.5,1,2,3,1,0,0,3,0,0.1,0.19,0.29,0.1,0.29,Matches,1,2,1,50.0,0.19,0.1,0.5,1.0,0,0,Matches,,,,,,,,,,,,,,,2,,,,,,Matches,,10,,,,,,,,,,,8,,,,Matches,,,,,,,,,,,,,,,,,,,,,Matches
965,Víctor García,es ESP,"MF,FW",Levante,es La Liga,27.0,1997.0,21,12,1040.0,11.6,2,1,3,2,0,0,1,0,0.17,0.09,0.26,0.17,0.26,Matches,2,19,8,42.1,1.64,0.69,0.11,0.25,0,0,Matches,,,,,,,,,,,,,,,1,,,,,,Matches,,15,,,,,,,,,,,7,,,,Matches,,,,,,,,,,,,,,,,,,,,,Matches
966,Alejandro Garnacho,ar ARG,MF,Chelsea,eng Premier League,21.0,2004.0,24,14,1268.0,14.1,1,4,5,1,0,0,2,0,0.07,0.28,0.35,0.07,0.35,Matches,1,33,7,21.2,2.34,0.5,0.03,0.14,0,0,Matches,,,,,,,,,,,,,,,4,,,,,,Matches,,13,,,,,,,,,,,4,,,,Matches,,,,,,,,,,,,,,,,,,,,,Matches
967,James Garner,eng ENG,"MF,DF",Everton,eng Premier League,24.0,2001.0,38,38,3413.0,37.9,2,7,9,2,0,0,12,0,0.05,0.18,0.24,0.05,0.24,Matches,2,45,14,31.1,1.19,0.37,0.04,0.14,0,0,Matches,,,,,,,,,,,,,,,7,,,,,,Matches,,72,,,,,,,,,,,57,,,,Matches,,,,,,,,,,,,,,,,,,,,,Matches
969,Federico Gatti,it ITA,DF,Juventus,it Serie A,27.0,1998.0,21,12,1093.0,12.1,2,0,2,2,0,0,3,0,0.16,0.0,0.16,0.16,0.16,Matches,2,14,6,42.9,1.15,0.49,0.14,0.33,0,0,Matches,,,,,,,,,,,,,,,0,,,,,,Matches,,10,,,,,,,,,,,12,,,,Matches,,,,,,,,,,,,,,,,,,,,,Matches
971,Gavi,es ESP,MF,Barcelona,es La Liga,20.0,2004.0,11,7,573.0,6.4,0,1,1,0,0,0,3,0,0.0,0.16,0.16,0.0,0.16,Matches,0,0,0,,0.0,0.0,,,0,0,Matches,,,,,,,,,,,,,,,1,,,,,,Matches,,8,,,,,,,,,,,3,,,,Matches,,,,,,,,,,,,,,,,,,,,,Matches
973,Paulo Gazzaniga,ar ARG,GK,Girona,es La Liga,33.0,1992.0,35,35,3102.0,34.5,0,0,0,0,0,0,4,1,0.0,0.0,0.0,0.0,0.0,Matches,0,0,0,,0.0,0.0,,,0,0,Matches,,,,,,,,,,,,,,,0,,,,,,Matches,,1,,,,,,,,,,,0,,,,Matches,,,,,,,,,,,,,,,,,,,,,Matches
974,Jean-Philippe Gbamin,ci CIV,"DF,MF",Metz,fr Ligue 1,29.0,1995.0,31,30,2485.0,27.6,1,1,2,1,0,0,2,1,0.04,0.04,0.07,0.04,0.07,Matches,1,14,7,50.0,0.51,0.25,0.07,0.14,0,0,Matches,,,,,,,,,,,,,,,1,,,,,,Matches,,27,,,,,,,,,,,27,,,,Matches,,,,,,,,,,,,,,,,,,,,,Matches
975,Yann Gboho,fr FRA,"MF,FW",Toulouse,fr Ligue 1,24.0,2001.0,31,30,2601.0,28.9,8,3,11,8,0,0,1,1,0.28,0.1,0.38,0.28,0.38,Matches,8,57,16,28.1,1.97,0.55,0.14,0.5,0,0,Matches,,,,,,,,,,,,,,,3,,,,,,Matches,,19,,,,,,,,,,,13,,,,Matches,,,,,,,,,,,,,,,,,,,,,Matches
976,David de Gea,es ESP,GK,Fiorentina,it Serie A,34.0,1990.0,37,37,3330.0,37.0,0,0,0,0,0,0,0,0,0.0,0.0,0.0,0.0,0.0,Matches,0,0,0,,0.0,0.0,,,0,0,Matches,,,,,,,,,,,,,,,0,,,,,,Matches,,0,,,,,,,,,,,0,,,,Matches,,,,,,,,,,,,,,,,,,,,,Matches
977,Lutsharel Geertruida,nl NED,"DF,MF",Sunderland,eng Premier League,25.0,2000.0,28,17,1693.0,18.8,0,0,0,0,0,0,2,0,0.0,0.0,0.0,0.0,0.0,Matches,0,11,3,27.3,0.58,0.16,0.0,0.0,0,0,Matches,,,,,,,,,,,,,,,0,,,,,,Matches,,22,,,,,,,,,,,20,,,,Matches,,,,,,,,,,,,,,,,,,,,,Matches
981,Yannick Gerhardt,de GER,MF,Wolfsburg,de Bundesliga,31.0,1994.0,19,12,1068.0,11.9,1,0,1,1,0,0,1,0,0.08,0.0,0.08,0.08,0.08,Matches,1,11,1,9.1,0.93,0.08,0.09,1.0,0,0,Matches,,,,,,,,,,,,,,,0,,,,,,Matches,,8,,,,,,,,,,,10,,,,Matches,,,,,,,,,,,,,,,,,,,,,Matches
982,Willem Geubbels,fr FRA,FW,Paris FC,fr Ligue 1,23.0,2001.0,24,12,1013.0,11.3,5,0,5,4,1,1,0,0,0.44,0.0,0.44,0.36,0.36,Matches,5,30,9,30.0,2.67,0.8,0.17,0.56,1,1,Matches,,,,,,,,,,,,,,,0,,,,,,Matches,,2,,,,,,,,,,,6,,,,Matches,,,,,,,,,,,,,,,,,,,,,Matches
986,Daniele Ghilardi,it ITA,DF,Roma,it Serie A,22.0,2003.0,23,9,1097.0,12.2,0,0,0,0,0,0,1,0,0.0,0.0,0.0,0.0,0.0,Matches,0,3,0,0.0,0.25,0.0,0.0,,0,0,Matches,,,,,,,,,,,,,,,0,,,,,,Matches,,15,,,,,,,,,,,22,,,,Matches,,,,,,,,,,,,,,,,,,,,,Matches
988,Dimitris Giannoulis,gr GRE,MF,Augsburg,de Bundesliga,29.0,1995.0,27,25,1888.0,21.0,2,5,7,2,0,0,8,0,0.1,0.24,0.33,0.1,0.33,Matches,2,10,6,60.0,0.48,0.29,0.2,0.33,0,0,Matches,,,,,,,,,,,,,,,5,,,,,,Matches,,20,,,,,,,,,,,21,,,,Matches,,,,,,,,,,,,,,,,,,,,,Matches
989,Morgan Gibbs-White,eng ENG,MF,Nottingham,eng Premier League,25.0,2000.0,37,35,3097.0,34.4,15,4,19,14,1,1,1,0,0.44,0.12,0.55,0.41,0.52,Matches,15,83,32,38.6,2.41,0.93,0.18,0.47,1,1,Matches,,,,,,,,,,,,,,,4,,,,,,Matches,,16,,,,,,,,,,,12,,,,Matches,,,,,,,,,,,,,,,,,,,,,Matches
990,Bryan Gil,es ESP,"MF,FW",Girona,es La Liga,24.0,2001.0,29,20,1578.0,17.5,0,3,3,0,0,0,6,0,0.0,0.17,0.17,0.0,0.17,Matches,0,27,7,25.9,1.54,0.4,0.0,0.0,0,0,Matches,,,,,,,,,,,,,,,3,,,,,,Matches,,18,,,,,,,,,,,9,,,,Matches,,,,,,,,,,,,,,,,,,,,,Matches
991,Mario Gila,es ESP,DF,Lazio,it Serie A,24.0,2000.0,31,31,2472.0,27.5,0,0,0,0,0,0,4,1,0.0,0.0,0.0,0.0,0.0,Matches,0,12,3,25.0,0.44,0.11,0.0,0.0,0,0,Matches,,,,,,,,,,,,,,,0,,,,,,Matches,,34,,,,,,,,,,,26,,,,Matches,,,,,,,,,,,,,,,,,,,,,Matches
992,Billy Gilmour,sct SCO,MF,Napoli,it Serie A,24.0,2001.0,17,8,805.0,8.9,1,0,1,1,0,0,1,0,0.11,0.0,0.11,0.11,0.11,Matches,1,10,3,30.0,1.12,0.34,0.1,0.33,0,0,Matches,,,,,,,,,,,,,,,0,,,,,,Matches,,8,,,,,,,,,,,11,,,,Matches,,,,,,,,,,,,,,,,,,,,,Matches
993,Benedikt Gimber,de GER,DF,Heidenheim,de Bundesliga,28.0,1997.0,21,18,1436.0,16.0,0,0,0,0,0,0,6,0,0.0,0.0,0.0,0.0,0.0,Matches,0,4,1,25.0,0.25,0.06,0.0,0.0,0,0,Matches,,,,,,,,,,,,,,,0,,,,,,Matches,,21,,,,,,,,,,,15,,,,Matches,,,,,,,,,,,,,,,,,,,,,Matches
994,Santiago Giménez,mx MEX,FW,Milan,it Serie A,24.0,2001.0,16,11,892.0,9.9,0,1,1,0,0,0,2,0,0.0,0.1,0.1,0.0,0.1,Matches,0,27,9,33.3,2.72,0.91,0.0,0.0,0,0,Matches,,,,,,,,,,,,,,,1,,,,,,Matches,,5,,,,,,,,,,,1,,,,Matches,,,,,,,,,,,,,,,,,,,,,Matches
995,Gvidas Gineitis,lt LTU,MF,Torino,it Serie A,21.0,2004.0,29,23,1756.0,19.5,0,1,1,0,0,0,5,0,0.0,0.05,0.05,0.0,0.05,Matches,0,27,5,18.5,1.38,0.26,0.0,0.0,0,0,Matches,,,,,,,,,,,,,,,1,,,,,,Matches,,28,,,,,,,,,,,23,,,,Matches,,,,,,,,,,,,,,,,,,,,,Matches
996,Matthias Ginter,de GER,DF,Freiburg,de Bundesliga,31.0,1994.0,32,32,2833.0,31.5,3,3,6,3,0,0,3,0,0.1,0.1,0.19,0.1,0.19,Matches,3,19,7,36.8,0.6,0.22,0.16,0.43,0,0,Matches,,,,,,,,,,,,,,,3,,,,,,Matches,,14,,,,,,,,,,,22,,,,Matches,,,,,,,,,,,,,,,,,,,,,Matches
997,Giovane,br BRA,"FW,MF",Hellas Verona,it Serie A,21.0,2003.0,21,19,1533.0,17.0,3,4,7,3,0,0,2,0,0.18,0.23,0.41,0.18,0.41,Matches,3,47,25,53.2,2.76,1.47,0.06,0.12,0,0,Matches,,,,,,,,,,,,,,,4,,,,,,Matches,,9,,,,,,,,,,,5,,,,Matches,,,,,,,,,,,,,,,,,,,,,Matches
999,Olivier Giroud,fr FRA,FW,Lille,fr Ligue 1,38.0,1986.0,30,17,1609.0,17.9,7,1,8,4,3,4,2,0,0.39,0.06,0.45,0.22,0.28,Matches,7,41,16,39.0,2.29,0.89,0.17,0.44,3,4,Matches,,,,,,,,,,,,,,,1,,,,,,Matches,,8,,,,,,,,,,,4,,,,Matches,,,,,,,,,,,,,,,,,,,,,Matches
1000,Jamie Gittens,eng ENG,MF,Chelsea,eng Premier League,20.0,2004.0,16,5,495.0,5.5,0,2,2,0,0,0,0,0,0.0,0.36,0.36,0.0,0.36,Matches,0,10,2,20.0,1.82,0.36,0.0,0.0,0,0,Matches,,,,,,,,,,,,,,,2,,,,,,Matches,,4,,,,,,,,,,,2,,,,Matches,,,,,,,,,,,,,,,,,,,,,Matches
1001,Robert Glatzel,de GER,FW,Hamburger SV,de Bundesliga,31.0,1994.0,19,7,612.0,6.8,3,2,5,2,1,1,0,0,0.44,0.29,0.74,0.29,0.59,Matches,3,16,7,43.8,2.35,1.03,0.19,0.43,1,1,Matches,,,,,,,,,,,,,,,2,,,,,,Matches,,1,,,,,,,,,,,0,,,,Matches,,,,,,,,,,,,,,,,,,,,,Matches
1002,Serge Gnabry,de GER,MF,Bayern Munich,de Bundesliga,30.0,1995.0,21,16,1219.0,13.5,8,6,14,8,0,0,1,0,0.59,0.44,1.03,0.59,1.03,Matches,8,50,17,34.0,3.69,1.26,0.16,0.47,0,0,Matches,,,,,,,,,,,,,,,6,,,,,,Matches,,10,,,,,,,,,,,4,,,,Matches,,,,,,,,,,,,,,,,,,,,,Matches
1003,Wilfried Gnonto,it ITA,FW,Leeds United,eng Premier League,21.0,2003.0,23,4,537.0,6.0,0,1,1,0,0,0,3,0,0.0,0.17,0.17,0.0,0.17,Matches,0,10,0,0.0,1.68,0.0,0.0,,0,0,Matches,,,,,,,,,,,,,,,1,,,,,,Matches,,13,,,,,,,,,,,3,,,,Matches,,,,,,,,,,,,,,,,,,,,,Matches
1004,Giorgi Gocholeishvili,ge GEO,MF,Hamburger SV,de Bundesliga,24.0,2001.0,24,9,940.0,10.4,0,2,2,0,0,0,3,1,0.0,0.19,0.19,0.0,0.19,Matches,0,14,2,14.3,1.34,0.19,0.0,0.0,0,0,Matches,,,,,,,,,,,,,,,2,,,,,,Matches,,14,,,,,,,,,,,7,,,,Matches,,,,,,,,,,,,,,,,,,,,,Matches
1005,Martial Godo,ci CIV,MF,Strasbourg,fr Ligue 1,22.0,2003.0,28,18,1584.0,17.6,10,1,11,10,0,0,2,0,0.57,0.06,0.62,0.57,0.62,Matches,10,41,17,41.5,2.33,0.97,0.24,0.59,0,0,Matches,,,,,,,,,,,,,,,1,,,,,,Matches,,13,,,,,,,,,,,15,,,,Matches,,,,,,,,,,,,,,,,,,,,,Matches
1009,Aleksandr Golovin,ru RUS,MF,Monaco,fr Ligue 1,29.0,1996.0,25,21,1649.0,18.3,5,5,10,5,0,0,4,1,0.27,0.27,0.55,0.27,0.55,Matches,5,34,18,52.9,1.86,0.98,0.15,0.28,0,0,Matches,,,,,,,,,,,,,,,5,,,,,,Matches,,18,,,,,,,,,,,21,,,,Matches,,,,,,,,,,,,,,,,,,,,,Matches
1011,Angel Gomes,eng ENG,MF,Marseille,fr Ligue 1,24.0,2000.0,14,12,888.0,9.9,3,0,3,3,0,0,4,0,0.3,0.0,0.3,0.3,0.3,Matches,3,11,5,45.5,1.11,0.51,0.27,0.6,0,0,Matches,,,,,,,,,,,,,,,0,,,,,,Matches,,5,,,,,,,,,,,4,,,,Matches,,,,,,,,,,,,,,,,,,,,,Matches
1012,Angel Gomes,eng ENG,"MF,FW",Wolves,eng Premier League,24.0,2000.0,12,7,461.0,5.1,0,0,0,0,0,0,1,0,0.0,0.0,0.0,0.0,0.0,Matches,0,6,2,33.3,1.17,0.39,0.0,0.0,0,0,Matches,,,,,,,,,,,,,,,0,,,,,,Matches,,5,,,,,,,,,,,1,,,,Matches,,,,,,,,,,,,,,,,,,,,,Matches
1013,João Gomes,br BRA,MF,Wolves,eng Premier League,24.0,2001.0,35,32,2829.0,31.4,1,1,2,1,0,0,10,0,0.03,0.03,0.06,0.03,0.06,Matches,1,19,7,36.8,0.6,0.22,0.05,0.14,0,0,Matches,,,,,,,,,,,,,,,1,,,,,,Matches,,68,,,,,,,,,,,36,,,,Matches,,,,,,,,,,,,,,,,,,,,,Matches
1014,Rodrigo Gomes,pt POR,"MF,FW",Wolves,eng Premier League,22.0,2003.0,22,9,960.0,10.7,3,0,3,3,0,0,0,0,0.28,0.0,0.28,0.28,0.28,Matches,3,20,6,30.0,1.87,0.56,0.15,0.5,0,0,Matches,,,,,,,,,,,,,,,0,,,,,,Matches,,18,,,,,,,,,,,11,,,,Matches,,,,,,,,,,,,,,,,,,,,,Matches
1015,Toti Gomes,pt POR,DF,Wolves,eng Premier League,26.0,1999.0,19,17,1424.0,15.8,0,0,0,0,0,0,2,1,0.0,0.0,0.0,0.0,0.0,Matches,0,5,2,40.0,0.32,0.13,0.0,0.0,0,0,Matches,,,,,,,,,,,,,,,0,,,,,,Matches,,11,,,,,,,,,,,13,,,,Matches,,,,,,,,,,,,,,,,,,,,,Matches
1016,Diego Gómez,py PAR,"MF,FW",Brighton,eng Premier League,22.0,2003.0,32,26,2120.0,23.6,5,1,6,5,0,0,9,0,0.21,0.04,0.25,0.21,0.25,Matches,5,42,14,33.3,1.78,0.59,0.12,0.36,0,0,Matches,,,,,,,,,,,,,,,1,,,,,,Matches,,49,,,,,,,,,,,19,,,,Matches,,,,,,,,,,,,,,,,,,,,,Matches
1017,Joe Gomez,eng ENG,DF,Liverpool,eng Premier League,28.0,1997.0,21,7,607.0,6.7,0,2,2,0,0,0,4,0,0.0,0.3,0.3,0.0,0.3,Matches,0,5,1,20.0,0.74,0.15,0.0,0.0,0,0,Matches,,,,,,,,,,,,,,,2,,,,,,Matches,,7,,,,,,,,,,,8,,,,Matches,,,,,,,,,,,,,,,,,,,,,Matches
1018,Moi Gómez,es ESP,MF,Osasuna,es La Liga,31.0,1994.0,26,12,1201.0,13.3,0,2,2,0,0,0,3,0,0.0,0.15,0.15,0.0,0.15,Matches,0,11,2,18.2,0.82,0.15,0.0,0.0,0,0,Matches,,,,,,,,,,,,,,,2,,,,,,Matches,,9,,,,,,,,,,,11,,,,Matches,,,,,,,,,,,,,,,,,,,,,Matches
1019,Sergio Gómez,es ESP,DF,Real Sociedad,es La Liga,24.0,2000.0,35,30,2701.0,30.0,0,6,6,0,0,0,5,1,0.0,0.2,0.2,0.0,0.2,Matches,0,12,0,0.0,0.4,0.0,0.0,,0,0,Matches,,,,,,,,,,,,,,,6,,,,,,Matches,,53,,,,,,,,,,,32,,,,Matches,,,,,,,,,,,,,,,,,,,,,Matches
1020,Unai Gómez,es ESP,MF,Athletic Club,es La Liga,22.0,2003.0,26,12,936.0,10.4,1,1,2,1,0,0,1,0,0.1,0.1,0.19,0.1,0.19,Matches,1,23,7,30.4,2.21,0.67,0.04,0.14,0,0,Matches,,,,,,,,,,,,,,,1,,,,,,Matches,,8,,,,,,,,,,,3,,,,Matches,,,,,,,,,,,,,,,,,,,,,Matches
1021,Valentín Gómez,ar ARG,DF,Real Betis,es La Liga,22.0,2003.0,28,19,1882.0,20.9,1,0,1,1,0,0,5,0,0.05,0.0,0.05,0.05,0.05,Matches,1,11,5,45.5,0.53,0.24,0.09,0.2,0,0,Matches,,,,,,,,,,,,,,,0,,,,,,Matches,,25,,,,,,,,,,,23,,,,Matches,,,,,,,,,,,,,,,,,,,,,Matches
1024,Rafael Gonçalves,pt POR,"MF,DF",Strasbourg,fr Ligue 1,20.0,2005.0,12,6,588.0,6.5,0,1,1,0,0,0,0,0,0.0,0.15,0.15,0.0,0.15,Matches,0,5,3,60.0,0.77,0.46,0.0,0.0,0,0,Matches,,,,,,,,,,,,,,,1,,,,,,Matches,,10,,,,,,,,,,,4,,,,Matches,,,,,,,,,,,,,,,,,,,,,Matches
1026,Nicolás González,es ESP,MF,Manchester City,eng Premier League,23.0,2002.0,25,17,1569.0,17.4,1,0,1,1,0,0,6,0,0.06,0.0,0.06,0.06,0.06,Matches,1,14,2,14.3,0.8,0.11,0.07,0.5,0,0,Matches,,,,,,,,,,,,,,,0,,,,,,Matches,,30,,,,,,,,,,,24,,,,Matches,,,,,,,,,,,,,,,,,,,,,Matches
1027,Nicolás González,ar ARG,"MF,DF",Atlético Madrid,es La Liga,27.0,1998.0,24,18,1448.0,16.1,5,0,5,5,0,0,4,1,0.31,0.0,0.31,0.31,0.31,Matches,5,43,21,48.8,2.67,1.31,0.12,0.24,0,0,Matches,,,,,,,,,,,,,,,0,,,,,,Matches,,16,,,,,,,,,,,11,,,,Matches,,,,,,,,,,,,,,,,,,,,,Matches
1029,Urko González,es ESP,MF,Espanyol,es La Liga,24.0,2001.0,35,28,2623.0,29.1,0,1,1,0,0,0,7,0,0.0,0.03,0.03,0.0,0.03,Matches,0,18,1,5.6,0.62,0.03,0.0,0.0,0,0,Matches,,,,,,,,,,,,,,,1,,,,,,Matches,,33,,,,,,,,,,,29,,,,Matches,,,,,,,,,,,,,,,,,,,,,Matches
1031,Anthony Gordon,eng ENG,FW,Newcastle,eng Premier League,24.0,2001.0,26,24,1795.0,19.9,6,2,8,3,3,3,3,1,0.3,0.1,0.4,0.15,0.25,Matches,6,48,20,41.7,2.41,1.0,0.13,0.3,3,3,Matches,,,,,,,,,,,,,,,2,,,,,,Matches,,13,,,,,,,,,,,3,,,,Matches,,,,,,,,,,,,,,,,,,,,,Matches
1032,Leon Goretzka,de GER,MF,Bayern Munich,de Bundesliga,30.0,1995.0,31,25,1947.0,21.6,5,3,8,5,0,0,4,0,0.23,0.14,0.37,0.23,0.37,Matches,5,35,11,31.4,1.62,0.51,0.14,0.45,0,0,Matches,,,,,,,,,,,,,,,3,,,,,,Matches,,19,,,,,,,,,,,26,,,,Matches,,,,,,,,,,,,,,,,,,,,,Matches
1034,Andoni Gorosabel,es ESP,DF,Athletic Club,es La Liga,28.0,1996.0,24,15,1360.0,15.1,0,1,1,0,0,0,3,0,0.0,0.07,0.07,0.0,0.07,Matches,0,5,1,20.0,0.33,0.07,0.0,0.0,0,0,Matches,,,,,,,,,,,,,,,1,,,,,,Matches,,24,,,,,,,,,,,18,,,,Matches,,,,,,,,,,,,,,,,,,,,,Matches
1035,Jon Gorrotxategi,es ESP,MF,Real Sociedad,es La Liga,23.0,2002.0,30,26,2210.0,24.6,1,3,4,1,0,0,7,0,0.04,0.12,0.16,0.04,0.16,Matches,1,13,1,7.7,0.53,0.04,0.08,1.0,0,0,Matches,,,,,,,,,,,,,,,3,,,,,,Matches,,29,,,,,,,,,,,31,,,,Matches,,,,,,,,,,,,,,,,,,,,,Matches
1037,Alimami Gory,ml MLI,"MF,DF",Paris FC,fr Ligue 1,28.0,1996.0,24,9,982.0,10.9,5,1,6,5,0,0,3,0,0.46,0.09,0.55,0.46,0.55,Matches,5,19,6,31.6,1.74,0.55,0.26,0.83,0,0,Matches,,,,,,,,,,,,,,,1,,,,,,Matches,,11,,,,,,,,,,,8,,,,Matches,,,,,,,,,,,,,,,,,,,,,Matches
1038,Robin Gosens,de GER,"DF,MF",Fiorentina,it Serie A,31.0,1994.0,26,24,1881.0,20.9,3,1,4,3,0,0,2,0,0.14,0.05,0.19,0.14,0.19,Matches,3,18,7,38.9,0.86,0.33,0.17,0.43,0,0,Matches,,,,,,,,,,,,,,,1,,,,,,Matches,,18,,,,,,,,,,,23,,,,Matches,,,,,,,,,,,,,,,,,,,,,Matches
1040,Mario Götze,de GER,MF,Frankfurt,de Bundesliga,33.0,1992.0,21,8,886.0,9.8,0,0,0,0,0,0,1,0,0.0,0.0,0.0,0.0,0.0,Matches,0,5,0,0.0,0.51,0.0,0.0,,0,0,Matches,,,,,,,,,,,,,,,0,,,,,,Matches,,8,,,,,,,,,,,4,,,,Matches,,,,,,,,,,,,,,,,,,,,,Matches
1041,Amine Gouiri,dz ALG,"FW,MF",Marseille,fr Ligue 1,25.0,2000.0,22,15,1326.0,14.7,8,3,11,8,0,0,1,0,0.54,0.2,0.75,0.54,0.75,Matches,8,38,17,44.7,2.58,1.15,0.21,0.47,0,0,Matches,,,,,,,,,,,,,,,3,,,,,,Matches,,9,,,,,,,,,,,3,,,,Matches,,,,,,,,,,,,,,,,,,,,,Matches
1042,Lucas Gourna-Douath,fr FRA,MF,Le Havre,fr Ligue 1,21.0,2003.0,15,14,1272.0,14.1,0,0,0,0,0,0,5,0,0.0,0.0,0.0,0.0,0.0,Matches,0,9,2,22.2,0.64,0.14,0.0,0.0,0,0,Matches,,,,,,,,,,,,,,,0,,,,,,Matches,,12,,,,,,,,,,,15,,,,Matches,,,,,,,,,,,,,,,,,,,,,Matches
1043,Tiago Gouveia,pt POR,MF,Nice,fr Ligue 1,24.0,2001.0,15,5,532.0,5.9,0,0,0,0,0,0,3,0,0.0,0.0,0.0,0.0,0.0,Matches,0,12,4,33.3,2.03,0.68,0.0,0.0,0,0,Matches,,,,,,,,,,,,,,,0,,,,,,Matches,,3,,,,,,,,,,,9,,,,Matches,,,,,,,,,,,,,,,,,,,,,Matches
1044,Jeffrey Gouweleeuw,nl NED,DF,Augsburg,de Bundesliga,34.0,1991.0,11,10,848.0,9.4,0,1,1,0,0,0,3,0,0.0,0.11,0.11,0.0,0.11,Matches,0,5,3,60.0,0.53,0.32,0.0,0.0,0,0,Matches,,,,,,,,,,,,,,,1,,,,,,Matches,,10,,,,,,,,,,,13,,,,Matches,,,,,,,,,,,,,,,,,,,,,Matches
1045,Kamil Grabara,pl POL,GK,Wolfsburg,de Bundesliga,26.0,1999.0,34,34,3060.0,34.0,0,0,0,0,0,0,1,0,0.0,0.0,0.0,0.0,0.0,Matches,0,1,0,0.0,0.03,0.0,0.0,,0,0,Matches,,,,,,,,,,,,,,,0,,,,,,Matches,,1,,,,,,,,,,,1,,,,Matches,,,,,,,,,,,,,,,,,,,,,Matches
1046,Jonathan Gradit,fr FRA,DF,Lens,fr Ligue 1,32.0,1992.0,10,10,807.0,9.0,0,0,0,0,0,0,2,1,0.0,0.0,0.0,0.0,0.0,Matches,0,2,0,0.0,0.22,0.0,0.0,,0,0,Matches,,,,,,,,,,,,,,,0,,,,,,Matches,,12,,,,,,,,,,,16,,,,Matches,,,,,,,,,,,,,,,,,,,,,Matches
1047,Alberto Grassi,it ITA,MF,Cremonese,it Serie A,30.0,1995.0,30,18,1753.0,19.5,0,0,0,0,0,0,4,1,0.0,0.0,0.0,0.0,0.0,Matches,0,13,4,30.8,0.67,0.21,0.0,0.0,0,0,Matches,,,,,,,,,,,,,,,0,,,,,,Matches,,11,,,,,,,,,,,35,,,,Matches,,,,,,,,,,,,,,,,,,,,,Matches
1048,Ryan Gravenberch,nl NED,MF,Liverpool,eng Premier League,23.0,2002.0,36,34,2992.0,33.2,5,3,8,5,0,0,5,0,0.15,0.09,0.24,0.15,0.24,Matches,5,38,13,34.2,1.14,0.39,0.13,0.38,0,0,Matches,,,,,,,,,,,,,,,3,,,,,,Matches,,35,,,,,,,,,,,44,,,,Matches,,,,,,,,,,,,,,,,,,,,,Matches
1049,Archie Gray,eng ENG,"MF,DF",Tottenham,eng Premier League,19.0,2006.0,24,18,1478.0,16.4,2,2,4,2,0,0,5,0,0.12,0.12,0.24,0.12,0.24,Matches,2,11,5,45.5,0.67,0.3,0.18,0.4,0,0,Matches,,,,,,,,,,,,,,,2,,,,,,Matches,,8,,,,,,,,,,,17,,,,Matches,,,,,,,,,,,,,,,,,,,,,Matches
1050,Jack Grealish,eng ENG,MF,Everton,eng Premier League,29.0,1995.0,20,18,1627.0,18.1,2,6,8,2,0,0,5,1,0.11,0.33,0.44,0.11,0.44,Matches,2,26,8,30.8,1.44,0.44,0.08,0.25,0,0,Matches,,,,,,,,,,,,,,,6,,,,,,Matches,,15,,,,,,,,,,,11,,,,Matches,,,,,,,,,,,,,,,,,,,,,Matches
1051,Mason Greenwood,eng ENG,MF,Marseille,fr Ligue 1,23.0,2001.0,32,29,2462.0,27.4,16,7,23,10,6,8,4,0,0.58,0.26,0.84,0.37,0.62,Matches,16,116,48,41.4,4.24,1.75,0.14,0.33,6,8,Matches,,,,,,,,,,,,,,,7,,,,,,Matches,,13,,,,,,,,,,,4,,,,Matches,,,,,,,,,,,,,,,,,,,,,Matches
1052,Michael Gregoritsch,at AUT,FW,Augsburg,de Bundesliga,31.0,1994.0,17,11,913.0,10.1,6,2,8,5,1,1,2,0,0.59,0.2,0.79,0.49,0.69,Matches,6,29,10,34.5,2.86,0.99,0.21,0.6,1,1,Matches,,,,,,,,,,,,,,,2,,,,,,Matches,,4,,,,,,,,,,,5,,,,Matches,,,,,,,,,,,,,,,,,,,,,Matches
1053,Dominik Greif,sk SVK,GK,Lyon,fr Ligue 1,28.0,1997.0,29,29,2610.0,29.0,0,1,1,0,0,0,1,0,0.0,0.03,0.03,0.0,0.03,Matches,0,0,0,,0.0,0.0,,,0,0,Matches,,,,,,,,,,,,,,,1,,,,,,Matches,,0,,,,,,,,,,,0,,,,Matches,,,,,,,,,,,,,,,,,,,,,Matches
1054,Antoine Griezmann,fr FRA,FW,Atlético Madrid,es La Liga,34.0,1991.0,34,13,1481.0,16.5,7,4,11,7,0,0,1,0,0.43,0.24,0.67,0.43,0.67,Matches,7,47,25,53.2,2.86,1.52,0.15,0.28,0,0,Matches,,,,,,,,,,,,,,,4,,,,,,Matches,,9,,,,,,,,,,,8,,,,Matches,,,,,,,,,,,,,,,,,,,,,Matches
1055,Vincenzo Grifo,it ITA,MF,Freiburg,de Bundesliga,32.0,1993.0,33,21,1710.0,19.0,7,4,11,3,4,4,0,0,0.37,0.21,0.58,0.16,0.37,Matches,7,30,12,40.0,1.58,0.63,0.23,0.58,4,4,Matches,,,,,,,,,,,,,,,4,,,,,,Matches,,5,,,,,,,,,,,16,,,,Matches,,,,,,,,,,,,,,,,,,,,,Matches
1056,Álex Grimaldo,es ESP,MF,Leverkusen,de Bundesliga,29.0,1995.0,29,29,2521.0,28.0,8,7,15,5,3,3,5,0,0.29,0.25,0.54,0.18,0.43,Matches,8,61,21,34.4,2.18,0.75,0.13,0.38,3,3,Matches,,,,,,,,,,,,,,,7,,,,,,Matches,,25,,,,,,,,,,,18,,,,Matches,,,,,,,,,,,,,,,,,,,,,Matches
1057,Pascal Groß,de GER,MF,Dortmund,de Bundesliga,34.0,1991.0,11,7,613.0,6.8,0,1,1,0,0,0,0,0,0.0,0.15,0.15,0.0,0.15,Matches,0,8,1,12.5,1.17,0.15,0.0,0.0,0,0,Matches,,,,,,,,,,,,,,,1,,,,,,Matches,,6,,,,,,,,,,,5,,,,Matches,,,,,,,,,,,,,,,,,,,,,Matches
1058,Pascal Groß,de GER,MF,Brighton,eng Premier League,34.0,1991.0,19,18,1636.0,18.2,1,3,4,1,0,0,2,0,0.06,0.17,0.22,0.06,0.22,Matches,1,18,9,50.0,0.99,0.5,0.06,0.11,0,0,Matches,,,,,,,,,,,,,,,3,,,,,,Matches,,17,,,,,,,,,,,11,,,,Matches,,,,,,,,,,,,,,,,,,,,,Matches
1060,Brajan Gruda,de GER,"MF,FW",RB Leipzig,de Bundesliga,21.0,2004.0,13,8,753.0,8.4,3,3,6,3,0,0,1,0,0.36,0.36,0.72,0.36,0.72,Matches,3,22,10,45.5,2.63,1.2,0.14,0.3,0,0,Matches,,,,,,,,,,,,,,,3,,,,,,Matches,,8,,,,,,,,,,,0,,,,Matches,,,,,,,,,,,,,,,,,,,,,Matches
1061,Brajan Gruda,de GER,MF,Brighton,eng Premier League,21.0,2004.0,18,8,719.0,8.0,1,1,2,1,0,0,2,0,0.13,0.13,0.25,0.13,0.25,Matches,1,16,6,37.5,2.0,0.75,0.06,0.17,0,0,Matches,,,,,,,,,,,,,,,1,,,,,,Matches,,5,,,,,,,,,,,2,,,,Matches,,,,,,,,,,,,,,,,,,,,,Matches
1062,Ilia Gruev,bg BUL,MF,Leeds United,eng Premier League,25.0,2000.0,23,15,1323.0,14.7,0,3,3,0,0,0,3,0,0.0,0.2,0.2,0.0,0.2,Matches,0,7,1,14.3,0.48,0.07,0.0,0.0,0,0,Matches,,,,,,,,,,,,,,,3,,,,,,Matches,,13,,,,,,,,,,,14,,,,Matches,,,,,,,,,,,,,,,,,,,,,Matches
1063,Marco Grüll,at AUT,"MF,FW",Werder Bremen,de Bundesliga,27.0,1998.0,33,23,2006.0,22.3,3,1,4,3,0,0,5,0,0.13,0.04,0.18,0.13,0.18,Matches,3,43,13,30.2,1.93,0.58,0.07,0.23,0,0,Matches,,,,,,,,,,,,,,,1,,,,,,Matches,,20,,,,,,,,,,,14,,,,Matches,,,,,,,,,,,,,,,,,,,,,Matches
1064,Albert Grønbaek,dk DEN,MF,Hamburger SV,de Bundesliga,24.0,2001.0,7,6,492.0,5.5,1,2,3,1,0,0,0,0,0.18,0.37,0.55,0.18,0.55,Matches,1,8,4,50.0,1.46,0.73,0.13,0.25,0,0,Matches,,,,,,,,,,,,,,,2,,,,,,Matches,,10,,,,,,,,,,,11,,,,Matches,,,,,,,,,,,,,,,,,,,,,Matches
1066,Nemanja Gudelj,rs SRB,"DF,MF",Sevilla,es La Liga,33.0,1991.0,34,26,2348.0,26.1,2,0,2,2,0,0,9,0,0.08,0.0,0.08,0.08,0.08,Matches,2,31,9,29.0,1.19,0.34,0.06,0.22,0,0,Matches,,,,,,,,,,,,,,,0,,,,,,Matches,,23,,,,,,,,,,,23,,,,Matches,,,,,,,,,,,,,,,,,,,,,Matches
1067,Gabriel Gudmundsson,se SWE,"DF,MF",Leeds United,eng Premier League,26.0,1999.0,32,31,2631.0,29.2,0,0,0,0,0,0,6,1,0.0,0.0,0.0,0.0,0.0,Matches,0,18,3,16.7,0.62,0.1,0.0,0.0,0,0,Matches,,,,,,,,,,,,,,,0,,,,,,Matches,,47,,,,,,,,,,,28,,,,Matches,,,,,,,,,,,,,,,,,,,,,Matches
1068,Gonçalo Guedes,pt POR,MF,Real Sociedad,es La Liga,28.0,1996.0,32,22,1823.0,20.3,8,4,12,8,0,0,3,0,0.39,0.2,0.59,0.39,0.59,Matches,8,46,18,39.1,2.27,0.89,0.17,0.44,0,0,Matches,,,,,,,,,,,,,,,4,,,,,,Matches,,16,,,,,,,,,,,4,,,,Matches,,,,,,,,,,,,,,,,,,,,,Matches
1069,Marc Guéhi,eng ENG,DF,Crystal Palace,eng Premier League,25.0,2000.0,20,20,1800.0,20.0,2,2,4,2,0,0,4,0,0.1,0.1,0.2,0.1,0.2,Matches,2,15,4,26.7,0.75,0.2,0.13,0.5,0,0,Matches,,,,,,,,,,,,,,,2,,,,,,Matches,,19,,,,,,,,,,,24,,,,Matches,,,,,,,,,,,,,,,,,,,,,Matches
1070,Marc Guéhi,eng ENG,DF,Manchester City,eng Premier League,25.0,2000.0,15,15,1350.0,15.0,1,1,2,1,0,0,2,0,0.07,0.07,0.13,0.07,0.13,Matches,1,17,5,29.4,1.13,0.33,0.06,0.2,0,0,Matches,,,,,,,,,,,,,,,1,,,,,,Matches,,12,,,,,,,,,,,25,,,,Matches,,,,,,,,,,,,,,,,,,,,,Matches
1071,Mattéo Guendouzi,fr FRA,MF,Lazio,it Serie A,26.0,1999.0,16,16,1428.0,15.9,2,1,3,2,0,0,5,1,0.13,0.06,0.19,0.13,0.19,Matches,2,16,8,50.0,1.01,0.5,0.13,0.25,0,0,Matches,,,,,,,,,,,,,,,1,,,,,,Matches,,8,,,,,,,,,,,11,,,,Matches,,,,,,,,,,,,,,,,,,,,,Matches
1072,Javier Guerra,es ESP,"MF,FW",Valencia,es La Liga,22.0,2003.0,36,25,2061.0,22.9,4,6,10,4,0,0,3,0,0.17,0.26,0.44,0.17,0.44,Matches,4,31,12,38.7,1.35,0.52,0.13,0.33,0,0,Matches,,,,,,,,,,,,,,,6,,,,,,Matches,,15,,,,,,,,,,,23,,,,Matches,,,,,,,,,,,,,,,,,,,,,Matches
1073,Raphaël Guerreiro,pt POR,MF,Bayern Munich,de Bundesliga,31.0,1993.0,18,8,784.0,8.7,5,2,7,5,0,0,0,0,0.57,0.23,0.8,0.57,0.8,Matches,5,12,5,41.7,1.38,0.57,0.42,1.0,0,0,Matches,,,,,,,,,,,,,,,2,,,,,,Matches,,7,,,,,,,,,,,1,,,,Matches,,,,,,,,,,,,,,,,,,,,,Matches
1077,Evann Guessand,ci CIV,MF,Aston Villa,eng Premier League,24.0,2001.0,13,6,588.0,6.5,0,1,1,0,0,0,0,0,0.0,0.15,0.15,0.0,0.15,Matches,0,8,5,62.5,1.22,0.77,0.0,0.0,0,0,Matches,,,,,,,,,,,,,,,1,,,,,,Matches,,9,,,,,,,,,,,3,,,,Matches,,,,,,,,,,,,,,,,,,,,,Matches
1078,Ander Guevara,es ESP,MF,Alavés,es La Liga,28.0,1997.0,25,2,654.0,7.3,1,1,2,1,0,0,4,1,0.14,0.14,0.28,0.14,0.28,Matches,1,5,1,20.0,0.69,0.14,0.2,1.0,0,0,Matches,,,,,,,,,,,,,,,1,,,,,,Matches,,8,,,,,,,,,,,9,,,,Matches,,,,,,,,,,,,,,,,,,,,,Matches
1079,Idrissa Gueye,sn SEN,MF,Everton,eng Premier League,35.0,1989.0,25,25,2093.0,23.3,2,3,5,2,0,0,1,1,0.09,0.13,0.22,0.09,0.22,Matches,2,29,7,24.1,1.25,0.3,0.07,0.29,0,0,Matches,,,,,,,,,,,,,,,3,,,,,,Matches,,21,,,,,,,,,,,29,,,,Matches,,,,,,,,,,,,,,,,,,,,,Matches
1082,Pape Gueye,sn SEN,MF,Villarreal,es La Liga,26.0,1999.0,30,26,2131.0,23.7,5,2,7,4,1,1,8,0,0.21,0.08,0.3,0.17,0.25,Matches,5,47,13,27.7,1.98,0.55,0.11,0.38,1,1,Matches,,,,,,,,,,,,,,,2,,,,,,Matches,,22,,,,,,,,,,,35,,,,Matches,,,,,,,,,,,,,,,,,,,,,Matches
1083,Morgan Guilavogui,gn GUI,MF,Lens,fr Ligue 1,27.0,1998.0,16,3,491.0,5.5,1,0,1,1,0,0,3,1,0.18,0.0,0.18,0.18,0.18,Matches,1,10,2,20.0,1.83,0.37,0.1,0.5,0,0,Matches,,,,,,,,,,,,,,,0,,,,,,Matches,,10,,,,,,,,,,,3,,,,Matches,,,,,,,,,,,,,,,,,,,,,Matches
1084,Frederic Guilbert,fr FRA,"DF,MF",Nantes,fr Ligue 1,30.0,1994.0,8,7,607.0,6.7,0,0,0,0,0,0,1,0,0.0,0.0,0.0,0.0,0.0,Matches,0,7,2,28.6,1.04,0.3,0.0,0.0,0,0,Matches,,,,,,,,,,,,,,,0,,,,,,Matches,,12,,,,,,,,,,,19,,,,Matches,,,,,,,,,,,,,,,,,,,,,Matches
1086,Bruno Guimarães,br BRA,MF,Newcastle,eng Premier League,27.0,1997.0,29,27,2453.0,27.3,9,5,14,7,2,2,6,0,0.33,0.18,0.51,0.26,0.44,Matches,9,42,23,54.8,1.54,0.84,0.21,0.39,2,2,Matches,,,,,,,,,,,,,,,5,,,,,,Matches,,41,,,,,,,,,,,16,,,,Matches,,,,,,,,,,,,,,,,,,,,,Matches
1087,Daouda Guindo,ml MLI,DF,Brest,fr Ligue 1,22.0,2002.0,25,19,1686.0,18.7,1,1,2,1,0,0,4,1,0.05,0.05,0.11,0.05,0.11,Matches,1,21,5,23.8,1.12,0.27,0.05,0.2,0,0,Matches,,,,,,,,,,,,,,,1,,,,,,Matches,,30,,,,,,,,,,,30,,,,Matches,,,,,,,,,,,,,,,,,,,,,Matches
1088,Bahereba Guirassy,fr FRA,"FW,MF",Nantes,fr Ligue 1,18.0,2006.0,20,9,821.0,9.1,2,1,3,2,0,0,2,0,0.22,0.11,0.33,0.22,0.33,Matches,2,15,7,46.7,1.64,0.77,0.13,0.29,0,0,Matches,,,,,,,,,,,,,,,1,,,,,,Matches,,13,,,,,,,,,,,5,,,,Matches,,,,,,,,,,,,,,,,,,,,,Matches
1089,Serhou Guirassy,gn GUI,FW,Dortmund,de Bundesliga,29.0,1996.0,33,27,2337.0,26.0,17,1,18,16,1,3,3,0,0.65,0.04,0.69,0.62,0.65,Matches,17,84,40,47.6,3.23,1.54,0.2,0.43,1,3,Matches,,,,,,,,,,,,,,,1,,,,,,Matches,,1,,,,,,,,,,,0,,,,Matches,,,,,,,,,,,,,,,,,,,,,Matches
1092,Péter Gulácsi,hu HUN,GK,RB Leipzig,de Bundesliga,35.0,1990.0,23,23,2008.0,22.3,0,0,0,0,0,0,1,0,0.0,0.0,0.0,0.0,0.0,Matches,0,0,0,,0.0,0.0,,,0,0,Matches,,,,,,,,,,,,,,,0,,,,,,Matches,,0,,,,,,,,,,,0,,,,Matches,,,,,,,,,,,,,,,,,,,,,Matches
1093,Arda Güler,tr TUR,MF,Real Madrid,es La Liga,20.0,2005.0,33,25,2014.0,22.4,4,9,13,4,0,0,1,0,0.18,0.4,0.58,0.18,0.58,Matches,4,49,19,38.8,2.19,0.85,0.08,0.21,0,0,Matches,,,,,,,,,,,,,,,9,,,,,,Matches,,28,,,,,,,,,,,8,,,,Matches,,,,,,,,,,,,,,,,,,,,,Matches
1094,Gerard Gumbau,es ESP,MF,Rayo Vallecano,es La Liga,30.0,1994.0,28,14,1175.0,13.1,0,3,3,0,0,0,4,0,0.0,0.23,0.23,0.0,0.23,Matches,0,20,5,25.0,1.53,0.38,0.0,0.0,0,0,Matches,,,,,,,,,,,,,,,3,,,,,,Matches,,16,,,,,,,,,,,11,,,,Matches,,,,,,,,,,,,,,,,,,,,,Matches
1096,Christian Günter,de GER,DF,Freiburg,de Bundesliga,32.0,1993.0,24,18,1547.0,17.2,0,3,3,0,0,0,3,0,0.0,0.17,0.17,0.0,0.17,Matches,0,9,0,0.0,0.52,0.0,0.0,,0,0,Matches,,,,,,,,,,,,,,,3,,,,,,Matches,,12,,,,,,,,,,,10,,,,Matches,,,,,,,,,,,,,,,,,,,,,Matches
1097,Jon Guridi,es ESP,"MF,FW",Alavés,es La Liga,30.0,1995.0,28,15,1238.0,13.8,0,0,0,0,0,0,1,0,0.0,0.0,0.0,0.0,0.0,Matches,0,15,4,26.7,1.09,0.29,0.0,0.0,0,0,Matches,,,,,,,,,,,,,,,0,,,,,,Matches,,19,,,,,,,,,,,10,,,,Matches,,,,,,,,,,,,,,,,,,,,,Matches
1098,Gorka Guruzeta,es ESP,FW,Athletic Club,es La Liga,28.0,1996.0,35,28,2363.0,26.3,10,3,13,9,1,1,6,1,0.38,0.11,0.5,0.34,0.46,Matches,10,84,32,38.1,3.2,1.22,0.12,0.31,1,1,Matches,,,,,,,,,,,,,,,3,,,,,,Matches,,6,,,,,,,,,,,11,,,,Matches,,,,,,,,,,,,,,,,,,,,,Matches
1099,Malo Gusto,fr FRA,"DF,MF",Chelsea,eng Premier League,22.0,2003.0,34,26,2261.0,25.1,2,3,5,2,0,0,5,1,0.08,0.12,0.2,0.08,0.2,Matches,2,12,6,50.0,0.48,0.24,0.17,0.33,0,0,Matches,,,,,,,,,,,,,,,3,,,,,,Matches,,23,,,,,,,,,,,30,,,,Matches,,,,,,,,,,,,,,,,,,,,,Matches
1101,Miguel Gutiérrez,es ESP,"MF,DF",Napoli,it Serie A,24.0,2001.0,28,15,1488.0,16.5,1,1,2,1,0,0,0,0,0.06,0.06,0.12,0.06,0.12,Matches,1,15,5,33.3,0.91,0.3,0.07,0.2,0,0,Matches,,,,,,,,,,,,,,,1,,,,,,Matches,,22,,,,,,,,,,,7,,,,Matches,,,,,,,,,,,,,,,,,,,,,Matches
1102,Albert Guðmundsson,is ISL,"FW,MF",Fiorentina,it Serie A,28.0,1997.0,33,27,2250.0,25.0,5,4,9,2,3,3,4,1,0.2,0.16,0.36,0.08,0.24,Matches,5,41,15,36.6,1.64,0.6,0.12,0.33,3,3,Matches,,,,,,,,,,,,,,,4,,,,,,Matches,,4,,,,,,,,,,,3,,,,Matches,,,,,,,,,,,,,,,,,,,,,Matches
1103,Joško Gvardiol,hr CRO,DF,Manchester City,eng Premier League,23.0,2002.0,18,16,1372.0,15.2,2,2,4,2,0,0,2,0,0.13,0.13,0.26,0.13,0.26,Matches,2,17,6,35.3,1.12,0.39,0.12,0.33,0,0,Matches,,,,,,,,,,,,,,,2,,,,,,Matches,,13,,,,,,,,,,,16,,,,Matches,,,,,,,,,,,,,,,,,,,,,Matches
1104,Viktor Gyökeres,se SWE,FW,Arsenal,eng Premier League,27.0,1998.0,36,26,2224.0,24.7,14,1,15,11,3,3,5,0,0.57,0.04,0.61,0.45,0.49,Matches,14,55,22,40.0,2.23,0.89,0.25,0.64,3,3,Matches,,,,,,,,,,,,,,,1,,,,,,Matches,,5,,,,,,,,,,,1,,,,Matches,,,,,,,,,,,,,,,,,,,,,Matches
1105,Erling Haaland,no NOR,FW,Manchester City,eng Premier League,25.0,2000.0,35,34,2953.0,32.8,27,8,35,24,3,4,2,0,0.82,0.24,1.07,0.73,0.98,Matches,27,126,59,46.8,3.84,1.8,0.21,0.46,3,4,Matches,,,,,,,,,,,,,,,8,,,,,,Matches,,7,,,,,,,,,,,4,,,,Matches,,,,,,,,,,,,,,,,,,,,,Matches
1106,Janik Haberer,de GER,MF,Union Berlin,de Bundesliga,31.0,1994.0,28,20,1646.0,18.3,0,1,1,0,0,0,8,0,0.0,0.05,0.05,0.0,0.05,Matches,0,11,1,9.1,0.6,0.05,0.0,0.0,0,0,Matches,,,,,,,,,,,,,,,1,,,,,,Matches,,19,,,,,,,,,,,10,,,,Matches,,,,,,,,,,,,,,,,,,,,,Matches
1109,Albian Hajdari,xk KVX,DF,Hoffenheim,de Bundesliga,22.0,2003.0,30,28,2434.0,27.0,1,2,3,1,0,0,10,0,0.04,0.07,0.11,0.04,0.11,Matches,1,19,4,21.1,0.7,0.15,0.05,0.25,0,0,Matches,,,,,,,,,,,,,,,2,,,,,,Matches,,38,,,,,,,,,,,42,,,,Matches,,,,,,,,,,,,,,,,,,,,,Matches
1110,Achraf Hakimi,ma MAR,DF,PSG,fr Ligue 1,26.0,1998.0,18,15,1375.0,15.3,2,2,4,2,0,0,3,1,0.13,0.13,0.26,0.13,0.26,Matches,2,27,9,33.3,1.77,0.59,0.07,0.22,0,0,Matches,,,,,,,,,,,,,,,2,,,,,,Matches,,13,,,,,,,,,,,11,,,,Matches,,,,,,,,,,,,,,,,,,,,,Matches
1111,Lewis Hall,eng ENG,DF,Newcastle,eng Premier League,20.0,2004.0,30,24,2181.0,24.2,1,1,2,1,0,0,4,0,0.04,0.04,0.08,0.04,0.08,Matches,1,25,6,24.0,1.03,0.25,0.04,0.17,0,0,Matches,,,,,,,,,,,,,,,1,,,,,,Matches,,31,,,,,,,,,,,29,,,,Matches,,,,,,,,,,,,,,,,,,,,,Matches
1115,Andreas Hanche-Olsen,no NOR,DF,Mainz 05,de Bundesliga,28.0,1997.0,13,8,851.0,9.5,0,1,1,0,0,0,3,0,0.0,0.11,0.11,0.0,0.11,Matches,0,6,3,50.0,0.63,0.32,0.0,0.0,0,0,Matches,,,,,,,,,,,,,,,1,,,,,,Matches,,5,,,,,,,,,,,13,,,,Matches,,,,,,,,,,,,,,,,,,,,,Matches
1116,Dávid Hancko,sk SVK,DF,Atlético Madrid,es La Liga,27.0,1997.0,30,27,2432.0,27.0,0,2,2,0,0,0,2,0,0.0,0.07,0.07,0.0,0.07,Matches,0,21,5,23.8,0.78,0.19,0.0,0.0,0,0,Matches,,,,,,,,,,,,,,,2,,,,,,Matches,,27,,,,,,,,,,,19,,,,Matches,,,,,,,,,,,,,,,,,,,,,Matches
1117,Florent Hanin,dz ALG,"DF,MF",Angers,fr Ligue 1,35.0,1990.0,25,9,865.0,9.6,0,0,0,0,0,0,0,0,0.0,0.0,0.0,0.0,0.0,Matches,0,3,0,0.0,0.31,0.0,0.0,,0,0,Matches,,,,,,,,,,,,,,,0,,,,,,Matches,,8,,,,,,,,,,,13,,,,Matches,,,,,,,,,,,,,,,,,,,,,Matches
1120,Hákon Haraldsson,is ISL,MF,Lille,fr Ligue 1,22.0,2003.0,32,29,2460.0,27.3,8,2,10,8,0,0,6,0,0.29,0.07,0.37,0.29,0.37,Matches,8,50,17,34.0,1.83,0.62,0.16,0.47,0,0,Matches,,,,,,,,,,,,,,,2,,,,,,Matches,,15,,,,,,,,,,,12,,,,Matches,,,,,,,,,,,,,,,,,,,,,Matches
1121,Conrad Harder,dk DEN,FW,RB Leipzig,de Bundesliga,20.0,2005.0,29,8,932.0,10.4,3,3,6,3,0,0,3,0,0.29,0.29,0.58,0.29,0.58,Matches,3,42,13,31.0,4.06,1.26,0.07,0.23,0,0,Matches,,,,,,,,,,,,,,,3,,,,,,Matches,,6,,,,,,,,,,,7,,,,Matches,,,,,,,,,,,,,,,,,,,,,Matches
1122,Jack Harrison,eng ENG,"FW,MF",Fiorentina,it Serie A,28.0,1996.0,15,10,981.0,10.9,1,3,4,1,0,0,1,0,0.09,0.28,0.37,0.09,0.37,Matches,1,13,4,30.8,1.19,0.37,0.08,0.25,0,0,Matches,,,,,,,,,,,,,,,3,,,,,,Matches,,6,,,,,,,,,,,2,,,,Matches,,,,,,,,,,,,,,,,,,,,,Matches
1124,Abdou Harroui,nl NED,MF,Hellas Verona,it Serie A,27.0,1998.0,23,11,907.0,10.1,1,0,1,0,1,1,3,0,0.1,0.0,0.1,0.0,0.0,Matches,1,12,2,16.7,1.19,0.2,0.08,0.5,1,1,Matches,,,,,,,,,,,,,,,0,,,,,,Matches,,17,,,,,,,,,,,1,,,,Matches,,,,,,,,,,,,,,,,,,,,,Matches
1125,Quilindschy Hartman,nl NED,DF,Burnley,eng Premier League,23.0,2001.0,21,21,1825.0,20.3,0,5,5,0,0,0,1,0,0.0,0.25,0.25,0.0,0.25,Matches,0,9,3,33.3,0.44,0.15,0.0,0.0,0,0,Matches,,,,,,,,,,,,,,,5,,,,,,Matches,,31,,,,,,,,,,,32,,,,Matches,,,,,,,,,,,,,,,,,,,,,Matches
1126,Haissem Hassan,eg EGY,"MF,FW",Oviedo,es La Liga,23.0,2002.0,37,20,1942.0,21.6,0,3,3,0,0,0,1,0,0.0,0.14,0.14,0.0,0.14,Matches,0,34,8,23.5,1.58,0.37,0.0,0.0,0,0,Matches,,,,,,,,,,,,,,,3,,,,,,Matches,,26,,,,,,,,,,,6,,,,Matches,,,,,,,,,,,,,,,,,,,,,Matches
1128,Hans Hateboer,nl NED,"DF,MF",Lyon,fr Ligue 1,31.0,1994.0,15,8,740.0,8.2,0,0,0,0,0,0,0,1,0.0,0.0,0.0,0.0,0.0,Matches,0,7,1,14.3,0.85,0.12,0.0,0.0,0,0,Matches,,,,,,,,,,,,,,,0,,,,,,Matches,,10,,,,,,,,,,,10,,,,Matches,,,,,,,,,,,,,,,,,,,,,Matches
1129,Jorrel Hato,nl NED,DF,Chelsea,eng Premier League,19.0,2006.0,22,12,1148.0,12.8,0,0,0,0,0,0,7,0,0.0,0.0,0.0,0.0,0.0,Matches,0,4,0,0.0,0.31,0.0,0.0,,0,0,Matches,,,,,,,,,,,,,,,0,,,,,,Matches,,19,,,,,,,,,,,17,,,,Matches,,,,,,,,,,,,,,,,,,,,,Matches
1131,Kai Havertz,de GER,"FW,MF",Arsenal,eng Premier League,26.0,1999.0,12,7,581.0,6.5,2,3,5,2,0,0,1,0,0.31,0.46,0.77,0.31,0.77,Matches,2,18,4,22.2,2.79,0.62,0.11,0.5,0,0,Matches,,,,,,,,,,,,,,,3,,,,,,Matches,,5,,,,,,,,,,,1,,,,Matches,,,,,,,,,,,,,,,,,,,,,Matches
1132,Ayden Heaven,eng ENG,DF,Manchester Utd,eng Premier League,18.0,2006.0,17,11,924.0,10.3,0,1,1,0,0,0,2,0,0.0,0.1,0.1,0.0,0.1,Matches,0,3,0,0.0,0.29,0.0,0.0,,0,0,Matches,,,,,,,,,,,,,,,1,,,,,,Matches,,13,,,,,,,,,,,1,,,,Matches,,,,,,,,,,,,,,,,,,,,,Matches
1133,Jan Paul van Hecke,nl NED,DF,Brighton,eng Premier League,25.0,2000.0,36,36,3210.0,35.7,3,3,6,3,0,0,9,0,0.08,0.08,0.17,0.08,0.17,Matches,3,23,10,43.5,0.64,0.28,0.13,0.3,0,0,Matches,,,,,,,,,,,,,,,3,,,,,,Matches,,31,,,,,,,,,,,45,,,,Matches,,,,,,,,,,,,,,,,,,,,,Matches
1134,Hwang Hee-chan,kr KOR,"FW,MF",Wolves,eng Premier League,29.0,1996.0,26,18,1446.0,16.1,2,2,4,1,1,1,5,0,0.12,0.12,0.25,0.06,0.19,Matches,2,19,6,31.6,1.18,0.37,0.11,0.33,1,1,Matches,,,,,,,,,,,,,,,2,,,,,,Matches,,4,,,,,,,,,,,12,,,,Matches,,,,,,,,,,,,,,,,,,,,,Matches
1135,Torbjørn Heggem,no NOR,DF,Bologna,it Serie A,26.0,1999.0,27,23,2113.0,23.5,0,0,0,0,0,0,0,1,0.0,0.0,0.0,0.0,0.0,Matches,0,11,2,18.2,0.47,0.09,0.0,0.0,0,0,Matches,,,,,,,,,,,,,,,0,,,,,,Matches,,19,,,,,,,,,,,25,,,,Matches,,,,,,,,,,,,,,,,,,,,,Matches
1136,Gauthier Hein,fr FRA,"MF,FW",Metz,fr Ligue 1,28.0,1996.0,29,26,2351.0,26.1,8,7,15,3,5,5,3,1,0.31,0.27,0.57,0.11,0.38,Matches,8,44,13,29.5,1.68,0.5,0.18,0.62,5,5,Matches,,,,,,,,,,,,,,,7,,,,,,Matches,,10,,,,,,,,,,,9,,,,Matches,,,,,,,,,,,,,,,,,,,,,Matches
1138,Eivind Helland,no NOR,DF,Bologna,it Serie A,20.0,2005.0,6,6,484.0,5.4,0,0,0,0,0,0,2,0,0.0,0.0,0.0,0.0,0.0,Matches,0,1,0,0.0,0.19,0.0,0.0,,0,0,Matches,,,,,,,,,,,,,,,0,,,,,,Matches,,5,,,,,,,,,,,7,,,,Matches,,,,,,,,,,,,,,,,,,,,,Matches
1140,Dean Henderson,eng ENG,GK,Crystal Palace,eng Premier League,28.0,1997.0,37,37,3330.0,37.0,0,0,0,0,0,0,5,0,0.0,0.0,0.0,0.0,0.0,Matches,0,0,0,,0.0,0.0,,,0,0,Matches,,,,,,,,,,,,,,,0,,,,,,Matches,,0,,,,,,,,,,,1,,,,Matches,,,,,,,,,,,,,,,,,,,,,Matches
1141,Jordan Henderson,eng ENG,MF,Brentford,eng Premier League,35.0,1990.0,32,22,1919.0,21.3,1,3,4,1,0,0,6,0,0.05,0.14,0.19,0.05,0.19,Matches,1,6,1,16.7,0.28,0.05,0.17,1.0,0,0,Matches,,,,,,,,,,,,,,,3,,,,,,Matches,,14,,,,,,,,,,,16,,,,Matches,,,,,,,,,,,,,,,,,,,,,Matches
1142,Ramon Hendriks,nl NED,DF,Stuttgart,de Bundesliga,24.0,2001.0,31,22,2025.0,22.5,0,3,3,0,0,0,3,0,0.0,0.13,0.13,0.0,0.13,Matches,0,5,0,0.0,0.22,0.0,0.0,,0,0,Matches,,,,,,,,,,,,,,,3,,,,,,Matches,,15,,,,,,,,,,,22,,,,Matches,,,,,,,,,,,,,,,,,,,,,Matches
1144,Caio Henrique,br BRA,"DF,MF",Monaco,fr Ligue 1,28.0,1997.0,22,17,1536.0,17.1,0,2,2,0,0,0,2,0,0.0,0.12,0.12,0.0,0.12,Matches,0,2,0,0.0,0.12,0.0,0.0,,0,0,Matches,,,,,,,,,,,,,,,2,,,,,,Matches,,11,,,,,,,,,,,12,,,,Matches,,,,,,,,,,,,,,,,,,,,,Matches
1145,Luis Henrique,br BRA,MF,Inter,it Serie A,23.0,2001.0,30,18,1624.0,18.0,1,2,3,1,0,0,1,0,0.06,0.11,0.17,0.06,0.17,Matches,1,15,7,46.7,0.83,0.39,0.07,0.14,0,0,Matches,,,,,,,,,,,,,,,2,,,,,,Matches,,16,,,,,,,,,,,7,,,,Matches,,,,,,,,,,,,,,,,,,,,,Matches
1146,Rico Henry,jm JAM,DF,Brentford,eng Premier League,28.0,1997.0,25,14,1328.0,14.8,0,1,1,0,0,0,2,0,0.0,0.07,0.07,0.0,0.07,Matches,0,5,0,0.0,0.34,0.0,0.0,,0,0,Matches,,,,,,,,,,,,,,,1,,,,,,Matches,,11,,,,,,,,,,,7,,,,Matches,,,,,,,,,,,,,,,,,,,,,Matches
1148,Mads Hermansen,dk DEN,GK,West Ham,eng Premier League,25.0,2000.0,18,18,1620.0,18.0,0,1,1,0,0,0,0,0,0.0,0.06,0.06,0.0,0.06,Matches,0,0,0,,0.0,0.0,,,0,0,Matches,,,,,,,,,,,,,,,1,,,,,,Matches,,0,,,,,,,,,,,0,,,,Matches,,,,,,,,,,,,,,,,,,,,,Matches
1149,Mario Hermoso,es ESP,DF,Roma,it Serie A,30.0,1995.0,27,25,2085.0,23.2,3,2,5,3,0,0,9,0,0.13,0.09,0.22,0.13,0.22,Matches,3,20,6,30.0,0.86,0.26,0.15,0.5,0,0,Matches,,,,,,,,,,,,,,,2,,,,,,Matches,,20,,,,,,,,,,,30,,,,Matches,,,,,,,,,,,,,,,,,,,,,Matches
1150,Lucas Hernández,fr FRA,DF,PSG,fr Ligue 1,29.0,1996.0,25,20,1747.0,19.4,0,3,3,0,0,0,4,0,0.0,0.15,0.15,0.0,0.15,Matches,0,11,3,27.3,0.57,0.15,0.0,0.0,0,0,Matches,,,,,,,,,,,,,,,3,,,,,,Matches,,14,,,,,,,,,,,21,,,,Matches,,,,,,,,,,,,,,,,,,,,,Matches
1152,Jorge Herrando,es ESP,DF,Osasuna,es La Liga,24.0,2001.0,28,17,1600.0,17.8,0,1,1,0,0,0,3,0,0.0,0.06,0.06,0.0,0.06,Matches,0,3,0,0.0,0.17,0.0,0.0,,0,0,Matches,,,,,,,,,,,,,,,1,,,,,,Matches,,15,,,,,,,,,,,22,,,,Matches,,,,,,,,,,,,,,,,,,,,,Matches
1153,Sergio Herrera,es ESP,GK,Osasuna,es La Liga,32.0,1993.0,37,37,3284.0,36.5,0,0,0,0,0,0,3,1,0.0,0.0,0.0,0.0,0.0,Matches,0,0,0,,0.0,0.0,,,0,0,Matches,,,,,,,,,,,,,,,0,,,,,,Matches,,0,,,,,,,,,,,0,,,,Matches,,,,,,,,,,,,,,,,,,,,,Matches
1155,Yangel Herrera,ve VEN,MF,Real Sociedad,es La Liga,27.0,1998.0,12,6,526.0,5.8,0,0,0,0,0,0,2,0,0.0,0.0,0.0,0.0,0.0,Matches,0,5,1,20.0,0.86,0.17,0.0,0.0,0,0,Matches,,,,,,,,,,,,,,,0,,,,,,Matches,,6,,,,,,,,,,,1,,,,Matches,,,,,,,,,,,,,,,,,,,,,Matches
1157,Daniel Heuer Fernandes,pt POR,GK,Hamburger SV,de Bundesliga,32.0,1992.0,33,33,2970.0,33.0,0,0,0,0,0,0,3,0,0.0,0.0,0.0,0.0,0.0,Matches,0,1,0,0.0,0.03,0.0,0.0,,0,0,Matches,,,,,,,,,,,,,,,0,,,,,,Matches,,0,,,,,,,,,,,0,,,,Matches,,,,,,,,,,,,,,,,,,,,,Matches
1158,Aaron Hickey,sct SCO,"DF,MF",Brentford,eng Premier League,23.0,2002.0,21,8,691.0,7.7,0,0,0,0,0,0,1,0,0.0,0.0,0.0,0.0,0.0,Matches,0,6,1,16.7,0.78,0.13,0.0,0.0,0,0,Matches,,,,,,,,,,,,,,,0,,,,,,Matches,,7,,,,,,,,,,,8,,,,Matches,,,,,,,,,,,,,,,,,,,,,Matches
1159,Santiago Hidalgo,ar ARG,"MF,FW",Toulouse,fr Ligue 1,20.0,2005.0,28,14,1306.0,14.5,4,6,10,4,0,0,4,0,0.28,0.41,0.69,0.28,0.69,Matches,4,33,13,39.4,2.27,0.9,0.12,0.31,0,0,Matches,,,,,,,,,,,,,,,6,,,,,,Matches,,20,,,,,,,,,,,8,,,,Matches,,,,,,,,,,,,,,,,,,,,,Matches
1160,Isak Hien,se SWE,DF,Atalanta,it Serie A,26.0,1999.0,28,20,1970.0,21.9,1,0,1,1,0,0,5,0,0.05,0.0,0.05,0.05,0.05,Matches,1,9,3,33.3,0.41,0.14,0.11,0.33,0,0,Matches,,,,,,,,,,,,,,,0,,,,,,Matches,,34,,,,,,,,,,,29,,,,Matches,,,,,,,,,,,,,,,,,,,,,Matches
1162,Omar El Hilali,ma MAR,DF,Espanyol,es La Liga,21.0,2003.0,36,32,2826.0,31.4,0,2,2,0,0,0,9,0,0.0,0.06,0.06,0.0,0.06,Matches,0,1,0,0.0,0.03,0.0,0.0,,0,0,Matches,,,,,,,,,,,,,,,2,,,,,,Matches,,55,,,,,,,,,,,39,,,,Matches,,,,,,,,,,,,,,,,,,,,,Matches
1163,James Hill,eng ENG,DF,Bournemouth,eng Premier League,23.0,2002.0,29,22,2106.0,23.4,0,3,3,0,0,0,5,0,0.0,0.13,0.13,0.0,0.13,Matches,0,12,2,16.7,0.51,0.09,0.0,0.0,0,0,Matches,,,,,,,,,,,,,,,3,,,,,,Matches,,20,,,,,,,,,,,37,,,,Matches,,,,,,,,,,,,,,,,,,,,,Matches
1165,Piero Hincapié,ec ECU,DF,Arsenal,eng Premier League,23.0,2002.0,25,20,1792.0,19.9,1,2,3,1,0,0,2,0,0.05,0.1,0.15,0.05,0.15,Matches,1,3,2,66.7,0.15,0.1,0.33,0.5,0,0,Matches,,,,,,,,,,,,,,,2,,,,,,Matches,,26,,,,,,,,,,,26,,,,Matches,,,,,,,,,,,,,,,,,,,,,Matches
1167,Jack Hinshelwood,eng ENG,MF,Brighton,eng Premier League,20.0,2005.0,27,20,1741.0,19.3,4,3,7,4,0,0,0,0,0.21,0.16,0.36,0.21,0.36,Matches,4,37,15,40.5,1.91,0.78,0.11,0.27,0,0,Matches,,,,,,,,,,,,,,,3,,,,,,Matches,,13,,,,,,,,,,,6,,,,Matches,,,,,,,,,,,,,,,,,,,,,Matches
1171,Jonas Hofmann,de GER,MF,Leverkusen,de Bundesliga,33.0,1992.0,23,11,1013.0,11.3,2,2,4,2,0,0,3,0,0.18,0.18,0.36,0.18,0.36,Matches,2,23,7,30.4,2.04,0.62,0.09,0.29,0,0,Matches,,,,,,,,,,,,,,,2,,,,,,Matches,,10,,,,,,,,,,,2,,,,Matches,,,,,,,,,,,,,,,,,,,,,Matches
1172,Malthe Hojholt,dk DEN,MF,Pisa,it Serie A,24.0,2001.0,17,9,850.0,9.4,0,0,0,0,0,0,2,0,0.0,0.0,0.0,0.0,0.0,Matches,0,4,2,50.0,0.42,0.21,0.0,0.0,0,0,Matches,,,,,,,,,,,,,,,0,,,,,,Matches,,8,,,,,,,,,,,9,,,,Matches,,,,,,,,,,,,,,,,,,,,,Matches
1173,Lucas Höler,de GER,"FW,MF",Freiburg,de Bundesliga,31.0,1994.0,33,25,2037.0,22.6,3,1,4,3,0,0,4,0,0.13,0.04,0.18,0.13,0.18,Matches,3,33,15,45.5,1.46,0.66,0.09,0.2,0,0,Matches,,,,,,,,,,,,,,,1,,,,,,Matches,,12,,,,,,,,,,,11,,,,Matches,,,,,,,,,,,,,,,,,,,,,Matches
1174,Benedict Hollerbach,de GER,"FW,MF",Mainz 05,de Bundesliga,24.0,2001.0,14,13,872.0,9.7,1,3,4,1,0,0,0,0,0.1,0.31,0.41,0.1,0.41,Matches,1,22,6,27.3,2.27,0.62,0.05,0.17,0,0,Matches,,,,,,,,,,,,,,,3,,,,,,Matches,,8,,,,,,,,,,,1,,,,Matches,,,,,,,,,,,,,,,,,,,,,Matches
1175,Emil Holm,se SWE,DF,Bologna,it Serie A,25.0,2000.0,11,8,655.0,7.3,1,4,5,1,0,0,3,1,0.14,0.55,0.69,0.14,0.69,Matches,1,8,1,12.5,1.1,0.14,0.13,1.0,0,0,Matches,,,,,,,,,,,,,,,4,,,,,,Matches,,13,,,,,,,,,,,7,,,,Matches,,,,,,,,,,,,,,,,,,,,,Matches
1177,Franck Honorat,fr FRA,"MF,FW",Gladbach,de Bundesliga,28.0,1996.0,28,24,1977.0,22.0,2,6,8,2,0,0,0,0,0.09,0.27,0.36,0.09,0.36,Matches,2,17,5,29.4,0.77,0.23,0.12,0.4,0,0,Matches,,,,,,,,,,,,,,,6,,,,,,Matches,,13,,,,,,,,,,,5,,,,Matches,,,,,,,,,,,,,,,,,,,,,Matches
1178,Mathias Honsak,at AUT,"MF,FW",Heidenheim,de Bundesliga,28.0,1996.0,27,15,1249.0,13.9,2,1,3,2,0,0,1,0,0.14,0.07,0.22,0.14,0.22,Matches,2,31,8,25.8,2.23,0.58,0.06,0.25,0,0,Matches,,,,,,,,,,,,,,,1,,,,,,Matches,,12,,,,,,,,,,,17,,,,Matches,,,,,,,,,,,,,,,,,,,,,Matches
1180,Andreas Hountondji,bj BEN,FW,St Pauli,de Bundesliga,23.0,2002.0,21,15,1067.0,11.9,4,0,4,4,0,1,2,0,0.34,0.0,0.34,0.34,0.34,Matches,4,21,13,61.9,1.77,1.1,0.19,0.31,0,1,Matches,,,,,,,,,,,,,,,0,,,,,,Matches,,0,,,,,,,,,,,0,,,,Matches,,,,,,,,,,,,,,,,,,,,,Matches
1182,Lukáš Hrádecký,fi FIN,GK,Monaco,fr Ligue 1,35.0,1989.0,17,17,1439.0,16.0,0,0,0,0,0,0,1,0,0.0,0.0,0.0,0.0,0.0,Matches,0,0,0,,0.0,0.0,,,0,0,Matches,,,,,,,,,,,,,,,0,,,,,,Matches,,1,,,,,,,,,,,0,,,,Matches,,,,,,,,,,,,,,,,,,,,,Matches
1183,Robin Hranáč,cz CZE,DF,Hoffenheim,de Bundesliga,25.0,2000.0,29,26,2251.0,25.0,1,0,1,1,0,0,5,0,0.04,0.0,0.04,0.04,0.04,Matches,1,8,3,37.5,0.32,0.12,0.13,0.33,0,0,Matches,,,,,,,,,,,,,,,0,,,,,,Matches,,15,,,,,,,,,,,20,,,,Matches,,,,,,,,,,,,,,,,,,,,,Matches
1184,Timo Hübers,de GER,DF,Köln,de Bundesliga,29.0,1996.0,8,8,675.0,7.5,0,0,0,0,0,0,0,0,0.0,0.0,0.0,0.0,0.0,Matches,0,0,0,,0.0,0.0,,,0,0,Matches,,,,,,,,,,,,,,,0,,,,,,Matches,,9,,,,,,,,,,,10,,,,Matches,,,,,,,,,,,,,,,,,,,,,Matches
1185,Callum Hudson-Odoi,eng ENG,MF,Nottingham,eng Premier League,24.0,2000.0,30,21,1841.0,20.5,3,4,7,3,0,0,0,0,0.15,0.2,0.34,0.15,0.34,Matches,3,30,10,33.3,1.47,0.49,0.1,0.3,0,0,Matches,,,,,,,,,,,,,,,4,,,,,,Matches,,7,,,,,,,,,,,8,,,,Matches,,,,,,,,,,,,,,,,,,,,,Matches
1186,Will Hughes,eng ENG,MF,Crystal Palace,eng Premier League,30.0,1995.0,31,19,1571.0,17.5,0,0,0,0,0,0,7,0,0.0,0.0,0.0,0.0,0.0,Matches,0,17,0,0.0,0.97,0.0,0.0,,0,0,Matches,,,,,,,,,,,,,,,0,,,,,,Matches,,16,,,,,,,,,,,15,,,,Matches,,,,,,,,,,,,,,,,,,,,,Matches
1187,Dean Huijsen,es ESP,DF,Real Madrid,es La Liga,20.0,2005.0,28,24,2034.0,22.6,2,2,4,2,0,0,7,1,0.09,0.09,0.18,0.09,0.18,Matches,2,20,5,25.0,0.88,0.22,0.1,0.4,0,0,Matches,,,,,,,,,,,,,,,2,,,,,,Matches,,18,,,,,,,,,,,18,,,,Matches,,,,,,,,,,,,,,,,,,,,,Matches
1188,Trai Hume,nir NIR,"DF,MF",Sunderland,eng Premier League,23.0,2002.0,38,34,3036.0,33.7,2,1,3,2,0,0,9,0,0.06,0.03,0.09,0.06,0.09,Matches,2,34,7,20.6,1.01,0.21,0.06,0.29,0,0,Matches,,,,,,,,,,,,,,,1,,,,,,Matches,,46,,,,,,,,,,,25,,,,Matches,,,,,,,,,,,,,,,,,,,,,Matches
1189,Bashir Humphreys,eng ENG,"DF,MF",Burnley,eng Premier League,22.0,2003.0,20,17,1578.0,17.5,0,0,0,0,0,0,6,0,0.0,0.0,0.0,0.0,0.0,Matches,0,9,3,33.3,0.51,0.17,0.0,0.0,0,0,Matches,,,,,,,,,,,,,,,0,,,,,,Matches,,17,,,,,,,,,,,11,,,,Matches,,,,,,,,,,,,,,,,,,,,,Matches
1190,Denis Huseinbasic,ba BIH,MF,Köln,de Bundesliga,24.0,2001.0,15,9,726.0,8.1,0,0,0,0,0,0,1,0,0.0,0.0,0.0,0.0,0.0,Matches,0,6,0,0.0,0.74,0.0,0.0,,0,0,Matches,,,,,,,,,,,,,,,0,,,,,,Matches,,9,,,,,,,,,,,5,,,,Matches,,,,,,,,,,,,,,,,,,,,,Matches
1191,Omari Hutchinson,eng ENG,MF,Nottingham,eng Premier League,21.0,2003.0,31,17,1688.0,18.8,1,5,6,1,0,0,1,0,0.05,0.27,0.32,0.05,0.32,Matches,1,25,11,44.0,1.33,0.59,0.04,0.09,0,0,Matches,,,,,,,,,,,,,,,5,,,,,,Matches,,11,,,,,,,,,,,11,,,,Matches,,,,,,,,,,,,,,,,,,,,,Matches
1192,Kwon Hyeokkyu,kr KOR,MF,Nantes,fr Ligue 1,24.0,2001.0,12,9,753.0,8.4,0,0,0,0,0,0,2,0,0.0,0.0,0.0,0.0,0.0,Matches,0,3,0,0.0,0.36,0.0,0.0,,0,0,Matches,,,,,,,,,,,,,,,0,,,,,,Matches,,6,,,,,,,,,,,6,,,,Matches,,,,,,,,,,,,,,,,,,,,,Matches
1195,Lucas Høgsberg,dk DEN,DF,Strasbourg,fr Ligue 1,19.0,2006.0,24,21,1792.0,19.9,0,0,0,0,0,0,4,1,0.0,0.0,0.0,0.0,0.0,Matches,0,4,1,25.0,0.2,0.05,0.0,0.0,0,0,Matches,,,,,,,,,,,,,,,0,,,,,,Matches,,9,,,,,,,,,,,13,,,,Matches,,,,,,,,,,,,,,,,,,,,,Matches
1196,Pierre Højbjerg,dk DEN,MF,Marseille,fr Ligue 1,29.0,1995.0,32,30,2712.0,30.1,4,5,9,4,0,0,4,0,0.13,0.17,0.3,0.13,0.3,Matches,4,46,14,30.4,1.53,0.46,0.09,0.29,0,0,Matches,,,,,,,,,,,,,,,5,,,,,,Matches,,24,,,,,,,,,,,26,,,,Matches,,,,,,,,,,,,,,,,,,,,,Matches
1197,Oscar Højlund,dk DEN,MF,Frankfurt,de Bundesliga,20.0,2005.0,24,12,1089.0,12.1,1,1,2,1,0,0,4,1,0.08,0.08,0.17,0.08,0.17,Matches,1,7,3,42.9,0.58,0.25,0.14,0.33,0,0,Matches,,,,,,,,,,,,,,,1,,,,,,Matches,,17,,,,,,,,,,,7,,,,Matches,,,,,,,,,,,,,,,,,,,,,Matches
1198,Rasmus Højlund,dk DEN,FW,Napoli,it Serie A,22.0,2003.0,33,32,2750.0,30.6,12,5,17,11,1,1,1,0,0.39,0.16,0.56,0.36,0.52,Matches,12,60,25,41.7,1.96,0.82,0.2,0.48,1,1,Matches,,,,,,,,,,,,,,,5,,,,,,Matches,,1,,,,,,,,,,,0,,,,Matches,,,,,,,,,,,,,,,,,,,,,Matches
1200,Pablo Ibáñez,es ESP,MF,Alavés,es La Liga,26.0,1998.0,37,28,2236.0,24.8,1,1,2,1,0,0,7,0,0.04,0.04,0.08,0.04,0.08,Matches,1,47,13,27.7,1.89,0.52,0.02,0.08,0,0,Matches,,,,,,,,,,,,,,,1,,,,,,Matches,,37,,,,,,,,,,,21,,,,Matches,,,,,,,,,,,,,,,,,,,,,Matches
1201,Arijon Ibrahimović,de GER,"MF,FW",Heidenheim,de Bundesliga,19.0,2005.0,32,25,2169.0,24.1,2,4,6,1,1,1,2,0,0.08,0.17,0.25,0.04,0.21,Matches,2,47,19,40.4,1.95,0.79,0.04,0.11,1,1,Matches,,,,,,,,,,,,,,,4,,,,,,Matches,,18,,,,,,,,,,,23,,,,Matches,,,,,,,,,,,,,,,,,,,,,Matches
1202,Riyad Idrissi,it ITA,"MF,DF",Cagliari,it Serie A,20.0,2005.0,23,4,783.0,8.7,2,0,2,2,0,0,3,0,0.23,0.0,0.23,0.23,0.23,Matches,2,6,6,100.0,0.69,0.69,0.33,0.33,0,0,Matches,,,,,,,,,,,,,,,0,,,,,,Matches,,15,,,,,,,,,,,9,,,,Matches,,,,,,,,,,,,,,,,,,,,,Matches
1205,Jay Idzes,id IDN,DF,Sassuolo,it Serie A,25.0,2000.0,35,35,3061.0,34.0,0,0,0,0,0,0,2,0,0.0,0.0,0.0,0.0,0.0,Matches,0,5,0,0.0,0.15,0.0,0.0,,0,0,Matches,,,,,,,,,,,,,,,0,,,,,,Matches,,15,,,,,,,,,,,38,,,,Matches,,,,,,,,,,,,,,,,,,,,,Matches
1207,Iglesias,es ESP,DF,Getafe,es La Liga,27.0,1998.0,37,36,3185.0,35.4,1,2,3,1,0,0,4,0,0.03,0.06,0.08,0.03,0.08,Matches,1,26,5,19.2,0.73,0.14,0.04,0.2,0,0,Matches,,,,,,,,,,,,,,,2,,,,,,Matches,,72,,,,,,,,,,,28,,,,Matches,,,,,,,,,,,,,,,,,,,,,Matches
1208,Borja Iglesias,es ESP,FW,Celta Vigo,es La Liga,32.0,1993.0,35,21,1900.0,21.1,14,2,16,10,4,4,7,0,0.66,0.09,0.76,0.47,0.57,Matches,14,46,26,56.5,2.18,1.23,0.3,0.54,4,4,Matches,,,,,,,,,,,,,,,2,,,,,,Matches,,5,,,,,,,,,,,0,,,,Matches,,,,,,,,,,,,,,,,,,,,,Matches
1210,Jonathan Ikone,fr FRA,"MF,FW",Paris FC,fr Ligue 1,27.0,1998.0,23,13,1100.0,12.2,3,1,4,3,0,0,2,0,0.25,0.08,0.33,0.25,0.33,Matches,3,25,6,24.0,2.05,0.49,0.12,0.5,0,0,Matches,,,,,,,,,,,,,,,1,,,,,,Matches,,15,,,,,,,,,,,5,,,,Matches,,,,,,,,,,,,,,,,,,,,,Matches
1212,Andrej Ilic,rs SRB,FW,Union Berlin,de Bundesliga,25.0,2000.0,32,24,2257.0,25.1,5,10,15,5,0,1,5,0,0.2,0.4,0.6,0.2,0.6,Matches,5,71,26,36.6,2.83,1.04,0.07,0.19,0,1,Matches,,,,,,,,,,,,,,,10,,,,,,Matches,,3,,,,,,,,,,,2,,,,Matches,,,,,,,,,,,,,,,,,,,,,Matches
1214,Luka Ilić,rs SRB,"MF,FW",Oviedo,es La Liga,26.0,1999.0,19,8,742.0,8.2,1,0,1,1,0,0,4,1,0.12,0.0,0.12,0.12,0.12,Matches,1,9,5,55.6,1.09,0.61,0.11,0.2,0,0,Matches,,,,,,,,,,,,,,,0,,,,,,Matches,,5,,,,,,,,,,,7,,,,Matches,,,,,,,,,,,,,,,,,,,,,Matches
1216,Emirhan İlkhan,tr TUR,MF,Torino,it Serie A,21.0,2004.0,19,13,1001.0,11.1,1,2,3,1,0,0,2,1,0.09,0.18,0.27,0.09,0.27,Matches,1,13,3,23.1,1.17,0.27,0.08,0.33,0,0,Matches,,,,,,,,,,,,,,,2,,,,,,Matches,,19,,,,,,,,,,,13,,,,Matches,,,,,,,,,,,,,,,,,,,,,Matches
1217,Ciro Immobile,it ITA,FW,Paris FC,fr Ligue 1,35.0,1990.0,12,9,705.0,7.8,2,2,4,2,0,0,2,0,0.26,0.26,0.51,0.26,0.51,Matches,2,15,5,33.3,1.91,0.64,0.13,0.4,0,0,Matches,,,,,,,,,,,,,,,2,,,,,,Matches,,0,,,,,,,,,,,1,,,,Matches,,,,,,,,,,,,,,,,,,,,,Matches
1221,Tim Iroegbunam,eng ENG,MF,Everton,eng Premier League,22.0,2003.0,29,17,1487.0,16.5,0,2,2,0,0,0,9,0,0.0,0.12,0.12,0.0,0.12,Matches,0,12,1,8.3,0.73,0.06,0.0,0.0,0,0,Matches,,,,,,,,,,,,,,,2,,,,,,Matches,,44,,,,,,,,,,,22,,,,Matches,,,,,,,,,,,,,,,,,,,,,Matches
1222,Jackson Irvine,au AUS,MF,St Pauli,de Bundesliga,32.0,1993.0,24,18,1624.0,18.0,0,1,1,0,0,0,2,1,0.0,0.06,0.06,0.0,0.06,Matches,0,19,4,21.1,1.05,0.22,0.0,0.0,0,0,Matches,,,,,,,,,,,,,,,1,,,,,,Matches,,17,,,,,,,,,,,28,,,,Matches,,,,,,,,,,,,,,,,,,,,,Matches
1225,Alexander Isak,se SWE,FW,Liverpool,eng Premier League,25.0,1999.0,14,8,699.0,7.8,3,1,4,3,0,0,0,0,0.39,0.13,0.52,0.39,0.52,Matches,3,17,6,35.3,2.19,0.77,0.18,0.5,0,0,Matches,,,,,,,,,,,,,,,1,,,,,,Matches,,6,,,,,,,,,,,0,,,,Matches,,,,,,,,,,,,,,,,,,,,,Matches
1226,Gustav Isaksen,dk DEN,FW,Lazio,it Serie A,24.0,2001.0,30,18,1593.0,17.7,5,1,6,5,0,0,0,0,0.28,0.06,0.34,0.28,0.34,Matches,5,48,19,39.6,2.71,1.07,0.1,0.26,0,0,Matches,,,,,,,,,,,,,,,1,,,,,,Matches,,8,,,,,,,,,,,7,,,,Matches,,,,,,,,,,,,,,,,,,,,,Matches
1228,Wilson Isidor,ht HAI,FW,Sunderland,eng Premier League,24.0,2000.0,32,11,1165.0,12.9,6,0,6,6,0,0,1,0,0.46,0.0,0.46,0.46,0.46,Matches,6,43,17,39.5,3.32,1.31,0.14,0.35,0,0,Matches,,,,,,,,,,,,,,,0,,,,,,Matches,,8,,,,,,,,,,,2,,,,Matches,,,,,,,,,,,,,,,,,,,,,Matches
1229,Ardian Ismajli,al ALB,DF,Torino,it Serie A,28.0,1996.0,25,21,1906.0,21.2,0,1,1,0,0,0,5,0,0.0,0.05,0.05,0.0,0.05,Matches,0,6,4,66.7,0.28,0.19,0.0,0.0,0,0,Matches,,,,,,,,,,,,,,,1,,,,,,Matches,,14,,,,,,,,,,,36,,,,Matches,,,,,,,,,,,,,,,,,,,,,Matches
1230,Franco Israel,uy URU,GK,Torino,it Serie A,25.0,2000.0,9,9,810.0,9.0,0,0,0,0,0,0,1,0,0.0,0.0,0.0,0.0,0.0,Matches,0,0,0,,0.0,0.0,,,0,0,Matches,,,,,,,,,,,,,,,0,,,,,,Matches,,0,,,,,,,,,,,0,,,,Matches,,,,,,,,,,,,,,,,,,,,,Matches
1231,Hiroki Ito,jp JPN,DF,Bayern Munich,de Bundesliga,26.0,1999.0,16,10,920.0,10.2,1,2,3,1,0,0,0,0,0.1,0.2,0.29,0.1,0.29,Matches,1,10,3,30.0,0.98,0.29,0.1,0.33,0,0,Matches,,,,,,,,,,,,,,,2,,,,,,Matches,,3,,,,,,,,,,,13,,,,Matches,,,,,,,,,,,,,,,,,,,,,Matches
1232,Alex Iwobi,ng NGA,MF,Fulham,eng Premier League,29.0,1996.0,29,29,2419.0,26.9,4,3,7,4,0,0,3,0,0.15,0.11,0.26,0.15,0.26,Matches,4,39,15,38.5,1.45,0.56,0.1,0.27,0,0,Matches,,,,,,,,,,,,,,,3,,,,,,Matches,,18,,,,,,,,,,,15,,,,Matches,,,,,,,,,,,,,,,,,,,,,Matches
1235,Nicolas Jackson,sn SEN,FW,Bayern Munich,de Bundesliga,24.0,2001.0,23,12,1007.0,11.2,8,1,9,8,0,0,2,1,0.71,0.09,0.8,0.71,0.8,Matches,8,38,21,55.3,3.4,1.88,0.21,0.38,0,0,Matches,,,,,,,,,,,,,,,1,,,,,,Matches,,4,,,,,,,,,,,4,,,,Matches,,,,,,,,,,,,,,,,,,,,,Matches
1236,Jérémy Jacquet,fr FRA,DF,Rennes,fr Ligue 1,20.0,2005.0,19,19,1671.0,18.6,0,0,0,0,0,0,6,1,0.0,0.0,0.0,0.0,0.0,Matches,0,11,3,27.3,0.59,0.16,0.0,0.0,0,0,Matches,,,,,,,,,,,,,,,0,,,,,,Matches,,17,,,,,,,,,,,22,,,,Matches,,,,,,,,,,,,,,,,,,,,,Matches
1237,Lee Jae-sung,kr KOR,"MF,FW",Mainz 05,de Bundesliga,32.0,1992.0,28,26,2185.0,24.3,4,2,6,4,0,0,4,0,0.16,0.08,0.25,0.16,0.25,Matches,4,30,9,30.0,1.24,0.37,0.13,0.44,0,0,Matches,,,,,,,,,,,,,,,2,,,,,,Matches,,21,,,,,,,,,,,25,,,,Matches,,,,,,,,,,,,,,,,,,,,,Matches
1238,Kristijan Jakić,hr CRO,"MF,DF",Augsburg,de Bundesliga,28.0,1997.0,26,18,1653.0,18.4,2,1,3,2,0,0,5,0,0.11,0.05,0.16,0.11,0.16,Matches,2,18,6,33.3,0.98,0.33,0.11,0.33,0,0,Matches,,,,,,,,,,,,,,,1,,,,,,Matches,,25,,,,,,,,,,,17,,,,Matches,,,,,,,,,,,,,,,,,,,,,Matches
1240,Daniel James,wls WAL,"FW,MF",Leeds United,eng Premier League,27.0,1997.0,19,6,559.0,6.2,0,0,0,0,0,0,0,0,0.0,0.0,0.0,0.0,0.0,Matches,0,14,3,21.4,2.25,0.48,0.0,0.0,0,0,Matches,,,,,,,,,,,,,,,0,,,,,,Matches,,5,,,,,,,,,,,1,,,,Matches,,,,,,,,,,,,,,,,,,,,,Matches
1241,Reece James,eng ENG,"DF,MF",Chelsea,eng Premier League,25.0,1999.0,29,20,1963.0,21.8,2,4,6,2,0,0,4,0,0.09,0.18,0.28,0.09,0.28,Matches,2,22,7,31.8,1.01,0.32,0.09,0.29,0,0,Matches,,,,,,,,,,,,,,,4,,,,,,Matches,,33,,,,,,,,,,,32,,,,Matches,,,,,,,,,,,,,,,,,,,,,Matches
1242,Vitaly Janelt,de GER,MF,Brentford,eng Premier League,27.0,1998.0,25,15,1443.0,16.0,1,4,5,1,0,0,8,0,0.06,0.25,0.31,0.06,0.31,Matches,1,12,3,25.0,0.75,0.19,0.08,0.33,0,0,Matches,,,,,,,,,,,,,,,4,,,,,,Matches,,17,,,,,,,,,,,27,,,,Matches,,,,,,,,,,,,,,,,,,,,,Matches
1244,Isak Jansson,se SWE,"FW,MF",Nice,fr Ligue 1,23.0,2002.0,22,7,644.0,7.2,1,0,1,1,0,0,3,0,0.14,0.0,0.14,0.14,0.14,Matches,1,17,11,64.7,2.38,1.54,0.06,0.09,0,0,Matches,,,,,,,,,,,,,,,0,,,,,,Matches,,8,,,,,,,,,,,5,,,,Matches,,,,,,,,,,,,,,,,,,,,,Matches
1246,Luca Jaquez,ch SUI,DF,Stuttgart,de Bundesliga,22.0,2003.0,14,10,898.0,10.0,0,1,1,0,0,0,1,0,0.0,0.1,0.1,0.0,0.1,Matches,0,4,0,0.0,0.4,0.0,0.0,,0,0,Matches,,,,,,,,,,,,,,,1,,,,,,Matches,,7,,,,,,,,,,,11,,,,Matches,,,,,,,,,,,,,,,,,,,,,Matches
1247,Ardon Jashari,ch SUI,MF,Milan,it Serie A,23.0,2002.0,14,7,701.0,7.8,0,1,1,0,0,0,0,0,0.0,0.13,0.13,0.0,0.13,Matches,0,7,2,28.6,0.9,0.26,0.0,0.0,0,0,Matches,,,,,,,,,,,,,,,1,,,,,,Matches,,11,,,,,,,,,,,5,,,,Matches,,,,,,,,,,,,,,,,,,,,,Matches
1248,Bakery Jatta,gm GAM,MF,Hamburger SV,de Bundesliga,27.0,1998.0,15,12,911.0,10.1,1,1,2,1,0,0,1,0,0.1,0.1,0.2,0.1,0.2,Matches,1,11,4,36.4,1.09,0.4,0.09,0.25,0,0,Matches,,,,,,,,,,,,,,,1,,,,,,Matches,,11,,,,,,,,,,,8,,,,Matches,,,,,,,,,,,,,,,,,,,,,Matches
1249,Mikel Jauregizar,es ESP,MF,Athletic Club,es La Liga,21.0,2003.0,36,34,2831.0,31.5,2,0,2,2,0,0,6,1,0.06,0.0,0.06,0.06,0.06,Matches,2,39,11,28.2,1.24,0.35,0.05,0.18,0,0,Matches,,,,,,,,,,,,,,,0,,,,,,Matches,,45,,,,,,,,,,,48,,,,Matches,,,,,,,,,,,,,,,,,,,,,Matches
1251,Finn Jeltsch,de GER,DF,Stuttgart,de Bundesliga,19.0,2006.0,23,17,1511.0,16.8,0,1,1,0,0,0,3,0,0.0,0.06,0.06,0.0,0.06,Matches,0,3,0,0.0,0.18,0.0,0.0,,0,0,Matches,,,,,,,,,,,,,,,1,,,,,,Matches,,14,,,,,,,,,,,19,,,,Matches,,,,,,,,,,,,,,,,,,,,,Matches
1252,Mathias Jensen,dk DEN,MF,Brentford,eng Premier League,29.0,1996.0,36,26,2247.0,25.0,3,1,4,3,0,0,3,0,0.12,0.04,0.16,0.12,0.16,Matches,3,29,8,27.6,1.16,0.32,0.1,0.38,0,0,Matches,,,,,,,,,,,,,,,1,,,,,,Matches,,23,,,,,,,,,,,21,,,,Matches,,,,,,,,,,,,,,,,,,,,,Matches
1253,Oliver Jensen,dk DEN,MF,Parma,it Serie A,23.0,2002.0,34,19,1840.0,20.4,1,1,2,1,0,0,2,0,0.05,0.05,0.1,0.05,0.1,Matches,1,15,3,20.0,0.73,0.15,0.07,0.33,0,0,Matches,,,,,,,,,,,,,,,1,,,,,,Matches,,8,,,,,,,,,,,17,,,,Matches,,,,,,,,,,,,,,,,,,,,,Matches
1254,Moritz Jenz,de GER,DF,Wolfsburg,de Bundesliga,26.0,1999.0,22,20,1787.0,19.9,1,0,1,1,0,0,8,1,0.05,0.0,0.05,0.05,0.05,Matches,1,5,1,20.0,0.25,0.05,0.2,1.0,0,0,Matches,,,,,,,,,,,,,,,0,,,,,,Matches,,22,,,,,,,,,,,12,,,,Matches,,,,,,,,,,,,,,,,,,,,,Matches
1256,Igor Jesus,br BRA,FW,Nottingham,eng Premier League,24.0,2001.0,37,28,2298.0,25.5,6,4,10,5,1,1,2,0,0.23,0.16,0.39,0.2,0.35,Matches,6,70,21,30.0,2.74,0.82,0.09,0.29,1,1,Matches,,,,,,,,,,,,,,,4,,,,,,Matches,,16,,,,,,,,,,,2,,,,Matches,,,,,,,,,,,,,,,,,,,,,Matches
1257,Juan Jesus,br BRA,DF,Napoli,it Serie A,34.0,1991.0,24,19,1675.0,18.6,0,0,0,0,0,0,10,1,0.0,0.0,0.0,0.0,0.0,Matches,0,3,0,0.0,0.16,0.0,0.0,,0,0,Matches,,,,,,,,,,,,,,,0,,,,,,Matches,,22,,,,,,,,,,,26,,,,Matches,,,,,,,,,,,,,,,,,,,,,Matches
1258,Álex Jiménez,es ESP,"DF,MF",Bournemouth,eng Premier League,20.0,2005.0,31,26,2317.0,25.7,1,0,1,1,0,0,10,0,0.04,0.0,0.04,0.04,0.04,Matches,1,21,4,19.0,0.82,0.16,0.05,0.25,0,0,Matches,,,,,,,,,,,,,,,0,,,,,,Matches,,45,,,,,,,,,,,27,,,,Matches,,,,,,,,,,,,,,,,,,,,,Matches
1261,Raúl Jiménez,mx MEX,FW,Fulham,eng Premier League,34.0,1991.0,36,27,2189.0,24.3,9,3,12,5,4,4,5,0,0.37,0.12,0.49,0.21,0.33,Matches,9,73,18,24.7,3.0,0.74,0.12,0.5,4,4,Matches,,,,,,,,,,,,,,,3,,,,,,Matches,,20,,,,,,,,,,,7,,,,Matches,,,,,,,,,,,,,,,,,,,,,Matches
1263,João Pedro,br BRA,"FW,MF",Chelsea,eng Premier League,23.0,2001.0,35,31,2661.0,29.6,15,5,20,15,0,0,5,0,0.51,0.17,0.68,0.51,0.68,Matches,15,73,28,38.4,2.47,0.95,0.21,0.54,0,0,Matches,,,,,,,,,,,,,,,5,,,,,,Matches,,17,,,,,,,,,,,6,,,,Matches,,,,,,,,,,,,,,,,,,,,,Matches
1264,Joelinton,br BRA,MF,Newcastle,eng Premier League,28.0,1996.0,27,23,1951.0,21.7,2,1,3,2,0,0,10,0,0.09,0.05,0.14,0.09,0.14,Matches,2,32,11,34.4,1.48,0.51,0.06,0.18,0,0,Matches,,,,,,,,,,,,,,,1,,,,,,Matches,,23,,,,,,,,,,,28,,,,Matches,,,,,,,,,,,,,,,,,,,,,Matches
1265,Jofre,es ESP,MF,Espanyol,es La Liga,24.0,2001.0,26,9,930.0,10.3,1,0,1,1,0,0,1,0,0.1,0.0,0.1,0.1,0.1,Matches,1,23,7,30.4,2.23,0.68,0.04,0.14,0,0,Matches,,,,,,,,,,,,,,,0,,,,,,Matches,,6,,,,,,,,,,,6,,,,Matches,,,,,,,,,,,,,,,,,,,,,Matches
1267,Ísak Jóhannesson,is ISL,MF,Köln,de Bundesliga,22.0,2003.0,31,21,1809.0,20.1,1,2,3,1,0,0,6,0,0.05,0.1,0.15,0.05,0.15,Matches,1,14,5,35.7,0.7,0.25,0.07,0.2,0,0,Matches,,,,,,,,,,,,,,,2,,,,,,Matches,,15,,,,,,,,,,,8,,,,Matches,,,,,,,,,,,,,,,,,,,,,Matches
1270,Brennan Johnson,wls WAL,"MF,FW",Tottenham,eng Premier League,24.0,2001.0,16,6,610.0,6.8,2,0,2,2,0,0,2,0,0.3,0.0,0.3,0.3,0.3,Matches,2,6,2,33.3,0.89,0.3,0.33,1.0,0,0,Matches,,,,,,,,,,,,,,,0,,,,,,Matches,,9,,,,,,,,,,,2,,,,Matches,,,,,,,,,,,,,,,,,,,,,Matches
1271,Brennan Johnson,wls WAL,"MF,FW",Crystal Palace,eng Premier League,24.0,2001.0,18,13,1112.0,12.4,0,1,1,0,0,0,4,0,0.0,0.08,0.08,0.0,0.08,Matches,0,17,3,17.6,1.38,0.24,0.0,0.0,0,0,Matches,,,,,,,,,,,,,,,1,,,,,,Matches,,7,,,,,,,,,,,2,,,,Matches,,,,,,,,,,,,,,,,,,,,,Matches
1273,Sam Johnstone,eng ENG,GK,Wolves,eng Premier League,32.0,1993.0,12,12,1080.0,12.0,0,0,0,0,0,0,0,0,0.0,0.0,0.0,0.0,0.0,Matches,0,0,0,,0.0,0.0,,,0,0,Matches,,,,,,,,,,,,,,,0,,,,,,Matches,,1,,,,,,,,,,,0,,,,Matches,,,,,,,,,,,,,,,,,,,,,Matches
1274,Curtis Jones,eng ENG,"MF,DF",Liverpool,eng Premier League,24.0,2001.0,34,18,1937.0,21.5,1,2,3,1,0,0,2,0,0.05,0.09,0.14,0.05,0.14,Matches,1,22,7,31.8,1.02,0.33,0.05,0.14,0,0,Matches,,,,,,,,,,,,,,,2,,,,,,Matches,,23,,,,,,,,,,,18,,,,Matches,,,,,,,,,,,,,,,,,,,,,Matches
1276,Frenkie de Jong,nl NED,MF,Barcelona,es La Liga,28.0,1997.0,25,16,1636.0,18.2,1,5,6,1,0,0,4,1,0.06,0.28,0.33,0.06,0.33,Matches,1,7,2,28.6,0.39,0.11,0.14,0.5,0,0,Matches,,,,,,,,,,,,,,,5,,,,,,Matches,,19,,,,,,,,,,,17,,,,Matches,,,,,,,,,,,,,,,,,,,,,Matches
1278,Josan,es ESP,"MF,DF",Elche,es La Liga,35.0,1989.0,19,4,565.0,6.3,0,3,3,0,0,0,2,0,0.0,0.48,0.48,0.0,0.48,Matches,0,3,1,33.3,0.48,0.16,0.0,0.0,0,0,Matches,,,,,,,,,,,,,,,3,,,,,,Matches,,8,,,,,,,,,,,6,,,,Matches,,,,,,,,,,,,,,,,,,,,,Matches
1279,Mateo Joseph,es ESP,"MF,FW",Mallorca,es La Liga,21.0,2003.0,29,19,1699.0,18.9,2,3,5,2,0,0,2,0,0.11,0.16,0.26,0.11,0.26,Matches,2,33,14,42.4,1.75,0.74,0.06,0.14,0,0,Matches,,,,,,,,,,,,,,,3,,,,,,Matches,,19,,,,,,,,,,,13,,,,Matches,,,,,,,,,,,,,,,,,,,,,Matches
1282,Abdulai Juma Bah,sl SLE,DF,Nice,fr Ligue 1,19.0,2006.0,26,22,1958.0,21.8,0,0,0,0,0,0,7,0,0.0,0.0,0.0,0.0,0.0,Matches,0,7,2,28.6,0.32,0.09,0.0,0.0,0,0,Matches,,,,,,,,,,,,,,,0,,,,,,Matches,,18,,,,,,,,,,,30,,,,Matches,,,,,,,,,,,,,,,,,,,,,Matches
1283,Anthony Jung,de GER,DF,Freiburg,de Bundesliga,33.0,1991.0,12,4,526.0,5.8,0,0,0,0,0,0,2,0,0.0,0.0,0.0,0.0,0.0,Matches,0,1,0,0.0,0.17,0.0,0.0,,0,0,Matches,,,,,,,,,,,,,,,0,,,,,,Matches,,1,,,,,,,,,,,10,,,,Matches,,,,,,,,,,,,,,,,,,,,,Matches
1284,Eli Junior Kroupi,fr FRA,"MF,FW",Bournemouth,eng Premier League,19.0,2006.0,33,21,1672.0,18.6,13,0,13,11,2,2,5,0,0.7,0.0,0.7,0.59,0.59,Matches,13,52,22,42.3,2.8,1.18,0.25,0.59,2,2,Matches,,,,,,,,,,,,,,,0,,,,,,Matches,,6,,,,,,,,,,,9,,,,Matches,,,,,,,,,,,,,,,,,,,,,Matches
1285,Luiz Lúcio Reis Júnior,br BRA,GK,Villarreal,es La Liga,24.0,2001.0,28,28,2520.0,28.0,0,0,0,0,0,0,3,0,0.0,0.0,0.0,0.0,0.0,Matches,0,0,0,,0.0,0.0,,,0,0,Matches,,,,,,,,,,,,,,,0,,,,,,Matches,,0,,,,,,,,,,,1,,,,Matches,,,,,,,,,,,,,,,,,,,,,Matches
1287,Hamed Junior Traorè,ci CIV,MF,Marseille,fr Ligue 1,25.0,2000.0,13,7,619.0,6.9,2,1,3,2,0,0,1,0,0.29,0.15,0.44,0.29,0.44,Matches,2,13,6,46.2,1.89,0.87,0.15,0.33,0,0,Matches,,,,,,,,,,,,,,,1,,,,,,Matches,,7,,,,,,,,,,,5,,,,Matches,,,,,,,,,,,,,,,,,,,,,Matches
1288,Vinicius Júnior,br BRA,"FW,MF",Real Madrid,es La Liga,25.0,2000.0,36,32,2815.0,31.3,16,5,21,12,4,5,8,0,0.51,0.16,0.67,0.38,0.54,Matches,16,100,46,46.0,3.2,1.47,0.16,0.35,4,5,Matches,,,,,,,,,,,,,,,5,,,,,,Matches,,15,,,,,,,,,,,2,,,,Matches,,,,,,,,,,,,,,,,,,,,,Matches
1290,James Justin,eng ENG,"DF,MF",Leeds United,eng Premier League,27.0,1998.0,29,21,1901.0,21.1,2,1,3,2,0,0,4,0,0.09,0.05,0.14,0.09,0.14,Matches,2,24,6,25.0,1.14,0.28,0.08,0.33,0,0,Matches,,,,,,,,,,,,,,,1,,,,,,Matches,,38,,,,,,,,,,,26,,,,Matches,,,,,,,,,,,,,,,,,,,,,Matches
1291,Ferran Jutglà,es ESP,FW,Celta Vigo,es La Liga,26.0,1999.0,30,21,1652.0,18.4,9,3,12,9,0,0,4,0,0.49,0.16,0.65,0.49,0.65,Matches,9,45,26,57.8,2.45,1.42,0.2,0.35,0,0,Matches,,,,,,,,,,,,,,,3,,,,,,Matches,,3,,,,,,,,,,,8,,,,Matches,,,,,,,,,,,,,,,,,,,,,Matches
1293,Martijn Kaars,nl NED,FW,St Pauli,de Bundesliga,26.0,1999.0,29,14,1348.0,15.0,3,1,4,2,1,1,2,0,0.2,0.07,0.27,0.13,0.2,Matches,3,23,10,43.5,1.54,0.67,0.13,0.3,1,1,Matches,,,,,,,,,,,,,,,1,,,,,,Matches,,5,,,,,,,,,,,0,,,,Matches,,,,,,,,,,,,,,,,,,,,,Matches
1294,Mohamed Kaba,gn GUI,MF,Nantes,fr Ligue 1,23.0,2001.0,12,11,918.0,10.2,0,2,2,0,0,0,2,0,0.0,0.2,0.2,0.0,0.2,Matches,0,11,6,54.5,1.08,0.59,0.0,0.0,0,0,Matches,,,,,,,,,,,,,,,2,,,,,,Matches,,15,,,,,,,,,,,14,,,,Matches,,,,,,,,,,,,,,,,,,,,,Matches
1295,Mohamed Kaba,gn GUI,MF,Lecce,it Serie A,23.0,2001.0,15,5,633.0,7.0,0,0,0,0,0,0,1,0,0.0,0.0,0.0,0.0,0.0,Matches,0,9,4,44.4,1.28,0.57,0.0,0.0,0,0,Matches,,,,,,,,,,,,,,,0,,,,,,Matches,,7,,,,,,,,,,,4,,,,Matches,,,,,,,,,,,,,,,,,,,,,Matches
1296,Ozan Kabak,tr TUR,DF,Hoffenheim,de Bundesliga,25.0,2000.0,25,18,1751.0,19.5,4,0,4,4,0,0,5,0,0.21,0.0,0.21,0.21,0.21,Matches,4,35,12,34.3,1.8,0.62,0.11,0.33,0,0,Matches,,,,,,,,,,,,,,,0,,,,,,Matches,,17,,,,,,,,,,,26,,,,Matches,,,,,,,,,,,,,,,,,,,,,Matches
1298,Christian Kabasele,be BEL,DF,Udinese,it Serie A,34.0,1991.0,30,28,2247.0,25.0,3,0,3,3,0,0,5,1,0.12,0.0,0.12,0.12,0.12,Matches,3,9,6,66.7,0.36,0.24,0.33,0.5,0,0,Matches,,,,,,,,,,,,,,,0,,,,,,Matches,,13,,,,,,,,,,,33,,,,Matches,,,,,,,,,,,,,,,,,,,,,Matches
1299,Anton Kade,de GER,"MF,FW",Augsburg,de Bundesliga,21.0,2004.0,28,18,1743.0,19.4,6,0,6,6,0,0,3,0,0.31,0.0,0.31,0.31,0.31,Matches,6,48,21,43.8,2.48,1.08,0.13,0.29,0,0,Matches,,,,,,,,,,,,,,,0,,,,,,Matches,,14,,,,,,,,,,,13,,,,Matches,,,,,,,,,,,,,,,,,,,,,Matches
1300,Ferdi Kadioglu,tr TUR,"DF,MF",Brighton,eng Premier League,25.0,1999.0,37,34,3133.0,34.8,1,0,1,1,0,0,6,0,0.03,0.0,0.03,0.03,0.03,Matches,1,28,13,46.4,0.8,0.37,0.04,0.08,0,0,Matches,,,,,,,,,,,,,,,0,,,,,,Matches,,39,,,,,,,,,,,25,,,,Matches,,,,,,,,,,,,,,,,,,,,,Matches
1304,Arnaud Kalimuendo,fr FRA,"FW,MF",Frankfurt,de Bundesliga,23.0,2002.0,19,17,1417.0,15.7,6,1,7,6,0,0,4,0,0.38,0.06,0.44,0.38,0.44,Matches,6,30,16,53.3,1.91,1.02,0.2,0.38,0,0,Matches,,,,,,,,,,,,,,,1,,,,,,Matches,,4,,,,,,,,,,,3,,,,Matches,,,,,,,,,,,,,,,,,,,,,Matches
1305,Pierre Kalulu,fr FRA,"DF,MF",Juventus,it Serie A,25.0,2000.0,37,37,3281.0,36.5,2,4,6,2,0,0,4,1,0.05,0.11,0.16,0.05,0.16,Matches,2,13,4,30.8,0.36,0.11,0.15,0.5,0,0,Matches,,,,,,,,,,,,,,,4,,,,,,Matches,,35,,,,,,,,,,,24,,,,Matches,,,,,,,,,,,,,,,,,,,,,Matches
1308,Daichi Kamada,jp JPN,MF,Crystal Palace,eng Premier League,28.0,1996.0,28,22,1902.0,21.1,0,0,0,0,0,0,3,0,0.0,0.0,0.0,0.0,0.0,Matches,0,19,4,21.1,0.9,0.19,0.0,0.0,0,0,Matches,,,,,,,,,,,,,,,0,,,,,,Matches,,35,,,,,,,,,,,14,,,,Matches,,,,,,,,,,,,,,,,,,,,,Matches
1309,Warren Kamanzi,no NOR,MF,Toulouse,fr Ligue 1,24.0,2000.0,24,7,870.0,9.7,1,1,2,1,0,0,1,0,0.1,0.1,0.21,0.1,0.21,Matches,1,12,2,16.7,1.24,0.21,0.08,0.5,0,0,Matches,,,,,,,,,,,,,,,1,,,,,,Matches,,11,,,,,,,,,,,7,,,,Matches,,,,,,,,,,,,,,,,,,,,,Matches
1312,Boubacar Kamara,fr FRA,MF,Aston Villa,eng Premier League,25.0,1999.0,18,17,1411.0,15.7,1,3,4,1,0,0,5,0,0.06,0.19,0.26,0.06,0.26,Matches,1,7,4,57.1,0.45,0.26,0.14,0.25,0,0,Matches,,,,,,,,,,,,,,,3,,,,,,Matches,,16,,,,,,,,,,,15,,,,Matches,,,,,,,,,,,,,,,,,,,,,Matches
1314,Hassane Kamara,ci CIV,"MF,DF",Udinese,it Serie A,31.0,1994.0,26,22,1861.0,20.7,0,2,2,0,0,0,5,0,0.0,0.1,0.1,0.0,0.1,Matches,0,16,5,31.3,0.77,0.24,0.0,0.0,0,0,Matches,,,,,,,,,,,,,,,2,,,,,,Matches,,20,,,,,,,,,,,25,,,,Matches,,,,,,,,,,,,,,,,,,,,,Matches
1317,Jakub Kamiński,pl POL,"MF,FW",Köln,de Bundesliga,23.0,2002.0,34,34,3016.0,33.5,7,3,10,7,0,0,4,0,0.21,0.09,0.3,0.21,0.3,Matches,7,62,25,40.3,1.85,0.75,0.11,0.28,0,0,Matches,,,,,,,,,,,,,,,3,,,,,,Matches,,27,,,,,,,,,,,25,,,,Matches,,,,,,,,,,,,,,,,,,,,,Matches
1320,Harry Kane,eng ENG,"FW,MF",Bayern Munich,de Bundesliga,32.0,1993.0,31,25,2377.0,26.4,36,5,41,26,10,11,1,0,1.36,0.19,1.55,0.98,1.17,Matches,36,119,67,56.3,4.51,2.54,0.3,0.54,10,11,Matches,,,,,,,,,,,,,,,5,,,,,,Matches,,13,,,,,,,,,,,8,,,,Matches,,,,,,,,,,,,,,,,,,,,,Matches
1321,Lee Kang-in,kr KOR,"MF,FW",PSG,fr Ligue 1,24.0,2001.0,27,18,1519.0,16.9,3,4,7,3,0,0,3,0,0.18,0.24,0.41,0.18,0.41,Matches,3,37,15,40.5,2.19,0.89,0.08,0.2,0,0,Matches,,,,,,,,,,,,,,,4,,,,,,Matches,,9,,,,,,,,,,,1,,,,Matches,,,,,,,,,,,,,,,,,,,,,Matches
1325,Adam Karabec,cz CZE,"MF,FW",Lyon,fr Ligue 1,22.0,2003.0,21,11,922.0,10.2,1,0,1,1,0,0,3,0,0.1,0.0,0.1,0.1,0.1,Matches,1,9,5,55.6,0.88,0.49,0.11,0.2,0,0,Matches,,,,,,,,,,,,,,,0,,,,,,Matches,,3,,,,,,,,,,,1,,,,Matches,,,,,,,,,,,,,,,,,,,,,Matches
1326,Atakan Karazor,tr TUR,MF,Stuttgart,de Bundesliga,28.0,1996.0,28,22,1884.0,20.9,0,1,1,0,0,0,5,1,0.0,0.05,0.05,0.0,0.05,Matches,0,7,2,28.6,0.33,0.1,0.0,0.0,0,0,Matches,,,,,,,,,,,,,,,1,,,,,,Matches,,27,,,,,,,,,,,15,,,,Matches,,,,,,,,,,,,,,,,,,,,,Matches
1327,Dermane Karim,tg TOG,MF,Lorient,fr Ligue 1,21.0,2003.0,30,15,1365.0,15.2,1,2,3,1,0,0,3,0,0.07,0.13,0.2,0.07,0.2,Matches,1,16,2,12.5,1.05,0.13,0.06,0.5,0,0,Matches,,,,,,,,,,,,,,,2,,,,,,Matches,,17,,,,,,,,,,,10,,,,Matches,,,,,,,,,,,,,,,,,,,,,Matches
1328,Lennart Karl,de GER,MF,Bayern Munich,de Bundesliga,17.0,2008.0,26,16,1281.0,14.2,5,5,10,5,0,0,1,0,0.35,0.35,0.7,0.35,0.7,Matches,5,42,21,50.0,2.95,1.48,0.12,0.24,0,0,Matches,,,,,,,,,,,,,,,5,,,,,,Matches,,15,,,,,,,,,,,11,,,,Matches,,,,,,,,,,,,,,,,,,,,,Matches
1329,Jesper Karlström,se SWE,MF,Udinese,it Serie A,30.0,1995.0,36,36,3146.0,35.0,1,0,1,1,0,0,6,0,0.03,0.0,0.03,0.03,0.03,Matches,1,20,3,15.0,0.57,0.09,0.05,0.33,0,0,Matches,,,,,,,,,,,,,,,0,,,,,,Matches,,34,,,,,,,,,,,37,,,,Matches,,,,,,,,,,,,,,,,,,,,,Matches
1333,Panos Katseris,gr GRE,"MF,DF",Lorient,fr Ligue 1,24.0,2001.0,16,8,747.0,8.3,1,2,3,1,0,0,3,0,0.12,0.24,0.36,0.12,0.36,Matches,1,7,4,57.1,0.84,0.48,0.14,0.25,0,0,Matches,,,,,,,,,,,,,,,2,,,,,,Matches,,9,,,,,,,,,,,11,,,,Matches,,,,,,,,,,,,,,,,,,,,,Matches
1334,Mikkel Kaufmann,dk DEN,FW,Heidenheim,de Bundesliga,24.0,2001.0,16,6,537.0,6.0,1,1,2,1,0,0,2,0,0.17,0.17,0.34,0.17,0.34,Matches,1,11,3,27.3,1.84,0.5,0.09,0.33,0,0,Matches,,,,,,,,,,,,,,,1,,,,,,Matches,,2,,,,,,,,,,,1,,,,Matches,,,,,,,,,,,,,,,,,,,,,Matches
1336,Michael Kayode,it ITA,DF,Brentford,eng Premier League,21.0,2004.0,37,37,3258.0,36.2,1,1,2,1,0,0,8,0,0.03,0.03,0.06,0.03,0.06,Matches,1,9,3,33.3,0.25,0.08,0.11,0.33,0,0,Matches,,,,,,,,,,,,,,,1,,,,,,Matches,,47,,,,,,,,,,,39,,,,Matches,,,,,,,,,,,,,,,,,,,,,Matches
1337,Moise Kean,it ITA,FW,Fiorentina,it Serie A,25.0,2000.0,26,23,2036.0,22.6,8,1,9,6,2,2,4,0,0.35,0.04,0.4,0.27,0.31,Matches,8,98,27,27.6,4.33,1.19,0.08,0.3,2,2,Matches,,,,,,,,,,,,,,,1,,,,,,Matches,,4,,,,,,,,,,,7,,,,Matches,,,,,,,,,,,,,,,,,,,,,Matches
1338,Michael Keane,eng ENG,DF,Everton,eng Premier League,32.0,1993.0,33,29,2591.0,28.8,3,1,4,3,0,0,1,1,0.1,0.03,0.14,0.1,0.14,Matches,3,27,7,25.9,0.94,0.24,0.11,0.43,0,0,Matches,,,,,,,,,,,,,,,1,,,,,,Matches,,24,,,,,,,,,,,37,,,,Matches,,,,,,,,,,,,,,,,,,,,,Matches
1339,Ilan Kebbal,dz ALG,"MF,FW",Paris FC,fr Ligue 1,27.0,1998.0,29,26,2222.0,24.7,9,4,13,6,3,4,7,0,0.36,0.16,0.53,0.24,0.41,Matches,9,49,20,40.8,1.98,0.81,0.18,0.45,3,4,Matches,,,,,,,,,,,,,,,4,,,,,,Matches,,15,,,,,,,,,,,7,,,,Matches,,,,,,,,,,,,,,,,,,,,,Matches
1340,Yassine Kechta,ma MAR,MF,Le Havre,fr Ligue 1,23.0,2002.0,30,14,1332.0,14.8,2,1,3,2,0,0,3,0,0.14,0.07,0.2,0.14,0.2,Matches,2,21,9,42.9,1.42,0.61,0.1,0.22,0,0,Matches,,,,,,,,,,,,,,,1,,,,,,Matches,,18,,,,,,,,,,,18,,,,Matches,,,,,,,,,,,,,,,,,,,,,Matches
1341,Thilo Kehrer,de GER,DF,Monaco,fr Ligue 1,28.0,1996.0,28,28,2353.0,26.1,0,0,0,0,0,0,8,2,0.0,0.0,0.0,0.0,0.0,Matches,0,16,1,6.3,0.61,0.04,0.0,0.0,0,0,Matches,,,,,,,,,,,,,,,0,,,,,,Matches,,39,,,,,,,,,,,31,,,,Matches,,,,,,,,,,,,,,,,,,,,,Matches
1342,Mandela Keita,be BEL,MF,Parma,it Serie A,23.0,2002.0,37,36,2979.0,33.1,1,1,2,1,0,0,1,0,0.03,0.03,0.06,0.03,0.06,Matches,1,16,5,31.3,0.48,0.15,0.06,0.2,0,0,Matches,,,,,,,,,,,,,,,1,,,,,,Matches,,48,,,,,,,,,,,43,,,,Matches,,,,,,,,,,,,,,,,,,,,,Matches
1344,Caoimhín Kelleher,ie IRL,GK,Brentford,eng Premier League,26.0,1998.0,37,37,3330.0,37.0,0,0,0,0,0,0,1,0,0.0,0.0,0.0,0.0,0.0,Matches,0,0,0,,0.0,0.0,,,0,0,Matches,,,,,,,,,,,,,,,0,,,,,,Matches,,0,,,,,,,,,,,1,,,,Matches,,,,,,,,,,,,,,,,,,,,,Matches
1346,Lloyd Kelly,eng ENG,DF,Juventus,it Serie A,26.0,1998.0,35,33,2996.0,33.3,1,1,2,1,0,0,4,0,0.03,0.03,0.06,0.03,0.06,Matches,1,17,3,17.6,0.51,0.09,0.06,0.33,0,0,Matches,,,,,,,,,,,,,,,1,,,,,,Matches,,33,,,,,,,,,,,14,,,,Matches,,,,,,,,,,,,,,,,,,,,,Matches
1347,Aljoscha Kemlein,de GER,MF,Union Berlin,de Bundesliga,20.0,2004.0,30,23,1959.0,21.8,0,2,2,0,0,0,4,0,0.0,0.09,0.09,0.0,0.09,Matches,0,17,2,11.8,0.78,0.09,0.0,0.0,0,0,Matches,,,,,,,,,,,,,,,2,,,,,,Matches,,25,,,,,,,,,,,18,,,,Matches,,,,,,,,,,,,,,,,,,,,,Matches
1348,Marc-Oliver Kempf,de GER,DF,Como,it Serie A,30.0,1995.0,34,27,2326.0,25.8,4,1,5,4,0,0,3,0,0.15,0.04,0.19,0.15,0.19,Matches,4,21,6,28.6,0.81,0.23,0.19,0.67,0,0,Matches,,,,,,,,,,,,,,,1,,,,,,Matches,,12,,,,,,,,,,,13,,,,Matches,,,,,,,,,,,,,,,,,,,,,Matches
1349,Luca Kerber,de GER,MF,Heidenheim,de Bundesliga,23.0,2002.0,18,8,682.0,7.6,2,0,2,2,0,0,3,0,0.26,0.0,0.26,0.26,0.26,Matches,2,9,3,33.3,1.19,0.4,0.22,0.67,0,0,Matches,,,,,,,,,,,,,,,0,,,,,,Matches,,11,,,,,,,,,,,3,,,,Matches,,,,,,,,,,,,,,,,,,,,,Matches
1350,Milos Kerkez,hu HUN,DF,Liverpool,eng Premier League,21.0,2003.0,34,27,2257.0,25.1,2,1,3,2,0,0,4,0,0.08,0.04,0.12,0.08,0.12,Matches,2,9,2,22.2,0.36,0.08,0.22,1.0,0,0,Matches,,,,,,,,,,,,,,,1,,,,,,Matches,,26,,,,,,,,,,,15,,,,Matches,,,,,,,,,,,,,,,,,,,,,Matches
1351,Kevin,br BRA,MF,Fulham,eng Premier League,22.0,2003.0,26,9,1041.0,11.6,1,1,2,1,0,0,1,0,0.09,0.09,0.17,0.09,0.17,Matches,1,25,10,40.0,2.16,0.86,0.04,0.1,0,0,Matches,,,,,,,,,,,,,,,1,,,,,,Matches,,10,,,,,,,,,,,9,,,,Matches,,,,,,,,,,,,,,,,,,,,,Matches
1353,Bilal El Khannouss,ma MAR,"MF,FW",Stuttgart,de Bundesliga,21.0,2004.0,25,19,1630.0,18.1,4,5,9,4,0,0,6,0,0.22,0.28,0.5,0.22,0.5,Matches,4,42,15,35.7,2.32,0.83,0.1,0.27,0,0,Matches,,,,,,,,,,,,,,,5,,,,,,Matches,,21,,,,,,,,,,,10,,,,Matches,,,,,,,,,,,,,,,,,,,,,Matches
1354,Rani Khedira,tn TUN,MF,Union Berlin,de Bundesliga,31.0,1994.0,32,32,2830.0,31.4,5,1,6,5,0,0,7,0,0.16,0.03,0.19,0.16,0.19,Matches,5,23,10,43.5,0.73,0.32,0.22,0.5,0,0,Matches,,,,,,,,,,,,,,,1,,,,,,Matches,,35,,,,,,,,,,,37,,,,Matches,,,,,,,,,,,,,,,,,,,,,Matches
1355,Abdukodir Khusanov,uz UZB,DF,Manchester City,eng Premier League,21.0,2004.0,21,15,1432.0,15.9,0,0,0,0,0,0,2,0,0.0,0.0,0.0,0.0,0.0,Matches,0,7,1,14.3,0.44,0.06,0.0,0.0,0,0,Matches,,,,,,,,,,,,,,,0,,,,,,Matches,,20,,,,,,,,,,,29,,,,Matches,,,,,,,,,,,,,,,,,,,,,Matches
1357,Kialonda,ao ANG,DF,Lecce,it Serie A,27.0,1997.0,23,21,1830.0,20.3,0,0,0,0,0,0,6,1,0.0,0.0,0.0,0.0,0.0,Matches,0,9,1,11.1,0.44,0.05,0.0,0.0,0,0,Matches,,,,,,,,,,,,,,,0,,,,,,Matches,,9,,,,,,,,,,,19,,,,Matches,,,,,,,,,,,,,,,,,,,,,Matches
1358,Kiké,es ESP,FW,Espanyol,es La Liga,35.0,1989.0,37,17,1734.0,19.3,8,1,9,7,1,2,3,0,0.42,0.05,0.47,0.36,0.42,Matches,8,60,27,45.0,3.11,1.4,0.13,0.3,1,2,Matches,,,,,,,,,,,,,,,1,,,,,,Matches,,8,,,,,,,,,,,4,,,,Matches,,,,,,,,,,,,,,,,,,,,,Matches
1359,Semih Kılıçsoy,tr TUR,FW,Cagliari,it Serie A,19.0,2005.0,22,11,975.0,10.8,4,0,4,4,0,0,1,0,0.37,0.0,0.37,0.37,0.37,Matches,4,17,8,47.1,1.57,0.74,0.24,0.5,0,0,Matches,,,,,,,,,,,,,,,0,,,,,,Matches,,4,,,,,,,,,,,1,,,,Matches,,,,,,,,,,,,,,,,,,,,,Matches
1360,Max Kilman,eng ENG,DF,West Ham,eng Premier League,28.0,1997.0,21,17,1561.0,17.3,0,0,0,0,0,0,4,0,0.0,0.0,0.0,0.0,0.0,Matches,0,7,1,14.3,0.4,0.06,0.0,0.0,0,0,Matches,,,,,,,,,,,,,,,0,,,,,,Matches,,8,,,,,,,,,,,6,,,,Matches,,,,,,,,,,,,,,,,,,,,,Matches
1361,Joshua Kimmich,de GER,MF,Bayern Munich,de Bundesliga,30.0,1995.0,29,24,2280.0,25.3,2,8,10,2,0,0,4,0,0.08,0.32,0.39,0.08,0.39,Matches,2,28,10,35.7,1.11,0.39,0.07,0.2,0,0,Matches,,,,,,,,,,,,,,,8,,,,,,Matches,,26,,,,,,,,,,,24,,,,Matches,,,,,,,,,,,,,,,,,,,,,Matches
1362,Joshua King,eng ENG,MF,Fulham,eng Premier League,18.0,2007.0,32,15,1308.0,14.5,1,2,3,1,0,0,4,0,0.07,0.14,0.21,0.07,0.21,Matches,1,26,11,42.3,1.79,0.76,0.04,0.09,0,0,Matches,,,,,,,,,,,,,,,2,,,,,,Matches,,12,,,,,,,,,,,3,,,,Matches,,,,,,,,,,,,,,,,,,,,,Matches
1363,Antonín Kinský,cz CZE,GK,Tottenham,eng Premier League,22.0,2003.0,7,7,630.0,7.0,0,0,0,0,0,0,1,0,0.0,0.0,0.0,0.0,0.0,Matches,0,0,0,,0.0,0.0,,,0,0,Matches,,,,,,,,,,,,,,,0,,,,,,Matches,,0,,,,,,,,,,,0,,,,Matches,,,,,,,,,,,,,,,,,,,,,Matches
1367,Justin Kluivert,nl NED,MF,Bournemouth,eng Premier League,26.0,1999.0,20,10,952.0,10.6,2,0,2,2,0,0,5,0,0.19,0.0,0.19,0.19,0.19,Matches,2,17,4,23.5,1.61,0.38,0.12,0.5,0,0,Matches,,,,,,,,,,,,,,,0,,,,,,Matches,,7,,,,,,,,,,,4,,,,Matches,,,,,,,,,,,,,,,,,,,,,Matches
1368,Ruben Kluivert,nl NED,DF,Lyon,fr Ligue 1,24.0,2001.0,16,9,772.0,8.6,1,2,3,1,0,0,4,0,0.12,0.23,0.35,0.12,0.35,Matches,1,2,1,50.0,0.23,0.12,0.5,1.0,0,0,Matches,,,,,,,,,,,,,,,2,,,,,,Matches,,10,,,,,,,,,,,8,,,,Matches,,,,,,,,,,,,,,,,,,,,,Matches
1369,Ansgar Knauff,de GER,"MF,FW",Frankfurt,de Bundesliga,23.0,2002.0,28,12,1326.0,14.7,4,1,5,4,0,0,3,0,0.27,0.07,0.34,0.27,0.34,Matches,4,34,14,41.2,2.31,0.95,0.12,0.29,0,0,Matches,,,,,,,,,,,,,,,1,,,,,,Matches,,10,,,,,,,,,,,9,,,,Matches,,,,,,,,,,,,,,,,,,,,,Matches
1371,Gregor Kobel,ch SUI,GK,Dortmund,de Bundesliga,27.0,1997.0,34,34,3060.0,34.0,0,0,0,0,0,0,3,0,0.0,0.0,0.0,0.0,0.0,Matches,0,0,0,,0.0,0.0,,,0,0,Matches,,,,,,,,,,,,,,,0,,,,,,Matches,,0,,,,,,,,,,,0,,,,Matches,,,,,,,,,,,,,,,,,,,,,Matches
1372,Robin Koch,de GER,DF,Frankfurt,de Bundesliga,29.0,1996.0,32,32,2833.0,31.5,3,1,4,3,0,0,3,1,0.1,0.03,0.13,0.1,0.13,Matches,3,15,5,33.3,0.48,0.16,0.2,0.6,0,0,Matches,,,,,,,,,,,,,,,1,,,,,,Matches,,27,,,,,,,,,,,47,,,,Matches,,,,,,,,,,,,,,,,,,,,,Matches
1373,Christian Kofane,cm CMR,FW,Leverkusen,de Bundesliga,19.0,2006.0,29,12,1239.0,13.8,5,4,9,5,0,0,3,0,0.36,0.29,0.65,0.36,0.65,Matches,5,46,19,41.3,3.34,1.38,0.11,0.26,0,0,Matches,,,,,,,,,,,,,,,4,,,,,,Matches,,7,,,,,,,,,,,2,,,,Matches,,,,,,,,,,,,,,,,,,,,,Matches
1374,Hervé Koffi,bf BFA,GK,Angers,fr Ligue 1,28.0,1996.0,30,30,2658.0,29.5,0,0,0,0,0,0,1,0,0.0,0.0,0.0,0.0,0.0,Matches,0,0,0,,0.0,0.0,,,0,0,Matches,,,,,,,,,,,,,,,0,,,,,,Matches,,2,,,,,,,,,,,0,,,,Matches,,,,,,,,,,,,,,,,,,,,,Matches
1376,Derrick Köhn,gh GHA,"MF,DF",Union Berlin,de Bundesliga,26.0,1999.0,29,21,1899.0,21.1,1,2,3,0,1,1,5,1,0.05,0.09,0.14,0.0,0.09,Matches,1,28,5,17.9,1.33,0.24,0.04,0.2,1,1,Matches,,,,,,,,,,,,,,,2,,,,,,Matches,,22,,,,,,,,,,,8,,,,Matches,,,,,,,,,,,,,,,,,,,,,Matches
1377,Philipp Köhn,ch SUI,GK,Monaco,fr Ligue 1,27.0,1998.0,19,17,1621.0,18.0,0,0,0,0,0,0,1,0,0.0,0.0,0.0,0.0,0.0,Matches,0,0,0,,0.0,0.0,,,0,0,Matches,,,,,,,,,,,,,,,0,,,,,,Matches,,0,,,,,,,,,,,1,,,,Matches,,,,,,,,,,,,,,,,,,,,,Matches
1378,Dominik Kohr,de GER,DF,Mainz 05,de Bundesliga,31.0,1994.0,29,28,2338.0,26.0,2,0,2,2,0,0,11,2,0.08,0.0,0.08,0.08,0.08,Matches,2,15,4,26.7,0.58,0.15,0.13,0.5,0,0,Matches,,,,,,,,,,,,,,,0,,,,,,Matches,,35,,,,,,,,,,,44,,,,Matches,,,,,,,,,,,,,,,,,,,,,Matches
1379,Koke,es ESP,MF,Atlético Madrid,es La Liga,33.0,1992.0,34,24,2219.0,24.7,2,2,4,2,0,0,6,0,0.08,0.08,0.16,0.08,0.16,Matches,2,14,4,28.6,0.57,0.16,0.14,0.5,0,0,Matches,,,,,,,,,,,,,,,2,,,,,,Matches,,30,,,,,,,,,,,19,,,,Matches,,,,,,,,,,,,,,,,,,,,,Matches
1380,Sead Kolašinac,ba BIH,DF,Atalanta,it Serie A,32.0,1993.0,19,15,1212.0,13.5,0,0,0,0,0,0,3,0,0.0,0.0,0.0,0.0,0.0,Matches,0,3,0,0.0,0.22,0.0,0.0,,0,0,Matches,,,,,,,,,,,,,,,0,,,,,,Matches,,18,,,,,,,,,,,11,,,,Matches,,,,,,,,,,,,,,,,,,,,,Matches
1381,Luca Koleosho,it ITA,MF,Paris FC,fr Ligue 1,20.0,2004.0,16,3,554.0,6.2,3,1,4,3,0,0,0,0,0.49,0.16,0.65,0.49,0.65,Matches,3,17,10,58.8,2.76,1.62,0.18,0.3,0,0,Matches,,,,,,,,,,,,,,,1,,,,,,Matches,,15,,,,,,,,,,,3,,,,Matches,,,,,,,,,,,,,,,,,,,,,Matches
1384,Randal Kolo Muani,fr FRA,"FW,MF",Tottenham,eng Premier League,26.0,1998.0,30,21,1664.0,18.5,1,1,2,1,0,0,3,0,0.05,0.05,0.11,0.05,0.11,Matches,1,20,4,20.0,1.08,0.22,0.05,0.25,0,0,Matches,,,,,,,,,,,,,,,1,,,,,,Matches,,16,,,,,,,,,,,2,,,,Matches,,,,,,,,,,,,,,,,,,,,,Matches
1385,Timothée Kolodziejczak,fr FRA,DF,Paris FC,fr Ligue 1,33.0,1991.0,11,7,662.0,7.4,0,0,0,0,0,0,2,0,0.0,0.0,0.0,0.0,0.0,Matches,0,1,1,100.0,0.14,0.14,0.0,0.0,0,0,Matches,,,,,,,,,,,,,,,0,,,,,,Matches,,6,,,,,,,,,,,7,,,,Matches,,,,,,,,,,,,,,,,,,,,,Matches
1386,Mert Kömür,de GER,"MF,FW",Augsburg,de Bundesliga,20.0,2005.0,28,17,1464.0,16.3,2,4,6,2,0,0,1,0,0.12,0.25,0.37,0.12,0.37,Matches,2,41,16,39.0,2.52,0.98,0.05,0.13,0,0,Matches,,,,,,,,,,,,,,,4,,,,,,Matches,,13,,,,,,,,,,,8,,,,Matches,,,,,,,,,,,,,,,,,,,,,Matches
1387,Ibrahima Konaté,fr FRA,DF,Liverpool,eng Premier League,26.0,1999.0,36,36,3090.0,34.3,1,0,1,1,0,0,7,0,0.03,0.0,0.03,0.03,0.03,Matches,1,12,4,33.3,0.35,0.12,0.08,0.25,0,0,Matches,,,,,,,,,,,,,,,0,,,,,,Matches,,31,,,,,,,,,,,28,,,,Matches,,,,,,,,,,,,,,,,,,,,,Matches
1389,Geoffrey Kondogbia,cf CTA,"MF,DF",Marseille,fr Ligue 1,32.0,1993.0,10,9,587.0,6.5,0,0,0,0,0,0,3,0,0.0,0.0,0.0,0.0,0.0,Matches,0,4,1,25.0,0.61,0.15,0.0,0.0,0,0,Matches,,,,,,,,,,,,,,,0,,,,,,Matches,,9,,,,,,,,,,,11,,,,Matches,,,,,,,,,,,,,,,,,,,,,Matches
1390,Ismaël Koné,ca CAN,MF,Sassuolo,it Serie A,23.0,2002.0,35,33,2737.0,30.4,6,0,6,6,0,0,5,1,0.2,0.0,0.2,0.2,0.2,Matches,6,23,10,43.5,0.76,0.33,0.26,0.6,0,0,Matches,,,,,,,,,,,,,,,0,,,,,,Matches,,18,,,,,,,,,,,12,,,,Matches,,,,,,,,,,,,,,,,,,,,,Matches
1391,Manu Koné,fr FRA,MF,Roma,it Serie A,24.0,2001.0,29,28,2456.0,27.3,2,3,5,2,0,0,2,0,0.07,0.11,0.18,0.07,0.18,Matches,2,21,5,23.8,0.77,0.18,0.1,0.4,0,0,Matches,,,,,,,,,,,,,,,3,,,,,,Matches,,27,,,,,,,,,,,20,,,,Matches,,,,,,,,,,,,,,,,,,,,,Matches
1392,Ransford Königsdörffer,gh GHA,"FW,MF",Hamburger SV,de Bundesliga,23.0,2001.0,33,29,2329.0,25.9,5,1,6,5,0,1,2,0,0.19,0.04,0.23,0.19,0.23,Matches,5,65,22,33.8,2.51,0.85,0.08,0.23,0,1,Matches,,,,,,,,,,,,,,,1,,,,,,Matches,,4,,,,,,,,,,,6,,,,Matches,,,,,,,,,,,,,,,,,,,,,Matches
1393,Ezri Konsa,eng ENG,DF,Aston Villa,eng Premier League,27.0,1997.0,34,34,3035.0,33.7,0,0,0,0,0,0,0,1,0.0,0.0,0.0,0.0,0.0,Matches,0,11,2,18.2,0.33,0.06,0.0,0.0,0,0,Matches,,,,,,,,,,,,,,,0,,,,,,Matches,,8,,,,,,,,,,,22,,,,Matches,,,,,,,,,,,,,,,,,,,,,Matches
1394,Teun Koopmeiners,nl NED,"MF,DF",Juventus,it Serie A,27.0,1998.0,33,18,1827.0,20.3,0,0,0,0,0,0,5,0,0.0,0.0,0.0,0.0,0.0,Matches,0,28,7,25.0,1.38,0.34,0.0,0.0,0,0,Matches,,,,,,,,,,,,,,,0,,,,,,Matches,,13,,,,,,,,,,,18,,,,Matches,,,,,,,,,,,,,,,,,,,,,Matches
1396,Odilon Kossounou,ci CIV,DF,Atalanta,it Serie A,24.0,2001.0,19,10,988.0,11.0,1,0,1,1,0,0,1,0,0.09,0.0,0.09,0.09,0.09,Matches,1,5,1,20.0,0.46,0.09,0.2,1.0,0,0,Matches,,,,,,,,,,,,,,,0,,,,,,Matches,,14,,,,,,,,,,,10,,,,Matches,,,,,,,,,,,,,,,,,,,,,Matches
1397,Filip Kostić,rs SRB,MF,Juventus,it Serie A,32.0,1992.0,18,4,479.0,5.3,3,1,4,3,0,0,1,0,0.56,0.19,0.75,0.56,0.75,Matches,3,9,4,44.4,1.69,0.75,0.33,0.75,0,0,Matches,,,,,,,,,,,,,,,1,,,,,,Matches,,10,,,,,,,,,,,4,,,,Matches,,,,,,,,,,,,,,,,,,,,,Matches
1401,Koffi Kouao,ci CIV,"DF,MF",Metz,fr Ligue 1,27.0,1998.0,27,27,2265.0,25.2,2,1,3,2,0,0,10,0,0.08,0.04,0.12,0.08,0.12,Matches,2,23,10,43.5,0.91,0.4,0.09,0.2,0,0,Matches,,,,,,,,,,,,,,,1,,,,,,Matches,,46,,,,,,,,,,,28,,,,Matches,,,,,,,,,,,,,,,,,,,,,Matches
1402,Arsène Kouassi,bf BFA,MF,Lorient,fr Ligue 1,20.0,2004.0,31,30,2605.0,28.9,2,6,8,2,0,0,4,0,0.07,0.21,0.28,0.07,0.28,Matches,2,9,5,55.6,0.31,0.17,0.22,0.4,0,0,Matches,,,,,,,,,,,,,,,6,,,,,,Matches,,18,,,,,,,,,,,24,,,,Matches,,,,,,,,,,,,,,,,,,,,,Matches
1404,Konstantinos Koulierakis,gr GRE,DF,Wolfsburg,de Bundesliga,21.0,2003.0,29,27,2482.0,27.6,4,1,5,4,0,0,5,0,0.15,0.04,0.18,0.15,0.18,Matches,4,26,12,46.2,0.94,0.44,0.15,0.33,0,0,Matches,,,,,,,,,,,,,,,1,,,,,,Matches,,25,,,,,,,,,,,35,,,,Matches,,,,,,,,,,,,,,,,,,,,,Matches
1406,Jules Koundé,fr FRA,DF,Barcelona,es La Liga,26.0,1998.0,30,24,2261.0,25.1,1,3,4,1,0,0,6,0,0.04,0.12,0.16,0.04,0.16,Matches,1,14,4,28.6,0.56,0.16,0.07,0.25,0,0,Matches,,,,,,,,,,,,,,,3,,,,,,Matches,,24,,,,,,,,,,,31,,,,Matches,,,,,,,,,,,,,,,,,,,,,Matches
1410,Goduine Koyalipou,cf CTA,FW,Angers,fr Ligue 1,25.0,2000.0,13,7,668.0,7.4,2,1,3,1,1,1,0,0,0.27,0.13,0.4,0.13,0.27,Matches,2,22,9,40.9,2.96,1.21,0.09,0.22,1,1,Matches,,,,,,,,,,,,,,,1,,,,,,Matches,,2,,,,,,,,,,,1,,,,Matches,,,,,,,,,,,,,,,,,,,,,Matches
1413,Alex Král,cz CZE,MF,Union Berlin,de Bundesliga,27.0,1998.0,20,2,459.0,5.1,0,0,0,0,0,0,1,0,0.0,0.0,0.0,0.0,0.0,Matches,0,7,3,42.9,1.37,0.59,0.0,0.0,0,0,Matches,,,,,,,,,,,,,,,0,,,,,,Matches,,5,,,,,,,,,,,2,,,,Matches,,,,,,,,,,,,,,,,,,,,,Matches
1414,Andrej Kramarić,hr CRO,"MF,FW",Hoffenheim,de Bundesliga,34.0,1991.0,34,26,2207.0,24.5,14,6,20,9,5,5,2,0,0.57,0.24,0.82,0.37,0.61,Matches,14,64,33,51.6,2.61,1.35,0.22,0.42,5,5,Matches,,,,,,,,,,,,,,,6,,,,,,Matches,,5,,,,,,,,,,,7,,,,Matches,,,,,,,,,,,,,,,,,,,,,Matches
1416,Jean-Philippe Krasso,ci CIV,FW,Paris FC,fr Ligue 1,28.0,1997.0,25,12,1092.0,12.1,2,2,4,1,1,1,0,0,0.16,0.16,0.33,0.08,0.25,Matches,2,27,10,37.0,2.23,0.82,0.07,0.2,1,1,Matches,,,,,,,,,,,,,,,2,,,,,,Matches,,8,,,,,,,,,,,1,,,,Matches,,,,,,,,,,,,,,,,,,,,,Matches
1417,Tom Krauß,de GER,"MF,DF",Köln,de Bundesliga,24.0,2001.0,26,19,1780.0,19.8,0,2,2,0,0,0,4,0,0.0,0.1,0.1,0.0,0.1,Matches,0,9,2,22.2,0.46,0.1,0.0,0.0,0,0,Matches,,,,,,,,,,,,,,,2,,,,,,Matches,,43,,,,,,,,,,,26,,,,Matches,,,,,,,,,,,,,,,,,,,,,Matches
1418,Ladislav Krejčí,cz CZE,"DF,MF",Wolves,eng Premier League,26.0,1999.0,28,27,2356.0,26.2,2,1,3,2,0,0,5,1,0.08,0.04,0.11,0.08,0.11,Matches,2,21,10,47.6,0.8,0.38,0.1,0.2,0,0,Matches,,,,,,,,,,,,,,,1,,,,,,Matches,,21,,,,,,,,,,,32,,,,Matches,,,,,,,,,,,,,,,,,,,,,Matches
1420,Rasmus Kristensen,dk DEN,"DF,MF",Frankfurt,de Bundesliga,28.0,1997.0,22,19,1538.0,17.1,2,0,2,2,0,0,6,1,0.12,0.0,0.12,0.12,0.12,Matches,2,15,6,40.0,0.88,0.35,0.13,0.33,0,0,Matches,,,,,,,,,,,,,,,0,,,,,,Matches,,33,,,,,,,,,,,19,,,,Matches,,,,,,,,,,,,,,,,,,,,,Matches
1421,Thomas Kristensen,dk DEN,DF,Udinese,it Serie A,23.0,2002.0,28,28,2472.0,27.5,3,0,3,3,0,0,4,0,0.11,0.0,0.11,0.11,0.11,Matches,3,11,6,54.5,0.4,0.22,0.27,0.5,0,0,Matches,,,,,,,,,,,,,,,0,,,,,,Matches,,15,,,,,,,,,,,27,,,,Matches,,,,,,,,,,,,,,,,,,,,,Matches
1422,Nikola Krstović,me MNE,FW,Atalanta,it Serie A,25.0,2000.0,33,18,1791.0,19.9,10,5,15,10,0,0,4,0,0.5,0.25,0.75,0.5,0.75,Matches,10,99,34,34.3,4.97,1.71,0.1,0.29,0,0,Matches,,,,,,,,,,,,,,,5,,,,,,Matches,,12,,,,,,,,,,,3,,,,Matches,,,,,,,,,,,,,,,,,,,,,Matches
1423,Lukas Kübler,de GER,DF,Freiburg,de Bundesliga,32.0,1992.0,23,19,1587.0,17.6,2,2,4,2,0,0,3,0,0.11,0.11,0.23,0.11,0.23,Matches,2,19,5,26.3,1.08,0.28,0.11,0.4,0,0,Matches,,,,,,,,,,,,,,,2,,,,,,Matches,,25,,,,,,,,,,,31,,,,Matches,,,,,,,,,,,,,,,,,,,,,Matches
1424,Takefusa Kubo,jp JPN,MF,Real Sociedad,es La Liga,24.0,2001.0,24,17,1503.0,16.7,2,4,6,2,0,0,2,0,0.12,0.24,0.36,0.12,0.36,Matches,2,28,12,42.9,1.68,0.72,0.07,0.17,0,0,Matches,,,,,,,,,,,,,,,4,,,,,,Matches,,18,,,,,,,,,,,10,,,,Matches,,,,,,,,,,,,,,,,,,,,,Matches
1425,Mohammed Kudus,gh GHA,"MF,FW",Tottenham,eng Premier League,24.0,2000.0,19,19,1535.0,17.1,2,5,7,2,0,0,3,0,0.12,0.29,0.41,0.12,0.41,Matches,2,26,9,34.6,1.52,0.53,0.08,0.22,0,0,Matches,,,,,,,,,,,,,,,5,,,,,,Matches,,17,,,,,,,,,,,3,,,,Matches,,,,,,,,,,,,,,,,,,,,,Matches
1426,Nicolas-Gerrit Kühn,de GER,MF,Como,it Serie A,25.0,2000.0,23,6,665.0,7.4,1,1,2,1,0,0,0,0,0.14,0.14,0.27,0.14,0.27,Matches,1,8,3,37.5,1.08,0.41,0.13,0.33,0,0,Matches,,,,,,,,,,,,,,,1,,,,,,Matches,,6,,,,,,,,,,,5,,,,Matches,,,,,,,,,,,,,,,,,,,,,Matches
1428,Sael Kumbedi,fr FRA,"DF,MF",Wolfsburg,de Bundesliga,20.0,2005.0,24,20,1804.0,20.0,0,5,5,0,0,0,2,0,0.0,0.25,0.25,0.0,0.25,Matches,0,5,0,0.0,0.25,0.0,0.0,,0,0,Matches,,,,,,,,,,,,,,,5,,,,,,Matches,,33,,,,,,,,,,,14,,,,Matches,,,,,,,,,,,,,,,,,,,,,Matches
1433,Khvicha Kvaratskhelia,ge GEO,FW,PSG,fr Ligue 1,24.0,2001.0,28,18,1479.0,16.4,8,4,12,7,1,1,1,0,0.49,0.24,0.73,0.43,0.67,Matches,8,65,29,44.6,3.96,1.76,0.12,0.28,1,1,Matches,,,,,,,,,,,,,,,4,,,,,,Matches,,13,,,,,,,,,,,10,,,,Matches,,,,,,,,,,,,,,,,,,,,,Matches
1434,Giorgi Kvilitaia,ge GEO,FW,Metz,fr Ligue 1,31.0,1993.0,10,5,495.0,5.5,2,0,2,2,0,0,1,0,0.36,0.0,0.36,0.36,0.36,Matches,2,12,7,58.3,2.18,1.27,0.17,0.29,0,0,Matches,,,,,,,,,,,,,,,0,,,,,,Matches,,6,,,,,,,,,,,0,,,,Matches,,,,,,,,,,,,,,,,,,,,,Matches
1436,Adrián de la Fuente,es ESP,DF,Levante,es La Liga,26.0,1999.0,33,30,2711.0,30.1,3,1,4,2,1,3,5,0,0.1,0.03,0.13,0.07,0.1,Matches,3,39,9,23.1,1.29,0.3,0.08,0.33,1,3,Matches,,,,,,,,,,,,,,,1,,,,,,Matches,,18,,,,,,,,,,,48,,,,Matches,,,,,,,,,,,,,,,,,,,,,Matches
1437,Rémy Labeau Lascary,gp GLP,"MF,FW",Brest,fr Ligue 1,22.0,2003.0,27,12,1200.0,13.3,5,1,6,5,0,0,2,0,0.37,0.07,0.45,0.37,0.45,Matches,5,34,16,47.1,2.55,1.2,0.15,0.31,0,0,Matches,,,,,,,,,,,,,,,1,,,,,,Matches,,11,,,,,,,,,,,4,,,,Matches,,,,,,,,,,,,,,,,,,,,,Matches
1439,Maxence Lacroix,fr FRA,DF,Crystal Palace,eng Premier League,25.0,2000.0,35,35,3085.0,34.3,1,2,3,1,0,0,4,1,0.03,0.06,0.09,0.03,0.09,Matches,1,25,7,28.0,0.73,0.2,0.04,0.14,0,0,Matches,,,,,,,,,,,,,,,2,,,,,,Matches,,38,,,,,,,,,,,45,,,,Matches,,,,,,,,,,,,,,,,,,,,,Matches
1442,Yoel Lago,es ESP,DF,Celta Vigo,es La Liga,21.0,2004.0,12,11,938.0,10.4,0,0,0,0,0,0,4,0,0.0,0.0,0.0,0.0,0.0,Matches,0,1,0,0.0,0.1,0.0,0.0,,0,0,Matches,,,,,,,,,,,,,,,0,,,,,,Matches,,10,,,,,,,,,,,7,,,,Matches,,,,,,,,,,,,,,,,,,,,,Matches
1444,Konrad Laimer,at AUT,DF,Bayern Munich,de Bundesliga,28.0,1997.0,29,22,1994.0,22.2,3,9,12,3,0,0,9,0,0.14,0.41,0.54,0.14,0.54,Matches,3,17,8,47.1,0.77,0.36,0.18,0.38,0,0,Matches,,,,,,,,,,,,,,,9,,,,,,Matches,,25,,,,,,,,,,,17,,,,Matches,,,,,,,,,,,,,,,,,,,,,Matches
1445,Kenny Lala,mg MAD,DF,Brest,fr Ligue 1,33.0,1991.0,32,31,2791.0,31.0,0,3,3,0,0,0,4,0,0.0,0.1,0.1,0.0,0.1,Matches,0,8,1,12.5,0.26,0.03,0.0,0.0,0,0,Matches,,,,,,,,,,,,,,,3,,,,,,Matches,,26,,,,,,,,,,,26,,,,Matches,,,,,,,,,,,,,,,,,,,,,Matches
1447,Senne Lammens,be BEL,GK,Manchester Utd,eng Premier League,23.0,2002.0,32,32,2880.0,32.0,0,0,0,0,0,0,0,0,0.0,0.0,0.0,0.0,0.0,Matches,0,0,0,,0.0,0.0,,,0,0,Matches,,,,,,,,,,,,,,,0,,,,,,Matches,,1,,,,,,,,,,,0,,,,Matches,,,,,,,,,,,,,,,,,,,,,Matches
1449,Noa Lang,nl NED,"FW,MF",Napoli,it Serie A,26.0,1999.0,18,7,666.0,7.4,1,2,3,1,0,0,2,0,0.14,0.27,0.41,0.14,0.41,Matches,1,9,4,44.4,1.22,0.54,0.11,0.25,0,0,Matches,,,,,,,,,,,,,,,2,,,,,,Matches,,8,,,,,,,,,,,2,,,,Matches,,,,,,,,,,,,,,,,,,,,,Matches
1450,Aymeric Laporte,es ESP,DF,Athletic Club,es La Liga,31.0,1994.0,25,24,2058.0,22.9,0,1,1,0,0,0,4,0,0.0,0.04,0.04,0.0,0.04,Matches,0,15,5,33.3,0.66,0.22,0.0,0.0,0,0,Matches,,,,,,,,,,,,,,,1,,,,,,Matches,,17,,,,,,,,,,,27,,,,Matches,,,,,,,,,,,,,,,,,,,,,Matches
1451,Hugo Larsson,se SWE,MF,Frankfurt,de Bundesliga,21.0,2004.0,25,21,1812.0,20.1,2,2,4,2,0,0,0,0,0.1,0.1,0.2,0.1,0.2,Matches,2,13,6,46.2,0.65,0.3,0.15,0.33,0,0,Matches,,,,,,,,,,,,,,,2,,,,,,Matches,,9,,,,,,,,,,,27,,,,Matches,,,,,,,,,,,,,,,,,,,,,Matches
1453,Toni Lato,es ESP,"DF,MF",Mallorca,es La Liga,27.0,1997.0,12,7,583.0,6.5,0,1,1,0,0,0,3,0,0.0,0.15,0.15,0.0,0.15,Matches,0,0,0,,0.0,0.0,,,0,0,Matches,,,,,,,,,,,,,,,1,,,,,,Matches,,8,,,,,,,,,,,6,,,,Matches,,,,,,,,,,,,,,,,,,,,,Matches
1454,Josh Laurent,eng ENG,"DF,MF",Burnley,eng Premier League,30.0,1995.0,33,18,1764.0,19.6,1,0,1,1,0,0,7,1,0.05,0.0,0.05,0.05,0.05,Matches,1,15,4,26.7,0.77,0.2,0.07,0.25,0,0,Matches,,,,,,,,,,,,,,,0,,,,,,Matches,,25,,,,,,,,,,,28,,,,Matches,,,,,,,,,,,,,,,,,,,,,Matches
1455,Armand Lauriente,fr FRA,FW,Sassuolo,it Serie A,26.0,1998.0,38,33,2592.0,28.8,7,9,16,7,0,0,4,0,0.24,0.31,0.56,0.24,0.56,Matches,7,71,26,36.6,2.47,0.9,0.1,0.27,0,0,Matches,,,,,,,,,,,,,,,9,,,,,,Matches,,15,,,,,,,,,,,7,,,,Matches,,,,,,,,,,,,,,,,,,,,,Matches
1458,Valentino Lazaro,at AUT,MF,Torino,it Serie A,29.0,1996.0,31,26,2252.0,25.0,0,2,2,0,0,0,4,0,0.0,0.08,0.08,0.0,0.08,Matches,0,8,2,25.0,0.32,0.08,0.0,0.0,0,0,Matches,,,,,,,,,,,,,,,2,,,,,,Matches,,25,,,,,,,,,,,22,,,,Matches,,,,,,,,,,,,,,,,,,,,,Matches
1459,Manuel Lazzari,it ITA,DF,Lazio,it Serie A,31.0,1993.0,23,9,938.0,10.4,0,0,0,0,0,0,2,0,0.0,0.0,0.0,0.0,0.0,Matches,0,4,2,50.0,0.38,0.19,0.0,0.0,0,0,Matches,,,,,,,,,,,,,,,0,,,,,,Matches,,9,,,,,,,,,,,6,,,,Matches,,,,,,,,,,,,,,,,,,,,,Matches
1461,Théo Le Bris,fr FRA,MF,Lorient,fr Ligue 1,22.0,2002.0,28,22,1893.0,21.0,2,2,4,2,0,0,0,0,0.1,0.1,0.19,0.1,0.19,Matches,2,17,7,41.2,0.81,0.33,0.12,0.29,0,0,Matches,,,,,,,,,,,,,,,2,,,,,,Matches,,28,,,,,,,,,,,17,,,,Matches,,,,,,,,,,,,,,,,,,,,,Matches
1463,Enzo Le Fée,fr FRA,"MF,FW",Sunderland,eng Premier League,25.0,2000.0,36,33,2930.0,32.6,5,6,11,2,3,4,5,0,0.15,0.18,0.34,0.06,0.25,Matches,5,36,12,33.3,1.11,0.37,0.14,0.42,3,4,Matches,,,,,,,,,,,,,,,6,,,,,,Matches,,56,,,,,,,,,,,28,,,,Matches,,,,,,,,,,,,,,,,,,,,,Matches
1465,Robin Le Normand,es ESP,DF,Atlético Madrid,es La Liga,28.0,1996.0,28,17,1789.0,19.9,1,1,2,1,0,0,5,0,0.05,0.05,0.1,0.05,0.1,Matches,1,6,1,16.7,0.3,0.05,0.17,1.0,0,0,Matches,,,,,,,,,,,,,,,1,,,,,,Matches,,20,,,,,,,,,,,20,,,,Matches,,,,,,,,,,,,,,,,,,,,,Matches
1466,Nicola Leali,it ITA,GK,Genoa,it Serie A,32.0,1993.0,22,21,1847.0,20.5,0,0,0,0,0,0,2,1,0.0,0.0,0.0,0.0,0.0,Matches,0,0,0,,0.0,0.0,,,0,0,Matches,,,,,,,,,,,,,,,0,,,,,,Matches,,0,,,,,,,,,,,1,,,,Matches,,,,,,,,,,,,,,,,,,,,,Matches
1467,Rafael Leão,pt POR,FW,Milan,it Serie A,26.0,1999.0,29,23,1851.0,20.6,9,3,12,7,2,2,5,0,0.44,0.15,0.58,0.34,0.49,Matches,9,63,24,38.1,3.06,1.17,0.14,0.38,2,2,Matches,,,,,,,,,,,,,,,3,,,,,,Matches,,3,,,,,,,,,,,5,,,,Matches,,,,,,,,,,,,,,,,,,,,,Matches
1468,Pierre Lees-Melou,fr FRA,MF,Paris FC,fr Ligue 1,32.0,1993.0,22,20,1782.0,19.8,1,3,4,1,0,0,7,1,0.05,0.15,0.2,0.05,0.2,Matches,1,27,6,22.2,1.36,0.3,0.04,0.17,0,0,Matches,,,,,,,,,,,,,,,3,,,,,,Matches,,35,,,,,,,,,,,20,,,,Matches,,,,,,,,,,,,,,,,,,,,,Matches
1470,Jordan Lefort,mr MTN,DF,Angers,fr Ligue 1,31.0,1993.0,34,34,3060.0,34.0,0,2,2,0,0,0,2,0,0.0,0.06,0.06,0.0,0.06,Matches,0,11,2,18.2,0.32,0.06,0.0,0.0,0,0,Matches,,,,,,,,,,,,,,,2,,,,,,Matches,,33,,,,,,,,,,,47,,,,Matches,,,,,,,,,,,,,,,,,,,,,Matches
1472,Diogo Leite,pt POR,DF,Union Berlin,de Bundesliga,26.0,1999.0,23,23,1963.0,21.8,0,0,0,0,0,0,4,0,0.0,0.0,0.0,0.0,0.0,Matches,0,10,1,10.0,0.46,0.05,0.0,0.0,0,0,Matches,,,,,,,,,,,,,,,0,,,,,,Matches,,15,,,,,,,,,,,44,,,,Matches,,,,,,,,,,,,,,,,,,,,,Matches
1475,Florian Lejeune,fr FRA,DF,Rayo Vallecano,es La Liga,34.0,1991.0,36,36,3230.0,35.9,2,1,3,2,0,0,7,0,0.06,0.03,0.08,0.06,0.08,Matches,2,50,18,36.0,1.39,0.5,0.04,0.11,0,0,Matches,,,,,,,,,,,,,,,1,,,,,,Matches,,47,,,,,,,,,,,47,,,,Matches,,,,,,,,,,,,,,,,,,,,,Matches
1476,Youssef Lekhedim,es ESP,"DF,MF",Alavés,es La Liga,19.0,2005.0,25,13,1335.0,14.8,0,1,1,0,0,0,7,0,0.0,0.07,0.07,0.0,0.07,Matches,0,11,3,27.3,0.74,0.2,0.0,0.0,0,0,Matches,,,,,,,,,,,,,,,1,,,,,,Matches,,10,,,,,,,,,,,12,,,,Matches,,,,,,,,,,,,,,,,,,,,,Matches
1477,Iñigo Lekue,es ESP,DF,Athletic Club,es La Liga,32.0,1993.0,11,8,600.0,6.7,0,0,0,0,0,0,2,2,0.0,0.0,0.0,0.0,0.0,Matches,0,3,1,33.3,0.45,0.15,0.0,0.0,0,0,Matches,,,,,,,,,,,,,,,0,,,,,,Matches,,10,,,,,,,,,,,4,,,,Matches,,,,,,,,,,,,,,,,,,,,,Matches
1478,Thomas Lemar,fr FRA,MF,Girona,es La Liga,29.0,1995.0,27,14,1258.0,14.0,3,1,4,3,0,0,4,0,0.21,0.07,0.29,0.21,0.29,Matches,3,17,8,47.1,1.22,0.57,0.18,0.38,0,0,Matches,,,,,,,,,,,,,,,1,,,,,,Matches,,15,,,,,,,,,,,5,,,,Matches,,,,,,,,,,,,,,,,,,,,,Matches
1479,Félix Lemaréchal,fr FRA,"MF,FW",Strasbourg,fr Ligue 1,21.0,2003.0,11,7,555.0,6.2,0,2,2,0,0,0,1,0,0.0,0.32,0.32,0.0,0.32,Matches,0,10,2,20.0,1.62,0.32,0.0,0.0,0,0,Matches,,,,,,,,,,,,,,,2,,,,,,Matches,,6,,,,,,,,,,,3,,,,Matches,,,,,,,,,,,,,,,,,,,,,Matches
1481,Tim Lemperle,de GER,FW,Hoffenheim,de Bundesliga,23.0,2002.0,29,24,1944.0,21.6,8,2,10,7,1,1,3,1,0.37,0.09,0.46,0.32,0.42,Matches,8,53,21,39.6,2.45,0.97,0.15,0.38,1,1,Matches,,,,,,,,,,,,,,,2,,,,,,Matches,,16,,,,,,,,,,,6,,,,Matches,,,,,,,,,,,,,,,,,,,,,Matches
1483,Clément Lenglet,fr FRA,DF,Atlético Madrid,es La Liga,30.0,1995.0,19,17,1391.0,15.5,0,1,1,0,0,0,6,1,0.0,0.06,0.06,0.0,0.06,Matches,0,5,0,0.0,0.32,0.0,0.0,,0,0,Matches,,,,,,,,,,,,,,,1,,,,,,Matches,,10,,,,,,,,,,,20,,,,Matches,,,,,,,,,,,,,,,,,,,,,Matches
1484,Bernd Leno,de GER,GK,Fulham,eng Premier League,33.0,1992.0,38,38,3420.0,38.0,0,0,0,0,0,0,3,0,0.0,0.0,0.0,0.0,0.0,Matches,0,0,0,,0.0,0.0,,,0,0,Matches,,,,,,,,,,,,,,,0,,,,,,Matches,,1,,,,,,,,,,,1,,,,Matches,,,,,,,,,,,,,,,,,,,,,Matches
1485,Donovan Léon,gf GUF,GK,Auxerre,fr Ligue 1,32.0,1992.0,29,29,2460.0,27.3,0,0,0,0,0,0,1,2,0.0,0.0,0.0,0.0,0.0,Matches,0,0,0,,0.0,0.0,,,0,0,Matches,,,,,,,,,,,,,,,0,,,,,,Matches,,2,,,,,,,,,,,0,,,,Matches,,,,,,,,,,,,,,,,,,,,,Matches
1487,Esteban Lepaul,fr FRA,FW,Rennes,fr Ligue 1,25.0,2000.0,32,31,2511.0,27.9,20,5,25,17,3,4,3,0,0.72,0.18,0.9,0.61,0.79,Matches,20,84,37,44.0,3.01,1.33,0.24,0.54,3,4,Matches,,,,,,,,,,,,,,,5,,,,,,Matches,,5,,,,,,,,,,,3,,,,Matches,,,,,,,,,,,,,,,,,,,,,Matches
1488,Johann Lepenant,fr FRA,MF,Nantes,fr Ligue 1,22.0,2002.0,27,23,2173.0,24.1,0,1,1,0,0,0,4,0,0.0,0.04,0.04,0.0,0.04,Matches,0,22,7,31.8,0.91,0.29,0.0,0.0,0,0,Matches,,,,,,,,,,,,,,,1,,,,,,Matches,,47,,,,,,,,,,,26,,,,Matches,,,,,,,,,,,,,,,,,,,,,Matches
1489,Mehdi Léris,dz ALG,MF,Pisa,it Serie A,27.0,1998.0,34,21,1900.0,21.1,2,3,5,2,0,0,2,0,0.09,0.14,0.24,0.09,0.24,Matches,2,25,7,28.0,1.18,0.33,0.08,0.29,0,0,Matches,,,,,,,,,,,,,,,3,,,,,,Matches,,37,,,,,,,,,,,23,,,,Matches,,,,,,,,,,,,,,,,,,,,,Matches
1490,Jefferson Lerma,co COL,"MF,DF",Crystal Palace,eng Premier League,30.0,1994.0,31,18,1733.0,19.3,0,2,2,0,0,0,7,0,0.0,0.1,0.1,0.0,0.1,Matches,0,19,7,36.8,0.99,0.36,0.0,0.0,0,0,Matches,,,,,,,,,,,,,,,2,,,,,,Matches,,18,,,,,,,,,,,25,,,,Matches,,,,,,,,,,,,,,,,,,,,,Matches
1491,Louis Leroux,fr FRA,"MF,DF",Nantes,fr Ligue 1,19.0,2006.0,23,16,1441.0,16.0,1,1,2,1,0,0,2,0,0.06,0.06,0.12,0.06,0.12,Matches,1,15,3,20.0,0.94,0.19,0.07,0.33,0,0,Matches,,,,,,,,,,,,,,,1,,,,,,Matches,,23,,,,,,,,,,,5,,,,Matches,,,,,,,,,,,,,,,,,,,,,Matches
1492,Robert Lewandowski,pl POL,FW,Barcelona,es La Liga,36.0,1988.0,31,17,1664.0,18.5,14,2,16,13,1,3,2,0,0.76,0.11,0.87,0.7,0.81,Matches,14,63,29,46.0,3.41,1.57,0.22,0.48,1,3,Matches,,,,,,,,,,,,,,,2,,,,,,Matches,,3,,,,,,,,,,,3,,,,Matches,,,,,,,,,,,,,,,,,,,,,Matches
1493,Jamie Leweling,de GER,MF,Stuttgart,de Bundesliga,24.0,2001.0,32,26,2367.0,26.3,7,9,16,7,0,0,4,0,0.27,0.34,0.61,0.27,0.61,Matches,7,49,18,36.7,1.86,0.68,0.14,0.39,0,0,Matches,,,,,,,,,,,,,,,9,,,,,,Matches,,12,,,,,,,,,,,13,,,,Matches,,,,,,,,,,,,,,,,,,,,,Matches
1495,Keane Lewis-Potter,eng ENG,"DF,MF",Brentford,eng Premier League,24.0,2001.0,36,22,1972.0,21.9,3,3,6,3,0,0,1,0,0.14,0.14,0.27,0.14,0.27,Matches,3,31,9,29.0,1.41,0.41,0.1,0.33,0,0,Matches,,,,,,,,,,,,,,,3,,,,,,Matches,,14,,,,,,,,,,,10,,,,Matches,,,,,,,,,,,,,,,,,,,,,Matches
1496,Myles Lewis-Skelly,eng ENG,"MF,DF",Arsenal,eng Premier League,18.0,2006.0,20,5,709.0,7.9,0,0,0,0,0,0,3,0,0.0,0.0,0.0,0.0,0.0,Matches,0,2,0,0.0,0.25,0.0,0.0,,0,0,Matches,,,,,,,,,,,,,,,0,,,,,,Matches,,5,,,,,,,,,,,5,,,,Matches,,,,,,,,,,,,,,,,,,,,,Matches
1498,Philipp Lienhart,at AUT,DF,Freiburg,de Bundesliga,29.0,1996.0,20,14,1302.0,14.5,1,0,1,1,0,0,4,1,0.07,0.0,0.07,0.07,0.07,Matches,1,8,2,25.0,0.55,0.14,0.13,0.5,0,0,Matches,,,,,,,,,,,,,,,0,,,,,,Matches,,13,,,,,,,,,,,13,,,,Matches,,,,,,,,,,,,,,,,,,,,,Matches
1499,Matthijs de Ligt,nl NED,DF,Manchester Utd,eng Premier League,25.0,1999.0,13,13,1170.0,13.0,1,0,1,1,0,0,0,0,0.08,0.0,0.08,0.08,0.08,Matches,1,11,3,27.3,0.85,0.23,0.09,0.33,0,0,Matches,,,,,,,,,,,,,,,0,,,,,,Matches,,13,,,,,,,,,,,11,,,,Matches,,,,,,,,,,,,,,,,,,,,,Matches
1501,Victor Lindelöf,se SWE,"DF,MF",Aston Villa,eng Premier League,31.0,1994.0,17,11,948.0,10.5,0,1,1,0,0,0,0,0,0.0,0.09,0.09,0.0,0.09,Matches,0,3,0,0.0,0.28,0.0,0.0,,0,0,Matches,,,,,,,,,,,,,,,1,,,,,,Matches,,3,,,,,,,,,,,8,,,,Matches,,,,,,,,,,,,,,,,,,,,,Matches
1503,Luca Lipani,it ITA,MF,Sassuolo,it Serie A,20.0,2005.0,24,10,1034.0,11.5,0,1,1,0,0,0,3,0,0.0,0.09,0.09,0.0,0.09,Matches,0,12,3,25.0,1.04,0.26,0.0,0.0,0,0,Matches,,,,,,,,,,,,,,,1,,,,,,Matches,,17,,,,,,,,,,,15,,,,Matches,,,,,,,,,,,,,,,,,,,,,Matches
1506,Adrián Liso,es ESP,"FW,MF",Getafe,es La Liga,20.0,2005.0,28,21,1702.0,18.9,3,0,3,3,0,0,5,1,0.16,0.0,0.16,0.16,0.16,Matches,3,26,10,38.5,1.37,0.53,0.12,0.3,0,0,Matches,,,,,,,,,,,,,,,0,,,,,,Matches,,22,,,,,,,,,,,4,,,,Matches,,,,,,,,,,,,,,,,,,,,,Matches
1508,Tino Livramento,eng ENG,DF,Newcastle,eng Premier League,22.0,2002.0,17,14,1328.0,14.8,0,1,1,0,0,0,1,0,0.0,0.07,0.07,0.0,0.07,Matches,0,3,0,0.0,0.2,0.0,0.0,,0,0,Matches,,,,,,,,,,,,,,,1,,,,,,Matches,,14,,,,,,,,,,,2,,,,Matches,,,,,,,,,,,,,,,,,,,,,Matches
1511,Diego Llorente,es ESP,DF,Real Betis,es La Liga,31.0,1993.0,18,14,1229.0,13.7,1,0,1,1,0,0,5,0,0.07,0.0,0.07,0.07,0.07,Matches,1,4,3,75.0,0.29,0.22,0.25,0.33,0,0,Matches,,,,,,,,,,,,,,,0,,,,,,Matches,,15,,,,,,,,,,,27,,,,Matches,,,,,,,,,,,,,,,,,,,,,Matches
1512,Marcos Llorente,es ESP,"DF,MF",Atlético Madrid,es La Liga,30.0,1995.0,29,25,2181.0,24.2,0,4,4,0,0,0,7,1,0.0,0.17,0.17,0.0,0.17,Matches,0,18,6,33.3,0.74,0.25,0.0,0.0,0,0,Matches,,,,,,,,,,,,,,,4,,,,,,Matches,,41,,,,,,,,,,,13,,,,Matches,,,,,,,,,,,,,,,,,,,,,Matches
1513,Gautier Lloris,fr FRA,DF,Le Havre,fr Ligue 1,30.0,1995.0,29,28,2398.0,26.6,1,1,2,1,0,0,2,1,0.04,0.04,0.08,0.04,0.08,Matches,1,12,4,33.3,0.45,0.15,0.08,0.25,0,0,Matches,,,,,,,,,,,,,,,1,,,,,,Matches,,24,,,,,,,,,,,43,,,,Matches,,,,,,,,,,,,,,,,,,,,,Matches
1514,Giovani Lo Celso,ar ARG,MF,Real Betis,es La Liga,29.0,1996.0,24,15,1393.0,15.5,2,3,5,2,0,0,4,0,0.13,0.19,0.32,0.13,0.32,Matches,2,30,11,36.7,1.94,0.71,0.07,0.18,0,0,Matches,,,,,,,,,,,,,,,3,,,,,,Matches,,13,,,,,,,,,,,6,,,,Matches,,,,,,,,,,,,,,,,,,,,,Matches
1515,Danny Loader,cm CMR,"MF,FW",Auxerre,fr Ligue 1,24.0,2000.0,30,29,2517.0,28.0,3,3,6,3,0,0,9,0,0.11,0.11,0.21,0.11,0.21,Matches,3,62,17,27.4,2.22,0.61,0.05,0.18,0,0,Matches,,,,,,,,,,,,,,,3,,,,,,Matches,,25,,,,,,,,,,,9,,,,Matches,,,,,,,,,,,,,,,,,,,,,Matches
1516,Stanislav Lobotka,sk SVK,MF,Napoli,it Serie A,30.0,1994.0,32,29,2431.0,27.0,1,1,2,1,0,0,3,0,0.04,0.04,0.07,0.04,0.07,Matches,1,8,4,50.0,0.3,0.15,0.13,0.25,0,0,Matches,,,,,,,,,,,,,,,1,,,,,,Matches,,16,,,,,,,,,,,16,,,,Matches,,,,,,,,,,,,,,,,,,,,,Matches
1517,Manuel Locatelli,it ITA,MF,Juventus,it Serie A,27.0,1998.0,36,36,2994.0,33.3,1,2,3,1,0,1,9,0,0.03,0.06,0.09,0.03,0.09,Matches,1,46,12,26.1,1.38,0.36,0.02,0.08,0,1,Matches,,,,,,,,,,,,,,,2,,,,,,Matches,,66,,,,,,,,,,,38,,,,Matches,,,,,,,,,,,,,,,,,,,,,Matches
1518,Bradley Locko,fr FRA,DF,Brest,fr Ligue 1,23.0,2002.0,21,14,1286.0,14.3,0,2,2,0,0,0,0,0,0.0,0.14,0.14,0.0,0.14,Matches,0,2,1,50.0,0.14,0.07,0.0,0.0,0,0,Matches,,,,,,,,,,,,,,,2,,,,,,Matches,,28,,,,,,,,,,,10,,,,Matches,,,,,,,,,,,,,,,,,,,,,Matches
1519,Ruben Loftus-Cheek,eng ENG,"MF,FW",Milan,it Serie A,29.0,1996.0,28,12,1133.0,12.6,3,1,4,3,0,0,2,0,0.24,0.08,0.32,0.24,0.32,Matches,3,29,6,20.7,2.3,0.48,0.1,0.5,0,0,Matches,,,,,,,,,,,,,,,1,,,,,,Matches,,8,,,,,,,,,,,5,,,,Matches,,,,,,,,,,,,,,,,,,,,,Matches
1520,Sean Longstaff,eng ENG,MF,Leeds United,eng Premier League,27.0,1997.0,23,10,1011.0,11.2,2,2,4,2,0,0,2,0,0.18,0.18,0.36,0.18,0.36,Matches,2,16,4,25.0,1.42,0.36,0.13,0.5,0,0,Matches,,,,,,,,,,,,,,,2,,,,,,Matches,,24,,,,,,,,,,,12,,,,Matches,,,,,,,,,,,,,,,,,,,,,Matches
1521,Ademola Lookman,ng NGA,"FW,MF",Atalanta,it Serie A,27.0,1997.0,12,9,795.0,8.8,2,0,2,2,0,0,0,0,0.23,0.0,0.23,0.23,0.23,Matches,2,27,8,29.6,3.06,0.91,0.07,0.25,0,0,Matches,,,,,,,,,,,,,,,0,,,,,,Matches,,3,,,,,,,,,,,3,,,,Matches,,,,,,,,,,,,,,,,,,,,,Matches
1522,Ademola Lookman,ng NGA,"FW,MF",Atlético Madrid,es La Liga,27.0,1997.0,12,9,617.0,6.9,4,0,4,3,1,1,1,0,0.58,0.0,0.58,0.44,0.44,Matches,4,21,5,23.8,3.06,0.73,0.19,0.8,1,1,Matches,,,,,,,,,,,,,,,0,,,,,,Matches,,3,,,,,,,,,,,1,,,,Matches,,,,,,,,,,,,,,,,,,,,,Matches
1523,Anthony Lopes,pt POR,GK,Nantes,fr Ligue 1,34.0,1990.0,31,31,2788.0,31.0,0,0,0,0,0,0,4,0,0.0,0.0,0.0,0.0,0.0,Matches,0,2,0,0.0,0.06,0.0,0.0,,0,0,Matches,,,,,,,,,,,,,,,0,,,,,,Matches,,1,,,,,,,,,,,1,,,,Matches,,,,,,,,,,,,,,,,,,,,,Matches
1525,David López,es ESP,DF,Mallorca,es La Liga,22.0,2003.0,14,9,837.0,9.3,0,0,0,0,0,0,2,0,0.0,0.0,0.0,0.0,0.0,Matches,0,4,0,0.0,0.43,0.0,0.0,,0,0,Matches,,,,,,,,,,,,,,,0,,,,,,Matches,,7,,,,,,,,,,,9,,,,Matches,,,,,,,,,,,,,,,,,,,,,Matches
1526,Diego López,es ESP,"MF,FW",Valencia,es La Liga,23.0,2002.0,34,20,1762.0,19.6,4,1,5,4,0,0,2,0,0.2,0.05,0.26,0.2,0.26,Matches,4,28,8,28.6,1.43,0.41,0.14,0.5,0,0,Matches,,,,,,,,,,,,,,,1,,,,,,Matches,,16,,,,,,,,,,,14,,,,Matches,,,,,,,,,,,,,,,,,,,,,Matches
1528,Fer López,es ESP,"MF,FW",Celta Vigo,es La Liga,21.0,2004.0,17,13,1170.0,13.0,1,1,2,1,0,0,3,0,0.08,0.08,0.15,0.08,0.15,Matches,1,13,5,38.5,1.0,0.38,0.08,0.2,0,0,Matches,,,,,,,,,,,,,,,1,,,,,,Matches,,11,,,,,,,,,,,6,,,,Matches,,,,,,,,,,,,,,,,,,,,,Matches
1529,Fermin López,es ESP,MF,Barcelona,es La Liga,22.0,2003.0,30,19,1797.0,20.0,6,9,15,6,0,0,3,0,0.3,0.45,0.75,0.3,0.75,Matches,6,68,25,36.8,3.41,1.25,0.09,0.24,0,0,Matches,,,,,,,,,,,,,,,9,,,,,,Matches,,22,,,,,,,,,,,7,,,,Matches,,,,,,,,,,,,,,,,,,,,,Matches
1531,Javi López,es ESP,DF,Oviedo,es La Liga,23.0,2002.0,25,20,1711.0,19.0,0,1,1,0,0,0,3,1,0.0,0.05,0.05,0.0,0.05,Matches,0,7,1,14.3,0.37,0.05,0.0,0.0,0,0,Matches,,,,,,,,,,,,,,,1,,,,,,Matches,,23,,,,,,,,,,,20,,,,Matches,,,,,,,,,,,,,,,,,,,,,Matches
1533,Maxime Lopez,fr FRA,MF,Paris FC,fr Ligue 1,27.0,1997.0,26,22,1960.0,21.8,0,3,3,0,0,0,11,0,0.0,0.14,0.14,0.0,0.14,Matches,0,13,6,46.2,0.6,0.28,0.0,0.0,0,0,Matches,,,,,,,,,,,,,,,3,,,,,,Matches,,17,,,,,,,,,,,11,,,,Matches,,,,,,,,,,,,,,,,,,,,,Matches
1534,Pau López,es ESP,GK,Real Betis,es La Liga,30.0,1994.0,9,9,810.0,9.0,0,0,0,0,0,0,1,0,0.0,0.0,0.0,0.0,0.0,Matches,0,0,0,,0.0,0.0,,,0,0,Matches,,,,,,,,,,,,,,,0,,,,,,Matches,,1,,,,,,,,,,,0,,,,Matches,,,,,,,,,,,,,,,,,,,,,Matches
1535,Unai López,es ESP,MF,Rayo Vallecano,es La Liga,29.0,1995.0,28,19,1612.0,17.9,0,4,4,0,0,0,8,1,0.0,0.22,0.22,0.0,0.22,Matches,0,22,4,18.2,1.23,0.22,0.0,0.0,0,0,Matches,,,,,,,,,,,,,,,4,,,,,,Matches,,16,,,,,,,,,,,21,,,,Matches,,,,,,,,,,,,,,,,,,,,,Matches
1538,Iker Losada,es ESP,MF,Levante,es La Liga,23.0,2001.0,23,10,902.0,10.0,3,1,4,3,0,0,1,0,0.3,0.1,0.4,0.3,0.4,Matches,3,14,4,28.6,1.4,0.4,0.21,0.75,0,0,Matches,,,,,,,,,,,,,,,1,,,,,,Matches,,12,,,,,,,,,,,10,,,,Matches,,,,,,,,,,,,,,,,,,,,,Matches
1540,Tom Louchet,fr FRA,MF,Nice,fr Ligue 1,22.0,2003.0,27,14,1367.0,15.2,3,2,5,3,0,0,1,1,0.2,0.13,0.33,0.2,0.33,Matches,3,21,6,28.6,1.38,0.4,0.14,0.5,0,0,Matches,,,,,,,,,,,,,,,2,,,,,,Matches,,17,,,,,,,,,,,9,,,,Matches,,,,,,,,,,,,,,,,,,,,,Matches
1541,Marius Louer,fr FRA,DF,Angers,fr Ligue 1,18.0,2007.0,9,6,543.0,6.0,0,0,0,0,0,0,1,0,0.0,0.0,0.0,0.0,0.0,Matches,0,0,0,,0.0,0.0,,,0,0,Matches,,,,,,,,,,,,,,,0,,,,,,Matches,,16,,,,,,,,,,,2,,,,Matches,,,,,,,,,,,,,,,,,,,,,Matches
1544,Felipe Loyola,cl CHI,MF,Pisa,it Serie A,24.0,2000.0,11,6,538.0,6.0,1,0,1,1,0,0,0,1,0.17,0.0,0.17,0.17,0.17,Matches,1,9,1,11.1,1.51,0.17,0.11,1.0,0,0,Matches,,,,,,,,,,,,,,,0,,,,,,Matches,,7,,,,,,,,,,,6,,,,Matches,,,,,,,,,,,,,,,,,,,,,Matches
1545,Pol Lozano,es ESP,MF,Espanyol,es La Liga,25.0,1999.0,33,28,2157.0,24.0,2,1,3,2,0,0,12,1,0.08,0.04,0.13,0.08,0.13,Matches,2,17,5,29.4,0.71,0.21,0.12,0.4,0,0,Matches,,,,,,,,,,,,,,,1,,,,,,Matches,,19,,,,,,,,,,,23,,,,Matches,,,,,,,,,,,,,,,,,,,,,Matches
1547,Lucas,br BRA,"MF,DF",Burnley,eng Premier League,24.0,2001.0,20,15,1409.0,15.7,0,0,0,0,0,0,1,1,0.0,0.0,0.0,0.0,0.0,Matches,0,16,4,25.0,1.02,0.26,0.0,0.0,0,0,Matches,,,,,,,,,,,,,,,0,,,,,,Matches,,22,,,,,,,,,,,19,,,,Matches,,,,,,,,,,,,,,,,,,,,,Matches
1551,Jhon Lucumí,co COL,DF,Bologna,it Serie A,27.0,1998.0,29,26,2287.0,25.4,1,0,1,1,0,0,5,0,0.04,0.0,0.04,0.04,0.04,Matches,1,8,2,25.0,0.31,0.08,0.13,0.5,0,0,Matches,,,,,,,,,,,,,,,0,,,,,,Matches,,22,,,,,,,,,,,30,,,,Matches,,,,,,,,,,,,,,,,,,,,,Matches
1553,Florentino Luís,pt POR,MF,Burnley,eng Premier League,25.0,1999.0,31,25,2105.0,23.4,0,2,2,0,0,0,6,0,0.0,0.09,0.09,0.0,0.09,Matches,0,13,2,15.4,0.56,0.09,0.0,0.0,0,0,Matches,,,,,,,,,,,,,,,2,,,,,,Matches,,49,,,,,,,,,,,40,,,,Matches,,,,,,,,,,,,,,,,,,,,,Matches
1554,José Luis Gayà,es ESP,DF,Valencia,es La Liga,30.0,1995.0,32,31,2448.0,27.2,1,2,3,1,0,0,6,1,0.04,0.07,0.11,0.04,0.11,Matches,1,13,3,23.1,0.48,0.11,0.08,0.33,0,0,Matches,,,,,,,,,,,,,,,2,,,,,,Matches,,44,,,,,,,,,,,23,,,,Matches,,,,,,,,,,,,,,,,,,,,,Matches
1556,Douglas Luiz,br BRA,MF,Aston Villa,eng Premier League,27.0,1998.0,13,7,604.0,6.7,1,0,1,1,0,0,1,0,0.15,0.0,0.15,0.15,0.15,Matches,1,6,4,66.7,0.89,0.6,0.17,0.25,0,0,Matches,,,,,,,,,,,,,,,0,,,,,,Matches,,11,,,,,,,,,,,7,,,,Matches,,,,,,,,,,,,,,,,,,,,,Matches
1559,Castello Lukeba,fr FRA,DF,RB Leipzig,de Bundesliga,22.0,2002.0,26,24,2176.0,24.2,1,0,1,1,0,0,3,0,0.04,0.0,0.04,0.04,0.04,Matches,1,8,2,25.0,0.33,0.08,0.13,0.5,0,0,Matches,,,,,,,,,,,,,,,0,,,,,,Matches,,14,,,,,,,,,,,31,,,,Matches,,,,,,,,,,,,,,,,,,,,,Matches
1561,Saša Lukić,rs SRB,MF,Fulham,eng Premier League,28.0,1996.0,26,20,1734.0,19.3,1,2,3,1,0,0,9,0,0.05,0.1,0.16,0.05,0.16,Matches,1,18,6,33.3,0.93,0.31,0.06,0.17,0,0,Matches,,,,,,,,,,,,,,,2,,,,,,Matches,,28,,,,,,,,,,,16,,,,Matches,,,,,,,,,,,,,,,,,,,,,Matches
1562,Kristoffer Lund,us USA,"DF,MF",Köln,de Bundesliga,23.0,2002.0,33,26,2276.0,25.3,0,2,2,0,0,0,2,0,0.0,0.08,0.08,0.0,0.08,Matches,0,20,3,15.0,0.79,0.12,0.0,0.0,0,0,Matches,,,,,,,,,,,,,,,2,,,,,,Matches,,26,,,,,,,,,,,28,,,,Matches,,,,,,,,,,,,,,,,,,,,,Matches
1563,Andriy Lunin,ua UKR,GK,Real Madrid,es La Liga,26.0,1999.0,6,6,540.0,6.0,0,0,0,0,0,0,0,1,0.0,0.0,0.0,0.0,0.0,Matches,0,0,0,,0.0,0.0,,,0,0,Matches,,,,,,,,,,,,,,,0,,,,,,Matches,,0,,,,,,,,,,,0,,,,Matches,,,,,,,,,,,,,,,,,,,,,Matches
1564,Sebastiano Luperto,it ITA,DF,Cremonese,it Serie A,28.0,1996.0,15,15,1307.0,14.5,0,1,1,0,0,0,1,0,0.0,0.07,0.07,0.0,0.07,Matches,0,5,2,40.0,0.34,0.14,0.0,0.0,0,0,Matches,,,,,,,,,,,,,,,1,,,,,,Matches,,9,,,,,,,,,,,12,,,,Matches,,,,,,,,,,,,,,,,,,,,,Matches
1565,Sebastiano Luperto,it ITA,DF,Cagliari,it Serie A,28.0,1996.0,19,19,1706.0,19.0,1,0,1,1,0,0,3,0,0.05,0.0,0.05,0.05,0.05,Matches,1,7,3,42.9,0.37,0.16,0.14,0.33,0,0,Matches,,,,,,,,,,,,,,,0,,,,,,Matches,,12,,,,,,,,,,,19,,,,Matches,,,,,,,,,,,,,,,,,,,,,Matches
1568,Zito Luvumbo,ao ANG,"FW,MF",Mallorca,es La Liga,23.0,2002.0,10,6,508.0,5.6,0,2,2,0,0,0,2,0,0.0,0.35,0.35,0.0,0.35,Matches,0,9,7,77.8,1.59,1.24,0.0,0.0,0,0,Matches,,,,,,,,,,,,,,,2,,,,,,Matches,,0,,,,,,,,,,,0,,,,Matches,,,,,,,,,,,,,,,,,,,,,Matches
1570,Babis Lykogiannis,gr GRE,DF,Bologna,it Serie A,31.0,1993.0,10,7,627.0,7.0,0,1,1,0,0,0,3,0,0.0,0.14,0.14,0.0,0.14,Matches,0,7,2,28.6,1.0,0.29,0.0,0.0,0,0,Matches,,,,,,,,,,,,,,,1,,,,,,Matches,,10,,,,,,,,,,,6,,,,Matches,,,,,,,,,,,,,,,,,,,,,Matches
1571,Senne Lynen,be BEL,MF,Werder Bremen,de Bundesliga,26.0,1999.0,31,31,2752.0,30.6,0,0,0,0,0,0,4,0,0.0,0.0,0.0,0.0,0.0,Matches,0,25,4,16.0,0.82,0.13,0.0,0.0,0,0,Matches,,,,,,,,,,,,,,,0,,,,,,Matches,,33,,,,,,,,,,,77,,,,Matches,,,,,,,,,,,,,,,,,,,,,Matches
1572,Mathias Løvik,no NOR,MF,Parma,it Serie A,21.0,2003.0,9,5,471.0,5.2,0,0,0,0,0,0,0,0,0.0,0.0,0.0,0.0,0.0,Matches,0,3,0,0.0,0.57,0.0,0.0,,0,0,Matches,,,,,,,,,,,,,,,0,,,,,,Matches,,8,,,,,,,,,,,7,,,,Matches,,,,,,,,,,,,,,,,,,,,,Matches
1573,Ian Maatsen,nl NED,DF,Aston Villa,eng Premier League,23.0,2002.0,30,17,1605.0,17.8,0,1,1,0,0,0,2,0,0.0,0.06,0.06,0.0,0.06,Matches,0,20,5,25.0,1.12,0.28,0.0,0.0,0,0,Matches,,,,,,,,,,,,,,,1,,,,,,Matches,,31,,,,,,,,,,,18,,,,Matches,,,,,,,,,,,,,,,,,,,,,Matches
1574,Alexis Mac Allister,ar ARG,MF,Liverpool,eng Premier League,26.0,1998.0,37,31,2658.0,29.5,2,4,6,2,0,0,7,0,0.07,0.14,0.2,0.07,0.2,Matches,2,52,12,23.1,1.76,0.41,0.04,0.17,0,0,Matches,,,,,,,,,,,,,,,4,,,,,,Matches,,27,,,,,,,,,,,18,,,,Matches,,,,,,,,,,,,,,,,,,,,,Matches
1576,Deiver Machado,co COL,"DF,MF",Nantes,fr Ligue 1,31.0,1993.0,14,12,907.0,10.1,0,1,1,0,0,0,2,0,0.0,0.1,0.1,0.0,0.1,Matches,0,7,1,14.3,0.69,0.1,0.0,0.0,0,0,Matches,,,,,,,,,,,,,,,1,,,,,,Matches,,16,,,,,,,,,,,8,,,,Matches,,,,,,,,,,,,,,,,,,,,,Matches
1579,Lanroy Machine,fr FRA,FW,Angers,fr Ligue 1,19.0,2005.0,22,3,519.0,5.8,1,0,1,1,0,0,1,0,0.17,0.0,0.17,0.17,0.17,Matches,1,15,4,26.7,2.6,0.69,0.07,0.25,0,0,Matches,,,,,,,,,,,,,,,0,,,,,,Matches,,4,,,,,,,,,,,0,,,,Matches,,,,,,,,,,,,,,,,,,,,,Matches
1580,Shuto Machino,jp JPN,"FW,MF",Gladbach,de Bundesliga,25.0,1999.0,32,9,1076.0,12.0,3,1,4,3,0,0,2,0,0.25,0.08,0.33,0.25,0.33,Matches,3,25,11,44.0,2.09,0.92,0.12,0.27,0,0,Matches,,,,,,,,,,,,,,,1,,,,,,Matches,,5,,,,,,,,,,,3,,,,Matches,,,,,,,,,,,,,,,,,,,,,Matches
1584,Noni Madueke,eng ENG,"FW,MF",Arsenal,eng Premier League,23.0,2002.0,26,16,1211.0,13.5,3,1,4,3,0,0,0,0,0.22,0.07,0.3,0.22,0.3,Matches,3,25,9,36.0,1.86,0.67,0.12,0.33,0,0,Matches,,,,,,,,,,,,,,,1,,,,,,Matches,,10,,,,,,,,,,,5,,,,Matches,,,,,,,,,,,,,,,,,,,,,Matches
1585,Pablo Maffeo,es ESP,DF,Mallorca,es La Liga,28.0,1997.0,31,30,2662.0,29.6,1,2,3,1,0,0,11,0,0.03,0.07,0.1,0.03,0.1,Matches,1,7,1,14.3,0.24,0.03,0.14,1.0,0,0,Matches,,,,,,,,,,,,,,,2,,,,,,Matches,,34,,,,,,,,,,,33,,,,Matches,,,,,,,,,,,,,,,,,,,,,Matches
1586,Gabriel Magalhães,br BRA,DF,Arsenal,eng Premier League,27.0,1997.0,32,30,2751.0,30.6,3,4,7,3,0,0,4,0,0.1,0.13,0.23,0.1,0.23,Matches,3,27,7,25.9,0.88,0.23,0.11,0.43,0,0,Matches,,,,,,,,,,,,,,,4,,,,,,Matches,,20,,,,,,,,,,,22,,,,Matches,,,,,,,,,,,,,,,,,,,,,Matches
1587,Soungoutou Magassa,fr FRA,MF,West Ham,eng Premier League,21.0,2003.0,22,11,981.0,10.9,1,0,1,1,0,0,4,0,0.09,0.0,0.09,0.09,0.09,Matches,1,7,2,28.6,0.64,0.18,0.14,0.5,0,0,Matches,,,,,,,,,,,,,,,0,,,,,,Matches,,23,,,,,,,,,,,17,,,,Matches,,,,,,,,,,,,,,,,,,,,,Matches
1588,Hugo Magnetti,fr FRA,MF,Brest,fr Ligue 1,27.0,1998.0,33,31,2688.0,29.9,1,1,2,1,0,0,4,1,0.03,0.03,0.07,0.03,0.07,Matches,1,22,5,22.7,0.74,0.17,0.05,0.2,0,0,Matches,,,,,,,,,,,,,,,1,,,,,,Matches,,45,,,,,,,,,,,44,,,,Matches,,,,,,,,,,,,,,,,,,,,,Matches
1589,Frank Magri,cm CMR,"FW,MF",Toulouse,fr Ligue 1,25.0,1999.0,17,16,1253.0,13.9,5,1,6,5,0,1,3,0,0.36,0.07,0.43,0.36,0.43,Matches,5,33,12,36.4,2.37,0.86,0.15,0.42,0,1,Matches,,,,,,,,,,,,,,,1,,,,,,Matches,,3,,,,,,,,,,,3,,,,Matches,,,,,,,,,,,,,,,,,,,,,Matches
1590,Harry Maguire,eng ENG,DF,Manchester Utd,eng Premier League,32.0,1993.0,23,19,1653.0,18.4,1,2,3,1,0,0,3,1,0.05,0.11,0.16,0.05,0.16,Matches,1,14,4,28.6,0.76,0.22,0.07,0.25,0,0,Matches,,,,,,,,,,,,,,,2,,,,,,Matches,,17,,,,,,,,,,,12,,,,Matches,,,,,,,,,,,,,,,,,,,,,Matches
1592,Mike Maignan,fr FRA,GK,Milan,it Serie A,30.0,1995.0,37,37,3295.0,36.6,0,0,0,0,0,0,4,0,0.0,0.0,0.0,0.0,0.0,Matches,0,0,0,,0.0,0.0,,,0,0,Matches,,,,,,,,,,,,,,,0,,,,,,Matches,,0,,,,,,,,,,,1,,,,Matches,,,,,,,,,,,,,,,,,,,,,Matches
1593,Linton Maina,de GER,"MF,FW",Köln,de Bundesliga,26.0,1999.0,24,9,1023.0,11.4,2,0,2,2,0,0,0,0,0.18,0.0,0.18,0.18,0.18,Matches,2,20,8,40.0,1.76,0.7,0.1,0.25,0,0,Matches,,,,,,,,,,,,,,,0,,,,,,Matches,,6,,,,,,,,,,,4,,,,Matches,,,,,,,,,,,,,,,,,,,,,Matches
1594,Patrick Mainka,de GER,DF,Heidenheim,de Bundesliga,30.0,1994.0,34,34,3060.0,34.0,2,2,4,2,0,0,1,0,0.06,0.06,0.12,0.06,0.12,Matches,2,37,9,24.3,1.09,0.26,0.05,0.22,0,0,Matches,,,,,,,,,,,,,,,2,,,,,,Matches,,30,,,,,,,,,,,36,,,,Matches,,,,,,,,,,,,,,,,,,,,,Matches
1595,Kobbie Mainoo,eng ENG,MF,Manchester Utd,eng Premier League,20.0,2005.0,28,16,1662.0,18.5,1,2,3,1,0,0,2,0,0.05,0.11,0.16,0.05,0.16,Matches,1,13,3,23.1,0.7,0.16,0.08,0.33,0,0,Matches,,,,,,,,,,,,,,,2,,,,,,Matches,,20,,,,,,,,,,,19,,,,Matches,,,,,,,,,,,,,,,,,,,,,Matches
1596,Ainsley Maitland-Niles,eng ENG,"DF,MF",Lyon,fr Ligue 1,27.0,1997.0,30,28,2483.0,27.6,1,4,5,1,0,1,7,1,0.04,0.14,0.18,0.04,0.18,Matches,1,14,7,50.0,0.51,0.25,0.07,0.14,0,1,Matches,,,,,,,,,,,,,,,4,,,,,,Matches,,36,,,,,,,,,,,33,,,,Matches,,,,,,,,,,,,,,,,,,,,,Matches
1597,Radosław Majecki,pl POL,GK,Brest,fr Ligue 1,25.0,1999.0,10,10,864.0,9.6,0,0,0,0,0,0,0,1,0.0,0.0,0.0,0.0,0.0,Matches,0,0,0,,0.0,0.0,,,0,0,Matches,,,,,,,,,,,,,,,0,,,,,,Matches,,0,,,,,,,,,,,0,,,,Matches,,,,,,,,,,,,,,,,,,,,,Matches
1598,Lovro Majer,hr CRO,MF,Wolfsburg,de Bundesliga,27.0,1998.0,28,16,1371.0,15.2,2,3,5,2,0,0,5,0,0.13,0.2,0.33,0.13,0.33,Matches,2,27,6,22.2,1.77,0.39,0.07,0.33,0,0,Matches,,,,,,,,,,,,,,,3,,,,,,Matches,,18,,,,,,,,,,,8,,,,Matches,,,,,,,,,,,,,,,,,,,,,Matches
1600,Jean-Victor Makengo,fr FRA,MF,Lorient,fr Ligue 1,27.0,1998.0,31,23,1800.0,20.0,4,2,6,4,0,0,2,0,0.2,0.1,0.3,0.2,0.3,Matches,4,39,14,35.9,1.95,0.7,0.1,0.29,0,0,Matches,,,,,,,,,,,,,,,2,,,,,,Matches,,16,,,,,,,,,,,14,,,,Matches,,,,,,,,,,,,,,,,,,,,,Matches
1601,Jordy Makengo,fr FRA,DF,Freiburg,de Bundesliga,23.0,2001.0,20,12,1178.0,13.1,0,1,1,0,0,0,1,0,0.0,0.08,0.08,0.0,0.08,Matches,0,0,0,,0.0,0.0,,,0,0,Matches,,,,,,,,,,,,,,,1,,,,,,Matches,,10,,,,,,,,,,,14,,,,Matches,,,,,,,,,,,,,,,,,,,,,Matches
1603,Said El Mala,de GER,"FW,MF",Köln,de Bundesliga,18.0,2006.0,34,20,1956.0,21.7,13,4,17,12,1,1,4,0,0.6,0.18,0.78,0.55,0.74,Matches,13,74,30,40.5,3.4,1.38,0.18,0.43,1,1,Matches,,,,,,,,,,,,,,,4,,,,,,Matches,,14,,,,,,,,,,,8,,,,Matches,,,,,,,,,,,,,,,,,,,,,Matches
1605,Julián Malatini,ar ARG,DF,Werder Bremen,de Bundesliga,24.0,2001.0,11,5,516.0,5.7,0,0,0,0,0,0,3,0,0.0,0.0,0.0,0.0,0.0,Matches,0,2,0,0.0,0.35,0.0,0.0,,0,0,Matches,,,,,,,,,,,,,,,0,,,,,,Matches,,6,,,,,,,,,,,6,,,,Matches,,,,,,,,,,,,,,,,,,,,,Matches
1606,Daniel Maldini,it ITA,FW,Lazio,it Serie A,23.0,2001.0,12,9,687.0,7.6,2,1,3,2,0,0,0,0,0.26,0.13,0.39,0.26,0.39,Matches,2,15,5,33.3,1.97,0.66,0.13,0.4,0,0,Matches,,,,,,,,,,,,,,,1,,,,,,Matches,,9,,,,,,,,,,,4,,,,Matches,,,,,,,,,,,,,,,,,,,,,Matches
1608,Youssef Maleh,ma MAR,MF,Cremonese,it Serie A,26.0,1998.0,14,14,1100.0,12.2,1,0,1,1,0,0,2,1,0.08,0.0,0.08,0.08,0.08,Matches,1,15,3,20.0,1.23,0.25,0.07,0.33,0,0,Matches,,,,,,,,,,,,,,,0,,,,,,Matches,,11,,,,,,,,,,,9,,,,Matches,,,,,,,,,,,,,,,,,,,,,Matches
1609,Youssef Maleh,ma MAR,MF,Lecce,it Serie A,26.0,1998.0,9,5,460.0,5.1,0,0,0,0,0,0,2,0,0.0,0.0,0.0,0.0,0.0,Matches,0,7,1,14.3,1.37,0.2,0.0,0.0,0,0,Matches,,,,,,,,,,,,,,,0,,,,,,Matches,,4,,,,,,,,,,,7,,,,Matches,,,,,,,,,,,,,,,,,,,,,Matches
1610,Donyell Malen,nl NED,"FW,MF",Aston Villa,eng Premier League,26.0,1999.0,21,5,656.0,7.3,4,1,5,4,0,0,0,0,0.55,0.14,0.69,0.55,0.69,Matches,4,27,9,33.3,3.7,1.23,0.15,0.44,0,0,Matches,,,,,,,,,,,,,,,1,,,,,,Matches,,2,,,,,,,,,,,0,,,,Matches,,,,,,,,,,,,,,,,,,,,,Matches
1611,Donyell Malen,nl NED,FW,Roma,it Serie A,26.0,1999.0,18,18,1467.0,16.3,14,2,16,11,3,4,1,0,0.86,0.12,0.98,0.67,0.8,Matches,14,70,31,44.3,4.29,1.9,0.2,0.45,3,4,Matches,,,,,,,,,,,,,,,2,,,,,,Matches,,3,,,,,,,,,,,3,,,,Matches,,,,,,,,,,,,,,,,,,,,,Matches
1612,Ruslan Malinovskyi,ua UKR,MF,Genoa,it Serie A,32.0,1993.0,34,28,2235.0,24.8,6,3,9,3,3,3,10,0,0.24,0.12,0.36,0.12,0.24,Matches,6,55,15,27.3,2.21,0.6,0.11,0.4,3,3,Matches,,,,,,,,,,,,,,,3,,,,,,Matches,,19,,,,,,,,,,,16,,,,Matches,,,,,,,,,,,,,,,,,,,,,Matches
1613,Lennard Maloney,us USA,"DF,MF",Mainz 05,de Bundesliga,25.0,1999.0,21,4,485.0,5.4,0,0,0,0,0,0,1,0,0.0,0.0,0.0,0.0,0.0,Matches,0,5,1,20.0,0.93,0.19,0.0,0.0,0,0,Matches,,,,,,,,,,,,,,,0,,,,,,Matches,,8,,,,,,,,,,,8,,,,Matches,,,,,,,,,,,,,,,,,,,,,Matches
1614,Pape Mamadou Sy,sn SEN,GK,Metz,fr Ligue 1,28.0,1997.0,8,8,706.0,7.8,0,0,0,0,0,0,0,0,0.0,0.0,0.0,0.0,0.0,Matches,0,0,0,,0.0,0.0,,,0,0,Matches,,,,,,,,,,,,,,,0,,,,,,Matches,,0,,,,,,,,,,,0,,,,Matches,,,,,,,,,,,,,,,,,,,,,Matches
1615,Giorgi Mamardashvili,ge GEO,GK,Liverpool,eng Premier League,24.0,2000.0,10,10,867.0,9.6,0,0,0,0,0,0,0,0,0.0,0.0,0.0,0.0,0.0,Matches,0,0,0,,0.0,0.0,,,0,0,Matches,,,,,,,,,,,,,,,0,,,,,,Matches,,1,,,,,,,,,,,1,,,,Matches,,,,,,,,,,,,,,,,,,,,,Matches
1616,Felix Mambimbi,ch SUI,"FW,MF",Le Havre,fr Ligue 1,24.0,2001.0,17,7,530.0,5.9,1,0,1,1,0,0,1,0,0.17,0.0,0.17,0.17,0.17,Matches,1,6,2,33.3,1.02,0.34,0.17,0.5,0,0,Matches,,,,,,,,,,,,,,,0,,,,,,Matches,,10,,,,,,,,,,,4,,,,Matches,,,,,,,,,,,,,,,,,,,,,Matches
1618,Gianluca Mancini,it ITA,DF,Roma,it Serie A,29.0,1996.0,36,36,3059.0,34.0,4,2,6,4,0,0,9,0,0.12,0.06,0.18,0.12,0.18,Matches,4,20,8,40.0,0.59,0.24,0.2,0.5,0,0,Matches,,,,,,,,,,,,,,,2,,,,,,Matches,,28,,,,,,,,,,,47,,,,Matches,,,,,,,,,,,,,,,,,,,,,Matches
1619,Reinildo Mandava,mz MOZ,DF,Sunderland,eng Premier League,31.0,1994.0,25,23,1966.0,21.8,0,1,1,0,0,0,7,1,0.0,0.05,0.05,0.0,0.05,Matches,0,4,0,0.0,0.18,0.0,0.0,,0,0,Matches,,,,,,,,,,,,,,,1,,,,,,Matches,,23,,,,,,,,,,,29,,,,Matches,,,,,,,,,,,,,,,,,,,,,Matches
1620,Aïssa Mandi,dz ALG,DF,Lille,fr Ligue 1,33.0,1991.0,29,28,2424.0,26.9,1,0,1,1,0,0,8,0,0.04,0.0,0.04,0.04,0.04,Matches,1,14,4,28.6,0.52,0.15,0.07,0.25,0,0,Matches,,,,,,,,,,,,,,,0,,,,,,Matches,,21,,,,,,,,,,,44,,,,Matches,,,,,,,,,,,,,,,,,,,,,Matches
1621,Rolando Mandragora,it ITA,MF,Fiorentina,it Serie A,28.0,1997.0,34,30,2421.0,26.9,7,3,10,6,1,1,7,0,0.26,0.11,0.37,0.22,0.33,Matches,7,64,18,28.1,2.38,0.67,0.11,0.39,1,1,Matches,,,,,,,,,,,,,,,3,,,,,,Matches,,24,,,,,,,,,,,15,,,,Matches,,,,,,,,,,,,,,,,,,,,,Matches
1623,Mateus Mane,pt POR,MF,Wolves,eng Premier League,17.0,2007.0,27,19,1795.0,19.9,3,1,4,3,0,0,0,0,0.15,0.05,0.2,0.15,0.2,Matches,3,41,17,41.5,2.06,0.85,0.07,0.18,0,0,Matches,,,,,,,,,,,,,,,1,,,,,,Matches,,13,,,,,,,,,,,5,,,,Matches,,,,,,,,,,,,,,,,,,,,,Matches
1627,Johan Manzambi,ch SUI,MF,Freiburg,de Bundesliga,19.0,2005.0,27,26,2077.0,23.1,5,4,9,5,0,0,4,2,0.22,0.17,0.39,0.22,0.39,Matches,5,51,13,25.5,2.21,0.56,0.1,0.38,0,0,Matches,,,,,,,,,,,,,,,4,,,,,,Matches,,14,,,,,,,,,,,27,,,,Matches,,,,,,,,,,,,,,,,,,,,,Matches
1628,Sekou Mara,fr FRA,FW,Auxerre,fr Ligue 1,23.0,2002.0,27,14,1226.0,13.6,3,2,5,3,0,0,0,0,0.22,0.15,0.37,0.22,0.37,Matches,3,33,12,36.4,2.42,0.88,0.09,0.25,0,0,Matches,,,,,,,,,,,,,,,2,,,,,,Matches,,7,,,,,,,,,,,3,,,,Matches,,,,,,,,,,,,,,,,,,,,,Matches
1629,Alessandro Marcandalli,it ITA,DF,Genoa,it Serie A,22.0,2002.0,32,29,2597.0,28.9,0,2,2,0,0,0,4,0,0.0,0.07,0.07,0.0,0.07,Matches,0,5,2,40.0,0.17,0.07,0.0,0.0,0,0,Matches,,,,,,,,,,,,,,,2,,,,,,Matches,,24,,,,,,,,,,,18,,,,Matches,,,,,,,,,,,,,,,,,,,,,Matches
1630,Marcão,br BRA,DF,Sevilla,es La Liga,29.0,1996.0,13,11,938.0,10.4,1,0,1,1,0,0,5,1,0.1,0.0,0.1,0.1,0.1,Matches,1,10,2,20.0,0.96,0.19,0.1,0.5,0,0,Matches,,,,,,,,,,,,,,,0,,,,,,Matches,,4,,,,,,,,,,,4,,,,Matches,,,,,,,,,,,,,,,,,,,,,Matches
1632,Vincent Marchetti,fr FRA,MF,Paris FC,fr Ligue 1,28.0,1997.0,23,9,825.0,9.2,2,1,3,2,0,0,1,0,0.22,0.11,0.33,0.22,0.33,Matches,2,24,7,29.2,2.62,0.76,0.08,0.29,0,0,Matches,,,,,,,,,,,,,,,1,,,,,,Matches,,13,,,,,,,,,,,5,,,,Matches,,,,,,,,,,,,,,,,,,,,,Matches
1633,Pablo Marí,es ESP,DF,Fiorentina,it Serie A,31.0,1993.0,11,9,808.0,9.0,0,0,0,0,0,0,3,0,0.0,0.0,0.0,0.0,0.0,Matches,0,2,0,0.0,0.22,0.0,0.0,,0,0,Matches,,,,,,,,,,,,,,,0,,,,,,Matches,,8,,,,,,,,,,,19,,,,Matches,,,,,,,,,,,,,,,,,,,,,Matches
1634,José María Giménez,uy URU,DF,Atlético Madrid,es La Liga,30.0,1995.0,16,13,1178.0,13.1,0,1,1,0,0,0,3,0,0.0,0.08,0.08,0.0,0.08,Matches,0,13,3,23.1,0.99,0.23,0.0,0.0,0,0,Matches,,,,,,,,,,,,,,,1,,,,,,Matches,,12,,,,,,,,,,,15,,,,Matches,,,,,,,,,,,,,,,,,,,,,Matches
1636,Luca Marianucci,it ITA,DF,Torino,it Serie A,21.0,2004.0,10,6,575.0,6.4,0,0,0,0,0,0,2,0,0.0,0.0,0.0,0.0,0.0,Matches,0,1,0,0.0,0.16,0.0,0.0,,0,0,Matches,,,,,,,,,,,,,,,0,,,,,,Matches,,5,,,,,,,,,,,8,,,,Matches,,,,,,,,,,,,,,,,,,,,,Matches
1639,Marius Marin,ro ROU,MF,Pisa,it Serie A,26.0,1998.0,23,18,1281.0,14.2,0,0,0,0,0,0,7,0,0.0,0.0,0.0,0.0,0.0,Matches,0,3,0,0.0,0.21,0.0,0.0,,0,0,Matches,,,,,,,,,,,,,,,0,,,,,,Matches,,26,,,,,,,,,,,14,,,,Matches,,,,,,,,,,,,,,,,,,,,,Matches
1640,Pablo Marín,es ESP,MF,Real Sociedad,es La Liga,22.0,2003.0,34,15,1502.0,16.7,0,1,1,0,0,0,2,0,0.0,0.06,0.06,0.0,0.06,Matches,0,13,4,30.8,0.78,0.24,0.0,0.0,0,0,Matches,,,,,,,,,,,,,,,1,,,,,,Matches,,18,,,,,,,,,,,9,,,,Matches,,,,,,,,,,,,,,,,,,,,,Matches
1641,Rafa Marín,es ESP,DF,Villarreal,es La Liga,23.0,2002.0,23,21,1979.0,22.0,1,0,1,1,0,0,1,0,0.05,0.0,0.05,0.05,0.05,Matches,1,5,1,20.0,0.23,0.05,0.2,1.0,0,0,Matches,,,,,,,,,,,,,,,0,,,,,,Matches,,22,,,,,,,,,,,20,,,,Matches,,,,,,,,,,,,,,,,,,,,,Matches
1643,João Mário Lopes,pt POR,"DF,MF",Bologna,it Serie A,25.0,2000.0,10,10,735.0,8.2,1,0,1,1,0,0,1,0,0.12,0.0,0.12,0.12,0.12,Matches,1,4,2,50.0,0.49,0.24,0.25,0.5,0,0,Matches,,,,,,,,,,,,,,,0,,,,,,Matches,,4,,,,,,,,,,,10,,,,Matches,,,,,,,,,,,,,,,,,,,,,Matches
1645,Guillermo Maripán,cl CHI,DF,Torino,it Serie A,31.0,1994.0,27,24,2145.0,23.8,2,0,2,2,0,0,4,0,0.08,0.0,0.08,0.08,0.08,Matches,2,18,8,44.4,0.76,0.34,0.11,0.25,0,0,Matches,,,,,,,,,,,,,,,0,,,,,,Matches,,28,,,,,,,,,,,27,,,,Matches,,,,,,,,,,,,,,,,,,,,,Matches
1646,Omar Marmoush,eg EGY,"FW,MF",Manchester City,eng Premier League,26.0,1999.0,21,8,700.0,7.8,3,3,6,3,0,0,3,0,0.39,0.39,0.77,0.39,0.77,Matches,3,30,9,30.0,3.86,1.16,0.1,0.33,0,0,Matches,,,,,,,,,,,,,,,3,,,,,,Matches,,8,,,,,,,,,,,2,,,,Matches,,,,,,,,,,,,,,,,,,,,,Matches
1648,Marquinhos,br BRA,DF,PSG,fr Ligue 1,31.0,1994.0,14,11,1052.0,11.7,0,0,0,0,0,0,0,0,0.0,0.0,0.0,0.0,0.0,Matches,0,3,0,0.0,0.26,0.0,0.0,,0,0,Matches,,,,,,,,,,,,,,,0,,,,,,Matches,,9,,,,,,,,,,,7,,,,Matches,,,,,,,,,,,,,,,,,,,,,Matches
1651,Eric Martel,de GER,"MF,DF",Köln,de Bundesliga,23.0,2002.0,31,30,2559.0,28.4,2,2,4,2,0,0,12,1,0.07,0.07,0.14,0.07,0.14,Matches,2,23,4,17.4,0.81,0.14,0.09,0.5,0,0,Matches,,,,,,,,,,,,,,,2,,,,,,Matches,,32,,,,,,,,,,,35,,,,Matches,,,,,,,,,,,,,,,,,,,,,Matches
1652,Aarón Martín,es ESP,"MF,DF",Genoa,it Serie A,28.0,1997.0,33,26,2156.0,24.0,1,5,6,1,0,1,2,0,0.04,0.21,0.25,0.04,0.25,Matches,1,11,4,36.4,0.46,0.17,0.09,0.25,0,1,Matches,,,,,,,,,,,,,,,5,,,,,,Matches,,28,,,,,,,,,,,10,,,,Matches,,,,,,,,,,,,,,,,,,,,,Matches
1653,Carlos Martín,es ESP,"MF,FW",Rayo Vallecano,es La Liga,23.0,2002.0,11,7,450.0,5.0,0,0,0,0,0,0,1,0,0.0,0.0,0.0,0.0,0.0,Matches,0,9,4,44.4,1.8,0.8,0.0,0.0,0,0,Matches,,,,,,,,,,,,,,,0,,,,,,Matches,,7,,,,,,,,,,,0,,,,Matches,,,,,,,,,,,,,,,,,,,,,Matches
1654,Gerard Martín,es ESP,DF,Barcelona,es La Liga,23.0,2002.0,32,26,2119.0,23.5,0,0,0,0,0,0,6,0,0.0,0.0,0.0,0.0,0.0,Matches,0,7,4,57.1,0.3,0.17,0.0,0.0,0,0,Matches,,,,,,,,,,,,,,,0,,,,,,Matches,,29,,,,,,,,,,,31,,,,Matches,,,,,,,,,,,,,,,,,,,,,Matches
1655,Iván Martín,es ESP,MF,Girona,es La Liga,26.0,1999.0,35,29,2532.0,28.1,0,1,1,0,0,0,5,1,0.0,0.04,0.04,0.0,0.04,Matches,0,13,5,38.5,0.46,0.18,0.0,0.0,0,0,Matches,,,,,,,,,,,,,,,1,,,,,,Matches,,39,,,,,,,,,,,17,,,,Matches,,,,,,,,,,,,,,,,,,,,,Matches
1656,Jon Martin,es ESP,DF,Real Sociedad,es La Liga,19.0,2006.0,25,25,2250.0,25.0,2,0,2,2,0,0,6,0,0.08,0.0,0.08,0.08,0.08,Matches,2,15,5,33.3,0.6,0.2,0.13,0.4,0,0,Matches,,,,,,,,,,,,,,,0,,,,,,Matches,,16,,,,,,,,,,,35,,,,Matches,,,,,,,,,,,,,,,,,,,,,Matches
1657,Mario Martín,es ESP,"MF,FW",Getafe,es La Liga,21.0,2004.0,35,26,2125.0,23.6,2,1,3,2,0,0,11,0,0.08,0.04,0.13,0.08,0.13,Matches,2,26,6,23.1,1.1,0.25,0.08,0.33,0,0,Matches,,,,,,,,,,,,,,,1,,,,,,Matches,,32,,,,,,,,,,,16,,,,Matches,,,,,,,,,,,,,,,,,,,,,Matches
1658,Gabriel Martinelli,br BRA,"FW,MF",Arsenal,eng Premier League,24.0,2001.0,30,11,1081.0,12.0,1,4,5,1,0,0,3,0,0.08,0.33,0.42,0.08,0.42,Matches,1,29,13,44.8,2.41,1.08,0.03,0.08,0,0,Matches,,,,,,,,,,,,,,,4,,,,,,Matches,,8,,,,,,,,,,,1,,,,Matches,,,,,,,,,,,,,,,,,,,,,Matches
1659,Arnau Martinez,es ESP,"DF,MF",Girona,es La Liga,22.0,2003.0,35,33,2666.0,29.6,2,3,5,2,0,0,6,0,0.07,0.1,0.17,0.07,0.17,Matches,2,19,4,21.1,0.64,0.14,0.11,0.5,0,0,Matches,,,,,,,,,,,,,,,3,,,,,,Matches,,39,,,,,,,,,,,37,,,,Matches,,,,,,,,,,,,,,,,,,,,,Matches
1661,Emiliano Martínez,ar ARG,GK,Aston Villa,eng Premier League,32.0,1992.0,32,32,2835.0,31.5,0,1,1,0,0,0,2,0,0.0,0.03,0.03,0.0,0.03,Matches,0,0,0,,0.0,0.0,,,0,0,Matches,,,,,,,,,,,,,,,1,,,,,,Matches,,0,,,,,,,,,,,0,,,,Matches,,,,,,,,,,,,,,,,,,,,,Matches
1662,Joaquín Martínez Gauna,es ESP,"MF,DF",Sevilla,es La Liga,22.0,2003.0,21,14,1408.0,15.6,2,3,5,2,0,0,1,0,0.13,0.19,0.32,0.13,0.32,Matches,2,17,8,47.1,1.09,0.51,0.12,0.25,0,0,Matches,,,,,,,,,,,,,,,3,,,,,,Matches,,20,,,,,,,,,,,8,,,,Matches,,,,,,,,,,,,,,,,,,,,,Matches
1663,Josep Martinez,es ESP,GK,Inter,it Serie A,27.0,1998.0,5,5,450.0,5.0,0,0,0,0,0,0,0,0,0.0,0.0,0.0,0.0,0.0,Matches,0,0,0,,0.0,0.0,,,0,0,Matches,,,,,,,,,,,,,,,0,,,,,,Matches,,0,,,,,,,,,,,0,,,,Matches,,,,,,,,,,,,,,,,,,,,,Matches
1664,Lautaro Martínez,ar ARG,FW,Inter,it Serie A,27.0,1997.0,30,27,2159.0,24.0,17,6,23,17,0,0,4,0,0.71,0.25,0.96,0.71,0.96,Matches,17,92,39,42.4,3.84,1.63,0.18,0.44,0,0,Matches,,,,,,,,,,,,,,,6,,,,,,Matches,,13,,,,,,,,,,,6,,,,Matches,,,,,,,,,,,,,,,,,,,,,Matches
1665,Lisandro Martínez,ar ARG,DF,Manchester Utd,eng Premier League,27.0,1998.0,18,13,1233.0,13.7,0,0,0,0,0,0,0,1,0.0,0.0,0.0,0.0,0.0,Matches,0,5,0,0.0,0.36,0.0,0.0,,0,0,Matches,,,,,,,,,,,,,,,0,,,,,,Matches,,11,,,,,,,,,,,12,,,,Matches,,,,,,,,,,,,,,,,,,,,,Matches
1666,Pablo Martínez,es ESP,MF,Levante,es La Liga,27.0,1998.0,27,21,1857.0,20.6,1,5,6,1,0,0,3,0,0.05,0.24,0.29,0.05,0.29,Matches,1,28,4,14.3,1.36,0.19,0.04,0.25,0,0,Matches,,,,,,,,,,,,,,,5,,,,,,Matches,,10,,,,,,,,,,,19,,,,Matches,,,,,,,,,,,,,,,,,,,,,Matches
1668,Toni Martínez,es ESP,FW,Alavés,es La Liga,28.0,1997.0,37,32,2714.0,30.2,14,3,17,13,1,1,2,0,0.46,0.1,0.56,0.43,0.53,Matches,14,93,36,38.7,3.08,1.19,0.15,0.39,1,1,Matches,,,,,,,,,,,,,,,3,,,,,,Matches,,15,,,,,,,,,,,4,,,,Matches,,,,,,,,,,,,,,,,,,,,,Matches
1669,Adam Marušić,me MNE,DF,Lazio,it Serie A,32.0,1992.0,33,32,2778.0,30.9,1,2,3,1,0,0,1,1,0.03,0.06,0.1,0.03,0.1,Matches,1,16,7,43.8,0.52,0.23,0.06,0.14,0,0,Matches,,,,,,,,,,,,,,,2,,,,,,Matches,,16,,,,,,,,,,,33,,,,Matches,,,,,,,,,,,,,,,,,,,,,Matches
1670,Omar Mascarell,gq EQG,"MF,DF",Mallorca,es La Liga,32.0,1993.0,30,26,2239.0,24.9,2,2,4,2,0,0,5,0,0.08,0.08,0.16,0.08,0.16,Matches,2,7,3,42.9,0.28,0.12,0.29,0.67,0,0,Matches,,,,,,,,,,,,,,,2,,,,,,Matches,,28,,,,,,,,,,,35,,,,Matches,,,,,,,,,,,,,,,,,,,,,Matches
1672,Patrizio Masini,it ITA,MF,Genoa,it Serie A,24.0,2001.0,28,13,1413.0,15.7,0,1,1,0,0,0,5,0,0.0,0.06,0.06,0.0,0.06,Matches,0,18,5,27.8,1.15,0.32,0.0,0.0,0,0,Matches,,,,,,,,,,,,,,,1,,,,,,Matches,,39,,,,,,,,,,,26,,,,Matches,,,,,,,,,,,,,,,,,,,,,Matches
1673,Han-Noah Massengo,fr FRA,MF,Augsburg,de Bundesliga,24.0,2001.0,33,29,2427.0,27.0,2,1,3,2,0,0,5,0,0.07,0.04,0.11,0.07,0.11,Matches,2,20,6,30.0,0.74,0.22,0.1,0.33,0,0,Matches,,,,,,,,,,,,,,,1,,,,,,Matches,,18,,,,,,,,,,,36,,,,Matches,,,,,,,,,,,,,,,,,,,,,Matches
1674,Franco Mastantuono,ar ARG,"MF,FW",Real Madrid,es La Liga,17.0,2007.0,23,11,1037.0,11.5,1,0,1,1,0,0,5,1,0.09,0.0,0.09,0.09,0.09,Matches,1,30,7,23.3,2.6,0.61,0.03,0.14,0,0,Matches,,,,,,,,,,,,,,,0,,,,,,Matches,,12,,,,,,,,,,,3,,,,Matches,,,,,,,,,,,,,,,,,,,,,Matches
1677,Clinton Mata,ao ANG,DF,Lyon,fr Ligue 1,32.0,1992.0,32,32,2833.0,31.5,0,0,0,0,0,0,5,0,0.0,0.0,0.0,0.0,0.0,Matches,0,5,0,0.0,0.16,0.0,0.0,,0,0,Matches,,,,,,,,,,,,,,,0,,,,,,Matches,,21,,,,,,,,,,,26,,,,Matches,,,,,,,,,,,,,,,,,,,,,Matches
1678,Igor Matanović,hr CRO,FW,Freiburg,de Bundesliga,22.0,2003.0,31,14,1571.0,17.5,11,2,13,10,1,2,0,0,0.63,0.11,0.74,0.57,0.69,Matches,11,51,19,37.3,2.92,1.09,0.22,0.58,1,2,Matches,,,,,,,,,,,,,,,2,,,,,,Matches,,11,,,,,,,,,,,9,,,,Matches,,,,,,,,,,,,,,,,,,,,,Matches
1679,Pape Matar Sarr,sn SEN,MF,Tottenham,eng Premier League,22.0,2002.0,26,13,1398.0,15.5,2,4,6,2,0,0,3,0,0.13,0.26,0.39,0.13,0.39,Matches,2,17,6,35.3,1.09,0.39,0.12,0.33,0,0,Matches,,,,,,,,,,,,,,,4,,,,,,Matches,,21,,,,,,,,,,,14,,,,Matches,,,,,,,,,,,,,,,,,,,,,Matches
1680,Jean-Philippe Mateta,fr FRA,FW,Crystal Palace,eng Premier League,28.0,1997.0,32,25,2218.0,24.6,12,0,12,8,4,4,2,0,0.49,0.0,0.49,0.32,0.32,Matches,12,63,32,50.8,2.56,1.3,0.19,0.38,4,4,Matches,,,,,,,,,,,,,,,0,,,,,,Matches,,4,,,,,,,,,,,6,,,,Matches,,,,,,,,,,,,,,,,,,,,,Matches
1681,Nemanja Matić,rs SRB,MF,Sassuolo,it Serie A,36.0,1988.0,34,31,2660.0,29.6,1,1,2,1,0,0,7,1,0.03,0.03,0.07,0.03,0.07,Matches,1,11,4,36.4,0.37,0.14,0.09,0.25,0,0,Matches,,,,,,,,,,,,,,,1,,,,,,Matches,,28,,,,,,,,,,,27,,,,Matches,,,,,,,,,,,,,,,,,,,,,Matches
1682,Rudy Matondo,fr FRA,MF,Paris FC,fr Ligue 1,17.0,2008.0,11,8,743.0,8.3,2,0,2,2,0,0,1,1,0.24,0.0,0.24,0.24,0.24,Matches,2,9,5,55.6,1.09,0.61,0.22,0.4,0,0,Matches,,,,,,,,,,,,,,,0,,,,,,Matches,,14,,,,,,,,,,,5,,,,Matches,,,,,,,,,,,,,,,,,,,,,Matches
1683,Rudy Matondo,fr FRA,MF,Auxerre,fr Ligue 1,17.0,2008.0,16,6,614.0,6.8,0,0,0,0,0,0,3,0,0.0,0.0,0.0,0.0,0.0,Matches,0,4,0,0.0,0.59,0.0,0.0,,0,0,Matches,,,,,,,,,,,,,,,0,,,,,,Matches,,7,,,,,,,,,,,7,,,,Matches,,,,,,,,,,,,,,,,,,,,,Matches
1684,Chrislain Matsima,fr FRA,DF,Augsburg,de Bundesliga,23.0,2002.0,18,17,1489.0,16.5,1,1,2,1,0,0,5,0,0.06,0.06,0.12,0.06,0.12,Matches,1,7,1,14.3,0.42,0.06,0.14,1.0,0,0,Matches,,,,,,,,,,,,,,,1,,,,,,Matches,,11,,,,,,,,,,,30,,,,Matches,,,,,,,,,,,,,,,,,,,,,Matches
1685,Jean Mattéo Bahoya,fr FRA,"MF,FW",Frankfurt,de Bundesliga,20.0,2005.0,27,15,1331.0,14.8,3,4,7,3,0,0,2,0,0.2,0.27,0.47,0.2,0.47,Matches,3,29,9,31.0,1.96,0.61,0.1,0.33,0,0,Matches,,,,,,,,,,,,,,,4,,,,,,Matches,,14,,,,,,,,,,,12,,,,Matches,,,,,,,,,,,,,,,,,,,,,Matches
1686,Alan Matturro,uy URU,DF,Levante,es La Liga,20.0,2004.0,19,10,947.0,10.5,1,1,2,1,0,0,0,1,0.1,0.1,0.19,0.1,0.19,Matches,1,8,1,12.5,0.76,0.1,0.13,1.0,0,0,Matches,,,,,,,,,,,,,,,1,,,,,,Matches,,13,,,,,,,,,,,6,,,,Matches,,,,,,,,,,,,,,,,,,,,,Matches
1688,Neal Maupay,fr FRA,FW,Sevilla,es La Liga,28.0,1996.0,12,10,865.0,9.6,2,1,3,2,0,0,2,0,0.21,0.1,0.31,0.21,0.31,Matches,2,17,7,41.2,1.77,0.73,0.12,0.29,0,0,Matches,,,,,,,,,,,,,,,1,,,,,,Matches,,1,,,,,,,,,,,1,,,,Matches,,,,,,,,,,,,,,,,,,,,,Matches
1689,Konstantinos Mavropanos,gr GRE,DF,West Ham,eng Premier League,27.0,1997.0,31,27,2534.0,28.2,3,0,3,3,0,0,2,0,0.11,0.0,0.11,0.11,0.11,Matches,3,23,8,34.8,0.82,0.28,0.13,0.38,0,0,Matches,,,,,,,,,,,,,,,0,,,,,,Matches,,24,,,,,,,,,,,47,,,,Matches,,,,,,,,,,,,,,,,,,,,,Matches
1690,Christian Mawissa,fr FRA,"DF,MF",Monaco,fr Ligue 1,20.0,2005.0,18,13,1191.0,13.2,0,0,0,0,0,0,4,0,0.0,0.0,0.0,0.0,0.0,Matches,0,2,1,50.0,0.15,0.08,0.0,0.0,0,0,Matches,,,,,,,,,,,,,,,0,,,,,,Matches,,25,,,,,,,,,,,15,,,,Matches,,,,,,,,,,,,,,,,,,,,,Matches
1691,Eliezer Mayenda,es ESP,"FW,MF",Sunderland,eng Premier League,20.0,2005.0,20,8,759.0,8.4,2,0,2,2,0,0,0,0,0.24,0.0,0.24,0.24,0.24,Matches,2,13,6,46.2,1.54,0.71,0.15,0.33,0,0,Matches,,,,,,,,,,,,,,,0,,,,,,Matches,,3,,,,,,,,,,,1,,,,Matches,,,,,,,,,,,,,,,,,,,,,Matches
1693,Borja Mayoral,es ESP,FW,Getafe,es La Liga,28.0,1997.0,16,12,1058.0,11.8,4,1,5,4,0,1,0,0,0.34,0.09,0.43,0.34,0.43,Matches,4,15,7,46.7,1.28,0.6,0.27,0.57,0,1,Matches,,,,,,,,,,,,,,,1,,,,,,Matches,,5,,,,,,,,,,,4,,,,Matches,,,,,,,,,,,,,,,,,,,,,Matches
1694,Senny Mayulu,fr FRA,"MF,FW",PSG,fr Ligue 1,19.0,2006.0,26,21,1672.0,18.6,4,4,8,4,0,0,3,0,0.22,0.22,0.43,0.22,0.43,Matches,4,35,11,31.4,1.88,0.59,0.11,0.36,0,0,Matches,,,,,,,,,,,,,,,4,,,,,,Matches,,31,,,,,,,,,,,12,,,,Matches,,,,,,,,,,,,,,,,,,,,,Matches
1695,Ibrahim Maza,dz ALG,MF,Leverkusen,de Bundesliga,19.0,2005.0,28,20,1849.0,20.5,3,4,7,3,0,0,2,0,0.15,0.19,0.34,0.15,0.34,Matches,3,54,17,31.5,2.63,0.83,0.06,0.18,0,0,Matches,,,,,,,,,,,,,,,4,,,,,,Matches,,24,,,,,,,,,,,16,,,,Matches,,,,,,,,,,,,,,,,,,,,,Matches
1696,Noussair Mazraoui,ma MAR,"DF,MF",Manchester Utd,eng Premier League,27.0,1997.0,20,11,985.0,10.9,0,0,0,0,0,0,3,0,0.0,0.0,0.0,0.0,0.0,Matches,0,5,0,0.0,0.46,0.0,0.0,,0,0,Matches,,,,,,,,,,,,,,,0,,,,,,Matches,,15,,,,,,,,,,,11,,,,Matches,,,,,,,,,,,,,,,,,,,,,Matches
1697,Luca Mazzitelli,it ITA,MF,Cagliari,it Serie A,29.0,1995.0,18,9,767.0,8.5,2,2,4,2,0,0,3,0,0.23,0.23,0.47,0.23,0.47,Matches,2,15,5,33.3,1.76,0.59,0.13,0.4,0,0,Matches,,,,,,,,,,,,,,,2,,,,,,Matches,,11,,,,,,,,,,,10,,,,Matches,,,,,,,,,,,,,,,,,,,,,Matches
1700,Samuel Mbangula,be BEL,"MF,FW",Werder Bremen,de Bundesliga,21.0,2004.0,26,12,1171.0,13.0,3,2,5,3,0,0,0,0,0.23,0.15,0.38,0.23,0.38,Matches,3,17,8,47.1,1.31,0.61,0.18,0.38,0,0,Matches,,,,,,,,,,,,,,,2,,,,,,Matches,,10,,,,,,,,,,,3,,,,Matches,,,,,,,,,,,,,,,,,,,,,Matches
1701,Ethan Mbappé,fr FRA,"MF,FW",Lille,fr Ligue 1,18.0,2006.0,18,4,567.0,6.3,3,1,4,3,0,0,1,0,0.48,0.16,0.63,0.48,0.63,Matches,3,14,7,50.0,2.22,1.11,0.21,0.43,0,0,Matches,,,,,,,,,,,,,,,1,,,,,,Matches,,7,,,,,,,,,,,2,,,,Matches,,,,,,,,,,,,,,,,,,,,,Matches
1702,Kylian Mbappé,fr FRA,FW,Real Madrid,es La Liga,26.0,1998.0,31,29,2599.0,28.9,25,5,30,17,8,9,4,0,0.87,0.17,1.04,0.59,0.76,Matches,25,146,63,43.2,5.06,2.18,0.17,0.4,8,9,Matches,,,,,,,,,,,,,,,5,,,,,,Matches,,1,,,,,,,,,,,3,,,,Matches,,,,,,,,,,,,,,,,,,,,,Matches
1703,Ibrahim Mbaye,sn SEN,"FW,MF",PSG,fr Ligue 1,17.0,2008.0,24,10,1006.0,11.2,3,2,5,3,0,0,0,0,0.27,0.18,0.45,0.27,0.45,Matches,3,24,10,41.7,2.15,0.89,0.13,0.3,0,0,Matches,,,,,,,,,,,,,,,2,,,,,,Matches,,7,,,,,,,,,,,4,,,,Matches,,,,,,,,,,,,,,,,,,,,,Matches
1705,Chancel Mbemba,cd COD,DF,Lille,fr Ligue 1,30.0,1994.0,13,9,954.0,10.6,0,0,0,0,0,0,3,0,0.0,0.0,0.0,0.0,0.0,Matches,0,7,3,42.9,0.66,0.28,0.0,0.0,0,0,Matches,,,,,,,,,,,,,,,0,,,,,,Matches,,8,,,,,,,,,,,13,,,,Matches,,,,,,,,,,,,,,,,,,,,,Matches
1706,Bryan Mbeumo,cm CMR,"MF,FW",Manchester Utd,eng Premier League,25.0,1999.0,33,31,2609.0,29.0,11,3,14,11,0,0,4,0,0.38,0.1,0.48,0.38,0.48,Matches,11,73,32,43.8,2.52,1.1,0.15,0.34,0,0,Matches,,,,,,,,,,,,,,,3,,,,,,Matches,,11,,,,,,,,,,,7,,,,Matches,,,,,,,,,,,,,,,,,,,,,Matches
1707,Michel Mboula,ga GAB,"DF,MF",Metz,fr Ligue 1,22.0,2003.0,14,10,746.0,8.3,0,0,0,0,0,0,2,0,0.0,0.0,0.0,0.0,0.0,Matches,0,2,1,50.0,0.24,0.12,0.0,0.0,0,0,Matches,,,,,,,,,,,,,,,0,,,,,,Matches,,10,,,,,,,,,,,15,,,,Matches,,,,,,,,,,,,,,,,,,,,,Matches
1708,Pathé Mboup,sn SEN,MF,Brest,fr Ligue 1,21.0,2003.0,28,9,1054.0,11.7,1,0,1,1,0,0,6,0,0.09,0.0,0.09,0.09,0.09,Matches,1,23,10,43.5,1.96,0.85,0.04,0.1,0,0,Matches,,,,,,,,,,,,,,,0,,,,,,Matches,,18,,,,,,,,,,,12,,,,Matches,,,,,,,,,,,,,,,,,,,,,Matches
1709,Moustapha Mbow,sn SEN,DF,Paris FC,fr Ligue 1,25.0,2000.0,31,30,2717.0,30.2,0,1,1,0,0,0,5,0,0.0,0.03,0.03,0.0,0.03,Matches,0,10,3,30.0,0.33,0.1,0.0,0.0,0,0,Matches,,,,,,,,,,,,,,,1,,,,,,Matches,,33,,,,,,,,,,,38,,,,Matches,,,,,,,,,,,,,,,,,,,,,Matches
1711,John McGinn,sct SCO,MF,Aston Villa,eng Premier League,30.0,1994.0,30,28,2137.0,23.7,5,4,9,5,0,0,5,0,0.21,0.17,0.38,0.21,0.38,Matches,5,28,12,42.9,1.18,0.51,0.18,0.42,0,0,Matches,,,,,,,,,,,,,,,4,,,,,,Matches,,17,,,,,,,,,,,12,,,,Matches,,,,,,,,,,,,,,,,,,,,,Matches
1712,Weston McKennie,us USA,MF,Juventus,it Serie A,26.0,1998.0,36,32,2835.0,31.5,5,5,10,5,0,0,5,0,0.16,0.16,0.32,0.16,0.32,Matches,5,43,16,37.2,1.37,0.51,0.12,0.31,0,0,Matches,,,,,,,,,,,,,,,5,,,,,,Matches,,24,,,,,,,,,,,26,,,,Matches,,,,,,,,,,,,,,,,,,,,,Matches
1713,Mark McKenzie,us USA,DF,Toulouse,fr Ligue 1,26.0,1999.0,29,27,2404.0,26.7,0,2,2,0,0,0,7,1,0.0,0.07,0.07,0.0,0.07,Matches,0,6,1,16.7,0.22,0.04,0.0,0.0,0,0,Matches,,,,,,,,,,,,,,,2,,,,,,Matches,,30,,,,,,,,,,,25,,,,Matches,,,,,,,,,,,,,,,,,,,,,Matches
1714,Dwight McNeil,eng ENG,MF,Everton,eng Premier League,25.0,1999.0,22,14,1168.0,13.0,0,1,1,0,0,0,1,0,0.0,0.08,0.08,0.0,0.08,Matches,0,24,5,20.8,1.85,0.39,0.0,0.0,0,0,Matches,,,,,,,,,,,,,,,1,,,,,,Matches,,16,,,,,,,,,,,10,,,,Matches,,,,,,,,,,,,,,,,,,,,,Matches
1715,Scott McTominay,sct SCO,MF,Napoli,it Serie A,28.0,1996.0,33,31,2791.0,31.0,10,3,13,10,0,1,1,0,0.32,0.1,0.42,0.32,0.42,Matches,10,101,34,33.7,3.26,1.1,0.1,0.29,0,1,Matches,,,,,,,,,,,,,,,3,,,,,,Matches,,13,,,,,,,,,,,23,,,,Matches,,,,,,,,,,,,,,,,,,,,,Matches
1716,Facundo Medina,ar ARG,DF,Marseille,fr Ligue 1,26.0,1999.0,17,16,1365.0,15.2,0,1,1,0,0,0,7,0,0.0,0.07,0.07,0.0,0.07,Matches,0,4,1,25.0,0.26,0.07,0.0,0.0,0,0,Matches,,,,,,,,,,,,,,,1,,,,,,Matches,,16,,,,,,,,,,,24,,,,Matches,,,,,,,,,,,,,,,,,,,,,Matches
1718,Henrik Meister,dk DEN,FW,Pisa,it Serie A,21.0,2003.0,28,15,1515.0,16.8,2,0,2,2,0,0,2,0,0.12,0.0,0.12,0.12,0.12,Matches,2,20,8,40.0,1.19,0.48,0.1,0.25,0,0,Matches,,,,,,,,,,,,,,,0,,,,,,Matches,,3,,,,,,,,,,,1,,,,Matches,,,,,,,,,,,,,,,,,,,,,Matches
1719,Bamo Meïté,ci CIV,DF,Lorient,fr Ligue 1,23.0,2001.0,25,22,1979.0,22.0,0,3,3,0,0,0,5,0,0.0,0.14,0.14,0.0,0.14,Matches,0,8,1,12.5,0.36,0.05,0.0,0.0,0,0,Matches,,,,,,,,,,,,,,,3,,,,,,Matches,,15,,,,,,,,,,,13,,,,Matches,,,,,,,,,,,,,,,,,,,,,Matches
1720,Kader Meïté,fr FRA,FW,Rennes,fr Ligue 1,17.0,2007.0,17,6,535.0,5.9,3,2,5,3,0,0,0,0,0.5,0.34,0.84,0.5,0.84,Matches,3,22,7,31.8,3.7,1.18,0.14,0.43,0,0,Matches,,,,,,,,,,,,,,,2,,,,,,Matches,,2,,,,,,,,,,,1,,,,Matches,,,,,,,,,,,,,,,,,,,,,Matches
1721,Hannibal Mejbri,tn TUN,MF,Burnley,eng Premier League,22.0,2003.0,27,15,1229.0,13.7,1,4,5,1,0,0,10,0,0.07,0.29,0.37,0.07,0.37,Matches,1,19,5,26.3,1.39,0.37,0.05,0.2,0,0,Matches,,,,,,,,,,,,,,,4,,,,,,Matches,,17,,,,,,,,,,,7,,,,Matches,,,,,,,,,,,,,,,,,,,,,Matches
1723,Nuno Mendes,pt POR,DF,PSG,fr Ligue 1,23.0,2002.0,20,13,1256.0,14.0,4,5,9,3,1,1,1,0,0.29,0.36,0.64,0.21,0.57,Matches,4,30,15,50.0,2.15,1.07,0.13,0.27,1,1,Matches,,,,,,,,,,,,,,,5,,,,,,Matches,,20,,,,,,,,,,,14,,,,Matches,,,,,,,,,,,,,,,,,,,,,Matches
1724,Brais Méndez,es ESP,"MF,FW",Real Sociedad,es La Liga,28.0,1997.0,29,21,1660.0,18.4,6,2,8,5,1,2,4,1,0.33,0.11,0.43,0.27,0.38,Matches,6,36,16,44.4,1.95,0.87,0.17,0.38,1,2,Matches,,,,,,,,,,,,,,,2,,,,,,Matches,,18,,,,,,,,,,,8,,,,Matches,,,,,,,,,,,,,,,,,,,,,Matches
1725,Rodrigo Mendoza,es ESP,"MF,FW",Elche,es La Liga,20.0,2005.0,16,6,794.0,8.8,1,0,1,1,0,0,4,0,0.11,0.0,0.11,0.11,0.11,Matches,1,11,2,18.2,1.25,0.23,0.09,0.5,0,0,Matches,,,,,,,,,,,,,,,0,,,,,,Matches,,9,,,,,,,,,,,5,,,,Matches,,,,,,,,,,,,,,,,,,,,,Matches
1727,Antoine Mendy,sn SEN,DF,Nice,fr Ligue 1,21.0,2004.0,25,24,2097.0,23.3,1,0,1,1,0,0,5,0,0.04,0.0,0.04,0.04,0.04,Matches,1,17,7,41.2,0.73,0.3,0.06,0.14,0,0,Matches,,,,,,,,,,,,,,,0,,,,,,Matches,,35,,,,,,,,,,,19,,,,Matches,,,,,,,,,,,,,,,,,,,,,Matches
1728,Batista Mendy,fr FRA,MF,Sevilla,es La Liga,25.0,2000.0,27,19,1617.0,18.0,1,0,1,1,0,0,6,0,0.06,0.0,0.06,0.06,0.06,Matches,1,17,5,29.4,0.95,0.28,0.06,0.2,0,0,Matches,,,,,,,,,,,,,,,0,,,,,,Matches,,23,,,,,,,,,,,18,,,,Matches,,,,,,,,,,,,,,,,,,,,,Matches
1731,Nobel Mendy,sn SEN,DF,Rayo Vallecano,es La Liga,20.0,2004.0,24,22,1797.0,20.0,2,0,2,2,0,0,9,2,0.1,0.0,0.1,0.1,0.1,Matches,2,11,3,27.3,0.55,0.15,0.18,0.67,0,0,Matches,,,,,,,,,,,,,,,0,,,,,,Matches,,15,,,,,,,,,,,23,,,,Matches,,,,,,,,,,,,,,,,,,,,,Matches
1733,Gideon Mensah,gh GHA,DF,Auxerre,fr Ligue 1,27.0,1998.0,30,26,2327.0,25.9,0,2,2,0,0,0,8,0,0.0,0.08,0.08,0.0,0.08,Matches,0,1,0,0.0,0.04,0.0,0.0,,0,0,Matches,,,,,,,,,,,,,,,2,,,,,,Matches,,37,,,,,,,,,,,23,,,,Matches,,,,,,,,,,,,,,,,,,,,,Matches
1734,Khalis Merah,fr FRA,"MF,FW",Lyon,fr Ligue 1,18.0,2007.0,22,15,1130.0,12.6,0,1,1,0,0,0,2,0,0.0,0.08,0.08,0.0,0.08,Matches,0,6,3,50.0,0.48,0.24,0.0,0.0,0,0,Matches,,,,,,,,,,,,,,,1,,,,,,Matches,,19,,,,,,,,,,,6,,,,Matches,,,,,,,,,,,,,,,,,,,,,Matches
1735,Alex Meret,it ITA,GK,Napoli,it Serie A,28.0,1997.0,11,11,979.0,10.9,0,1,1,0,0,0,1,0,0.0,0.09,0.09,0.0,0.09,Matches,0,0,0,,0.0,0.0,,,0,0,Matches,,,,,,,,,,,,,,,1,,,,,,Matches,,0,,,,,,,,,,,1,,,,Matches,,,,,,,,,,,,,,,,,,,,,Matches
1736,Mikel Merino,es ESP,"MF,FW",Arsenal,eng Premier League,29.0,1996.0,22,10,1036.0,11.5,4,3,7,4,0,0,1,0,0.35,0.26,0.61,0.35,0.61,Matches,4,22,8,36.4,1.91,0.69,0.18,0.5,0,0,Matches,,,,,,,,,,,,,,,3,,,,,,Matches,,13,,,,,,,,,,,9,,,,Matches,,,,,,,,,,,,,,,,,,,,,Matches
1737,Quentin Merlin,fr FRA,"DF,MF",Rennes,fr Ligue 1,23.0,2002.0,33,27,2533.0,28.1,1,5,6,1,0,0,2,0,0.04,0.18,0.21,0.04,0.21,Matches,1,26,7,26.9,0.92,0.25,0.04,0.14,0,0,Matches,,,,,,,,,,,,,,,5,,,,,,Matches,,38,,,,,,,,,,,29,,,,Matches,,,,,,,,,,,,,,,,,,,,,Matches
1738,Rafik Messali,fr FRA,MF,Toulouse,fr Ligue 1,22.0,2003.0,12,5,502.0,5.6,0,0,0,0,0,0,2,0,0.0,0.0,0.0,0.0,0.0,Matches,0,0,0,,0.0,0.0,,,0,0,Matches,,,,,,,,,,,,,,,0,,,,,,Matches,,6,,,,,,,,,,,12,,,,Matches,,,,,,,,,,,,,,,,,,,,,Matches
1739,Junior Messias,br BRA,MF,Genoa,it Serie A,34.0,1991.0,20,5,685.0,7.6,3,1,4,2,1,1,1,0,0.39,0.13,0.53,0.26,0.39,Matches,3,19,7,36.8,2.5,0.92,0.16,0.43,1,1,Matches,,,,,,,,,,,,,,,1,,,,,,Matches,,10,,,,,,,,,,,5,,,,Matches,,,,,,,,,,,,,,,,,,,,,Matches
1741,Connor Metcalfe,au AUS,"MF,FW",St Pauli,de Bundesliga,25.0,1999.0,25,3,592.0,6.6,0,2,2,0,0,0,2,0,0.0,0.3,0.3,0.0,0.3,Matches,0,16,4,25.0,2.43,0.61,0.0,0.0,0,0,Matches,,,,,,,,,,,,,,,2,,,,,,Matches,,9,,,,,,,,,,,6,,,,Matches,,,,,,,,,,,,,,,,,,,,,Matches
1742,Dayann Methalie,fr FRA,MF,Toulouse,fr Ligue 1,19.0,2006.0,27,22,1871.0,20.8,2,1,3,2,0,0,9,0,0.1,0.05,0.14,0.1,0.14,Matches,2,15,7,46.7,0.72,0.34,0.13,0.29,0,0,Matches,,,,,,,,,,,,,,,1,,,,,,Matches,,30,,,,,,,,,,,23,,,,Matches,,,,,,,,,,,,,,,,,,,,,Matches
1743,Karol Mets,ee EST,DF,St Pauli,de Bundesliga,32.0,1993.0,23,22,1932.0,21.5,1,0,1,1,0,0,3,0,0.05,0.0,0.05,0.05,0.05,Matches,1,7,1,14.3,0.33,0.05,0.14,1.0,0,0,Matches,,,,,,,,,,,,,,,0,,,,,,Matches,,22,,,,,,,,,,,22,,,,Matches,,,,,,,,,,,,,,,,,,,,,Matches
1744,Thomas Meunier,be BEL,DF,Lille,fr Ligue 1,33.0,1991.0,25,21,1909.0,21.2,2,2,4,2,0,0,3,0,0.09,0.09,0.19,0.09,0.19,Matches,2,19,5,26.3,0.9,0.24,0.11,0.4,0,0,Matches,,,,,,,,,,,,,,,2,,,,,,Matches,,18,,,,,,,,,,,17,,,,Matches,,,,,,,,,,,,,,,,,,,,,Matches
1748,Georges Mikautadze,ge GEO,FW,Villarreal,es La Liga,24.0,2000.0,32,23,2109.0,23.4,13,6,19,13,0,0,1,0,0.55,0.26,0.81,0.55,0.81,Matches,13,65,32,49.2,2.77,1.37,0.2,0.41,0,0,Matches,,,,,,,,,,,,,,,6,,,,,,Matches,,4,,,,,,,,,,,5,,,,Matches,,,,,,,,,,,,,,,,,,,,,Matches
1751,William Mikelbrencis,fr FRA,"MF,DF",Hamburger SV,de Bundesliga,21.0,2004.0,26,15,1372.0,15.2,0,4,4,0,0,0,3,0,0.0,0.26,0.26,0.0,0.26,Matches,0,12,6,50.0,0.79,0.39,0.0,0.0,0,0,Matches,,,,,,,,,,,,,,,4,,,,,,Matches,,22,,,,,,,,,,,6,,,,Matches,,,,,,,,,,,,,,,,,,,,,Matches
1754,Nikola Milenković,rs SRB,DF,Nottingham,eng Premier League,27.0,1997.0,38,37,3375.0,37.5,0,0,0,0,0,0,6,0,0.0,0.0,0.0,0.0,0.0,Matches,0,16,1,6.3,0.43,0.03,0.0,0.0,0,0,Matches,,,,,,,,,,,,,,,0,,,,,,Matches,,19,,,,,,,,,,,29,,,,Matches,,,,,,,,,,,,,,,,,,,,,Matches
1755,Lewis Miley,eng ENG,"MF,DF",Newcastle,eng Premier League,19.0,2006.0,23,15,1496.0,16.6,1,4,5,1,0,0,0,0,0.06,0.24,0.3,0.06,0.3,Matches,1,12,4,33.3,0.72,0.24,0.08,0.25,0,0,Matches,,,,,,,,,,,,,,,4,,,,,,Matches,,18,,,,,,,,,,,20,,,,Matches,,,,,,,,,,,,,,,,,,,,,Matches
1757,Vanja Milinković-Savić,rs SRB,GK,Napoli,it Serie A,28.0,1997.0,27,27,2430.0,27.0,0,1,1,0,0,0,0,0,0.0,0.04,0.04,0.0,0.04,Matches,0,0,0,,0.0,0.0,,,0,0,Matches,,,,,,,,,,,,,,,1,,,,,,Matches,,0,,,,,,,,,,,0,,,,Matches,,,,,,,,,,,,,,,,,,,,,Matches
1758,Éder Militão,br BRA,DF,Real Madrid,es La Liga,27.0,1998.0,16,14,1139.0,12.7,2,1,3,2,0,0,2,0,0.16,0.08,0.24,0.16,0.24,Matches,2,21,9,42.9,1.66,0.71,0.1,0.22,0,0,Matches,,,,,,,,,,,,,,,1,,,,,,Matches,,16,,,,,,,,,,,10,,,,Matches,,,,,,,,,,,,,,,,,,,,,Matches
1759,Luis Milla,es ESP,MF,Getafe,es La Liga,30.0,1994.0,37,37,3271.0,36.3,1,10,11,1,0,0,5,1,0.03,0.28,0.3,0.03,0.3,Matches,1,27,4,14.8,0.74,0.11,0.04,0.25,0,0,Matches,,,,,,,,,,,,,,,10,,,,,,Matches,,33,,,,,,,,,,,42,,,,Matches,,,,,,,,,,,,,,,,,,,,,Matches
1760,Pere Milla,es ESP,"MF,FW",Espanyol,es La Liga,32.0,1992.0,33,24,1973.0,21.9,7,1,8,7,0,0,6,1,0.32,0.05,0.36,0.32,0.36,Matches,7,59,21,35.6,2.69,0.96,0.12,0.33,0,0,Matches,,,,,,,,,,,,,,,1,,,,,,Matches,,24,,,,,,,,,,,18,,,,Matches,,,,,,,,,,,,,,,,,,,,,Matches
1761,Lennon Miller,sct SCO,MF,Udinese,it Serie A,18.0,2006.0,24,9,996.0,11.1,0,2,2,0,0,0,4,0,0.0,0.18,0.18,0.0,0.18,Matches,0,9,1,11.1,0.81,0.09,0.0,0.0,0,0,Matches,,,,,,,,,,,,,,,2,,,,,,Matches,,12,,,,,,,,,,,9,,,,Matches,,,,,,,,,,,,,,,,,,,,,Matches
1762,James Milner,eng ENG,MF,Brighton,eng Premier League,39.0,1986.0,20,7,784.0,8.7,1,1,2,0,1,1,2,0,0.11,0.11,0.23,0.0,0.11,Matches,1,8,2,25.0,0.92,0.23,0.13,0.5,1,1,Matches,,,,,,,,,,,,,,,1,,,,,,Matches,,9,,,,,,,,,,,5,,,,Matches,,,,,,,,,,,,,,,,,,,,,Matches
1764,Jovan Milošević,rs SRB,FW,Werder Bremen,de Bundesliga,20.0,2005.0,13,5,488.0,5.4,3,1,4,3,0,0,2,0,0.55,0.18,0.74,0.55,0.74,Matches,3,12,4,33.3,2.21,0.74,0.25,0.75,0,0,Matches,,,,,,,,,,,,,,,1,,,,,,Matches,,2,,,,,,,,,,,0,,,,Matches,,,,,,,,,,,,,,,,,,,,,Matches
1765,Kim Min-jae,kr KOR,DF,Bayern Munich,de Bundesliga,28.0,1996.0,25,19,1602.0,17.8,1,1,2,1,0,0,1,0,0.06,0.06,0.11,0.06,0.11,Matches,1,5,3,60.0,0.28,0.17,0.2,0.33,0,0,Matches,,,,,,,,,,,,,,,1,,,,,,Matches,,19,,,,,,,,,,,38,,,,Matches,,,,,,,,,,,,,,,,,,,,,Matches
1766,Yerry Mina,co COL,DF,Cagliari,it Serie A,30.0,1994.0,26,26,2150.0,23.9,2,0,2,2,0,0,5,1,0.08,0.0,0.08,0.08,0.08,Matches,2,10,3,30.0,0.42,0.13,0.2,0.67,0,0,Matches,,,,,,,,,,,,,,,0,,,,,,Matches,,18,,,,,,,,,,,26,,,,Matches,,,,,,,,,,,,,,,,,,,,,Matches
1767,Takumi Minamino,jp JPN,MF,Monaco,fr Ligue 1,30.0,1995.0,15,11,944.0,10.5,3,2,5,3,0,0,4,0,0.29,0.19,0.48,0.29,0.48,Matches,3,21,7,33.3,2.0,0.67,0.14,0.43,0,0,Matches,,,,,,,,,,,,,,,2,,,,,,Matches,,3,,,,,,,,,,,3,,,,Matches,,,,,,,,,,,,,,,,,,,,,Matches
1768,Tyrone Mings,eng ENG,DF,Aston Villa,eng Premier League,32.0,1993.0,17,15,1324.0,14.7,0,0,0,0,0,0,1,0,0.0,0.0,0.0,0.0,0.0,Matches,0,9,1,11.1,0.61,0.07,0.0,0.0,0,0,Matches,,,,,,,,,,,,,,,0,,,,,,Matches,,2,,,,,,,,,,,11,,,,Matches,,,,,,,,,,,,,,,,,,,,,Matches
1769,Óscar Mingueza,es ESP,MF,Celta Vigo,es La Liga,26.0,1999.0,34,21,1968.0,21.9,1,4,5,1,0,0,4,0,0.05,0.18,0.23,0.05,0.23,Matches,1,14,5,35.7,0.64,0.23,0.07,0.2,0,0,Matches,,,,,,,,,,,,,,,4,,,,,,Matches,,20,,,,,,,,,,,9,,,,Matches,,,,,,,,,,,,,,,,,,,,,Matches
1770,Yankuba Minteh,gm GAM,MF,Brighton,eng Premier League,21.0,2004.0,34,26,2391.0,26.6,3,4,7,3,0,0,3,0,0.11,0.15,0.26,0.11,0.26,Matches,3,41,11,26.8,1.54,0.41,0.07,0.27,0,0,Matches,,,,,,,,,,,,,,,4,,,,,,Matches,,37,,,,,,,,,,,15,,,,Matches,,,,,,,,,,,,,,,,,,,,,Matches
1772,Rafa Mir,es ESP,"FW,MF",Elche,es La Liga,28.0,1997.0,27,21,1803.0,20.0,8,0,8,7,1,2,4,0,0.4,0.0,0.4,0.35,0.35,Matches,8,69,36,52.2,3.44,1.8,0.12,0.22,1,2,Matches,,,,,,,,,,,,,,,0,,,,,,Matches,,7,,,,,,,,,,,4,,,,Matches,,,,,,,,,,,,,,,,,,,,,Matches
1773,Juan Miranda,es ESP,DF,Bologna,it Serie A,25.0,2000.0,32,29,2573.0,28.6,1,3,4,1,0,0,6,0,0.03,0.1,0.14,0.03,0.14,Matches,1,13,5,38.5,0.45,0.17,0.08,0.2,0,0,Matches,,,,,,,,,,,,,,,3,,,,,,Matches,,31,,,,,,,,,,,33,,,,Matches,,,,,,,,,,,,,,,,,,,,,Matches
1774,Fabio Miretti,it ITA,MF,Juventus,it Serie A,21.0,2003.0,23,5,617.0,6.9,1,2,3,1,0,0,1,0,0.15,0.29,0.44,0.15,0.44,Matches,1,18,5,27.8,2.63,0.73,0.06,0.2,0,0,Matches,,,,,,,,,,,,,,,2,,,,,,Matches,,9,,,,,,,,,,,4,,,,Matches,,,,,,,,,,,,,,,,,,,,,Matches
1775,Tyrick Mitchell,eng ENG,MF,Crystal Palace,eng Premier League,25.0,1999.0,38,36,3251.0,36.1,1,2,3,1,0,0,6,0,0.03,0.06,0.08,0.03,0.08,Matches,1,19,7,36.8,0.53,0.19,0.05,0.14,0,0,Matches,,,,,,,,,,,,,,,2,,,,,,Matches,,65,,,,,,,,,,,33,,,,Matches,,,,,,,,,,,,,,,,,,,,,Matches
1776,Kaoru Mitoma,jp JPN,"MF,FW",Brighton,eng Premier League,28.0,1997.0,25,19,1721.0,19.1,3,1,4,3,0,0,5,0,0.16,0.05,0.21,0.16,0.21,Matches,3,32,13,40.6,1.67,0.68,0.09,0.23,0,0,Matches,,,,,,,,,,,,,,,1,,,,,,Matches,,12,,,,,,,,,,,8,,,,Matches,,,,,,,,,,,,,,,,,,,,,Matches
1777,Maximilian Mittelstädt,de GER,"DF,MF",Stuttgart,de Bundesliga,28.0,1997.0,32,24,2186.0,24.3,6,4,10,2,4,4,4,0,0.25,0.16,0.41,0.08,0.25,Matches,6,31,16,51.6,1.28,0.66,0.19,0.38,4,4,Matches,,,,,,,,,,,,,,,4,,,,,,Matches,,42,,,,,,,,,,,35,,,,Matches,,,,,,,,,,,,,,,,,,,,,Matches
1778,Henrikh Mkhitaryan,am ARM,MF,Inter,it Serie A,36.0,1989.0,30,16,1560.0,17.3,4,1,5,4,0,0,5,0,0.23,0.06,0.29,0.23,0.29,Matches,4,43,14,32.6,2.48,0.81,0.09,0.29,0,0,Matches,,,,,,,,,,,,,,,1,,,,,,Matches,,27,,,,,,,,,,,15,,,,Matches,,,,,,,,,,,,,,,,,,,,,Matches
1782,Luka Modrić,hr CRO,MF,Milan,it Serie A,39.0,1985.0,34,32,2811.0,31.2,2,3,5,2,0,0,4,0,0.06,0.1,0.16,0.06,0.16,Matches,2,20,8,40.0,0.64,0.26,0.1,0.25,0,0,Matches,,,,,,,,,,,,,,,3,,,,,,Matches,,27,,,,,,,,,,,35,,,,Matches,,,,,,,,,,,,,,,,,,,,,Matches
1784,Terem Moffi,ng NGA,FW,Nice,fr Ligue 1,26.0,1999.0,10,6,488.0,5.4,2,0,2,2,0,0,0,0,0.37,0.0,0.37,0.37,0.37,Matches,2,16,8,50.0,2.95,1.48,0.13,0.25,0,0,Matches,,,,,,,,,,,,,,,0,,,,,,Matches,,1,,,,,,,,,,,0,,,,Matches,,,,,,,,,,,,,,,,,,,,,Matches
1785,Mostafa Mohamed,eg EGY,FW,Nantes,fr Ligue 1,27.0,1997.0,24,13,1152.0,12.8,4,0,4,4,0,0,1,0,0.31,0.0,0.31,0.31,0.31,Matches,4,35,8,22.9,2.73,0.62,0.11,0.5,0,0,Matches,,,,,,,,,,,,,,,0,,,,,,Matches,,7,,,,,,,,,,,7,,,,Matches,,,,,,,,,,,,,,,,,,,,,Matches
1786,Wael Mohya,de GER,"MF,FW",Gladbach,de Bundesliga,16.0,2008.0,15,6,552.0,6.1,2,1,3,2,0,0,1,0,0.33,0.16,0.49,0.33,0.49,Matches,2,11,5,45.5,1.79,0.82,0.18,0.4,0,0,Matches,,,,,,,,,,,,,,,1,,,,,,Matches,,7,,,,,,,,,,,2,,,,Matches,,,,,,,,,,,,,,,,,,,,,Matches
1787,Johan Mojica,co COL,DF,Mallorca,es La Liga,32.0,1992.0,35,30,2724.0,30.3,0,4,4,0,0,0,6,1,0.0,0.13,0.13,0.0,0.13,Matches,0,17,2,11.8,0.56,0.07,0.0,0.0,0,0,Matches,,,,,,,,,,,,,,,4,,,,,,Matches,,30,,,,,,,,,,,24,,,,Matches,,,,,,,,,,,,,,,,,,,,,Matches
1790,Alberto Moleiro,es ESP,MF,Villarreal,es La Liga,21.0,2003.0,37,30,2478.0,27.5,10,5,15,10,0,0,4,0,0.36,0.18,0.54,0.36,0.54,Matches,10,46,20,43.5,1.67,0.73,0.22,0.5,0,0,Matches,,,,,,,,,,,,,,,5,,,,,,Matches,,21,,,,,,,,,,,14,,,,Matches,,,,,,,,,,,,,,,,,,,,,Matches
1791,Nahuel Molina,ar ARG,"DF,MF",Atlético Madrid,es La Liga,27.0,1998.0,26,13,1331.0,14.8,2,2,4,2,0,0,4,0,0.14,0.14,0.27,0.14,0.27,Matches,2,14,4,28.6,0.95,0.27,0.14,0.5,0,0,Matches,,,,,,,,,,,,,,,2,,,,,,Matches,,24,,,,,,,,,,,14,,,,Matches,,,,,,,,,,,,,,,,,,,,,Matches
1792,Jon Moncayola,es ESP,MF,Osasuna,es La Liga,27.0,1998.0,36,35,3016.0,33.5,0,4,4,0,0,0,9,0,0.0,0.12,0.12,0.0,0.12,Matches,0,23,5,21.7,0.69,0.15,0.0,0.0,0,0,Matches,,,,,,,,,,,,,,,4,,,,,,Matches,,26,,,,,,,,,,,27,,,,Matches,,,,,,,,,,,,,,,,,,,,,Matches
1795,Lorenzo Montipò,it ITA,GK,Hellas Verona,it Serie A,29.0,1996.0,35,35,3150.0,35.0,0,1,1,0,0,0,0,0,0.0,0.03,0.03,0.0,0.03,Matches,0,0,0,,0.0,0.0,,,0,0,Matches,,,,,,,,,,,,,,,1,,,,,,Matches,,0,,,,,,,,,,,0,,,,Matches,,,,,,,,,,,,,,,,,,,,,Matches
1796,Álvaro Morata,es ESP,FW,Como,it Serie A,32.0,1992.0,26,9,930.0,10.3,0,1,1,0,0,1,4,1,0.0,0.1,0.1,0.0,0.1,Matches,0,23,8,34.8,2.23,0.77,0.0,0.0,0,1,Matches,,,,,,,,,,,,,,,1,,,,,,Matches,,11,,,,,,,,,,,1,,,,Matches,,,,,,,,,,,,,,,,,,,,,Matches
1797,Morato,br BRA,DF,Nottingham,eng Premier League,24.0,2001.0,21,14,1345.0,14.9,1,0,1,1,0,0,5,0,0.07,0.0,0.07,0.07,0.07,Matches,1,5,2,40.0,0.33,0.13,0.2,0.5,0,0,Matches,,,,,,,,,,,,,,,0,,,,,,Matches,,18,,,,,,,,,,,11,,,,Matches,,,,,,,,,,,,,,,,,,,,,Matches
1800,Afonso Moreira,pt POR,"MF,FW",Lyon,fr Ligue 1,20.0,2005.0,27,18,1722.0,19.1,4,7,11,4,0,0,3,0,0.21,0.37,0.57,0.21,0.57,Matches,4,40,14,35.0,2.09,0.73,0.1,0.29,0,0,Matches,,,,,,,,,,,,,,,7,,,,,,Matches,,22,,,,,,,,,,,12,,,,Matches,,,,,,,,,,,,,,,,,,,,,Matches
1801,Diego Moreira,be BEL,MF,Strasbourg,fr Ligue 1,20.0,2004.0,27,23,2034.0,22.6,4,6,10,4,0,0,4,0,0.18,0.27,0.44,0.18,0.44,Matches,4,29,11,37.9,1.28,0.49,0.14,0.36,0,0,Matches,,,,,,,,,,,,,,,6,,,,,,Matches,,25,,,,,,,,,,,20,,,,Matches,,,,,,,,,,,,,,,,,,,,,Matches
1802,Alberto Moreno,es ESP,DF,Como,it Serie A,33.0,1992.0,19,13,1233.0,13.7,2,1,3,2,0,0,4,0,0.15,0.07,0.22,0.15,0.22,Matches,2,11,4,36.4,0.8,0.29,0.18,0.5,0,0,Matches,,,,,,,,,,,,,,,1,,,,,,Matches,,12,,,,,,,,,,,7,,,,Matches,,,,,,,,,,,,,,,,,,,,,Matches
1803,Álex Moreno,es ESP,DF,Girona,es La Liga,32.0,1993.0,31,28,2559.0,28.4,0,3,3,0,0,0,5,0,0.0,0.11,0.11,0.0,0.11,Matches,0,17,5,29.4,0.6,0.18,0.0,0.0,0,0,Matches,,,,,,,,,,,,,,,3,,,,,,Matches,,28,,,,,,,,,,,29,,,,Matches,,,,,,,,,,,,,,,,,,,,,Matches
1805,Gerard Moreno,es ESP,FW,Villarreal,es La Liga,33.0,1992.0,22,16,1343.0,14.9,10,0,10,7,3,3,0,0,0.67,0.0,0.67,0.47,0.47,Matches,10,39,16,41.0,2.61,1.07,0.26,0.63,3,3,Matches,,,,,,,,,,,,,,,0,,,,,,Matches,,8,,,,,,,,,,,3,,,,Matches,,,,,,,,,,,,,,,,,,,,,Matches
1806,Matias Moreno,ar ARG,DF,Levante,es La Liga,21.0,2003.0,28,27,2252.0,25.0,0,0,0,0,0,0,8,0,0.0,0.0,0.0,0.0,0.0,Matches,0,10,0,0.0,0.4,0.0,0.0,,0,0,Matches,,,,,,,,,,,,,,,0,,,,,,Matches,,25,,,,,,,,,,,38,,,,Matches,,,,,,,,,,,,,,,,,,,,,Matches
1807,Tete Morente,es ESP,MF,Elche,es La Liga,28.0,1996.0,13,11,929.0,10.3,1,1,2,1,0,0,1,0,0.1,0.1,0.19,0.1,0.19,Matches,1,8,1,12.5,0.78,0.1,0.13,1.0,0,0,Matches,,,,,,,,,,,,,,,1,,,,,,Matches,,11,,,,,,,,,,,11,,,,Matches,,,,,,,,,,,,,,,,,,,,,Matches
1808,Tete Morente,es ESP,"FW,MF",Lecce,it Serie A,28.0,1996.0,16,9,859.0,9.5,0,0,0,0,0,0,2,0,0.0,0.0,0.0,0.0,0.0,Matches,0,14,2,14.3,1.47,0.21,0.0,0.0,0,0,Matches,,,,,,,,,,,,,,,0,,,,,,Matches,,9,,,,,,,,,,,3,,,,Matches,,,,,,,,,,,,,,,,,,,,,Matches
1809,Stefano Moreo,it ITA,"FW,MF",Pisa,it Serie A,32.0,1993.0,37,29,2307.0,25.6,7,1,8,5,2,2,2,0,0.27,0.04,0.31,0.2,0.23,Matches,7,52,20,38.5,2.03,0.78,0.13,0.35,2,2,Matches,,,,,,,,,,,,,,,1,,,,,,Matches,,11,,,,,,,,,,,21,,,,Matches,,,,,,,,,,,,,,,,,,,,,Matches
1810,Mateu Morey,es ESP,"DF,MF",Mallorca,es La Liga,25.0,2000.0,18,9,704.0,7.8,1,0,1,1,0,0,2,0,0.13,0.0,0.13,0.13,0.13,Matches,1,4,2,50.0,0.51,0.26,0.25,0.5,0,0,Matches,,,,,,,,,,,,,,,0,,,,,,Matches,,8,,,,,,,,,,,6,,,,Matches,,,,,,,,,,,,,,,,,,,,,Matches
1811,Ilaix Moriba,gn GUI,MF,Celta Vigo,es La Liga,22.0,2003.0,36,26,2495.0,27.7,2,3,5,2,0,0,8,0,0.07,0.11,0.18,0.07,0.18,Matches,2,18,5,27.8,0.65,0.18,0.11,0.4,0,0,Matches,,,,,,,,,,,,,,,3,,,,,,Matches,,42,,,,,,,,,,,24,,,,Matches,,,,,,,,,,,,,,,,,,,,,Matches
1812,Manu Morlanes,es ESP,MF,Mallorca,es La Liga,26.0,1999.0,32,22,1765.0,19.6,3,0,3,3,0,0,5,1,0.15,0.0,0.15,0.15,0.15,Matches,3,13,4,30.8,0.66,0.2,0.23,0.75,0,0,Matches,,,,,,,,,,,,,,,0,,,,,,Matches,,30,,,,,,,,,,,19,,,,Matches,,,,,,,,,,,,,,,,,,,,,Matches
1814,Nikola Moro,hr CRO,MF,Bologna,it Serie A,27.0,1998.0,30,19,1799.0,20.0,2,0,2,2,0,0,1,0,0.1,0.0,0.1,0.1,0.1,Matches,2,21,2,9.5,1.05,0.1,0.1,1.0,0,0,Matches,,,,,,,,,,,,,,,0,,,,,,Matches,,8,,,,,,,,,,,19,,,,Matches,,,,,,,,,,,,,,,,,,,,,Matches
1815,Raúl Moro,es ESP,MF,Osasuna,es La Liga,22.0,2002.0,14,7,625.0,6.9,0,2,2,0,0,0,0,0,0.0,0.29,0.29,0.0,0.29,Matches,0,6,0,0.0,0.86,0.0,0.0,,0,0,Matches,,,,,,,,,,,,,,,2,,,,,,Matches,,0,,,,,,,,,,,1,,,,Matches,,,,,,,,,,,,,,,,,,,,,Matches
1816,Tyler Morton,eng ENG,MF,Lyon,fr Ligue 1,22.0,2002.0,29,29,2517.0,28.0,2,2,4,2,0,0,6,1,0.07,0.07,0.14,0.07,0.14,Matches,2,28,8,28.6,1.0,0.29,0.07,0.25,0,0,Matches,,,,,,,,,,,,,,,2,,,,,,Matches,,29,,,,,,,,,,,24,,,,Matches,,,,,,,,,,,,,,,,,,,,,Matches
1819,Cristhian Mosquera,es ESP,DF,Arsenal,eng Premier League,21.0,2004.0,20,9,994.0,11.0,0,0,0,0,0,0,4,0,0.0,0.0,0.0,0.0,0.0,Matches,0,1,0,0.0,0.09,0.0,0.0,,0,0,Matches,,,,,,,,,,,,,,,0,,,,,,Matches,,21,,,,,,,,,,,8,,,,Matches,,,,,,,,,,,,,,,,,,,,,Matches
1820,Daniel Mosquera,co COL,FW,Hellas Verona,it Serie A,25.0,1999.0,22,5,597.0,6.6,0,2,2,0,0,0,1,0,0.0,0.3,0.3,0.0,0.3,Matches,0,16,5,31.3,2.41,0.75,0.0,0.0,0,0,Matches,,,,,,,,,,,,,,,2,,,,,,Matches,,2,,,,,,,,,,,2,,,,Matches,,,,,,,,,,,,,,,,,,,,,Matches
1821,Yerson Mosquera,co COL,DF,Wolves,eng Premier League,24.0,2001.0,27,24,2136.0,23.7,0,0,0,0,0,0,12,0,0.0,0.0,0.0,0.0,0.0,Matches,0,30,6,20.0,1.26,0.25,0.0,0.0,0,0,Matches,,,,,,,,,,,,,,,0,,,,,,Matches,,36,,,,,,,,,,,25,,,,Matches,,,,,,,,,,,,,,,,,,,,,Matches
1822,Edoardo Motta,it ITA,GK,Lazio,it Serie A,20.0,2005.0,9,9,810.0,9.0,0,0,0,0,0,0,1,0,0.0,0.0,0.0,0.0,0.0,Matches,0,0,0,,0.0,0.0,,,0,0,Matches,,,,,,,,,,,,,,,0,,,,,,Matches,,0,,,,,,,,,,,0,,,,Matches,,,,,,,,,,,,,,,,,,,,,Matches
1824,Mason Mount,eng ENG,MF,Manchester Utd,eng Premier League,26.0,1999.0,23,12,1017.0,11.3,3,0,3,3,0,0,2,0,0.27,0.0,0.27,0.27,0.27,Matches,3,19,5,26.3,1.68,0.44,0.16,0.6,0,0,Matches,,,,,,,,,,,,,,,0,,,,,,Matches,,13,,,,,,,,,,,9,,,,Matches,,,,,,,,,,,,,,,,,,,,,Matches
1825,Samir El Mourabet,ma MAR,MF,Strasbourg,fr Ligue 1,19.0,2005.0,33,25,2128.0,23.6,1,2,3,1,0,0,4,0,0.04,0.08,0.13,0.04,0.13,Matches,1,12,1,8.3,0.51,0.04,0.08,1.0,0,0,Matches,,,,,,,,,,,,,,,2,,,,,,Matches,,37,,,,,,,,,,,27,,,,Matches,,,,,,,,,,,,,,,,,,,,,Matches
1826,Santiago Mouriño,uy URU,DF,Villarreal,es La Liga,23.0,2002.0,28,27,2377.0,26.4,1,2,3,1,0,0,11,1,0.04,0.08,0.11,0.04,0.11,Matches,1,15,3,20.0,0.57,0.11,0.07,0.33,0,0,Matches,,,,,,,,,,,,,,,2,,,,,,Matches,,64,,,,,,,,,,,29,,,,Matches,,,,,,,,,,,,,,,,,,,,,Matches
1827,Louis Mouton,fr FRA,MF,Angers,fr Ligue 1,23.0,2002.0,32,24,1891.0,21.0,2,1,3,2,0,0,2,1,0.1,0.05,0.14,0.1,0.14,Matches,2,36,8,22.2,1.71,0.38,0.06,0.25,0,0,Matches,,,,,,,,,,,,,,,1,,,,,,Matches,,26,,,,,,,,,,,12,,,,Matches,,,,,,,,,,,,,,,,,,,,,Matches
1829,Tarik Muharemovic,ba BIH,DF,Sassuolo,it Serie A,22.0,2003.0,32,32,2835.0,31.5,2,2,4,2,0,0,7,0,0.06,0.06,0.13,0.06,0.13,Matches,2,20,7,35.0,0.63,0.22,0.1,0.29,0,0,Matches,,,,,,,,,,,,,,,2,,,,,,Matches,,24,,,,,,,,,,,45,,,,Matches,,,,,,,,,,,,,,,,,,,,,Matches
1830,Miro Muheim,ch SUI,"MF,DF",Hamburger SV,de Bundesliga,27.0,1998.0,29,27,2435.0,27.1,0,4,4,0,0,0,7,1,0.0,0.15,0.15,0.0,0.15,Matches,0,24,7,29.2,0.89,0.26,0.0,0.0,0,0,Matches,,,,,,,,,,,,,,,4,,,,,,Matches,,35,,,,,,,,,,,27,,,,Matches,,,,,,,,,,,,,,,,,,,,,Matches
1832,Ngal'Ayel Mukau,cd COD,MF,Lille,fr Ligue 1,20.0,2004.0,30,19,1534.0,17.0,1,0,1,1,0,0,3,0,0.06,0.0,0.06,0.06,0.06,Matches,1,20,5,25.0,1.17,0.29,0.05,0.2,0,0,Matches,,,,,,,,,,,,,,,0,,,,,,Matches,,18,,,,,,,,,,,14,,,,Matches,,,,,,,,,,,,,,,,,,,,,Matches
1834,Nordi Mukiele,fr FRA,DF,Sunderland,eng Premier League,27.0,1997.0,32,32,2784.0,30.9,3,3,6,3,0,0,5,0,0.1,0.1,0.19,0.1,0.19,Matches,3,26,4,15.4,0.84,0.13,0.12,0.75,0,0,Matches,,,,,,,,,,,,,,,3,,,,,,Matches,,45,,,,,,,,,,,37,,,,Matches,,,,,,,,,,,,,,,,,,,,,Matches
1837,Marshall Munetsi,zw ZIM,MF,Paris FC,fr Ligue 1,29.0,1996.0,15,11,975.0,10.8,4,1,5,4,0,0,0,0,0.37,0.09,0.46,0.37,0.46,Matches,4,19,9,47.4,1.75,0.83,0.21,0.44,0,0,Matches,,,,,,,,,,,,,,,1,,,,,,Matches,,8,,,,,,,,,,,3,,,,Matches,,,,,,,,,,,,,,,,,,,,,Matches
1838,Marshall Munetsi,zw ZIM,"MF,FW",Wolves,eng Premier League,29.0,1996.0,13,9,875.0,9.7,1,1,2,1,0,0,2,0,0.1,0.1,0.21,0.1,0.21,Matches,1,14,6,42.9,1.44,0.62,0.07,0.17,0,0,Matches,,,,,,,,,,,,,,,1,,,,,,Matches,,13,,,,,,,,,,,5,,,,Matches,,,,,,,,,,,,,,,,,,,,,Matches
1839,Rodrigo Muniz,br BRA,FW,Fulham,eng Premier League,24.0,2001.0,21,10,1000.0,11.1,1,1,2,1,0,0,2,0,0.09,0.09,0.18,0.09,0.18,Matches,1,32,5,15.6,2.88,0.45,0.03,0.2,0,0,Matches,,,,,,,,,,,,,,,1,,,,,,Matches,,3,,,,,,,,,,,2,,,,Matches,,,,,,,,,,,,,,,,,,,,,Matches
1841,Aihen Muñoz,es ESP,DF,Real Sociedad,es La Liga,27.0,1997.0,21,9,848.0,9.4,1,0,1,1,0,0,1,0,0.11,0.0,0.11,0.11,0.11,Matches,1,6,2,33.3,0.64,0.21,0.17,0.5,0,0,Matches,,,,,,,,,,,,,,,0,,,,,,Matches,,18,,,,,,,,,,,5,,,,Matches,,,,,,,,,,,,,,,,,,,,,Matches
1842,Daniel Muñoz,co COL,MF,Crystal Palace,eng Premier League,29.0,1996.0,29,29,2399.0,26.7,4,3,7,4,0,0,7,0,0.15,0.11,0.26,0.15,0.26,Matches,4,26,12,46.2,0.98,0.45,0.15,0.33,0,0,Matches,,,,,,,,,,,,,,,3,,,,,,Matches,,48,,,,,,,,,,,24,,,,Matches,,,,,,,,,,,,,,,,,,,,,Matches
1843,Iker Muñoz,es ESP,MF,Osasuna,es La Liga,22.0,2002.0,19,8,952.0,10.6,0,0,0,0,0,0,5,0,0.0,0.0,0.0,0.0,0.0,Matches,0,9,4,44.4,0.85,0.38,0.0,0.0,0,0,Matches,,,,,,,,,,,,,,,0,,,,,,Matches,,7,,,,,,,,,,,12,,,,Matches,,,,,,,,,,,,,,,,,,,,,Matches
1844,Javier Muñoz,es ESP,"MF,FW",Getafe,es La Liga,30.0,1995.0,17,4,551.0,6.1,0,0,0,0,0,0,0,0,0.0,0.0,0.0,0.0,0.0,Matches,0,13,6,46.2,2.12,0.98,0.0,0.0,0,0,Matches,,,,,,,,,,,,,,,0,,,,,,Matches,,5,,,,,,,,,,,6,,,,Matches,,,,,,,,,,,,,,,,,,,,,Matches
1845,Víctor Muñoz,es ESP,"MF,FW",Osasuna,es La Liga,22.0,2003.0,34,31,2656.0,29.5,6,2,8,6,0,0,3,0,0.2,0.07,0.27,0.2,0.27,Matches,6,81,31,38.3,2.74,1.05,0.07,0.19,0,0,Matches,,,,,,,,,,,,,,,2,,,,,,Matches,,13,,,,,,,,,,,10,,,,Matches,,,,,,,,,,,,,,,,,,,,,Matches
1846,Arijanet Muric,xk KVX,GK,Sassuolo,it Serie A,26.0,1998.0,32,32,2880.0,32.0,0,0,0,0,0,0,4,0,0.0,0.0,0.0,0.0,0.0,Matches,0,0,0,,0.0,0.0,,,0,0,Matches,,,,,,,,,,,,,,,0,,,,,,Matches,,0,,,,,,,,,,,0,,,,Matches,,,,,,,,,,,,,,,,,,,,,Matches
1847,Murillo,br BRA,DF,Nottingham,eng Premier League,23.0,2002.0,25,25,2130.0,23.7,1,0,1,1,0,0,5,0,0.04,0.0,0.04,0.04,0.04,Matches,1,11,4,36.4,0.46,0.17,0.09,0.25,0,0,Matches,,,,,,,,,,,,,,,0,,,,,,Matches,,23,,,,,,,,,,,29,,,,Matches,,,,,,,,,,,,,,,,,,,,,Matches
1848,Vedat Muriqi,xk KVX,FW,Mallorca,es La Liga,31.0,1994.0,37,36,3128.0,34.8,23,1,24,18,5,7,4,1,0.66,0.03,0.69,0.52,0.55,Matches,23,114,50,43.9,3.28,1.44,0.2,0.46,5,7,Matches,,,,,,,,,,,,,,,1,,,,,,Matches,,3,,,,,,,,,,,3,,,,Matches,,,,,,,,,,,,,,,,,,,,,Matches
1850,Jacob Murphy,eng ENG,"FW,MF",Newcastle,eng Premier League,30.0,1995.0,33,19,1617.0,18.0,3,2,5,3,0,0,2,0,0.17,0.11,0.28,0.17,0.28,Matches,3,42,13,31.0,2.34,0.72,0.07,0.23,0,0,Matches,,,,,,,,,,,,,,,2,,,,,,Matches,,12,,,,,,,,,,,6,,,,Matches,,,,,,,,,,,,,,,,,,,,,Matches
1852,Yunus Musah,us USA,MF,Atalanta,it Serie A,22.0,2002.0,19,4,574.0,6.4,1,0,1,1,0,0,1,0,0.16,0.0,0.16,0.16,0.16,Matches,1,7,2,28.6,1.1,0.31,0.14,0.5,0,0,Matches,,,,,,,,,,,,,,,0,,,,,,Matches,,5,,,,,,,,,,,5,,,,Matches,,,,,,,,,,,,,,,,,,,,,Matches
1854,Jamal Musiala,de GER,"MF,FW",Bayern Munich,de Bundesliga,22.0,2003.0,15,7,683.0,7.6,3,4,7,2,1,1,1,0,0.4,0.53,0.92,0.26,0.79,Matches,3,30,9,30.0,3.95,1.19,0.1,0.33,1,1,Matches,,,,,,,,,,,,,,,4,,,,,,Matches,,5,,,,,,,,,,,3,,,,Matches,,,,,,,,,,,,,,,,,,,,,Matches
1855,Juan Musso,ar ARG,GK,Atlético Madrid,es La Liga,31.0,1994.0,8,8,720.0,8.0,0,0,0,0,0,0,2,0,0.0,0.0,0.0,0.0,0.0,Matches,0,0,0,,0.0,0.0,,,0,0,Matches,,,,,,,,,,,,,,,0,,,,,,Matches,,0,,,,,,,,,,,0,,,,Matches,,,,,,,,,,,,,,,,,,,,,Matches
1857,Yvon Mvogo,ch SUI,GK,Lorient,fr Ligue 1,31.0,1994.0,31,31,2790.0,31.0,0,0,0,0,0,0,0,0,0.0,0.0,0.0,0.0,0.0,Matches,0,0,0,,0.0,0.0,,,0,0,Matches,,,,,,,,,,,,,,,0,,,,,,Matches,,1,,,,,,,,,,,1,,,,Matches,,,,,,,,,,,,,,,,,,,,,Matches
1858,Joel Mvuka,no NOR,"MF,DF",Lorient,fr Ligue 1,22.0,2002.0,15,5,560.0,6.2,0,0,0,0,0,0,0,0,0.0,0.0,0.0,0.0,0.0,Matches,0,8,1,12.5,1.29,0.16,0.0,0.0,0,0,Matches,,,,,,,,,,,,,,,0,,,,,,Matches,,13,,,,,,,,,,,6,,,,Matches,,,,,,,,,,,,,,,,,,,,,Matches
1860,Junior Mwanga,fr FRA,MF,Nantes,fr Ligue 1,22.0,2003.0,15,15,1260.0,14.0,1,1,2,1,0,0,2,1,0.07,0.07,0.14,0.07,0.14,Matches,1,9,3,33.3,0.64,0.21,0.11,0.33,0,0,Matches,,,,,,,,,,,,,,,1,,,,,,Matches,,14,,,,,,,,,,,8,,,,Matches,,,,,,,,,,,,,,,,,,,,,Matches
1861,Phillipp Mwene,at AUT,MF,Mainz 05,de Bundesliga,31.0,1994.0,29,24,2069.0,23.0,1,2,3,1,0,0,4,0,0.04,0.09,0.13,0.04,0.13,Matches,1,10,2,20.0,0.43,0.09,0.1,0.5,0,0,Matches,,,,,,,,,,,,,,,2,,,,,,Matches,,20,,,,,,,,,,,14,,,,Matches,,,,,,,,,,,,,,,,,,,,,Matches
1862,Vitaliy Mykolenko,ua UKR,DF,Everton,eng Premier League,26.0,1999.0,33,33,2958.0,32.9,0,1,1,0,0,0,6,0,0.0,0.03,0.03,0.0,0.03,Matches,0,9,2,22.2,0.27,0.06,0.0,0.0,0,0,Matches,,,,,,,,,,,,,,,1,,,,,,Matches,,25,,,,,,,,,,,27,,,,Matches,,,,,,,,,,,,,,,,,,,,,Matches
1863,Joakim Mæhle,dk DEN,"MF,DF",Wolfsburg,de Bundesliga,28.0,1997.0,16,14,1222.0,13.6,1,2,3,1,0,0,1,0,0.07,0.15,0.22,0.07,0.22,Matches,1,14,3,21.4,1.03,0.22,0.07,0.33,0,0,Matches,,,,,,,,,,,,,,,2,,,,,,Matches,,22,,,,,,,,,,,20,,,,Matches,,,,,,,,,,,,,,,,,,,,,Matches
1864,David Møller Wolfe,no NOR,"MF,DF",Wolves,eng Premier League,23.0,2002.0,22,11,1049.0,11.7,0,2,2,0,0,0,1,0,0.0,0.17,0.17,0.0,0.17,Matches,0,3,0,0.0,0.26,0.0,0.0,,0,0,Matches,,,,,,,,,,,,,,,2,,,,,,Matches,,5,,,,,,,,,,,7,,,,Matches,,,,,,,,,,,,,,,,,,,,,Matches
1865,Obite N'Dicka,ci CIV,DF,Roma,it Serie A,25.0,1999.0,31,31,2680.0,29.8,3,0,3,3,0,0,5,0,0.1,0.0,0.1,0.1,0.1,Matches,3,23,6,26.1,0.77,0.2,0.13,0.5,0,0,Matches,,,,,,,,,,,,,,,0,,,,,,Matches,,16,,,,,,,,,,,45,,,,Matches,,,,,,,,,,,,,,,,,,,,,Matches
1866,Konan N'dri,ne NIG,MF,Lecce,it Serie A,24.0,2000.0,27,1,544.0,6.0,2,0,2,2,0,0,3,0,0.33,0.0,0.33,0.33,0.33,Matches,2,19,5,26.3,3.14,0.83,0.11,0.4,0,0,Matches,,,,,,,,,,,,,,,0,,,,,,Matches,,4,,,,,,,,,,,2,,,,Matches,,,,,,,,,,,,,,,,,,,,,Matches
1867,Stanley N'Soki,fr FRA,"DF,MF",Union Berlin,de Bundesliga,26.0,1999.0,13,10,816.0,9.1,1,2,3,1,0,0,2,0,0.11,0.22,0.33,0.11,0.33,Matches,1,3,1,33.3,0.33,0.11,0.33,1.0,0,0,Matches,,,,,,,,,,,,,,,2,,,,,,Matches,,9,,,,,,,,,,,18,,,,Matches,,,,,,,,,,,,,,,,,,,,,Matches
1868,Bilal Nadir,ma MAR,MF,Marseille,fr Ligue 1,21.0,2003.0,20,5,598.0,6.6,0,4,4,0,0,0,6,1,0.0,0.6,0.6,0.0,0.6,Matches,0,7,1,14.3,1.05,0.15,0.0,0.0,0,0,Matches,,,,,,,,,,,,,,,4,,,,,,Matches,,9,,,,,,,,,,,6,,,,Matches,,,,,,,,,,,,,,,,,,,,,Matches
1869,Mahamadou Nagida,cm CMR,DF,Rennes,fr Ligue 1,20.0,2005.0,19,7,805.0,8.9,0,0,0,0,0,0,2,0,0.0,0.0,0.0,0.0,0.0,Matches,0,13,3,23.1,1.45,0.34,0.0,0.0,0,0,Matches,,,,,,,,,,,,,,,0,,,,,,Matches,,12,,,,,,,,,,,20,,,,Matches,,,,,,,,,,,,,,,,,,,,,Matches
1871,Sebastian Nanasi,se SWE,MF,Strasbourg,fr Ligue 1,23.0,2002.0,19,11,1050.0,11.7,7,2,9,7,0,0,0,0,0.6,0.17,0.77,0.6,0.77,Matches,7,19,11,57.9,1.63,0.94,0.37,0.64,0,0,Matches,,,,,,,,,,,,,,,2,,,,,,Matches,,4,,,,,,,,,,,5,,,,Matches,,,,,,,,,,,,,,,,,,,,,Matches
1873,Nikolas Nartey,dk DEN,MF,Stuttgart,de Bundesliga,25.0,2000.0,28,14,1256.0,14.0,4,3,7,4,0,0,2,0,0.29,0.21,0.5,0.29,0.5,Matches,4,22,12,54.5,1.58,0.86,0.18,0.33,0,0,Matches,,,,,,,,,,,,,,,3,,,,,,Matches,,12,,,,,,,,,,,10,,,,Matches,,,,,,,,,,,,,,,,,,,,,Matches
1874,Noah Nartey,dk DEN,"MF,FW",Lyon,fr Ligue 1,19.0,2005.0,11,5,545.0,6.1,2,0,2,2,0,0,0,0,0.33,0.0,0.33,0.33,0.33,Matches,2,5,2,40.0,0.83,0.33,0.4,1.0,0,0,Matches,,,,,,,,,,,,,,,0,,,,,,Matches,,6,,,,,,,,,,,2,,,,Matches,,,,,,,,,,,,,,,,,,,,,Matches
1875,Natan,br BRA,DF,Real Betis,es La Liga,24.0,2001.0,33,32,2807.0,31.2,0,0,0,0,0,0,8,0,0.0,0.0,0.0,0.0,0.0,Matches,0,10,1,10.0,0.32,0.03,0.0,0.0,0,0,Matches,,,,,,,,,,,,,,,0,,,,,,Matches,,17,,,,,,,,,,,37,,,,Matches,,,,,,,,,,,,,,,,,,,,,Matches
1876,Pau Navarro,es ESP,DF,Villarreal,es La Liga,20.0,2005.0,23,23,1921.0,21.3,0,0,0,0,0,0,4,0,0.0,0.0,0.0,0.0,0.0,Matches,0,2,2,100.0,0.09,0.09,0.0,0.0,0,0,Matches,,,,,,,,,,,,,,,0,,,,,,Matches,,35,,,,,,,,,,,18,,,,Matches,,,,,,,,,,,,,,,,,,,,,Matches
1877,Roberto Navarro,es ESP,MF,Athletic Club,es La Liga,23.0,2002.0,32,10,1307.0,14.5,6,1,7,6,0,0,1,0,0.41,0.07,0.48,0.41,0.48,Matches,6,21,10,47.6,1.45,0.69,0.29,0.6,0,0,Matches,,,,,,,,,,,,,,,1,,,,,,Matches,,10,,,,,,,,,,,7,,,,Matches,,,,,,,,,,,,,,,,,,,,,Matches
1878,Corrie Ndaba,ie IRL,DF,Lecce,it Serie A,25.0,1999.0,14,6,543.0,6.0,0,0,0,0,0,0,0,0,0.0,0.0,0.0,0.0,0.0,Matches,0,2,0,0.0,0.33,0.0,0.0,,0,0,Matches,,,,,,,,,,,,,,,0,,,,,,Matches,,4,,,,,,,,,,,3,,,,Matches,,,,,,,,,,,,,,,,,,,,,Matches
1879,Michel Ndary Adopo,fr FRA,MF,Cagliari,it Serie A,25.0,2000.0,38,33,3050.0,33.9,1,2,3,1,0,0,4,0,0.03,0.06,0.09,0.03,0.09,Matches,1,28,11,39.3,0.83,0.32,0.04,0.09,0,0,Matches,,,,,,,,,,,,,,,2,,,,,,Matches,,32,,,,,,,,,,,31,,,,Matches,,,,,,,,,,,,,,,,,,,,,Matches
1881,Abdoulaye Ndiaye,sn SEN,DF,Parma,it Serie A,23.0,2002.0,11,9,780.0,8.7,0,0,0,0,0,0,5,1,0.0,0.0,0.0,0.0,0.0,Matches,0,6,0,0.0,0.69,0.0,0.0,,0,0,Matches,,,,,,,,,,,,,,,0,,,,,,Matches,,10,,,,,,,,,,,11,,,,Matches,,,,,,,,,,,,,,,,,,,,,Matches
1882,Iliman Ndiaye,sn SEN,MF,Everton,eng Premier League,25.0,2000.0,32,32,2778.0,30.9,6,3,9,4,2,2,2,0,0.19,0.1,0.29,0.13,0.23,Matches,6,43,22,51.2,1.39,0.71,0.14,0.27,2,2,Matches,,,,,,,,,,,,,,,3,,,,,,Matches,,40,,,,,,,,,,,17,,,,Matches,,,,,,,,,,,,,,,,,,,,,Matches
1883,Rassoul Ndiaye,sn SEN,MF,Le Havre,fr Ligue 1,23.0,2001.0,33,30,2566.0,28.5,4,4,8,4,0,0,2,0,0.14,0.14,0.28,0.14,0.28,Matches,4,34,9,26.5,1.19,0.32,0.12,0.44,0,0,Matches,,,,,,,,,,,,,,,4,,,,,,Matches,,32,,,,,,,,,,,17,,,,Matches,,,,,,,,,,,,,,,,,,,,,Matches
1886,Cher Ndour,it ITA,MF,Fiorentina,it Serie A,21.0,2004.0,33,20,1876.0,20.8,3,0,3,3,0,0,2,0,0.14,0.0,0.14,0.14,0.14,Matches,3,24,8,33.3,1.15,0.38,0.13,0.38,0,0,Matches,,,,,,,,,,,,,,,0,,,,,,Matches,,17,,,,,,,,,,,15,,,,Matches,,,,,,,,,,,,,,,,,,,,,Matches
1887,Dan Ndoye,ch SUI,MF,Nottingham,eng Premier League,24.0,2000.0,24,14,1173.0,13.0,1,1,2,1,0,0,1,0,0.08,0.08,0.15,0.08,0.15,Matches,1,15,4,26.7,1.15,0.31,0.07,0.25,0,0,Matches,,,,,,,,,,,,,,,1,,,,,,Matches,,11,,,,,,,,,,,10,,,,Matches,,,,,,,,,,,,,,,,,,,,,Matches
1890,Paul Nebel,de GER,MF,Mainz 05,de Bundesliga,22.0,2002.0,30,24,2073.0,23.0,5,2,7,5,0,0,2,2,0.22,0.09,0.3,0.22,0.3,Matches,5,32,8,25.0,1.39,0.35,0.16,0.63,0,0,Matches,,,,,,,,,,,,,,,2,,,,,,Matches,,30,,,,,,,,,,,12,,,,Matches,,,,,,,,,,,,,,,,,,,,,Matches
1892,Loïc Nego,hu HUN,"DF,MF",Le Havre,fr Ligue 1,34.0,1991.0,30,26,2339.0,26.0,0,0,0,0,0,0,3,0,0.0,0.0,0.0,0.0,0.0,Matches,0,16,3,18.8,0.62,0.12,0.0,0.0,0,0,Matches,,,,,,,,,,,,,,,0,,,,,,Matches,,36,,,,,,,,,,,32,,,,Matches,,,,,,,,,,,,,,,,,,,,,Matches
1895,Victor Nelsson,dk DEN,DF,Hellas Verona,it Serie A,26.0,1998.0,38,37,3315.0,36.8,0,0,0,0,0,0,4,0,0.0,0.0,0.0,0.0,0.0,Matches,0,8,1,12.5,0.22,0.03,0.0,0.0,0,0,Matches,,,,,,,,,,,,,,,0,,,,,,Matches,,45,,,,,,,,,,,75,,,,Matches,,,,,,,,,,,,,,,,,,,,,Matches
1896,David Neres,br BRA,"FW,MF",Napoli,it Serie A,28.0,1997.0,16,10,922.0,10.2,3,3,6,3,0,0,3,0,0.29,0.29,0.59,0.29,0.59,Matches,3,17,4,23.5,1.66,0.39,0.18,0.75,0,0,Matches,,,,,,,,,,,,,,,3,,,,,,Matches,,5,,,,,,,,,,,1,,,,Matches,,,,,,,,,,,,,,,,,,,,,Matches
1897,Martim Neto,pt POR,MF,Elche,es La Liga,22.0,2003.0,25,15,1347.0,15.0,2,5,7,2,0,0,3,0,0.13,0.33,0.47,0.13,0.47,Matches,2,12,4,33.3,0.8,0.27,0.17,0.5,0,0,Matches,,,,,,,,,,,,,,,5,,,,,,Matches,,12,,,,,,,,,,,2,,,,Matches,,,,,,,,,,,,,,,,,,,,,Matches
1898,Pedro Neto,pt POR,"MF,FW",Chelsea,eng Premier League,25.0,2000.0,34,30,2631.0,29.2,5,6,11,5,0,0,4,1,0.17,0.21,0.38,0.17,0.38,Matches,5,46,13,28.3,1.57,0.44,0.11,0.38,0,0,Matches,,,,,,,,,,,,,,,6,,,,,,Matches,,11,,,,,,,,,,,6,,,,Matches,,,,,,,,,,,,,,,,,,,,,Matches
1899,Luca Netz,de GER,"MF,DF",Gladbach,de Bundesliga,22.0,2003.0,15,10,940.0,10.4,0,2,2,0,0,0,1,0,0.0,0.19,0.19,0.0,0.19,Matches,0,2,0,0.0,0.19,0.0,0.0,,0,0,Matches,,,,,,,,,,,,,,,2,,,,,,Matches,,10,,,,,,,,,,,7,,,,Matches,,,,,,,,,,,,,,,,,,,,,Matches
1901,Manuel Neuer,de GER,GK,Bayern Munich,de Bundesliga,39.0,1986.0,22,22,1859.0,20.7,0,0,0,0,0,0,0,0,0.0,0.0,0.0,0.0,0.0,Matches,0,0,0,,0.0,0.0,,,0,0,Matches,,,,,,,,,,,,,,,0,,,,,,Matches,,0,,,,,,,,,,,0,,,,Matches,,,,,,,,,,,,,,,,,,,,,Matches
1902,Florian Neuhaus,de GER,"MF,FW",Gladbach,de Bundesliga,28.0,1997.0,17,11,930.0,10.3,0,1,1,0,0,0,0,0,0.0,0.1,0.1,0.0,0.1,Matches,0,22,6,27.3,2.13,0.58,0.0,0.0,0,0,Matches,,,,,,,,,,,,,,,1,,,,,,Matches,,7,,,,,,,,,,,9,,,,Matches,,,,,,,,,,,,,,,,,,,,,Matches
1904,João Neves,pt POR,MF,PSG,fr Ligue 1,20.0,2004.0,21,13,1287.0,14.3,5,1,6,5,0,0,0,0,0.35,0.07,0.42,0.35,0.42,Matches,5,27,6,22.2,1.89,0.42,0.19,0.83,0,0,Matches,,,,,,,,,,,,,,,1,,,,,,Matches,,14,,,,,,,,,,,6,,,,Matches,,,,,,,,,,,,,,,,,,,,,Matches
1907,Oumar Ngom,mr MTN,MF,Lecce,it Serie A,21.0,2004.0,15,10,842.0,9.4,0,0,0,0,0,0,1,0,0.0,0.0,0.0,0.0,0.0,Matches,0,5,2,40.0,0.53,0.21,0.0,0.0,0,0,Matches,,,,,,,,,,,,,,,0,,,,,,Matches,,15,,,,,,,,,,,12,,,,Matches,,,,,,,,,,,,,,,,,,,,,Matches
1908,Cyril Ngonge,be BEL,FW,Torino,it Serie A,25.0,2000.0,20,11,994.0,11.0,1,1,2,1,0,0,2,0,0.09,0.09,0.18,0.09,0.18,Matches,1,24,12,50.0,2.17,1.09,0.04,0.08,0,0,Matches,,,,,,,,,,,,,,,1,,,,,,Matches,,4,,,,,,,,,,,2,,,,Matches,,,,,,,,,,,,,,,,,,,,,Matches
1912,Nathan Ngoy,be BEL,DF,Lille,fr Ligue 1,22.0,2003.0,29,27,2405.0,26.7,1,2,3,1,0,0,10,1,0.04,0.07,0.11,0.04,0.11,Matches,1,22,6,27.3,0.82,0.22,0.05,0.17,0,0,Matches,,,,,,,,,,,,,,,2,,,,,,Matches,,21,,,,,,,,,,,38,,,,Matches,,,,,,,,,,,,,,,,,,,,,Matches
1914,Rio Ngumoha,eng ENG,MF,Liverpool,eng Premier League,16.0,2008.0,19,5,560.0,6.2,2,1,3,2,0,0,0,0,0.32,0.16,0.48,0.32,0.48,Matches,2,16,6,37.5,2.57,0.96,0.13,0.33,0,0,Matches,,,,,,,,,,,,,,,1,,,,,,Matches,,2,,,,,,,,,,,3,,,,Matches,,,,,,,,,,,,,,,,,,,,,Matches
1915,Moussa Niakhaté,sn SEN,DF,Lyon,fr Ligue 1,29.0,1996.0,32,30,2759.0,30.7,0,2,2,0,0,0,3,0,0.0,0.07,0.07,0.0,0.07,Matches,0,4,0,0.0,0.13,0.0,0.0,,0,0,Matches,,,,,,,,,,,,,,,2,,,,,,Matches,,22,,,,,,,,,,,32,,,,Matches,,,,,,,,,,,,,,,,,,,,,Matches
1917,Tanguy Nianzou,fr FRA,DF,Sevilla,es La Liga,23.0,2002.0,12,8,655.0,7.3,0,0,0,0,0,0,5,1,0.0,0.0,0.0,0.0,0.0,Matches,0,9,0,0.0,1.24,0.0,0.0,,0,0,Matches,,,,,,,,,,,,,,,0,,,,,,Matches,,10,,,,,,,,,,,4,,,,Matches,,,,,,,,,,,,,,,,,,,,,Matches
1918,Cheikh Niasse,sn SEN,MF,Hellas Verona,it Serie A,25.0,2000.0,19,11,970.0,10.8,0,1,1,0,0,0,1,0,0.0,0.09,0.09,0.0,0.09,Matches,0,6,1,16.7,0.56,0.09,0.0,0.0,0,0,Matches,,,,,,,,,,,,,,,1,,,,,,Matches,,14,,,,,,,,,,,15,,,,Matches,,,,,,,,,,,,,,,,,,,,,Matches
1920,Rasmus Nicolaisen,dk DEN,DF,Toulouse,fr Ligue 1,28.0,1997.0,32,30,2564.0,28.5,1,0,1,1,0,0,4,0,0.04,0.0,0.04,0.04,0.04,Matches,1,15,5,33.3,0.53,0.18,0.07,0.2,0,0,Matches,,,,,,,,,,,,,,,0,,,,,,Matches,,16,,,,,,,,,,,40,,,,Matches,,,,,,,,,,,,,,,,,,,,,Matches
1921,Moritz Nicolas,de GER,GK,Gladbach,de Bundesliga,27.0,1997.0,34,34,3060.0,34.0,0,0,0,0,0,0,1,0,0.0,0.0,0.0,0.0,0.0,Matches,0,0,0,,0.0,0.0,,,0,0,Matches,,,,,,,,,,,,,,,0,,,,,,Matches,,1,,,,,,,,,,,0,,,,Matches,,,,,,,,,,,,,,,,,,,,,Matches
1922,Hans Nicolussi Caviglia,it ITA,MF,Fiorentina,it Serie A,25.0,2000.0,11,7,585.0,6.5,0,1,1,0,0,0,4,0,0.0,0.15,0.15,0.0,0.15,Matches,0,4,1,25.0,0.62,0.15,0.0,0.0,0,0,Matches,,,,,,,,,,,,,,,1,,,,,,Matches,,7,,,,,,,,,,,3,,,,Matches,,,,,,,,,,,,,,,,,,,,,Matches
1923,Hans Nicolussi Caviglia,it ITA,MF,Parma,it Serie A,25.0,2000.0,15,10,869.0,9.7,0,3,3,0,0,0,0,0,0.0,0.31,0.31,0.0,0.31,Matches,0,16,2,12.5,1.66,0.21,0.0,0.0,0,0,Matches,,,,,,,,,,,,,,,3,,,,,,Matches,,8,,,,,,,,,,,3,,,,Matches,,,,,,,,,,,,,,,,,,,,,Matches
1924,Julian Niehues,de GER,MF,Heidenheim,de Bundesliga,24.0,2001.0,24,17,1383.0,15.4,3,0,3,3,0,0,1,0,0.2,0.0,0.2,0.2,0.2,Matches,3,18,5,27.8,1.17,0.33,0.17,0.6,0,0,Matches,,,,,,,,,,,,,,,0,,,,,,Matches,,10,,,,,,,,,,,23,,,,Matches,,,,,,,,,,,,,,,,,,,,,Matches
1925,Oliver Nielsen,dk DEN,DF,Lazio,it Serie A,22.0,2003.0,26,13,1536.0,17.1,0,0,0,0,0,0,3,0,0.0,0.0,0.0,0.0,0.0,Matches,0,6,2,33.3,0.35,0.12,0.0,0.0,0,0,Matches,,,,,,,,,,,,,,,0,,,,,,Matches,,6,,,,,,,,,,,16,,,,Matches,,,,,,,,,,,,,,,,,,,,,Matches
1927,Justin Njinmah,de GER,"FW,MF",Werder Bremen,de Bundesliga,24.0,2000.0,33,22,1947.0,21.6,5,0,5,5,0,0,2,0,0.23,0.0,0.23,0.23,0.23,Matches,5,62,23,37.1,2.87,1.06,0.08,0.22,0,0,Matches,,,,,,,,,,,,,,,0,,,,,,Matches,,14,,,,,,,,,,,6,,,,Matches,,,,,,,,,,,,,,,,,,,,,Matches
1928,Obed Nkambadio,fr FRA,GK,Paris FC,fr Ligue 1,22.0,2003.0,12,12,1080.0,12.0,0,0,0,0,0,0,0,0,0.0,0.0,0.0,0.0,0.0,Matches,0,0,0,,0.0,0.0,,,0,0,Matches,,,,,,,,,,,,,,,0,,,,,,Matches,,0,,,,,,,,,,,0,,,,Matches,,,,,,,,,,,,,,,,,,,,,Matches
1931,Christopher Nkunku,fr FRA,FW,Milan,it Serie A,27.0,1997.0,32,15,1356.0,15.1,7,3,10,2,5,5,0,0,0.46,0.2,0.66,0.13,0.33,Matches,7,29,16,55.2,1.92,1.06,0.24,0.44,5,5,Matches,,,,,,,,,,,,,,,3,,,,,,Matches,,2,,,,,,,,,,,2,,,,Matches,,,,,,,,,,,,,,,,,,,,,Matches
1932,Felix Nmecha,de GER,MF,Dortmund,de Bundesliga,24.0,2000.0,29,25,2176.0,24.2,2,3,5,2,0,1,0,0,0.08,0.12,0.21,0.08,0.21,Matches,2,33,7,21.2,1.36,0.29,0.06,0.29,0,1,Matches,,,,,,,,,,,,,,,3,,,,,,Matches,,23,,,,,,,,,,,25,,,,Matches,,,,,,,,,,,,,,,,,,,,,Matches
1933,Lukas Nmecha,de GER,FW,Leeds United,eng Premier League,26.0,1998.0,31,10,1083.0,12.0,6,1,7,4,2,3,0,0,0.5,0.08,0.58,0.33,0.42,Matches,6,30,16,53.3,2.49,1.33,0.2,0.38,2,3,Matches,,,,,,,,,,,,,,,1,,,,,,Matches,,7,,,,,,,,,,,3,,,,Matches,,,,,,,,,,,,,,,,,,,,,Matches
1936,Arnaud Nordin,fr FRA,"MF,FW",Mainz 05,de Bundesliga,27.0,1998.0,13,5,469.0,5.2,0,0,0,0,0,0,0,0,0.0,0.0,0.0,0.0,0.0,Matches,0,13,2,15.4,2.49,0.38,0.0,0.0,0,0,Matches,,,,,,,,,,,,,,,0,,,,,,Matches,,6,,,,,,,,,,,3,,,,Matches,,,,,,,,,,,,,,,,,,,,,Matches
1937,Arnaud Nordin,fr FRA,"FW,MF",Rennes,fr Ligue 1,27.0,1998.0,10,7,570.0,6.3,1,2,3,1,0,0,1,0,0.16,0.32,0.47,0.16,0.47,Matches,1,20,5,25.0,3.16,0.79,0.05,0.2,0,0,Matches,,,,,,,,,,,,,,,2,,,,,,Matches,,6,,,,,,,,,,,0,,,,Matches,,,,,,,,,,,,,,,,,,,,,Matches
1938,Brooke Norton-Cuffy,eng ENG,"MF,DF",Genoa,it Serie A,21.0,2004.0,27,25,2212.0,24.6,2,1,3,2,0,0,5,1,0.08,0.04,0.12,0.08,0.12,Matches,2,15,6,40.0,0.61,0.24,0.13,0.33,0,0,Matches,,,,,,,,,,,,,,,1,,,,,,Matches,,31,,,,,,,,,,,11,,,,Matches,,,,,,,,,,,,,,,,,,,,,Matches
1939,Tijjani Noslin,nl NED,FW,Lazio,it Serie A,26.0,1999.0,29,9,1148.0,12.8,4,2,6,4,0,0,6,1,0.31,0.16,0.47,0.31,0.47,Matches,4,35,13,37.1,2.74,1.02,0.11,0.31,0,0,Matches,,,,,,,,,,,,,,,2,,,,,,Matches,,6,,,,,,,,,,,3,,,,Matches,,,,,,,,,,,,,,,,,,,,,Matches
1944,Alexander Nübel,de GER,GK,Stuttgart,de Bundesliga,28.0,1996.0,34,34,3060.0,34.0,0,1,1,0,0,0,0,0,0.0,0.03,0.03,0.0,0.03,Matches,0,0,0,,0.0,0.0,,,0,0,Matches,,,,,,,,,,,,,,,1,,,,,,Matches,,0,,,,,,,,,,,1,,,,Matches,,,,,,,,,,,,,,,,,,,,,Matches
1945,Matheus Nunes,pt POR,DF,Manchester City,eng Premier League,26.0,1998.0,34,32,2862.0,31.8,1,5,6,1,0,0,5,0,0.03,0.16,0.19,0.03,0.19,Matches,1,7,2,28.6,0.22,0.06,0.14,0.5,0,0,Matches,,,,,,,,,,,,,,,5,,,,,,Matches,,41,,,,,,,,,,,29,,,,Matches,,,,,,,,,,,,,,,,,,,,,Matches
1946,Álvaro Núñez,es ESP,"DF,MF",Elche,es La Liga,25.0,2000.0,19,19,1647.0,18.3,0,2,2,0,0,0,2,0,0.0,0.11,0.11,0.0,0.11,Matches,0,4,0,0.0,0.22,0.0,0.0,,0,0,Matches,,,,,,,,,,,,,,,2,,,,,,Matches,,15,,,,,,,,,,,15,,,,Matches,,,,,,,,,,,,,,,,,,,,,Matches
1948,Unai Núñez,es ESP,DF,Hellas Verona,it Serie A,28.0,1997.0,17,15,1265.0,14.1,0,0,0,0,0,0,6,0,0.0,0.0,0.0,0.0,0.0,Matches,0,7,1,14.3,0.5,0.07,0.0,0.0,0,0,Matches,,,,,,,,,,,,,,,0,,,,,,Matches,,18,,,,,,,,,,,23,,,,Matches,,,,,,,,,,,,,,,,,,,,,Matches
1949,Unai Núñez,es ESP,DF,Valencia,es La Liga,28.0,1997.0,13,10,911.0,10.1,0,0,0,0,0,0,3,0,0.0,0.0,0.0,0.0,0.0,Matches,0,9,1,11.1,0.89,0.1,0.0,0.0,0,0,Matches,,,,,,,,,,,,,,,0,,,,,,Matches,,11,,,,,,,,,,,11,,,,Matches,,,,,,,,,,,,,,,,,,,,,Matches
1951,Antonio Nusa,no NOR,"FW,MF",RB Leipzig,de Bundesliga,20.0,2005.0,31,24,2027.0,22.5,4,3,7,4,0,0,0,0,0.18,0.13,0.31,0.18,0.31,Matches,4,61,20,32.8,2.71,0.89,0.07,0.2,0,0,Matches,,,,,,,,,,,,,,,3,,,,,,Matches,,14,,,,,,,,,,,7,,,,Matches,,,,,,,,,,,,,,,,,,,,,Matches
1954,Ørjan Nyland,no NOR,GK,Sevilla,es La Liga,34.0,1990.0,5,5,450.0,5.0,0,0,0,0,0,0,1,0,0.0,0.0,0.0,0.0,0.0,Matches,0,0,0,,0.0,0.0,,,0,0,Matches,,,,,,,,,,,,,,,0,,,,,,Matches,,0,,,,,,,,,,,0,,,,Matches,,,,,,,,,,,,,,,,,,,,,Matches
1955,Allan Nyom,cm CMR,DF,Getafe,es La Liga,37.0,1988.0,15,7,523.0,5.8,0,1,1,0,0,0,6,1,0.0,0.17,0.17,0.0,0.17,Matches,0,3,1,33.3,0.52,0.17,0.0,0.0,0,0,Matches,,,,,,,,,,,,,,,1,,,,,,Matches,,6,,,,,,,,,,,1,,,,Matches,,,,,,,,,,,,,,,,,,,,,Matches
1958,M'Bala Nzola,ao ANG,FW,Pisa,it Serie A,28.0,1996.0,16,11,1052.0,11.7,3,0,3,1,2,3,1,1,0.26,0.0,0.26,0.09,0.09,Matches,3,28,7,25.0,2.4,0.6,0.11,0.43,2,3,Matches,,,,,,,,,,,,,,,0,,,,,,Matches,,2,,,,,,,,,,,1,,,,Matches,,,,,,,,,,,,,,,,,,,,,Matches
1959,M'Bala Nzola,ao ANG,FW,Sassuolo,it Serie A,28.0,1996.0,14,4,473.0,5.3,1,1,2,1,0,0,1,0,0.19,0.19,0.38,0.19,0.38,Matches,1,11,4,36.4,2.09,0.76,0.09,0.25,0,0,Matches,,,,,,,,,,,,,,,1,,,,,,Matches,,2,,,,,,,,,,,1,,,,Matches,,,,,,,,,,,,,,,,,,,,,Matches
1961,Jake O'Brien,ie IRL,DF,Everton,eng Premier League,24.0,2001.0,37,35,3120.0,34.7,1,1,2,1,0,0,6,1,0.03,0.03,0.06,0.03,0.06,Matches,1,13,6,46.2,0.37,0.17,0.08,0.17,0,0,Matches,,,,,,,,,,,,,,,1,,,,,,Matches,,32,,,,,,,,,,,13,,,,Matches,,,,,,,,,,,,,,,,,,,,,Matches
1962,Luke O'Nien,eng ENG,DF,Sunderland,eng Premier League,30.0,1994.0,12,5,569.0,6.3,0,1,1,0,0,0,1,1,0.0,0.16,0.16,0.0,0.16,Matches,0,4,1,25.0,0.63,0.16,0.0,0.0,0,0,Matches,,,,,,,,,,,,,,,1,,,,,,Matches,,6,,,,,,,,,,,6,,,,Matches,,,,,,,,,,,,,,,,,,,,,Matches
1963,Nico O'Reilly,eng ENG,"DF,MF",Manchester City,eng Premier League,20.0,2005.0,34,29,2646.0,29.4,5,3,8,5,0,0,5,0,0.17,0.1,0.27,0.17,0.27,Matches,5,41,15,36.6,1.39,0.51,0.12,0.33,0,0,Matches,,,,,,,,,,,,,,,3,,,,,,Matches,,36,,,,,,,,,,,20,,,,Matches,,,,,,,,,,,,,,,,,,,,,Matches
1964,Matt O'Riley,dk DEN,MF,Marseille,fr Ligue 1,24.0,2000.0,15,6,741.0,8.2,1,2,3,1,0,0,2,0,0.12,0.24,0.36,0.12,0.36,Matches,1,7,3,42.9,0.85,0.36,0.14,0.33,0,0,Matches,,,,,,,,,,,,,,,2,,,,,,Matches,,8,,,,,,,,,,,6,,,,Matches,,,,,,,,,,,,,,,,,,,,,Matches
1966,Adam Obert,sk SVK,"DF,MF",Cagliari,it Serie A,22.0,2002.0,35,33,2771.0,30.8,0,3,3,0,0,0,10,1,0.0,0.1,0.1,0.0,0.1,Matches,0,10,3,30.0,0.32,0.1,0.0,0.0,0,0,Matches,,,,,,,,,,,,,,,3,,,,,,Matches,,32,,,,,,,,,,,44,,,,Matches,,,,,,,,,,,,,,,,,,,,,Matches
1967,Jan Oblak,si SVN,GK,Atlético Madrid,es La Liga,32.0,1993.0,30,30,2700.0,30.0,0,0,0,0,0,0,0,0,0.0,0.0,0.0,0.0,0.0,Matches,0,0,0,,0.0,0.0,,,0,0,Matches,,,,,,,,,,,,,,,0,,,,,,Matches,,0,,,,,,,,,,,0,,,,Matches,,,,,,,,,,,,,,,,,,,,,Matches
1969,Rafel Obrador,es ESP,MF,Torino,it Serie A,21.0,2004.0,16,14,1116.0,12.4,1,3,4,1,0,0,1,0,0.08,0.24,0.32,0.08,0.32,Matches,1,7,2,28.6,0.56,0.16,0.14,0.5,0,0,Matches,,,,,,,,,,,,,,,3,,,,,,Matches,,8,,,,,,,,,,,12,,,,Matches,,,,,,,,,,,,,,,,,,,,,Matches
1972,Jens Odgaard,dk DEN,MF,Bologna,it Serie A,26.0,1999.0,26,16,1378.0,15.3,5,1,6,5,0,0,1,0,0.33,0.07,0.39,0.33,0.39,Matches,5,35,13,37.1,2.29,0.85,0.14,0.38,0,0,Matches,,,,,,,,,,,,,,,1,,,,,,Matches,,12,,,,,,,,,,,4,,,,Matches,,,,,,,,,,,,,,,,,,,,,Matches
1973,Wilson Odobert,fr FRA,"MF,FW",Tottenham,eng Premier League,20.0,2004.0,24,10,985.0,10.9,0,2,2,0,0,0,0,0,0.0,0.18,0.18,0.0,0.18,Matches,0,21,8,38.1,1.92,0.73,0.0,0.0,0,0,Matches,,,,,,,,,,,,,,,2,,,,,,Matches,,8,,,,,,,,,,,0,,,,Matches,,,,,,,,,,,,,,,,,,,,,Matches
1978,Ifechukwu Ogbus,ch SUI,DF,Freiburg,de Bundesliga,19.0,2005.0,18,14,1177.0,13.1,0,0,0,0,0,0,1,0,0.0,0.0,0.0,0.0,0.0,Matches,0,5,2,40.0,0.38,0.15,0.0,0.0,0,0,Matches,,,,,,,,,,,,,,,0,,,,,,Matches,,16,,,,,,,,,,,13,,,,Matches,,,,,,,,,,,,,,,,,,,,,Matches
1980,Noah Okafor,ch SUI,"FW,MF",Leeds United,eng Premier League,25.0,2000.0,28,19,1561.0,17.3,8,1,9,8,0,0,3,0,0.46,0.06,0.52,0.46,0.52,Matches,8,35,15,42.9,2.02,0.86,0.23,0.53,0,0,Matches,,,,,,,,,,,,,,,1,,,,,,Matches,,15,,,,,,,,,,,12,,,,Matches,,,,,,,,,,,,,,,,,,,,,Matches
1982,Bryan Okoh,ch SUI,DF,Auxerre,fr Ligue 1,22.0,2003.0,13,12,1005.0,11.2,3,0,3,3,0,0,2,0,0.27,0.0,0.27,0.27,0.27,Matches,3,8,3,37.5,0.72,0.27,0.38,1.0,0,0,Matches,,,,,,,,,,,,,,,0,,,,,,Matches,,9,,,,,,,,,,,26,,,,Matches,,,,,,,,,,,,,,,,,,,,,Matches
1983,Maduka Okoye,ng NGA,GK,Udinese,it Serie A,25.0,1999.0,30,30,2616.0,29.1,0,0,0,0,0,0,1,1,0.0,0.0,0.0,0.0,0.0,Matches,0,0,0,,0.0,0.0,,,0,0,Matches,,,,,,,,,,,,,,,0,,,,,,Matches,,0,,,,,,,,,,,0,,,,Matches,,,,,,,,,,,,,,,,,,,,,Matches
1985,Olasagasti,es ESP,MF,Levante,es La Liga,24.0,2000.0,33,18,1734.0,19.3,1,5,6,1,0,0,2,1,0.05,0.26,0.31,0.05,0.31,Matches,1,28,9,32.1,1.45,0.47,0.04,0.11,0,0,Matches,,,,,,,,,,,,,,,5,,,,,,Matches,,15,,,,,,,,,,,14,,,,Matches,,,,,,,,,,,,,,,,,,,,,Matches
1986,Michael Olise,fr FRA,MF,Bayern Munich,de Bundesliga,23.0,2001.0,32,23,2316.0,25.7,15,19,34,15,0,0,8,0,0.58,0.74,1.32,0.58,1.32,Matches,15,102,50,49.0,3.96,1.94,0.15,0.3,0,0,Matches,,,,,,,,,,,,,,,19,,,,,,Matches,,11,,,,,,,,,,,14,,,,Matches,,,,,,,,,,,,,,,,,,,,,Matches
1987,Mathías Olivera,uy URU,"DF,MF",Napoli,it Serie A,27.0,1997.0,25,15,1370.0,15.2,0,0,0,0,0,0,3,0,0.0,0.0,0.0,0.0,0.0,Matches,0,8,3,37.5,0.53,0.2,0.0,0.0,0,0,Matches,,,,,,,,,,,,,,,0,,,,,,Matches,,22,,,,,,,,,,,16,,,,Matches,,,,,,,,,,,,,,,,,,,,,Matches
1989,Dani Olmo,es ESP,MF,Barcelona,es La Liga,27.0,1998.0,33,24,2067.0,23.0,7,8,15,7,0,0,1,0,0.3,0.35,0.65,0.3,0.65,Matches,7,70,21,30.0,3.05,0.91,0.1,0.33,0,0,Matches,,,,,,,,,,,,,,,8,,,,,,Matches,,23,,,,,,,,,,,14,,,,Matches,,,,,,,,,,,,,,,,,,,,,Matches
1991,Tani Oluwaseyi,ca CAN,FW,Villarreal,es La Liga,25.0,2000.0,27,9,901.0,10.0,2,2,4,2,0,0,1,0,0.2,0.2,0.4,0.2,0.4,Matches,2,16,7,43.8,1.6,0.7,0.13,0.29,0,0,Matches,,,,,,,,,,,,,,,2,,,,,,Matches,,5,,,,,,,,,,,1,,,,Matches,,,,,,,,,,,,,,,,,,,,,Matches
1992,Warmed Omari,km COM,DF,Hamburger SV,de Bundesliga,25.0,2000.0,20,17,1605.0,17.8,0,1,1,0,0,0,0,0,0.0,0.06,0.06,0.0,0.06,Matches,0,3,1,33.3,0.17,0.06,0.0,0.0,0,0,Matches,,,,,,,,,,,,,,,1,,,,,,Matches,,19,,,,,,,,,,,28,,,,Matches,,,,,,,,,,,,,,,,,,,,,Matches
1993,Andrew Omobamidele,ie IRL,DF,Strasbourg,fr Ligue 1,23.0,2002.0,25,13,1357.0,15.1,1,0,1,1,0,0,4,0,0.07,0.0,0.07,0.07,0.07,Matches,1,4,3,75.0,0.27,0.2,0.25,0.33,0,0,Matches,,,,,,,,,,,,,,,0,,,,,,Matches,,4,,,,,,,,,,,16,,,,Matches,,,,,,,,,,,,,,,,,,,,,Matches
1994,Amadou Onana,be BEL,MF,Aston Villa,eng Premier League,23.0,2001.0,25,21,1758.0,19.5,2,0,2,2,0,0,3,0,0.1,0.0,0.1,0.1,0.1,Matches,2,19,7,36.8,0.97,0.36,0.11,0.29,0,0,Matches,,,,,,,,,,,,,,,0,,,,,,Matches,,30,,,,,,,,,,,19,,,,Matches,,,,,,,,,,,,,,,,,,,,,Matches
1996,Jacob Ondrejka,se SWE,"FW,MF",Parma,it Serie A,22.0,2002.0,16,9,773.0,8.6,0,0,0,0,0,0,2,0,0.0,0.0,0.0,0.0,0.0,Matches,0,21,7,33.3,2.45,0.82,0.0,0.0,0,0,Matches,,,,,,,,,,,,,,,0,,,,,,Matches,,2,,,,,,,,,,,2,,,,Matches,,,,,,,,,,,,,,,,,,,,,Matches
1999,Loïs Openda,be BEL,"FW,MF",Juventus,it Serie A,25.0,2000.0,24,6,666.0,7.4,1,0,1,1,0,0,0,0,0.14,0.0,0.14,0.14,0.14,Matches,1,26,6,23.1,3.51,0.81,0.04,0.17,0,0,Matches,,,,,,,,,,,,,,,0,,,,,,Matches,,4,,,,,,,,,,,1,,,,Matches,,,,,,,,,,,,,,,,,,,,,Matches
2000,Fredrik Oppegard,no NOR,"MF,DF",Auxerre,fr Ligue 1,22.0,2002.0,23,15,1246.0,13.8,0,0,0,0,0,0,1,1,0.0,0.0,0.0,0.0,0.0,Matches,0,10,2,20.0,0.72,0.14,0.0,0.0,0,0,Matches,,,,,,,,,,,,,,,0,,,,,,Matches,,20,,,,,,,,,,,14,,,,Matches,,,,,,,,,,,,,,,,,,,,,Matches
2001,Louis Oppie,de GER,MF,St Pauli,de Bundesliga,23.0,2002.0,23,17,1620.0,18.0,1,0,1,1,0,0,0,0,0.06,0.0,0.06,0.06,0.06,Matches,1,15,4,26.7,0.83,0.22,0.07,0.25,0,0,Matches,,,,,,,,,,,,,,,0,,,,,,Matches,,19,,,,,,,,,,,11,,,,Matches,,,,,,,,,,,,,,,,,,,,,Matches
2002,Gift Orban,ng NGA,FW,Hellas Verona,it Serie A,23.0,2002.0,28,23,2027.0,22.5,7,2,9,5,2,2,4,1,0.31,0.09,0.4,0.22,0.31,Matches,7,85,28,32.9,3.77,1.24,0.08,0.25,2,2,Matches,,,,,,,,,,,,,,,2,,,,,,Matches,,3,,,,,,,,,,,3,,,,Matches,,,,,,,,,,,,,,,,,,,,,Matches
2003,Willi Orban,hu HUN,DF,RB Leipzig,de Bundesliga,32.0,1992.0,33,33,2949.0,32.8,2,0,2,2,0,0,4,0,0.06,0.0,0.06,0.06,0.06,Matches,2,20,9,45.0,0.61,0.27,0.1,0.22,0,0,Matches,,,,,,,,,,,,,,,0,,,,,,Matches,,33,,,,,,,,,,,45,,,,Matches,,,,,,,,,,,,,,,,,,,,,Matches
2004,Christian Ordoñez,ar ARG,MF,Parma,it Serie A,21.0,2004.0,28,12,1091.0,12.1,1,0,1,1,0,0,5,1,0.08,0.0,0.08,0.08,0.08,Matches,1,10,2,20.0,0.82,0.16,0.1,0.5,0,0,Matches,,,,,,,,,,,,,,,0,,,,,,Matches,,13,,,,,,,,,,,9,,,,Matches,,,,,,,,,,,,,,,,,,,,,Matches
2007,Gaetano Oristanio,it ITA,"FW,MF",Parma,it Serie A,22.0,2002.0,20,8,859.0,9.5,1,0,1,1,0,0,1,0,0.1,0.0,0.1,0.1,0.1,Matches,1,24,4,16.7,2.51,0.42,0.04,0.25,0,0,Matches,,,,,,,,,,,,,,,0,,,,,,Matches,,6,,,,,,,,,,,2,,,,Matches,,,,,,,,,,,,,,,,,,,,,Matches
2008,Aimar Oroz,es ESP,"MF,FW",Osasuna,es La Liga,23.0,2001.0,31,26,2139.0,23.8,0,2,2,0,0,0,6,0,0.0,0.08,0.08,0.0,0.08,Matches,0,29,4,13.8,1.22,0.17,0.0,0.0,0,0,Matches,,,,,,,,,,,,,,,2,,,,,,Matches,,18,,,,,,,,,,,8,,,,Matches,,,,,,,,,,,,,,,,,,,,,Matches
2009,Riccardo Orsolini,it ITA,"MF,FW",Bologna,it Serie A,28.0,1997.0,35,26,2111.0,23.5,10,1,11,6,4,6,2,0,0.43,0.04,0.47,0.26,0.3,Matches,10,82,31,37.8,3.5,1.32,0.12,0.32,4,6,Matches,,,,,,,,,,,,,,,1,,,,,,Matches,,15,,,,,,,,,,,7,,,,Matches,,,,,,,,,,,,,,,,,,,,,Matches
2011,Ángel Ortíz,es ESP,DF,Real Betis,es La Liga,21.0,2004.0,13,7,584.0,6.5,0,0,0,0,0,0,1,0,0.0,0.0,0.0,0.0,0.0,Matches,0,1,0,0.0,0.15,0.0,0.0,,0,0,Matches,,,,,,,,,,,,,,,0,,,,,,Matches,,19,,,,,,,,,,,1,,,,Matches,,,,,,,,,,,,,,,,,,,,,Matches
2014,Ibrahim Osman,gh GHA,"MF,FW",Auxerre,fr Ligue 1,20.0,2004.0,14,7,625.0,6.9,0,2,2,0,0,0,0,0,0.0,0.29,0.29,0.0,0.29,Matches,0,18,6,33.3,2.59,0.86,0.0,0.0,0,0,Matches,,,,,,,,,,,,,,,2,,,,,,Matches,,7,,,,,,,,,,,6,,,,Matches,,,,,,,,,,,,,,,,,,,,,Matches
2016,Patrick Osterhage,de GER,MF,Freiburg,de Bundesliga,25.0,2000.0,20,13,1189.0,13.2,1,0,1,1,0,0,4,0,0.08,0.0,0.08,0.08,0.08,Matches,1,7,2,28.6,0.53,0.15,0.14,0.5,0,0,Matches,,,,,,,,,,,,,,,0,,,,,,Matches,,7,,,,,,,,,,,15,,,,Matches,,,,,,,,,,,,,,,,,,,,,Matches
2017,William Osula,dk DEN,FW,Newcastle,eng Premier League,21.0,2003.0,24,8,819.0,9.1,7,0,7,7,0,0,0,0,0.77,0.0,0.77,0.77,0.77,Matches,7,23,12,52.2,2.53,1.32,0.3,0.58,0,0,Matches,,,,,,,,,,,,,,,0,,,,,,Matches,,5,,,,,,,,,,,1,,,,Matches,,,,,,,,,,,,,,,,,,,,,Matches
2018,Philip Otele,ng NGA,"MF,FW",Hamburger SV,de Bundesliga,26.0,1999.0,9,7,471.0,5.2,1,1,2,1,0,0,3,1,0.19,0.19,0.38,0.19,0.38,Matches,1,7,3,42.9,1.34,0.57,0.14,0.33,0,0,Matches,,,,,,,,,,,,,,,1,,,,,,Matches,,2,,,,,,,,,,,3,,,,Matches,,,,,,,,,,,,,,,,,,,,,Matches
2019,Sebastian Otoa,dk DEN,DF,Genoa,it Serie A,21.0,2004.0,13,9,829.0,9.2,0,0,0,0,0,0,1,0,0.0,0.0,0.0,0.0,0.0,Matches,0,3,2,66.7,0.33,0.22,0.0,0.0,0,0,Matches,,,,,,,,,,,,,,,0,,,,,,Matches,,10,,,,,,,,,,,9,,,,Matches,,,,,,,,,,,,,,,,,,,,,Matches
2020,Abdoul Ouattara,fr FRA,"MF,DF",Strasbourg,fr Ligue 1,19.0,2005.0,28,19,1768.0,19.6,2,0,2,2,0,0,2,0,0.1,0.0,0.1,0.1,0.1,Matches,2,27,11,40.7,1.37,0.56,0.07,0.18,0,0,Matches,,,,,,,,,,,,,,,0,,,,,,Matches,,13,,,,,,,,,,,20,,,,Matches,,,,,,,,,,,,,,,,,,,,,Matches
2021,Dango Ouattara,bf BFA,MF,Brentford,eng Premier League,23.0,2002.0,32,25,2276.0,25.3,7,3,10,7,0,0,5,0,0.28,0.12,0.4,0.28,0.4,Matches,7,56,20,35.7,2.21,0.79,0.13,0.35,0,0,Matches,,,,,,,,,,,,,,,3,,,,,,Matches,,14,,,,,,,,,,,24,,,,Matches,,,,,,,,,,,,,,,,,,,,,Matches
2022,Kassoum Ouattara,fr FRA,"MF,DF",Monaco,fr Ligue 1,20.0,2004.0,15,12,967.0,10.7,0,3,3,0,0,0,3,0,0.0,0.28,0.28,0.0,0.28,Matches,0,12,0,0.0,1.12,0.0,0.0,,0,0,Matches,,,,,,,,,,,,,,,3,,,,,,Matches,,19,,,,,,,,,,,19,,,,Matches,,,,,,,,,,,,,,,,,,,,,Matches
2023,Assan Ouédraogo,de GER,MF,RB Leipzig,de Bundesliga,19.0,2006.0,19,13,948.0,10.5,4,3,7,4,0,0,0,0,0.38,0.28,0.66,0.38,0.66,Matches,4,27,13,48.1,2.56,1.23,0.15,0.31,0,0,Matches,,,,,,,,,,,,,,,3,,,,,,Matches,,6,,,,,,,,,,,3,,,,Matches,,,,,,,,,,,,,,,,,,,,,Matches
2025,Azzedine Ounahi,ma MAR,MF,Girona,es La Liga,25.0,2000.0,24,20,1760.0,19.6,5,2,7,4,1,1,6,0,0.26,0.1,0.36,0.2,0.31,Matches,5,51,19,37.3,2.61,0.97,0.1,0.26,1,1,Matches,,,,,,,,,,,,,,,2,,,,,,Matches,,15,,,,,,,,,,,16,,,,Matches,,,,,,,,,,,,,,,,,,,,,Matches
2026,Elisha Owusu,gh GHA,MF,Auxerre,fr Ligue 1,27.0,1997.0,29,27,2344.0,26.0,0,0,0,0,0,0,7,0,0.0,0.0,0.0,0.0,0.0,Matches,0,7,0,0.0,0.27,0.0,0.0,,0,0,Matches,,,,,,,,,,,,,,,0,,,,,,Matches,,51,,,,,,,,,,,21,,,,Matches,,,,,,,,,,,,,,,,,,,,,Matches
2027,Mikel Oyarzabal,es ESP,FW,Real Sociedad,es La Liga,28.0,1997.0,34,30,2710.0,30.1,15,4,19,8,7,7,3,0,0.5,0.13,0.63,0.27,0.4,Matches,15,79,36,45.6,2.62,1.2,0.19,0.42,7,7,Matches,,,,,,,,,,,,,,,4,,,,,,Matches,,20,,,,,,,,,,,5,,,,Matches,,,,,,,,,,,,,,,,,,,,,Matches
2029,Daniel Oyegoke,eng ENG,"MF,DF",Hellas Verona,it Serie A,22.0,2003.0,15,8,594.0,6.6,0,0,0,0,0,0,2,0,0.0,0.0,0.0,0.0,0.0,Matches,0,3,1,33.3,0.45,0.15,0.0,0.0,0,0,Matches,,,,,,,,,,,,,,,0,,,,,,Matches,,9,,,,,,,,,,,7,,,,Matches,,,,,,,,,,,,,,,,,,,,,Matches
2031,Berke Özer,tr TUR,GK,Lille,fr Ligue 1,25.0,2000.0,32,32,2834.0,31.5,0,1,1,0,0,0,5,0,0.0,0.03,0.03,0.0,0.03,Matches,0,0,0,,0.0,0.0,,,0,0,Matches,,,,,,,,,,,,,,,1,,,,,,Matches,,2,,,,,,,,,,,0,,,,Matches,,,,,,,,,,,,,,,,,,,,,Matches
2032,Cenk Özkacar,tr TUR,DF,Köln,de Bundesliga,24.0,2000.0,25,20,1791.0,19.9,0,0,0,0,0,0,2,0,0.0,0.0,0.0,0.0,0.0,Matches,0,11,4,36.4,0.55,0.2,0.0,0.0,0,0,Matches,,,,,,,,,,,,,,,0,,,,,,Matches,,26,,,,,,,,,,,24,,,,Matches,,,,,,,,,,,,,,,,,,,,,Matches
2033,Pablo,br BRA,"MF,FW",West Ham,eng Premier League,21.0,2004.0,14,10,823.0,9.1,0,1,1,0,0,0,0,0,0.0,0.11,0.11,0.0,0.11,Matches,0,12,3,25.0,1.31,0.33,0.0,0.0,0,0,Matches,,,,,,,,,,,,,,,1,,,,,,Matches,,14,,,,,,,,,,,5,,,,Matches,,,,,,,,,,,,,,,,,,,,,Matches
2034,Jon Pacheco,es ESP,DF,Alavés,es La Liga,24.0,2001.0,22,20,1735.0,19.3,0,0,0,0,0,0,5,1,0.0,0.0,0.0,0.0,0.0,Matches,0,4,1,25.0,0.21,0.05,0.0,0.0,0,0,Matches,,,,,,,,,,,,,,,0,,,,,,Matches,,16,,,,,,,,,,,11,,,,Matches,,,,,,,,,,,,,,,,,,,,,Matches
2035,Willian Pacho,ec ECU,DF,PSG,fr Ligue 1,23.0,2001.0,23,21,1914.0,21.3,0,0,0,0,0,0,0,0,0.0,0.0,0.0,0.0,0.0,Matches,0,8,1,12.5,0.38,0.05,0.0,0.0,0,0,Matches,,,,,,,,,,,,,,,0,,,,,,Matches,,26,,,,,,,,,,,26,,,,Matches,,,,,,,,,,,,,,,,,,,,,Matches
2039,Pablo Pagis,fr FRA,"MF,FW",Lorient,fr Ligue 1,22.0,2002.0,28,22,1756.0,19.5,10,5,15,8,2,2,1,0,0.51,0.26,0.77,0.41,0.67,Matches,10,59,19,32.2,3.02,0.97,0.17,0.53,2,2,Matches,,,,,,,,,,,,,,,5,,,,,,Matches,,17,,,,,,,,,,,18,,,,Matches,,,,,,,,,,,,,,,,,,,,,Matches
2040,Igor Paixão,br BRA,MF,Marseille,fr Ligue 1,25.0,2000.0,30,22,1975.0,21.9,6,5,11,6,0,0,3,0,0.27,0.23,0.5,0.27,0.5,Matches,6,57,23,40.4,2.6,1.05,0.11,0.26,0,0,Matches,,,,,,,,,,,,,,,5,,,,,,Matches,,12,,,,,,,,,,,17,,,,Matches,,,,,,,,,,,,,,,,,,,,,Matches
2042,Exequiel Palacios,ar ARG,MF,Leverkusen,de Bundesliga,26.0,1998.0,18,12,1099.0,12.2,0,1,1,0,0,0,3,0,0.0,0.08,0.08,0.0,0.08,Matches,0,10,2,20.0,0.82,0.16,0.0,0.0,0,0,Matches,,,,,,,,,,,,,,,1,,,,,,Matches,,9,,,,,,,,,,,10,,,,Matches,,,,,,,,,,,,,,,,,,,,,Matches
2043,Isaac Palazón Camacho,es ESP,"MF,FW",Rayo Vallecano,es La Liga,30.0,1994.0,31,27,2248.0,25.0,3,3,6,1,2,3,10,1,0.12,0.12,0.24,0.04,0.16,Matches,3,52,15,28.8,2.08,0.6,0.06,0.2,2,3,Matches,,,,,,,,,,,,,,,3,,,,,,Matches,,12,,,,,,,,,,,3,,,,Matches,,,,,,,,,,,,,,,,,,,,,Matches
2044,Alberto Paleari,it ITA,GK,Torino,it Serie A,32.0,1992.0,29,29,2610.0,29.0,0,0,0,0,0,0,1,0,0.0,0.0,0.0,0.0,0.0,Matches,0,0,0,,0.0,0.0,,,0,0,Matches,,,,,,,,,,,,,,,0,,,,,,Matches,,0,,,,,,,,,,,1,,,,Matches,,,,,,,,,,,,,,,,,,,,,Matches
2045,Marco Palestra,it ITA,"MF,DF",Cagliari,it Serie A,20.0,2005.0,37,34,3081.0,34.2,1,4,5,1,0,0,3,0,0.03,0.12,0.15,0.03,0.15,Matches,1,29,7,24.1,0.85,0.2,0.03,0.14,0,0,Matches,,,,,,,,,,,,,,,4,,,,,,Matches,,35,,,,,,,,,,,19,,,,Matches,,,,,,,,,,,,,,,,,,,,,Matches
2046,João Palhinha,pt POR,MF,Tottenham,eng Premier League,30.0,1995.0,33,23,2198.0,24.4,5,2,7,5,0,0,8,0,0.2,0.08,0.29,0.2,0.29,Matches,5,33,9,27.3,1.35,0.37,0.15,0.56,0,0,Matches,,,,,,,,,,,,,,,2,,,,,,Matches,,61,,,,,,,,,,,28,,,,Matches,,,,,,,,,,,,,,,,,,,,,Matches
2048,Cole Palmer,eng ENG,MF,Chelsea,eng Premier League,23.0,2002.0,26,24,1955.0,21.7,10,1,11,5,5,6,5,0,0.46,0.05,0.51,0.23,0.28,Matches,10,64,25,39.1,2.95,1.15,0.16,0.4,5,6,Matches,,,,,,,,,,,,,,,1,,,,,,Matches,,12,,,,,,,,,,,13,,,,Matches,,,,,,,,,,,,,,,,,,,,,Matches
2049,Emerson Palmieri,it ITA,"DF,MF",Marseille,fr Ligue 1,30.0,1994.0,28,23,2114.0,23.5,0,3,3,0,0,0,3,0,0.0,0.13,0.13,0.0,0.13,Matches,0,15,2,13.3,0.64,0.09,0.0,0.0,0,0,Matches,,,,,,,,,,,,,,,3,,,,,,Matches,,32,,,,,,,,,,,33,,,,Matches,,,,,,,,,,,,,,,,,,,,,Matches
2050,Diego Pampín,es ESP,DF,Levante,es La Liga,25.0,2000.0,8,6,534.0,5.9,0,0,0,0,0,0,3,0,0.0,0.0,0.0,0.0,0.0,Matches,0,3,0,0.0,0.51,0.0,0.0,,0,0,Matches,,,,,,,,,,,,,,,0,,,,,,Matches,,5,,,,,,,,,,,5,,,,Matches,,,,,,,,,,,,,,,,,,,,,Matches
2052,Joaquín Panichelli,ar ARG,FW,Strasbourg,fr Ligue 1,22.0,2002.0,27,24,2193.0,24.4,16,1,17,11,5,6,3,0,0.66,0.04,0.7,0.45,0.49,Matches,16,58,31,53.4,2.38,1.27,0.28,0.52,5,6,Matches,,,,,,,,,,,,,,,1,,,,,,Matches,,10,,,,,,,,,,,13,,,,Matches,,,,,,,,,,,,,,,,,,,,,Matches
2054,Lucas Paquetá,br BRA,"MF,FW",West Ham,eng Premier League,27.0,1997.0,18,18,1511.0,16.8,4,1,5,2,2,2,7,1,0.24,0.06,0.3,0.12,0.18,Matches,4,23,11,47.8,1.37,0.66,0.17,0.36,2,2,Matches,,,,,,,,,,,,,,,1,,,,,,Matches,,22,,,,,,,,,,,7,,,,Matches,,,,,,,,,,,,,,,,,,,,,Matches
2055,Victor Parada,es ESP,DF,Alavés,es La Liga,23.0,2002.0,30,25,2146.0,23.8,0,3,3,0,0,0,9,1,0.0,0.13,0.13,0.0,0.13,Matches,0,12,3,25.0,0.5,0.13,0.0,0.0,0,0,Matches,,,,,,,,,,,,,,,3,,,,,,Matches,,14,,,,,,,,,,,9,,,,Matches,,,,,,,,,,,,,,,,,,,,,Matches
2056,Aitor Paredes,es ESP,DF,Athletic Club,es La Liga,25.0,2000.0,19,18,1630.0,18.1,2,0,2,2,0,0,4,0,0.11,0.0,0.11,0.11,0.11,Matches,2,13,4,30.8,0.72,0.22,0.15,0.5,0,0,Matches,,,,,,,,,,,,,,,0,,,,,,Matches,,12,,,,,,,,,,,26,,,,Matches,,,,,,,,,,,,,,,,,,,,,Matches
2058,Daniel Parejo,es ESP,MF,Villarreal,es La Liga,36.0,1989.0,32,16,1392.0,15.5,1,0,1,0,1,1,3,0,0.06,0.0,0.06,0.0,0.0,Matches,1,3,1,33.3,0.19,0.06,0.33,1.0,1,1,Matches,,,,,,,,,,,,,,,0,,,,,,Matches,,29,,,,,,,,,,,14,,,,Matches,,,,,,,,,,,,,,,,,,,,,Matches
2059,Fabiano Parisi,it ITA,"MF,FW",Fiorentina,it Serie A,24.0,2000.0,23,18,1520.0,16.9,1,1,2,1,0,0,6,0,0.06,0.06,0.12,0.06,0.12,Matches,1,24,7,29.2,1.42,0.41,0.04,0.14,0,0,Matches,,,,,,,,,,,,,,,1,,,,,,Matches,,14,,,,,,,,,,,17,,,,Matches,,,,,,,,,,,,,,,,,,,,,Matches
2060,Thomas Partey,gh GHA,MF,Villarreal,es La Liga,32.0,1993.0,25,8,934.0,10.4,0,0,0,0,0,0,1,0,0.0,0.0,0.0,0.0,0.0,Matches,0,11,2,18.2,1.06,0.19,0.0,0.0,0,0,Matches,,,,,,,,,,,,,,,0,,,,,,Matches,,6,,,,,,,,,,,13,,,,Matches,,,,,,,,,,,,,,,,,,,,,Matches
2061,Mario Pašalić,hr CRO,MF,Atalanta,it Serie A,30.0,1995.0,33,21,1936.0,21.5,3,4,7,3,0,0,3,0,0.14,0.19,0.33,0.14,0.33,Matches,3,24,6,25.0,1.12,0.28,0.13,0.5,0,0,Matches,,,,,,,,,,,,,,,4,,,,,,Matches,,18,,,,,,,,,,,13,,,,Matches,,,,,,,,,,,,,,,,,,,,,Matches
2062,Patric,es ESP,"MF,DF",Lazio,it Serie A,32.0,1993.0,14,6,667.0,7.4,0,0,0,0,0,0,2,0,0.0,0.0,0.0,0.0,0.0,Matches,0,5,0,0.0,0.67,0.0,0.0,,0,0,Matches,,,,,,,,,,,,,,,0,,,,,,Matches,,0,,,,,,,,,,,3,,,,Matches,,,,,,,,,,,,,,,,,,,,,Matches
2064,Benjamin Pavard,fr FRA,DF,Marseille,fr Ligue 1,29.0,1996.0,27,22,1928.0,21.4,1,2,3,1,0,0,6,0,0.05,0.09,0.14,0.05,0.14,Matches,1,11,3,27.3,0.51,0.14,0.09,0.33,0,0,Matches,,,,,,,,,,,,,,,2,,,,,,Matches,,12,,,,,,,,,,,24,,,,Matches,,,,,,,,,,,,,,,,,,,,,Matches
2066,Aleksandar Pavlovic,de GER,MF,Bayern Munich,de Bundesliga,21.0,2004.0,24,16,1462.0,16.2,3,1,4,3,0,0,2,0,0.18,0.06,0.25,0.18,0.25,Matches,3,10,5,50.0,0.62,0.31,0.3,0.6,0,0,Matches,,,,,,,,,,,,,,,1,,,,,,Matches,,15,,,,,,,,,,,13,,,,Matches,,,,,,,,,,,,,,,,,,,,,Matches
2067,Strahinja Pavlović,rs SRB,DF,Milan,it Serie A,24.0,2001.0,34,33,2869.0,31.9,5,1,6,5,0,0,4,0,0.16,0.03,0.19,0.16,0.19,Matches,5,26,6,23.1,0.82,0.19,0.19,0.83,0,0,Matches,,,,,,,,,,,,,,,1,,,,,,Matches,,26,,,,,,,,,,,20,,,,Matches,,,,,,,,,,,,,,,,,,,,,Matches
2069,Martín Payero,ar ARG,MF,Cremonese,it Serie A,26.0,1998.0,25,16,1457.0,16.2,1,0,1,1,0,0,8,0,0.06,0.0,0.06,0.06,0.06,Matches,1,23,8,34.8,1.42,0.49,0.04,0.13,0,0,Matches,,,,,,,,,,,,,,,0,,,,,,Matches,,9,,,,,,,,,,,10,,,,Matches,,,,,,,,,,,,,,,,,,,,,Matches
2070,Nicolás Paz,ar ARG,MF,Como,it Serie A,20.0,2004.0,35,33,2878.0,32.0,12,6,18,12,0,2,5,0,0.38,0.19,0.56,0.38,0.56,Matches,12,121,48,39.7,3.78,1.5,0.1,0.25,0,2,Matches,,,,,,,,,,,,,,,6,,,,,,Matches,,56,,,,,,,,,,,27,,,,Matches,,,,,,,,,,,,,,,,,,,,,Matches
2073,Marcus Pedersen,no NOR,"MF,DF",Torino,it Serie A,25.0,2000.0,29,23,2134.0,23.7,1,2,3,1,0,0,3,0,0.04,0.08,0.13,0.04,0.13,Matches,1,15,3,20.0,0.63,0.13,0.07,0.33,0,0,Matches,,,,,,,,,,,,,,,2,,,,,,Matches,,14,,,,,,,,,,,10,,,,Matches,,,,,,,,,,,,,,,,,,,,,Matches
2074,Alfonso Pedraza,es ESP,DF,Villarreal,es La Liga,29.0,1996.0,27,19,1689.0,18.8,1,3,4,1,0,0,8,0,0.05,0.16,0.21,0.05,0.21,Matches,1,11,3,27.3,0.59,0.16,0.09,0.33,0,0,Matches,,,,,,,,,,,,,,,3,,,,,,Matches,,31,,,,,,,,,,,29,,,,Matches,,,,,,,,,,,,,,,,,,,,,Matches
2075,Pedri,es ESP,MF,Barcelona,es La Liga,22.0,2002.0,29,23,2104.0,23.4,2,9,11,2,0,0,2,1,0.09,0.38,0.47,0.09,0.47,Matches,2,21,10,47.6,0.9,0.43,0.1,0.2,0,0,Matches,,,,,,,,,,,,,,,9,,,,,,Matches,,33,,,,,,,,,,,24,,,,Matches,,,,,,,,,,,,,,,,,,,,,Matches
2076,Pedro,es ESP,"FW,MF",Lazio,it Serie A,38.0,1987.0,29,9,982.0,10.9,5,2,7,3,2,2,4,0,0.46,0.18,0.64,0.27,0.46,Matches,5,22,11,50.0,2.02,1.01,0.23,0.45,2,2,Matches,,,,,,,,,,,,,,,2,,,,,,Matches,,6,,,,,,,,,,,4,,,,Matches,,,,,,,,,,,,,,,,,,,,,Matches
2077,Zé Pedro Figueiredo,pt POR,DF,Cagliari,it Serie A,28.0,1997.0,23,20,1699.0,18.9,0,1,1,0,0,0,6,0,0.0,0.05,0.05,0.0,0.05,Matches,0,7,0,0.0,0.37,0.0,0.0,,0,0,Matches,,,,,,,,,,,,,,,1,,,,,,Matches,,18,,,,,,,,,,,20,,,,Matches,,,,,,,,,,,,,,,,,,,,,Matches
2078,Adrià Pedrosa,es ESP,"DF,MF",Elche,es La Liga,27.0,1998.0,26,8,1090.0,12.1,1,1,2,1,0,0,4,0,0.08,0.08,0.17,0.08,0.17,Matches,1,12,3,25.0,0.99,0.25,0.08,0.33,0,0,Matches,,,,,,,,,,,,,,,1,,,,,,Matches,,19,,,,,,,,,,,16,,,,Matches,,,,,,,,,,,,,,,,,,,,,Matches
2080,Dženan Pejčinović,de GER,FW,Wolfsburg,de Bundesliga,20.0,2005.0,30,16,1460.0,16.2,8,0,8,8,0,0,1,0,0.49,0.0,0.49,0.49,0.49,Matches,8,51,23,45.1,3.14,1.42,0.16,0.35,0,0,Matches,,,,,,,,,,,,,,,0,,,,,,Matches,,9,,,,,,,,,,,5,,,,Matches,,,,,,,,,,,,,,,,,,,,,Matches
2081,Lorenzo Pellegrini,it ITA,MF,Roma,it Serie A,29.0,1996.0,24,20,1463.0,16.3,4,2,6,2,2,2,2,0,0.25,0.12,0.37,0.12,0.25,Matches,4,32,12,37.5,1.97,0.74,0.13,0.33,2,2,Matches,,,,,,,,,,,,,,,2,,,,,,Matches,,5,,,,,,,,,,,15,,,,Matches,,,,,,,,,,,,,,,,,,,,,Matches
2082,Luca Pellegrini,it ITA,DF,Lazio,it Serie A,26.0,1999.0,24,17,1469.0,16.3,1,0,1,1,0,0,8,0,0.06,0.0,0.06,0.06,0.06,Matches,1,7,5,71.4,0.43,0.31,0.14,0.2,0,0,Matches,,,,,,,,,,,,,,,0,,,,,,Matches,,15,,,,,,,,,,,17,,,,Matches,,,,,,,,,,,,,,,,,,,,,Matches
2083,Mateo Pellegrino,ar ARG,FW,Parma,it Serie A,24.0,2001.0,37,34,2984.0,33.2,9,1,10,8,1,1,5,0,0.27,0.03,0.3,0.24,0.27,Matches,9,73,22,30.1,2.2,0.66,0.12,0.41,1,1,Matches,,,,,,,,,,,,,,,1,,,,,,Matches,,10,,,,,,,,,,,4,,,,Matches,,,,,,,,,,,,,,,,,,,,,Matches
2086,Iñaki Peña,es ESP,GK,Elche,es La Liga,26.0,1999.0,16,16,1440.0,16.0,0,0,0,0,0,0,0,0,0.0,0.0,0.0,0.0,0.0,Matches,0,0,0,,0.0,0.0,,,0,0,Matches,,,,,,,,,,,,,,,0,,,,,,Matches,,0,,,,,,,,,,,0,,,,Matches,,,,,,,,,,,,,,,,,,,,,Matches
2087,Mike Penders,be BEL,GK,Strasbourg,fr Ligue 1,20.0,2005.0,33,33,2970.0,33.0,0,0,0,0,0,0,3,0,0.0,0.0,0.0,0.0,0.0,Matches,0,0,0,,0.0,0.0,,,0,0,Matches,,,,,,,,,,,,,,,0,,,,,,Matches,,0,,,,,,,,,,,0,,,,Matches,,,,,,,,,,,,,,,,,,,,,Matches
2088,Nicolas Pépé,ci CIV,"MF,FW",Villarreal,es La Liga,30.0,1995.0,36,26,2393.0,26.6,8,8,16,7,1,1,4,0,0.3,0.3,0.6,0.26,0.56,Matches,8,63,25,39.7,2.37,0.94,0.13,0.32,1,1,Matches,,,,,,,,,,,,,,,8,,,,,,Matches,,21,,,,,,,,,,,15,,,,Matches,,,,,,,,,,,,,,,,,,,,,Matches
2089,Kojo Peprah Oppong,gh GHA,DF,Nice,fr Ligue 1,21.0,2004.0,29,28,2425.0,26.9,1,0,1,1,0,0,4,0,0.04,0.0,0.04,0.04,0.04,Matches,1,10,3,30.0,0.37,0.11,0.1,0.33,0,0,Matches,,,,,,,,,,,,,,,0,,,,,,Matches,,28,,,,,,,,,,,30,,,,Matches,,,,,,,,,,,,,,,,,,,,,Matches
2090,Peque,es ESP,"MF,FW",Sevilla,es La Liga,22.0,2002.0,26,12,982.0,10.9,2,1,3,2,0,0,7,0,0.18,0.09,0.27,0.18,0.27,Matches,2,15,6,40.0,1.37,0.55,0.13,0.33,0,0,Matches,,,,,,,,,,,,,,,1,,,,,,Matches,,8,,,,,,,,,,,1,,,,Matches,,,,,,,,,,,,,,,,,,,,,Matches
2092,Mathias Pereira Lage,pt POR,"MF,FW",St Pauli,de Bundesliga,28.0,1996.0,28,25,2018.0,22.4,2,2,4,2,0,0,3,0,0.09,0.09,0.18,0.09,0.18,Matches,2,43,15,34.9,1.92,0.67,0.05,0.13,0,0,Matches,,,,,,,,,,,,,,,2,,,,,,Matches,,23,,,,,,,,,,,16,,,,Matches,,,,,,,,,,,,,,,,,,,,,Matches
2093,Ángel Pérez,es ESP,"MF,DF",Alavés,es La Liga,22.0,2002.0,16,14,1288.0,14.3,1,3,4,1,0,0,4,0,0.07,0.21,0.28,0.07,0.28,Matches,1,14,4,28.6,0.98,0.28,0.07,0.25,0,0,Matches,,,,,,,,,,,,,,,3,,,,,,Matches,,13,,,,,,,,,,,9,,,,Matches,,,,,,,,,,,,,,,,,,,,,Matches
2094,Ayoze Pérez,es ESP,FW,Villarreal,es La Liga,32.0,1993.0,25,12,1124.0,12.5,5,4,9,4,1,1,4,0,0.4,0.32,0.72,0.32,0.64,Matches,5,24,11,45.8,1.92,0.88,0.21,0.45,1,1,Matches,,,,,,,,,,,,,,,4,,,,,,Matches,,11,,,,,,,,,,,3,,,,Matches,,,,,,,,,,,,,,,,,,,,,Matches
2095,Francisco Perez,es ESP,"MF,FW",Rayo Vallecano,es La Liga,22.0,2002.0,29,12,1237.0,13.7,2,1,3,2,0,0,4,0,0.15,0.07,0.22,0.15,0.22,Matches,2,17,8,47.1,1.24,0.58,0.12,0.25,0,0,Matches,,,,,,,,,,,,,,,1,,,,,,Matches,,10,,,,,,,,,,,2,,,,Matches,,,,,,,,,,,,,,,,,,,,,Matches
2100,Mattia Perin,it ITA,GK,Juventus,it Serie A,32.0,1992.0,9,9,765.0,8.5,0,0,0,0,0,0,0,0,0.0,0.0,0.0,0.0,0.0,Matches,0,0,0,,0.0,0.0,,,0,0,Matches,,,,,,,,,,,,,,,0,,,,,,Matches,,0,,,,,,,,,,,0,,,,Matches,,,,,,,,,,,,,,,,,,,,,Matches
2101,Romain Perraud,fr FRA,DF,Lille,fr Ligue 1,27.0,1997.0,30,27,2241.0,24.9,3,4,7,3,0,0,4,1,0.12,0.16,0.28,0.12,0.28,Matches,3,33,12,36.4,1.33,0.48,0.09,0.25,0,0,Matches,,,,,,,,,,,,,,,4,,,,,,Matches,,31,,,,,,,,,,,23,,,,Matches,,,,,,,,,,,,,,,,,,,,,Matches
2102,Lucas Perri,br BRA,GK,Leeds United,eng Premier League,27.0,1997.0,16,16,1440.0,16.0,0,0,0,0,0,0,2,0,0.0,0.0,0.0,0.0,0.0,Matches,0,0,0,,0.0,0.0,,,0,0,Matches,,,,,,,,,,,,,,,0,,,,,,Matches,,0,,,,,,,,,,,0,,,,Matches,,,,,,,,,,,,,,,,,,,,,Matches
2104,Máximo Perrone,ar ARG,MF,Como,it Serie A,22.0,2003.0,36,33,2742.0,30.5,3,4,7,3,0,0,8,0,0.1,0.13,0.23,0.1,0.23,Matches,3,18,9,50.0,0.59,0.3,0.17,0.33,0,0,Matches,,,,,,,,,,,,,,,4,,,,,,Matches,,38,,,,,,,,,,,21,,,,Matches,,,,,,,,,,,,,,,,,,,,,Matches
2106,Prosper Peter,ng NGA,FW,Angers,fr Ligue 1,17.0,2007.0,29,14,1273.0,14.1,5,0,5,5,0,0,0,0,0.35,0.0,0.35,0.35,0.35,Matches,5,23,14,60.9,1.63,0.99,0.22,0.36,0,0,Matches,,,,,,,,,,,,,,,0,,,,,,Matches,,3,,,,,,,,,,,4,,,,Matches,,,,,,,,,,,,,,,,,,,,,Matches
2107,Léo Pétrot,fr FRA,DF,Elche,es La Liga,28.0,1997.0,32,18,1572.0,17.5,0,0,0,0,0,0,2,1,0.0,0.0,0.0,0.0,0.0,Matches,0,8,0,0.0,0.46,0.0,0.0,,0,0,Matches,,,,,,,,,,,,,,,0,,,,,,Matches,,22,,,,,,,,,,,17,,,,Matches,,,,,,,,,,,,,,,,,,,,,Matches
2108,Đorđe Petrović,rs SRB,GK,Bournemouth,eng Premier League,25.0,1999.0,38,38,3420.0,38.0,0,0,0,0,0,0,3,0,0.0,0.0,0.0,0.0,0.0,Matches,0,0,0,,0.0,0.0,,,0,0,Matches,,,,,,,,,,,,,,,0,,,,,,Matches,,0,,,,,,,,,,,0,,,,Matches,,,,,,,,,,,,,,,,,,,,,Matches
2109,Giuseppe Pezzella,it ITA,"MF,DF",Cremonese,it Serie A,27.0,1997.0,31,30,2585.0,28.7,0,1,1,0,0,0,8,1,0.0,0.03,0.03,0.0,0.03,Matches,0,6,0,0.0,0.21,0.0,0.0,,0,0,Matches,,,,,,,,,,,,,,,1,,,,,,Matches,,32,,,,,,,,,,,11,,,,Matches,,,,,,,,,,,,,,,,,,,,,Matches
2112,Rayan Philippe,fr FRA,"FW,MF",Hamburger SV,de Bundesliga,24.0,2000.0,28,13,1285.0,14.3,5,0,5,5,0,1,2,0,0.35,0.0,0.35,0.35,0.35,Matches,5,39,16,41.0,2.73,1.12,0.13,0.31,0,1,Matches,,,,,,,,,,,,,,,0,,,,,,Matches,,13,,,,,,,,,,,3,,,,Matches,,,,,,,,,,,,,,,,,,,,,Matches
2113,Gabriele Piccinini,it ITA,MF,Pisa,it Serie A,24.0,2001.0,25,5,875.0,9.7,0,0,0,0,0,0,3,0,0.0,0.0,0.0,0.0,0.0,Matches,0,19,7,36.8,1.95,0.72,0.0,0.0,0,0,Matches,,,,,,,,,,,,,,,0,,,,,,Matches,,16,,,,,,,,,,,2,,,,Matches,,,,,,,,,,,,,,,,,,,,,Matches
2114,Roberto Piccoli,it ITA,FW,Fiorentina,it Serie A,24.0,2001.0,32,16,1672.0,18.6,4,1,5,4,0,0,1,0,0.22,0.05,0.27,0.22,0.27,Matches,4,47,15,31.9,2.53,0.81,0.09,0.27,0,0,Matches,,,,,,,,,,,,,,,1,,,,,,Matches,,1,,,,,,,,,,,4,,,,Matches,,,,,,,,,,,,,,,,,,,,,Matches
2115,Charles Pickel,cd COD,MF,Espanyol,es La Liga,28.0,1997.0,24,4,707.0,7.9,1,0,1,1,0,0,4,2,0.13,0.0,0.13,0.13,0.13,Matches,1,10,4,40.0,1.27,0.51,0.1,0.25,0,0,Matches,,,,,,,,,,,,,,,0,,,,,,Matches,,6,,,,,,,,,,,6,,,,Matches,,,,,,,,,,,,,,,,,,,,,Matches
2116,Jordan Pickford,eng ENG,GK,Everton,eng Premier League,31.0,1994.0,38,38,3420.0,38.0,0,0,0,0,0,0,4,0,0.0,0.0,0.0,0.0,0.0,Matches,0,0,0,,0.0,0.0,,,0,0,Matches,,,,,,,,,,,,,,,0,,,,,,Matches,,1,,,,,,,,,,,0,,,,Matches,,,,,,,,,,,,,,,,,,,,,Matches
2117,Amos Pieper,de GER,DF,Werder Bremen,de Bundesliga,27.0,1998.0,19,19,1502.0,16.7,0,0,0,0,0,0,4,0,0.0,0.0,0.0,0.0,0.0,Matches,0,8,2,25.0,0.48,0.12,0.0,0.0,0,0,Matches,,,,,,,,,,,,,,,0,,,,,,Matches,,24,,,,,,,,,,,26,,,,Matches,,,,,,,,,,,,,,,,,,,,,Matches
2118,Marvin Pieringer,de GER,"FW,MF",Heidenheim,de Bundesliga,25.0,1999.0,27,20,1650.0,18.3,4,1,5,3,1,1,2,0,0.22,0.05,0.27,0.16,0.22,Matches,4,32,8,25.0,1.75,0.44,0.13,0.5,1,1,Matches,,,,,,,,,,,,,,,1,,,,,,Matches,,14,,,,,,,,,,,11,,,,Matches,,,,,,,,,,,,,,,,,,,,,Matches
2120,Santiago Pierotti,ar ARG,"MF,FW",Lecce,it Serie A,24.0,2001.0,37,31,2597.0,28.9,1,2,3,1,0,0,4,0,0.03,0.07,0.1,0.03,0.1,Matches,1,33,8,24.2,1.14,0.28,0.03,0.13,0,0,Matches,,,,,,,,,,,,,,,2,,,,,,Matches,,51,,,,,,,,,,,21,,,,Matches,,,,,,,,,,,,,,,,,,,,,Matches
2122,Andrea Pinamonti,it ITA,FW,Sassuolo,it Serie A,26.0,1999.0,36,32,2552.0,28.4,9,3,12,9,0,1,2,1,0.32,0.11,0.42,0.32,0.42,Matches,9,73,30,41.1,2.57,1.06,0.12,0.3,0,1,Matches,,,,,,,,,,,,,,,3,,,,,,Matches,,5,,,,,,,,,,,2,,,,Matches,,,,,,,,,,,,,,,,,,,,,Matches
2123,Thiago Pinar,es ESP,MF,Real Madrid,es La Liga,17.0,2007.0,10,8,592.0,6.6,0,2,2,0,0,0,2,0,0.0,0.3,0.3,0.0,0.3,Matches,0,6,2,33.3,0.91,0.3,0.0,0.0,0,0,Matches,,,,,,,,,,,,,,,2,,,,,,Matches,,4,,,,,,,,,,,7,,,,Matches,,,,,,,,,,,,,,,,,,,,,Matches
2127,Yéremy Pino,es ESP,"MF,FW",Crystal Palace,eng Premier League,22.0,2002.0,34,26,2080.0,23.1,2,2,4,2,0,0,4,0,0.09,0.09,0.17,0.09,0.17,Matches,2,45,11,24.4,1.95,0.48,0.04,0.18,0,0,Matches,,,,,,,,,,,,,,,2,,,,,,Matches,,20,,,,,,,,,,,8,,,,Matches,,,,,,,,,,,,,,,,,,,,,Matches
2128,Jakub Piotrowski,pl POL,MF,Udinese,it Serie A,27.0,1997.0,33,20,1696.0,18.8,1,1,2,1,0,0,2,0,0.05,0.05,0.11,0.05,0.11,Matches,1,36,9,25.0,1.91,0.48,0.03,0.11,0,0,Matches,,,,,,,,,,,,,,,1,,,,,,Matches,,25,,,,,,,,,,,15,,,,Matches,,,,,,,,,,,,,,,,,,,,,Matches
2130,Niccolò Pisilli,it ITA,MF,Roma,it Serie A,20.0,2004.0,25,13,1295.0,14.4,2,4,6,2,0,0,3,0,0.14,0.28,0.42,0.14,0.42,Matches,2,19,5,26.3,1.32,0.35,0.11,0.4,0,0,Matches,,,,,,,,,,,,,,,4,,,,,,Matches,,13,,,,,,,,,,,24,,,,Matches,,,,,,,,,,,,,,,,,,,,,Matches
2132,Tommaso Pobega,it ITA,MF,Bologna,it Serie A,26.0,1999.0,26,17,1434.0,15.9,3,1,4,3,0,0,2,1,0.19,0.06,0.25,0.19,0.25,Matches,3,25,10,40.0,1.57,0.63,0.12,0.3,0,0,Matches,,,,,,,,,,,,,,,1,,,,,,Matches,,19,,,,,,,,,,,19,,,,Matches,,,,,,,,,,,,,,,,,,,,,Matches
2134,Ernest Poku,nl NED,MF,Leverkusen,de Bundesliga,21.0,2004.0,29,16,1482.0,16.5,5,5,10,5,0,0,0,0,0.3,0.3,0.61,0.3,0.61,Matches,5,27,9,33.3,1.64,0.55,0.19,0.56,0,0,Matches,,,,,,,,,,,,,,,5,,,,,,Matches,,9,,,,,,,,,,,8,,,,Matches,,,,,,,,,,,,,,,,,,,,,Matches
2135,Matteo Politano,it ITA,"MF,FW",Napoli,it Serie A,31.0,1993.0,34,26,2200.0,24.4,2,5,7,2,0,0,4,0,0.08,0.2,0.29,0.08,0.29,Matches,2,49,13,26.5,2.0,0.53,0.04,0.15,0,0,Matches,,,,,,,,,,,,,,,5,,,,,,Matches,,10,,,,,,,,,,,5,,,,Matches,,,,,,,,,,,,,,,,,,,,,Matches
2137,Marin Pongračić,hr CRO,DF,Fiorentina,it Serie A,27.0,1997.0,35,33,2918.0,32.4,0,0,0,0,0,0,12,0,0.0,0.0,0.0,0.0,0.0,Matches,0,8,1,12.5,0.25,0.03,0.0,0.0,0,0,Matches,,,,,,,,,,,,,,,0,,,,,,Matches,,17,,,,,,,,,,,36,,,,Matches,,,,,,,,,,,,,,,,,,,,,Matches
2138,Nick Pope,eng ENG,GK,Newcastle,eng Premier League,33.0,1992.0,27,27,2416.0,26.8,0,0,0,0,0,0,2,0,0.0,0.0,0.0,0.0,0.0,Matches,0,1,1,100.0,0.04,0.04,0.0,0.0,0,0,Matches,,,,,,,,,,,,,,,0,,,,,,Matches,,1,,,,,,,,,,,0,,,,Matches,,,,,,,,,,,,,,,,,,,,,Matches
2139,Pedro Porro,es ESP,DF,Tottenham,eng Premier League,25.0,1999.0,34,32,2796.0,31.1,1,2,3,1,0,0,10,0,0.03,0.06,0.1,0.03,0.1,Matches,1,32,8,25.0,1.03,0.26,0.03,0.13,0,0,Matches,,,,,,,,,,,,,,,2,,,,,,Matches,,50,,,,,,,,,,,31,,,,Matches,,,,,,,,,,,,,,,,,,,,,Matches
2140,Portu,es ESP,"FW,MF",Girona,es La Liga,33.0,1992.0,10,4,474.0,5.3,0,0,0,0,0,0,2,0,0.0,0.0,0.0,0.0,0.0,Matches,0,9,5,55.6,1.71,0.95,0.0,0.0,0,0,Matches,,,,,,,,,,,,,,,0,,,,,,Matches,,1,,,,,,,,,,,2,,,,Matches,,,,,,,,,,,,,,,,,,,,,Matches
2142,Stefan Posch,at AUT,DF,Mainz 05,de Bundesliga,28.0,1997.0,16,16,1395.0,15.5,0,0,0,0,0,0,4,0,0.0,0.0,0.0,0.0,0.0,Matches,0,11,3,27.3,0.71,0.19,0.0,0.0,0,0,Matches,,,,,,,,,,,,,,,0,,,,,,Matches,,22,,,,,,,,,,,21,,,,Matches,,,,,,,,,,,,,,,,,,,,,Matches
2143,Freddie Potts,eng ENG,MF,West Ham,eng Premier League,21.0,2003.0,22,12,1171.0,13.0,0,1,1,0,0,0,1,0,0.0,0.08,0.08,0.0,0.08,Matches,0,3,1,33.3,0.23,0.08,0.0,0.0,0,0,Matches,,,,,,,,,,,,,,,1,,,,,,Matches,,18,,,,,,,,,,,16,,,,Matches,,,,,,,,,,,,,,,,,,,,,Matches
2144,Kacper Potulski,pl POL,DF,Mainz 05,de Bundesliga,17.0,2007.0,15,9,1065.0,11.8,1,0,1,1,0,0,3,0,0.08,0.0,0.08,0.08,0.08,Matches,1,14,5,35.7,1.18,0.42,0.07,0.2,0,0,Matches,,,,,,,,,,,,,,,0,,,,,,Matches,,15,,,,,,,,,,,19,,,,Matches,,,,,,,,,,,,,,,,,,,,,Matches
2147,Alexander Prass,at AUT,MF,Hoffenheim,de Bundesliga,24.0,2001.0,32,12,1308.0,14.5,3,2,5,3,0,0,4,0,0.21,0.14,0.34,0.21,0.34,Matches,3,18,11,61.1,1.24,0.76,0.17,0.27,0,0,Matches,,,,,,,,,,,,,,,2,,,,,,Matches,,22,,,,,,,,,,,6,,,,Matches,,,,,,,,,,,,,,,,,,,,,Matches
2148,Matteo Prati,it ITA,MF,Torino,it Serie A,21.0,2003.0,13,7,614.0,6.8,0,1,1,0,0,0,2,0,0.0,0.15,0.15,0.0,0.15,Matches,0,12,0,0.0,1.76,0.0,0.0,,0,0,Matches,,,,,,,,,,,,,,,1,,,,,,Matches,,3,,,,,,,,,,,5,,,,Matches,,,,,,,,,,,,,,,,,,,,,Matches
2149,Matteo Prati,it ITA,MF,Cagliari,it Serie A,21.0,2003.0,20,15,1268.0,14.1,1,0,1,1,0,0,4,0,0.07,0.0,0.07,0.07,0.07,Matches,1,19,1,5.3,1.35,0.07,0.05,1.0,0,0,Matches,,,,,,,,,,,,,,,0,,,,,,Matches,,12,,,,,,,,,,,15,,,,Matches,,,,,,,,,,,,,,,,,,,,,Matches
2151,Grischa Prömel,de GER,MF,Hoffenheim,de Bundesliga,30.0,1995.0,33,16,1758.0,19.5,7,2,9,7,0,0,5,0,0.36,0.1,0.46,0.36,0.46,Matches,7,43,14,32.6,2.2,0.72,0.16,0.5,0,0,Matches,,,,,,,,,,,,,,,2,,,,,,Matches,,16,,,,,,,,,,,15,,,,Matches,,,,,,,,,,,,,,,,,,,,,Matches
2152,Ivan Provedel,it ITA,GK,Lazio,it Serie A,31.0,1994.0,27,27,2430.0,27.0,0,0,0,0,0,0,1,0,0.0,0.0,0.0,0.0,0.0,Matches,0,0,0,,0.0,0.0,,,0,0,Matches,,,,,,,,,,,,,,,0,,,,,,Matches,,0,,,,,,,,,,,0,,,,Matches,,,,,,,,,,,,,,,,,,,,,Matches
2154,Javi Puado,es ESP,"MF,FW",Espanyol,es La Liga,27.0,1998.0,10,8,674.0,7.5,2,0,2,1,1,2,2,0,0.27,0.0,0.27,0.13,0.13,Matches,2,15,9,60.0,2.0,1.2,0.13,0.22,1,2,Matches,,,,,,,,,,,,,,,0,,,,,,Matches,,2,,,,,,,,,,,3,,,,Matches,,,,,,,,,,,,,,,,,,,,,Matches
2155,Marc Pubill,es ESP,DF,Atlético Madrid,es La Liga,22.0,2003.0,19,15,1381.0,15.3,1,1,2,1,0,0,2,0,0.07,0.07,0.13,0.07,0.13,Matches,1,11,4,36.4,0.72,0.26,0.09,0.25,0,0,Matches,,,,,,,,,,,,,,,1,,,,,,Matches,,15,,,,,,,,,,,18,,,,Matches,,,,,,,,,,,,,,,,,,,,,Matches
2156,Cameron Puertas,ch SUI,MF,Werder Bremen,de Bundesliga,26.0,1998.0,28,22,1846.0,20.5,1,2,3,1,0,0,6,0,0.05,0.1,0.15,0.05,0.15,Matches,1,37,8,21.6,1.8,0.39,0.03,0.13,0,0,Matches,,,,,,,,,,,,,,,2,,,,,,Matches,,37,,,,,,,,,,,19,,,,Matches,,,,,,,,,,,,,,,,,,,,,Matches
2157,Christian Pulisic,us USA,FW,Milan,it Serie A,26.0,1998.0,30,18,1609.0,17.9,8,4,12,8,0,1,0,0,0.45,0.22,0.67,0.45,0.67,Matches,8,54,25,46.3,3.02,1.4,0.15,0.32,0,1,Matches,,,,,,,,,,,,,,,4,,,,,,Matches,,8,,,,,,,,,,,3,,,,Matches,,,,,,,,,,,,,,,,,,,,,Matches
2159,Arkadiusz Pyrka,pl POL,MF,St Pauli,de Bundesliga,22.0,2002.0,31,30,2576.0,28.6,0,1,1,0,0,0,3,0,0.0,0.03,0.03,0.0,0.03,Matches,0,19,3,15.8,0.66,0.1,0.0,0.0,0,0,Matches,,,,,,,,,,,,,,,1,,,,,,Matches,,24,,,,,,,,,,,23,,,,Matches,,,,,,,,,,,,,,,,,,,,,Matches
2160,Jarell Quansah,eng ENG,DF,Leverkusen,de Bundesliga,22.0,2003.0,28,25,2299.0,25.5,4,0,4,4,0,0,9,0,0.16,0.0,0.16,0.16,0.16,Matches,4,18,8,44.4,0.7,0.31,0.22,0.5,0,0,Matches,,,,,,,,,,,,,,,0,,,,,,Matches,,22,,,,,,,,,,,26,,,,Matches,,,,,,,,,,,,,,,,,,,,,Matches
2161,Leopold Querfeld,at AUT,DF,Union Berlin,de Bundesliga,21.0,2003.0,31,30,2705.0,30.1,3,0,3,1,2,3,7,0,0.1,0.0,0.1,0.03,0.03,Matches,3,29,10,34.5,0.96,0.33,0.1,0.3,2,3,Matches,,,,,,,,,,,,,,,0,,,,,,Matches,,27,,,,,,,,,,,35,,,,Matches,,,,,,,,,,,,,,,,,,,,,Matches
2166,Adrien Rabiot,fr FRA,MF,Milan,it Serie A,30.0,1995.0,29,28,2550.0,28.3,6,4,10,6,0,0,6,1,0.21,0.14,0.35,0.21,0.35,Matches,6,46,12,26.1,1.62,0.42,0.13,0.5,0,0,Matches,,,,,,,,,,,,,,,4,,,,,,Matches,,31,,,,,,,,,,,20,,,,Matches,,,,,,,,,,,,,,,,,,,,,Matches
2168,Ionuț Radu,ro ROU,GK,Celta Vigo,es La Liga,28.0,1997.0,38,38,3420.0,38.0,0,0,0,0,0,0,2,0,0.0,0.0,0.0,0.0,0.0,Matches,0,0,0,,0.0,0.0,,,0,0,Matches,,,,,,,,,,,,,,,0,,,,,,Matches,,0,,,,,,,,,,,1,,,,Matches,,,,,,,,,,,,,,,,,,,,,Matches
2169,Ugo Raghouber,fr FRA,MF,Levante,es La Liga,22.0,2003.0,16,8,706.0,7.8,0,0,0,0,0,0,1,0,0.0,0.0,0.0,0.0,0.0,Matches,0,3,0,0.0,0.38,0.0,0.0,,0,0,Matches,,,,,,,,,,,,,,,0,,,,,,Matches,,10,,,,,,,,,,,15,,,,Matches,,,,,,,,,,,,,,,,,,,,,Matches
2171,Antonio Raillo,es ESP,DF,Mallorca,es La Liga,33.0,1991.0,24,23,2070.0,23.0,0,1,1,0,0,0,4,0,0.0,0.04,0.04,0.0,0.04,Matches,0,12,1,8.3,0.52,0.04,0.0,0.0,0,0,Matches,,,,,,,,,,,,,,,1,,,,,,Matches,,13,,,,,,,,,,,12,,,,Matches,,,,,,,,,,,,,,,,,,,,,Matches
2172,Ylber Ramadani,al ALB,MF,Lecce,it Serie A,29.0,1996.0,37,37,3203.0,35.6,1,0,1,1,0,0,10,0,0.03,0.0,0.03,0.03,0.03,Matches,1,34,5,14.7,0.96,0.14,0.03,0.2,0,0,Matches,,,,,,,,,,,,,,,0,,,,,,Matches,,50,,,,,,,,,,,44,,,,Matches,,,,,,,,,,,,,,,,,,,,,Matches
2173,Diant Ramaj,de GER,GK,Heidenheim,de Bundesliga,23.0,2001.0,31,31,2790.0,31.0,0,1,1,0,0,0,2,0,0.0,0.03,0.03,0.0,0.03,Matches,0,0,0,,0.0,0.0,,,0,0,Matches,,,,,,,,,,,,,,,1,,,,,,Matches,,0,,,,,,,,,,,0,,,,Matches,,,,,,,,,,,,,,,,,,,,,Matches
2174,Largie Ramazani,be BEL,"MF,FW",Valencia,es La Liga,24.0,2001.0,27,11,1234.0,13.7,6,1,7,3,3,3,4,0,0.44,0.07,0.51,0.22,0.29,Matches,6,51,19,37.3,3.72,1.39,0.12,0.32,3,3,Matches,,,,,,,,,,,,,,,1,,,,,,Matches,,12,,,,,,,,,,,14,,,,Matches,,,,,,,,,,,,,,,,,,,,,Matches
2175,Jacobo Ramón,es ESP,DF,Como,it Serie A,20.0,2005.0,32,30,2742.0,30.5,2,0,2,2,0,0,11,1,0.07,0.0,0.07,0.07,0.07,Matches,2,39,9,23.1,1.28,0.3,0.05,0.22,0,0,Matches,,,,,,,,,,,,,,,0,,,,,,Matches,,32,,,,,,,,,,,38,,,,Matches,,,,,,,,,,,,,,,,,,,,,Matches
2176,Gonçalo Ramos,pt POR,FW,PSG,fr Ligue 1,24.0,2001.0,30,13,1318.0,14.6,6,1,7,5,1,2,4,1,0.41,0.07,0.48,0.34,0.41,Matches,6,58,25,43.1,3.96,1.71,0.1,0.24,1,2,Matches,,,,,,,,,,,,,,,1,,,,,,Matches,,14,,,,,,,,,,,5,,,,Matches,,,,,,,,,,,,,,,,,,,,,Matches
2178,Aaron Ramsdale,eng ENG,GK,Newcastle,eng Premier League,27.0,1998.0,12,11,1004.0,11.2,0,0,0,0,0,0,2,0,0.0,0.0,0.0,0.0,0.0,Matches,0,0,0,,0.0,0.0,,,0,0,Matches,,,,,,,,,,,,,,,0,,,,,,Matches,,0,,,,,,,,,,,0,,,,Matches,,,,,,,,,,,,,,,,,,,,,Matches
2179,Jacob Ramsey,eng ENG,MF,Newcastle,eng Premier League,24.0,2001.0,28,15,1450.0,16.1,2,3,5,2,0,0,5,1,0.12,0.19,0.31,0.12,0.31,Matches,2,16,4,25.0,0.99,0.25,0.13,0.5,0,0,Matches,,,,,,,,,,,,,,,3,,,,,,Matches,,21,,,,,,,,,,,9,,,,Matches,,,,,,,,,,,,,,,,,,,,,Matches
2180,Luca Ranieri,it ITA,DF,Fiorentina,it Serie A,26.0,1999.0,34,29,2458.0,27.3,1,0,1,1,0,0,8,1,0.04,0.0,0.04,0.04,0.04,Matches,1,18,3,16.7,0.66,0.11,0.06,0.33,0,0,Matches,,,,,,,,,,,,,,,0,,,,,,Matches,,24,,,,,,,,,,,24,,,,Matches,,,,,,,,,,,,,,,,,,,,,Matches
2182,Lilian Raolisoa,fr FRA,"MF,DF",Angers,fr Ligue 1,25.0,2000.0,32,21,1966.0,21.8,2,4,6,2,0,0,3,0,0.09,0.18,0.27,0.09,0.27,Matches,2,16,5,31.3,0.73,0.23,0.13,0.4,0,0,Matches,,,,,,,,,,,,,,,4,,,,,,Matches,,31,,,,,,,,,,,14,,,,Matches,,,,,,,,,,,,,,,,,,,,,Matches
2183,Raphinha,br BRA,"MF,FW",Barcelona,es La Liga,28.0,1996.0,22,18,1380.0,15.3,13,3,16,10,3,3,5,0,0.85,0.2,1.04,0.65,0.85,Matches,13,65,24,36.9,4.24,1.57,0.2,0.54,3,3,Matches,,,,,,,,,,,,,,,3,,,,,,Matches,,6,,,,,,,,,,,6,,,,Matches,,,,,,,,,,,,,,,,,,,,,Matches
2184,Marcus Rashford,eng ENG,"MF,FW",Barcelona,es La Liga,27.0,1997.0,32,18,1763.0,19.6,8,7,15,8,0,0,3,0,0.41,0.36,0.77,0.41,0.77,Matches,8,76,29,38.2,3.88,1.48,0.11,0.28,0,0,Matches,,,,,,,,,,,,,,,7,,,,,,Matches,,8,,,,,,,,,,,2,,,,Matches,,,,,,,,,,,,,,,,,,,,,Matches
2185,Mathias Rasmussen,no NOR,MF,St Pauli,de Bundesliga,27.0,1997.0,13,8,694.0,7.7,0,0,0,0,0,0,0,0,0.0,0.0,0.0,0.0,0.0,Matches,0,6,2,33.3,0.78,0.26,0.0,0.0,0,0,Matches,,,,,,,,,,,,,,,0,,,,,,Matches,,6,,,,,,,,,,,8,,,,Matches,,,,,,,,,,,,,,,,,,,,,Matches
2186,Giacomo Raspadori,it ITA,"MF,FW",Atalanta,it Serie A,25.0,2000.0,13,7,796.0,8.8,3,1,4,3,0,0,0,0,0.34,0.11,0.45,0.34,0.45,Matches,3,28,11,39.3,3.17,1.24,0.11,0.27,0,0,Matches,,,,,,,,,,,,,,,1,,,,,,Matches,,3,,,,,,,,,,,1,,,,Matches,,,,,,,,,,,,,,,,,,,,,Matches
2189,Andrei Ratiu,ro ROU,DF,Rayo Vallecano,es La Liga,27.0,1998.0,35,31,2807.0,31.2,0,4,4,0,0,0,9,0,0.0,0.13,0.13,0.0,0.13,Matches,0,31,9,29.0,0.99,0.29,0.0,0.0,0,0,Matches,,,,,,,,,,,,,,,4,,,,,,Matches,,44,,,,,,,,,,,39,,,,Matches,,,,,,,,,,,,,,,,,,,,,Matches
2191,Raúl,es ESP,FW,Osasuna,es La Liga,24.0,2000.0,36,6,1041.0,11.6,7,1,8,7,0,0,2,1,0.61,0.09,0.69,0.61,0.69,Matches,7,39,23,59.0,3.37,1.99,0.18,0.3,0,0,Matches,,,,,,,,,,,,,,,1,,,,,,Matches,,13,,,,,,,,,,,7,,,,Matches,,,,,,,,,,,,,,,,,,,,,Matches
2192,David Raum,de GER,DF,RB Leipzig,de Bundesliga,27.0,1998.0,30,29,2553.0,28.4,3,7,10,2,1,1,6,0,0.11,0.25,0.35,0.07,0.32,Matches,3,24,8,33.3,0.85,0.28,0.13,0.38,1,1,Matches,,,,,,,,,,,,,,,7,,,,,,Matches,,35,,,,,,,,,,,33,,,,Matches,,,,,,,,,,,,,,,,,,,,,Matches
2193,Federico Ravaglia,it ITA,GK,Bologna,it Serie A,25.0,1999.0,17,16,1470.0,16.3,0,0,0,0,0,0,4,0,0.0,0.0,0.0,0.0,0.0,Matches,0,0,0,,0.0,0.0,,,0,0,Matches,,,,,,,,,,,,,,,0,,,,,,Matches,,1,,,,,,,,,,,0,,,,Matches,,,,,,,,,,,,,,,,,,,,,Matches
2194,David Raya,es ESP,GK,Arsenal,eng Premier League,29.0,1995.0,37,37,3330.0,37.0,0,0,0,0,0,0,1,0,0.0,0.0,0.0,0.0,0.0,Matches,0,0,0,,0.0,0.0,,,0,0,Matches,,,,,,,,,,,,,,,0,,,,,,Matches,,1,,,,,,,,,,,1,,,,Matches,,,,,,,,,,,,,,,,,,,,,Matches
2195,Rayan,br BRA,MF,Bournemouth,eng Premier League,18.0,2006.0,15,13,1111.0,12.3,5,2,7,5,0,0,1,0,0.41,0.16,0.57,0.41,0.57,Matches,5,28,8,28.6,2.27,0.65,0.18,0.63,0,0,Matches,,,,,,,,,,,,,,,2,,,,,,Matches,,6,,,,,,,,,,,8,,,,Matches,,,,,,,,,,,,,,,,,,,,,Matches
2196,Abde Rebbach,dz ALG,"MF,DF",Alavés,es La Liga,26.0,1998.0,30,15,1496.0,16.6,1,4,5,1,0,0,8,0,0.06,0.24,0.3,0.06,0.3,Matches,1,34,12,35.3,2.05,0.72,0.03,0.08,0,0,Matches,,,,,,,,,,,,,,,4,,,,,,Matches,,21,,,,,,,,,,,16,,,,Matches,,,,,,,,,,,,,,,,,,,,,Matches
2199,Luca Reggiani,it ITA,DF,Dortmund,de Bundesliga,17.0,2008.0,8,6,511.0,5.7,1,0,1,1,0,0,2,0,0.18,0.0,0.18,0.18,0.18,Matches,1,3,1,33.3,0.53,0.18,0.33,1.0,0,0,Matches,,,,,,,,,,,,,,,0,,,,,,Matches,,10,,,,,,,,,,,2,,,,Matches,,,,,,,,,,,,,,,,,,,,,Matches
2200,Alejandro Rego,es ESP,MF,Athletic Club,es La Liga,22.0,2003.0,29,11,1279.0,14.2,1,1,2,1,0,0,6,0,0.07,0.07,0.14,0.07,0.14,Matches,1,12,3,25.0,0.84,0.21,0.08,0.33,0,0,Matches,,,,,,,,,,,,,,,1,,,,,,Matches,,20,,,,,,,,,,,21,,,,Matches,,,,,,,,,,,,,,,,,,,,,Matches
2201,Tijjani Reijnders,nl NED,MF,Manchester City,eng Premier League,27.0,1998.0,28,19,1631.0,18.1,5,2,7,5,0,0,2,0,0.28,0.11,0.39,0.28,0.39,Matches,5,49,16,32.7,2.7,0.88,0.1,0.31,0,0,Matches,,,,,,,,,,,,,,,2,,,,,,Matches,,4,,,,,,,,,,,11,,,,Matches,,,,,,,,,,,,,,,,,,,,,Matches
2202,Alberto Reina,es ESP,MF,Oviedo,es La Liga,27.0,1997.0,37,31,2462.0,27.4,4,1,5,4,0,0,6,1,0.15,0.04,0.18,0.15,0.18,Matches,4,24,11,45.8,0.88,0.4,0.17,0.36,0,0,Matches,,,,,,,,,,,,,,,1,,,,,,Matches,,18,,,,,,,,,,,19,,,,Matches,,,,,,,,,,,,,,,,,,,,,Matches
2203,Vitor Reis,br BRA,DF,Girona,es La Liga,19.0,2006.0,36,35,3138.0,34.9,1,1,2,1,0,0,9,1,0.03,0.03,0.06,0.03,0.06,Matches,1,19,4,21.1,0.54,0.11,0.05,0.25,0,0,Matches,,,,,,,,,,,,,,,1,,,,,,Matches,,32,,,,,,,,,,,35,,,,Matches,,,,,,,,,,,,,,,,,,,,,Matches
2204,Rocco Reitz,de GER,MF,Gladbach,de Bundesliga,23.0,2002.0,31,31,2627.0,29.2,0,4,4,0,0,0,8,1,0.0,0.14,0.14,0.0,0.14,Matches,0,47,14,29.8,1.61,0.48,0.0,0.0,0,0,Matches,,,,,,,,,,,,,,,4,,,,,,Matches,,42,,,,,,,,,,,49,,,,Matches,,,,,,,,,,,,,,,,,,,,,Matches
2205,Nicolai Remberg,de GER,MF,Hamburger SV,de Bundesliga,25.0,2000.0,32,32,2880.0,32.0,0,2,2,0,0,0,11,0,0.0,0.06,0.06,0.0,0.06,Matches,0,17,8,47.1,0.53,0.25,0.0,0.0,0,0,Matches,,,,,,,,,,,,,,,2,,,,,,Matches,,27,,,,,,,,,,,43,,,,Matches,,,,,,,,,,,,,,,,,,,,,Matches
2206,Álex Remiro,es ESP,GK,Real Sociedad,es La Liga,30.0,1995.0,37,37,3330.0,37.0,0,0,0,0,0,0,1,0,0.0,0.0,0.0,0.0,0.0,Matches,0,0,0,,0.0,0.0,,,0,0,Matches,,,,,,,,,,,,,,,0,,,,,,Matches,,1,,,,,,,,,,,1,,,,Matches,,,,,,,,,,,,,,,,,,,,,Matches
2207,Devyne Rensch,nl NED,MF,Roma,it Serie A,22.0,2003.0,24,12,1184.0,13.2,1,4,5,1,0,0,1,0,0.08,0.3,0.38,0.08,0.38,Matches,1,6,2,33.3,0.46,0.15,0.17,0.5,0,0,Matches,,,,,,,,,,,,,,,4,,,,,,Matches,,15,,,,,,,,,,,16,,,,Matches,,,,,,,,,,,,,,,,,,,,,Matches
2208,Guillaume Restes,fr FRA,GK,Toulouse,fr Ligue 1,20.0,2005.0,33,33,2939.0,32.7,0,0,0,0,0,0,3,0,0.0,0.0,0.0,0.0,0.0,Matches,0,0,0,,0.0,0.0,,,0,0,Matches,,,,,,,,,,,,,,,0,,,,,,Matches,,0,,,,,,,,,,,1,,,,Matches,,,,,,,,,,,,,,,,,,,,,Matches
2209,Elvis Rexhbeçaj,xk KVX,MF,Augsburg,de Bundesliga,27.0,1997.0,26,10,1118.0,12.4,2,0,2,2,0,0,4,0,0.16,0.0,0.16,0.16,0.16,Matches,2,11,5,45.5,0.89,0.4,0.18,0.4,0,0,Matches,,,,,,,,,,,,,,,0,,,,,,Matches,,8,,,,,,,,,,,4,,,,Matches,,,,,,,,,,,,,,,,,,,,,Matches
2210,Oriol Rey,es ESP,MF,Levante,es La Liga,27.0,1998.0,20,14,1319.0,14.7,0,1,1,0,0,0,4,0,0.0,0.07,0.07,0.0,0.07,Matches,0,8,1,12.5,0.55,0.07,0.0,0.0,0,0,Matches,,,,,,,,,,,,,,,1,,,,,,Matches,,12,,,,,,,,,,,12,,,,Matches,,,,,,,,,,,,,,,,,,,,,Matches
2211,Gio Reyna,us USA,MF,Gladbach,de Bundesliga,22.0,2002.0,19,4,520.0,5.8,1,0,1,1,0,0,1,0,0.17,0.0,0.17,0.17,0.17,Matches,1,7,2,28.6,1.21,0.35,0.14,0.5,0,0,Matches,,,,,,,,,,,,,,,0,,,,,,Matches,,6,,,,,,,,,,,4,,,,Matches,,,,,,,,,,,,,,,,,,,,,Matches
2212,Chadi Riad,ma MAR,DF,Crystal Palace,eng Premier League,22.0,2003.0,9,6,552.0,6.1,0,1,1,0,0,0,2,0,0.0,0.16,0.16,0.0,0.16,Matches,0,4,2,50.0,0.65,0.33,0.0,0.0,0,0,Matches,,,,,,,,,,,,,,,1,,,,,,Matches,,5,,,,,,,,,,,4,,,,Matches,,,,,,,,,,,,,,,,,,,,,Matches
2213,Alexsandro Ribeiro,br BRA,DF,Lille,fr Ligue 1,25.0,1999.0,9,7,509.0,5.7,0,0,0,0,0,0,0,1,0.0,0.0,0.0,0.0,0.0,Matches,0,7,2,28.6,1.24,0.35,0.0,0.0,0,0,Matches,,,,,,,,,,,,,,,0,,,,,,Matches,,9,,,,,,,,,,,11,,,,Matches,,,,,,,,,,,,,,,,,,,,,Matches
2214,Rodrigo Ribeiro,pt POR,FW,Augsburg,de Bundesliga,20.0,2005.0,14,6,636.0,7.1,2,0,2,2,0,0,1,0,0.28,0.0,0.28,0.28,0.28,Matches,2,26,7,26.9,3.68,0.99,0.08,0.29,0,0,Matches,,,,,,,,,,,,,,,0,,,,,,Matches,,3,,,,,,,,,,,4,,,,Matches,,,,,,,,,,,,,,,,,,,,,Matches
2215,Samuele Ricci,it ITA,MF,Milan,it Serie A,23.0,2001.0,31,11,1312.0,14.6,1,4,5,1,0,0,3,0,0.07,0.27,0.34,0.07,0.34,Matches,1,18,6,33.3,1.23,0.41,0.06,0.17,0,0,Matches,,,,,,,,,,,,,,,4,,,,,,Matches,,9,,,,,,,,,,,9,,,,Matches,,,,,,,,,,,,,,,,,,,,,Matches
2216,Declan Rice,eng ENG,MF,Arsenal,eng Premier League,26.0,1999.0,36,35,3094.0,34.4,4,5,9,4,0,0,3,0,0.12,0.15,0.26,0.12,0.26,Matches,4,40,13,32.5,1.16,0.38,0.1,0.31,0,0,Matches,,,,,,,,,,,,,,,5,,,,,,Matches,,33,,,,,,,,,,,33,,,,Matches,,,,,,,,,,,,,,,,,,,,,Matches
2217,Chris Richards,us USA,DF,Crystal Palace,eng Premier League,25.0,2000.0,33,31,2827.0,31.4,1,0,1,1,0,0,4,0,0.03,0.0,0.03,0.03,0.03,Matches,1,15,2,13.3,0.48,0.06,0.07,0.5,0,0,Matches,,,,,,,,,,,,,,,0,,,,,,Matches,,35,,,,,,,,,,,43,,,,Matches,,,,,,,,,,,,,,,,,,,,,Matches
2219,Richarlison,br BRA,"FW,MF",Tottenham,eng Premier League,28.0,1997.0,32,20,1964.0,21.8,11,4,15,11,0,0,5,0,0.5,0.18,0.69,0.5,0.69,Matches,11,61,26,42.6,2.8,1.19,0.18,0.42,0,0,Matches,,,,,,,,,,,,,,,4,,,,,,Matches,,16,,,,,,,,,,,7,,,,Matches,,,,,,,,,,,,,,,,,,,,,Matches
2220,Diego Rico,es ESP,DF,Getafe,es La Liga,32.0,1993.0,28,18,1758.0,19.5,0,0,0,0,0,0,4,0,0.0,0.0,0.0,0.0,0.0,Matches,0,11,1,9.1,0.56,0.05,0.0,0.0,0,0,Matches,,,,,,,,,,,,,,,0,,,,,,Matches,,29,,,,,,,,,,,33,,,,Matches,,,,,,,,,,,,,,,,,,,,,Matches
2221,Clemens Riedel,de GER,DF,Espanyol,es La Liga,22.0,2003.0,20,16,1396.0,15.5,0,1,1,0,0,0,5,0,0.0,0.06,0.06,0.0,0.06,Matches,0,3,1,33.3,0.19,0.06,0.0,0.0,0,0,Matches,,,,,,,,,,,,,,,1,,,,,,Matches,,14,,,,,,,,,,,11,,,,Matches,,,,,,,,,,,,,,,,,,,,,Matches
2222,Fabian Rieder,ch SUI,MF,Augsburg,de Bundesliga,23.0,2002.0,32,28,2343.0,26.0,6,3,9,4,2,2,4,0,0.23,0.12,0.35,0.15,0.27,Matches,6,38,13,34.2,1.46,0.5,0.16,0.46,2,2,Matches,,,,,,,,,,,,,,,3,,,,,,Matches,,20,,,,,,,,,,,13,,,,Matches,,,,,,,,,,,,,,,,,,,,,Matches
2225,Chris Rigg,eng ENG,MF,Sunderland,eng Premier League,18.0,2007.0,18,11,761.0,8.5,1,1,2,1,0,0,1,0,0.12,0.12,0.24,0.12,0.24,Matches,1,12,3,25.0,1.42,0.35,0.08,0.33,0,0,Matches,,,,,,,,,,,,,,,1,,,,,,Matches,,8,,,,,,,,,,,4,,,,Matches,,,,,,,,,,,,,,,,,,,,,Matches
2227,Hugo Rincón,es ESP,DF,Girona,es La Liga,22.0,2003.0,33,16,1750.0,19.4,1,1,2,1,0,0,4,0,0.05,0.05,0.1,0.05,0.1,Matches,1,7,2,28.6,0.36,0.1,0.14,0.5,0,0,Matches,,,,,,,,,,,,,,,1,,,,,,Matches,,33,,,,,,,,,,,5,,,,Matches,,,,,,,,,,,,,,,,,,,,,Matches
2228,Luis Rioja,es ESP,MF,Valencia,es La Liga,31.0,1993.0,37,31,2624.0,29.2,3,6,9,3,0,0,1,0,0.1,0.21,0.31,0.1,0.31,Matches,3,44,5,11.4,1.51,0.17,0.07,0.6,0,0,Matches,,,,,,,,,,,,,,,6,,,,,,Matches,,25,,,,,,,,,,,17,,,,Matches,,,,,,,,,,,,,,,,,,,,,Matches
2229,Rodrigo Riquelme,es ESP,MF,Real Betis,es La Liga,25.0,2000.0,25,7,821.0,9.1,1,1,2,1,0,0,2,0,0.11,0.11,0.22,0.11,0.22,Matches,1,24,7,29.2,2.63,0.77,0.04,0.14,0,0,Matches,,,,,,,,,,,,,,,1,,,,,,Matches,,11,,,,,,,,,,,5,,,,Matches,,,,,,,,,,,,,,,,,,,,,Matches
2230,Robin Risser,fr FRA,GK,Lens,fr Ligue 1,20.0,2004.0,33,33,2970.0,33.0,0,1,1,0,0,0,2,0,0.0,0.03,0.03,0.0,0.03,Matches,0,0,0,,0.0,0.0,,,0,0,Matches,,,,,,,,,,,,,,,1,,,,,,Matches,,0,,,,,,,,,,,0,,,,Matches,,,,,,,,,,,,,,,,,,,,,Matches
2232,Lars Ritzka,de GER,"MF,DF",St Pauli,de Bundesliga,27.0,1998.0,21,12,966.0,10.7,0,0,0,0,0,0,1,0,0.0,0.0,0.0,0.0,0.0,Matches,0,4,1,25.0,0.37,0.09,0.0,0.0,0,0,Matches,,,,,,,,,,,,,,,0,,,,,,Matches,,26,,,,,,,,,,,13,,,,Matches,,,,,,,,,,,,,,,,,,,,,Matches
2233,Sergi Roberto,es ESP,MF,Como,it Serie A,33.0,1992.0,20,5,544.0,6.0,0,0,0,0,0,0,3,0,0.0,0.0,0.0,0.0,0.0,Matches,0,7,2,28.6,1.16,0.33,0.0,0.0,0,0,Matches,,,,,,,,,,,,,,,0,,,,,,Matches,,7,,,,,,,,,,,5,,,,Matches,,,,,,,,,,,,,,,,,,,,,Matches
2235,Andy Robertson,sct SCO,DF,Liverpool,eng Premier League,31.0,1994.0,24,11,1176.0,13.1,1,0,1,1,0,0,0,0,0.08,0.0,0.08,0.08,0.08,Matches,1,10,3,30.0,0.77,0.23,0.1,0.33,0,0,Matches,,,,,,,,,,,,,,,0,,,,,,Matches,,10,,,,,,,,,,,7,,,,Matches,,,,,,,,,,,,,,,,,,,,,Matches
2236,Antonee Robinson,us USA,"DF,MF",Fulham,eng Premier League,27.0,1997.0,22,17,1492.0,16.6,1,0,1,0,1,1,5,0,0.06,0.0,0.06,0.0,0.0,Matches,1,6,1,16.7,0.36,0.06,0.17,1.0,1,1,Matches,,,,,,,,,,,,,,,0,,,,,,Matches,,31,,,,,,,,,,,28,,,,Matches,,,,,,,,,,,,,,,,,,,,,Matches
2237,Joel Roca,es ESP,"MF,FW",Girona,es La Liga,20.0,2005.0,32,16,1473.0,16.4,3,1,4,3,0,0,4,1,0.18,0.06,0.24,0.18,0.24,Matches,3,48,16,33.3,2.93,0.98,0.06,0.19,0,0,Matches,,,,,,,,,,,,,,,1,,,,,,Matches,,11,,,,,,,,,,,2,,,,Matches,,,,,,,,,,,,,,,,,,,,,Matches
2238,Marc Roca,es ESP,MF,Real Betis,es La Liga,28.0,1996.0,29,23,2026.0,22.5,1,1,2,1,0,0,1,0,0.04,0.04,0.09,0.04,0.09,Matches,1,17,7,41.2,0.76,0.31,0.06,0.14,0,0,Matches,,,,,,,,,,,,,,,1,,,,,,Matches,,29,,,,,,,,,,,23,,,,Matches,,,,,,,,,,,,,,,,,,,,,Matches
2241,Joe Rodon,wls WAL,DF,Leeds United,eng Premier League,27.0,1997.0,35,33,2951.0,32.8,2,0,2,2,0,0,3,0,0.06,0.0,0.06,0.06,0.06,Matches,2,18,7,38.9,0.55,0.21,0.11,0.29,0,0,Matches,,,,,,,,,,,,,,,0,,,,,,Matches,,19,,,,,,,,,,,30,,,,Matches,,,,,,,,,,,,,,,,,,,,,Matches
2242,Rodri,es ESP,MF,Manchester City,eng Premier League,29.0,1996.0,21,17,1511.0,16.8,1,0,1,1,0,0,3,0,0.06,0.0,0.06,0.06,0.06,Matches,1,16,3,18.8,0.95,0.18,0.06,0.33,0,0,Matches,,,,,,,,,,,,,,,0,,,,,,Matches,,25,,,,,,,,,,,12,,,,Matches,,,,,,,,,,,,,,,,,,,,,Matches
2243,Álvaro Rodríguez,uy URU,FW,Elche,es La Liga,21.0,2004.0,34,24,2201.0,24.5,7,5,12,7,0,0,2,0,0.29,0.2,0.49,0.29,0.49,Matches,7,75,24,32.0,3.07,0.98,0.09,0.29,0,0,Matches,,,,,,,,,,,,,,,5,,,,,,Matches,,14,,,,,,,,,,,4,,,,Matches,,,,,,,,,,,,,,,,,,,,,Matches
2247,Guido Rodríguez,ar ARG,MF,Valencia,es La Liga,31.0,1994.0,16,14,1309.0,14.5,4,0,4,4,0,0,4,0,0.28,0.0,0.28,0.28,0.28,Matches,4,15,5,33.3,1.03,0.34,0.27,0.8,0,0,Matches,,,,,,,,,,,,,,,0,,,,,,Matches,,27,,,,,,,,,,,10,,,,Matches,,,,,,,,,,,,,,,,,,,,,Matches
2248,Javi Rodríguez,es ESP,DF,Celta Vigo,es La Liga,22.0,2003.0,33,28,2558.0,28.4,0,1,1,0,0,0,5,0,0.0,0.04,0.04,0.0,0.04,Matches,0,12,1,8.3,0.42,0.04,0.0,0.0,0,0,Matches,,,,,,,,,,,,,,,1,,,,,,Matches,,23,,,,,,,,,,,28,,,,Matches,,,,,,,,,,,,,,,,,,,,,Matches
2249,Jesus Rodríguez,es ESP,MF,Como,it Serie A,19.0,2005.0,31,18,1731.0,19.2,2,9,11,2,0,0,3,1,0.1,0.47,0.57,0.1,0.57,Matches,2,45,12,26.7,2.34,0.62,0.04,0.17,0,0,Matches,,,,,,,,,,,,,,,9,,,,,,Matches,,17,,,,,,,,,,,4,,,,Matches,,,,,,,,,,,,,,,,,,,,,Matches
2250,Juan Rodríguez,uy URU,DF,Cagliari,it Serie A,20.0,2005.0,17,16,1310.0,14.6,1,0,1,1,0,0,3,0,0.07,0.0,0.07,0.07,0.07,Matches,1,3,2,66.7,0.21,0.14,0.33,0.5,0,0,Matches,,,,,,,,,,,,,,,0,,,,,,Matches,,27,,,,,,,,,,,17,,,,Matches,,,,,,,,,,,,,,,,,,,,,Matches
2251,Ricardo Rodríguez,ch SUI,DF,Real Betis,es La Liga,32.0,1992.0,23,18,1547.0,17.2,0,1,1,0,0,0,0,0,0.0,0.06,0.06,0.0,0.06,Matches,0,3,0,0.0,0.17,0.0,0.0,,0,0,Matches,,,,,,,,,,,,,,,1,,,,,,Matches,,14,,,,,,,,,,,8,,,,Matches,,,,,,,,,,,,,,,,,,,,,Matches
2252,Rodrygo,br BRA,"MF,FW",Real Madrid,es La Liga,24.0,2001.0,19,6,684.0,7.6,1,3,4,1,0,0,3,0,0.13,0.39,0.53,0.13,0.53,Matches,1,27,11,40.7,3.55,1.45,0.04,0.09,0,0,Matches,,,,,,,,,,,,,,,3,,,,,,Matches,,8,,,,,,,,,,,3,,,,Matches,,,,,,,,,,,,,,,,,,,,,Matches
2253,Robin Roefs,nl NED,GK,Sunderland,eng Premier League,22.0,2003.0,35,35,3150.0,35.0,0,0,0,0,0,0,4,0,0.0,0.0,0.0,0.0,0.0,Matches,0,0,0,,0.0,0.0,,,0,0,Matches,,,,,,,,,,,,,,,0,,,,,,Matches,,0,,,,,,,,,,,0,,,,Matches,,,,,,,,,,,,,,,,,,,,,Matches
2254,Morgan Rogers,eng ENG,MF,Aston Villa,eng Premier League,23.0,2002.0,37,37,3280.0,36.4,10,6,16,10,0,0,7,0,0.27,0.16,0.44,0.27,0.44,Matches,10,84,32,38.1,2.3,0.88,0.12,0.31,0,0,Matches,,,,,,,,,,,,,,,6,,,,,,Matches,,23,,,,,,,,,,,13,,,,Matches,,,,,,,,,,,,,,,,,,,,,Matches
2256,Merlin Röhl,de GER,MF,Everton,eng Premier League,23.0,2002.0,16,6,682.0,7.6,1,0,1,1,0,0,0,0,0.13,0.0,0.13,0.13,0.13,Matches,1,11,1,9.1,1.45,0.13,0.09,1.0,0,0,Matches,,,,,,,,,,,,,,,0,,,,,,Matches,,13,,,,,,,,,,,4,,,,Matches,,,,,,,,,,,,,,,,,,,,,Matches
2258,Alessio Romagnoli,it ITA,DF,Lazio,it Serie A,30.0,1995.0,32,31,2666.0,29.6,0,0,0,0,0,0,6,1,0.0,0.0,0.0,0.0,0.0,Matches,0,9,4,44.4,0.3,0.14,0.0,0.0,0,0,Matches,,,,,,,,,,,,,,,0,,,,,,Matches,,14,,,,,,,,,,,32,,,,Matches,,,,,,,,,,,,,,,,,,,,,Matches
2259,Leo Román,es ESP,GK,Mallorca,es La Liga,25.0,2000.0,33,33,2970.0,33.0,0,0,0,0,0,0,4,0,0.0,0.0,0.0,0.0,0.0,Matches,0,0,0,,0.0,0.0,,,0,0,Matches,,,,,,,,,,,,,,,0,,,,,,Matches,,1,,,,,,,,,,,1,,,,Matches,,,,,,,,,,,,,,,,,,,,,Matches
2260,Miguel Román,es ESP,MF,Celta Vigo,es La Liga,22.0,2002.0,19,14,1311.0,14.6,1,0,1,1,0,0,3,0,0.07,0.0,0.07,0.07,0.07,Matches,1,9,2,22.2,0.62,0.14,0.11,0.5,0,0,Matches,,,,,,,,,,,,,,,0,,,,,,Matches,,17,,,,,,,,,,,12,,,,Matches,,,,,,,,,,,,,,,,,,,,,Matches
2262,Carlos Romero,es ESP,DF,Espanyol,es La Liga,23.0,2001.0,36,36,3191.0,35.5,6,3,9,6,0,0,4,0,0.17,0.08,0.25,0.17,0.25,Matches,6,42,12,28.6,1.18,0.34,0.14,0.5,0,0,Matches,,,,,,,,,,,,,,,3,,,,,,Matches,,60,,,,,,,,,,,38,,,,Matches,,,,,,,,,,,,,,,,,,,,,Matches
2263,Cristian Romero,ar ARG,DF,Tottenham,eng Premier League,27.0,1998.0,23,22,1868.0,20.8,4,1,5,4,0,0,11,2,0.19,0.05,0.24,0.19,0.24,Matches,4,17,6,35.3,0.82,0.29,0.24,0.67,0,0,Matches,,,,,,,,,,,,,,,1,,,,,,Matches,,30,,,,,,,,,,,31,,,,Matches,,,,,,,,,,,,,,,,,,,,,Matches
2264,Isaac Romero,es ESP,"FW,MF",Sevilla,es La Liga,25.0,2000.0,29,18,1484.0,16.5,4,0,4,4,0,1,6,1,0.24,0.0,0.24,0.24,0.24,Matches,4,41,14,34.1,2.49,0.85,0.1,0.29,0,1,Matches,,,,,,,,,,,,,,,0,,,,,,Matches,,10,,,,,,,,,,,5,,,,Matches,,,,,,,,,,,,,,,,,,,,,Matches
2265,Iván Romero,es ESP,"FW,MF",Levante,es La Liga,24.0,2001.0,32,28,2259.0,25.1,7,1,8,7,0,1,5,0,0.28,0.04,0.32,0.28,0.32,Matches,7,59,18,30.5,2.35,0.72,0.12,0.39,0,1,Matches,,,,,,,,,,,,,,,1,,,,,,Matches,,22,,,,,,,,,,,12,,,,Matches,,,,,,,,,,,,,,,,,,,,,Matches
2266,Zaid Romero,ar ARG,DF,Getafe,es La Liga,25.0,1999.0,15,15,1349.0,15.0,1,0,1,1,0,0,5,1,0.07,0.0,0.07,0.07,0.07,Matches,1,10,2,20.0,0.67,0.13,0.1,0.5,0,0,Matches,,,,,,,,,,,,,,,0,,,,,,Matches,,23,,,,,,,,,,,28,,,,Matches,,,,,,,,,,,,,,,,,,,,,Matches
2267,Rômulo,br BRA,FW,RB Leipzig,de Bundesliga,23.0,2002.0,30,27,2188.0,24.3,9,4,13,9,0,1,3,0,0.37,0.16,0.53,0.37,0.53,Matches,9,63,27,42.9,2.59,1.11,0.14,0.33,0,1,Matches,,,,,,,,,,,,,,,4,,,,,,Matches,,19,,,,,,,,,,,11,,,,Matches,,,,,,,,,,,,,,,,,,,,,Matches
2268,Salomón Rondón,ve VEN,FW,Oviedo,es La Liga,35.0,1989.0,16,13,1032.0,11.5,2,0,2,2,0,1,2,0,0.17,0.0,0.17,0.17,0.17,Matches,2,24,5,20.8,2.09,0.44,0.08,0.4,0,1,Matches,,,,,,,,,,,,,,,0,,,,,,Matches,,0,,,,,,,,,,,1,,,,Matches,,,,,,,,,,,,,,,,,,,,,Matches
2269,Valentin Rongier,fr FRA,MF,Rennes,fr Ligue 1,30.0,1994.0,31,31,2745.0,30.5,2,5,7,2,0,0,6,0,0.07,0.16,0.23,0.07,0.23,Matches,2,22,10,45.5,0.72,0.33,0.09,0.2,0,0,Matches,,,,,,,,,,,,,,,5,,,,,,Matches,,48,,,,,,,,,,,36,,,,Matches,,,,,,,,,,,,,,,,,,,,,Matches
2270,Marten de Roon,nl NED,MF,Atalanta,it Serie A,34.0,1991.0,34,32,2691.0,29.9,1,2,3,1,0,0,8,1,0.03,0.07,0.1,0.03,0.1,Matches,1,16,4,25.0,0.54,0.13,0.06,0.25,0,0,Matches,,,,,,,,,,,,,,,2,,,,,,Matches,,44,,,,,,,,,,,26,,,,Matches,,,,,,,,,,,,,,,,,,,,,Matches
2272,Max Rosenfelder,de GER,DF,Freiburg,de Bundesliga,22.0,2003.0,12,5,492.0,5.5,0,0,0,0,0,0,0,0,0.0,0.0,0.0,0.0,0.0,Matches,0,1,0,0.0,0.18,0.0,0.0,,0,0,Matches,,,,,,,,,,,,,,,0,,,,,,Matches,,5,,,,,,,,,,,5,,,,Matches,,,,,,,,,,,,,,,,,,,,,Matches
2274,Valentin Rosier,fr FRA,"DF,MF",Osasuna,es La Liga,28.0,1996.0,31,30,2547.0,28.3,1,1,2,1,0,0,6,1,0.04,0.04,0.07,0.04,0.07,Matches,1,19,3,15.8,0.67,0.11,0.05,0.33,0,0,Matches,,,,,,,,,,,,,,,1,,,,,,Matches,,32,,,,,,,,,,,43,,,,Matches,,,,,,,,,,,,,,,,,,,,,Matches
2275,Tom Rothe,de GER,"MF,DF",Union Berlin,de Bundesliga,20.0,2004.0,21,10,1029.0,11.4,2,0,2,2,0,0,1,1,0.17,0.0,0.17,0.17,0.17,Matches,2,19,5,26.3,1.66,0.44,0.11,0.4,0,0,Matches,,,,,,,,,,,,,,,0,,,,,,Matches,,15,,,,,,,,,,,21,,,,Matches,,,,,,,,,,,,,,,,,,,,,Matches
2276,Anthony Rouault,fr FRA,DF,Rennes,fr Ligue 1,24.0,2001.0,21,19,1724.0,19.2,1,0,1,1,0,0,4,0,0.05,0.0,0.05,0.05,0.05,Matches,1,9,3,33.3,0.47,0.16,0.11,0.33,0,0,Matches,,,,,,,,,,,,,,,0,,,,,,Matches,,13,,,,,,,,,,,18,,,,Matches,,,,,,,,,,,,,,,,,,,,,Matches
2277,Nicolò Rovella,it ITA,MF,Lazio,it Serie A,23.0,2001.0,11,6,512.0,5.7,0,1,1,0,0,0,2,1,0.0,0.18,0.18,0.0,0.18,Matches,0,1,0,0.0,0.18,0.0,0.0,,0,0,Matches,,,,,,,,,,,,,,,1,,,,,,Matches,,10,,,,,,,,,,,9,,,,Matches,,,,,,,,,,,,,,,,,,,,,Matches
2278,Jonathan Rowe,eng ENG,"MF,FW",Bologna,it Serie A,22.0,2003.0,28,17,1605.0,17.8,3,2,5,3,0,0,2,0,0.17,0.11,0.28,0.17,0.28,Matches,3,48,17,35.4,2.69,0.95,0.06,0.18,0,0,Matches,,,,,,,,,,,,,,,2,,,,,,Matches,,14,,,,,,,,,,,9,,,,Matches,,,,,,,,,,,,,,,,,,,,,Matches
2281,Amir Rrahmani,xk KVX,DF,Napoli,it Serie A,31.0,1994.0,21,21,1795.0,19.9,2,1,3,2,0,0,2,0,0.1,0.05,0.15,0.1,0.15,Matches,2,15,4,26.7,0.75,0.2,0.13,0.5,0,0,Matches,,,,,,,,,,,,,,,1,,,,,,Matches,,12,,,,,,,,,,,22,,,,Matches,,,,,,,,,,,,,,,,,,,,,Matches
2282,Rubén,es ESP,"DF,MF",Espanyol,es La Liga,24.0,2001.0,21,8,812.0,9.0,0,1,1,0,0,0,2,0,0.0,0.11,0.11,0.0,0.11,Matches,0,8,1,12.5,0.89,0.11,0.0,0.0,0,0,Matches,,,,,,,,,,,,,,,1,,,,,,Matches,,10,,,,,,,,,,,10,,,,Matches,,,,,,,,,,,,,,,,,,,,,Matches
2283,Antonio Rüdiger,de GER,DF,Real Madrid,es La Liga,32.0,1993.0,18,16,1490.0,16.6,1,0,1,1,0,0,0,0,0.06,0.0,0.06,0.06,0.06,Matches,1,13,1,7.7,0.79,0.06,0.08,1.0,0,0,Matches,,,,,,,,,,,,,,,0,,,,,,Matches,,5,,,,,,,,,,,4,,,,Matches,,,,,,,,,,,,,,,,,,,,,Matches
2284,Javi Rueda,es ESP,MF,Celta Vigo,es La Liga,23.0,2002.0,26,16,1404.0,15.6,2,6,8,2,0,0,6,0,0.13,0.38,0.51,0.13,0.51,Matches,2,11,3,27.3,0.71,0.19,0.18,0.67,0,0,Matches,,,,,,,,,,,,,,,6,,,,,,Matches,,12,,,,,,,,,,,20,,,,Matches,,,,,,,,,,,,,,,,,,,,,Matches
2287,Matteo Ruggeri,it ITA,DF,Atlético Madrid,es La Liga,23.0,2002.0,26,20,1774.0,19.7,0,3,3,0,0,0,4,0,0.0,0.15,0.15,0.0,0.15,Matches,0,5,2,40.0,0.25,0.1,0.0,0.0,0,0,Matches,,,,,,,,,,,,,,,3,,,,,,Matches,,23,,,,,,,,,,,20,,,,Matches,,,,,,,,,,,,,,,,,,,,,Matches
2288,Aitor Ruibal,es ESP,"DF,MF",Real Betis,es La Liga,29.0,1996.0,27,20,1808.0,20.1,4,2,6,4,0,0,6,1,0.2,0.1,0.3,0.2,0.3,Matches,4,31,12,38.7,1.54,0.6,0.13,0.33,0,0,Matches,,,,,,,,,,,,,,,2,,,,,,Matches,,32,,,,,,,,,,,20,,,,Matches,,,,,,,,,,,,,,,,,,,,,Matches
2290,Fabián Ruiz Peña,es ESP,MF,PSG,fr Ligue 1,29.0,1996.0,20,13,1131.0,12.6,1,4,5,1,0,0,2,0,0.08,0.32,0.4,0.08,0.4,Matches,1,19,4,21.1,1.51,0.32,0.05,0.25,0,0,Matches,,,,,,,,,,,,,,,4,,,,,,Matches,,11,,,,,,,,,,,17,,,,Matches,,,,,,,,,,,,,,,,,,,,,Matches
2291,Gerónimo Rulli,ar ARG,GK,Marseille,fr Ligue 1,33.0,1992.0,29,29,2610.0,29.0,0,0,0,0,0,0,3,0,0.0,0.0,0.0,0.0,0.0,Matches,0,1,0,0.0,0.03,0.0,0.0,,0,0,Matches,,,,,,,,,,,,,,,0,,,,,,Matches,,0,,,,,,,,,,,0,,,,Matches,,,,,,,,,,,,,,,,,,,,,Matches
2293,Jacen Russell-Rowe,ca CAN,FW,Toulouse,fr Ligue 1,22.0,2002.0,13,5,472.0,5.2,1,0,1,1,0,0,0,0,0.19,0.0,0.19,0.19,0.19,Matches,1,11,4,36.4,2.1,0.76,0.09,0.25,0,0,Matches,,,,,,,,,,,,,,,0,,,,,,Matches,,3,,,,,,,,,,,1,,,,Matches,,,,,,,,,,,,,,,,,,,,,Matches
2294,Georginio Rutter,fr FRA,"MF,FW",Brighton,eng Premier League,23.0,2002.0,32,20,1786.0,19.8,3,3,6,3,0,0,2,0,0.15,0.15,0.3,0.15,0.3,Matches,3,42,14,33.3,2.12,0.71,0.07,0.21,0,0,Matches,,,,,,,,,,,,,,,3,,,,,,Matches,,19,,,,,,,,,,,11,,,,Matches,,,,,,,,,,,,,,,,,,,,,Matches
2295,Mathew Ryan,au AUS,GK,Levante,es La Liga,33.0,1992.0,36,36,3240.0,36.0,0,0,0,0,0,0,4,0,0.0,0.0,0.0,0.0,0.0,Matches,0,2,0,0.0,0.06,0.0,0.0,,0,0,Matches,,,,,,,,,,,,,,,0,,,,,,Matches,,1,,,,,,,,,,,1,,,,Matches,,,,,,,,,,,,,,,,,,,,,Matches
2296,Julian Ryerson,no NOR,MF,Dortmund,de Bundesliga,27.0,1997.0,31,26,2266.0,25.2,0,15,15,0,0,0,8,0,0.0,0.6,0.6,0.0,0.6,Matches,0,12,1,8.3,0.48,0.04,0.0,0.0,0,0,Matches,,,,,,,,,,,,,,,15,,,,,,Matches,,21,,,,,,,,,,,12,,,,Matches,,,,,,,,,,,,,,,,,,,,,Matches
2297,Frederik Rønnow,dk DEN,GK,Union Berlin,de Bundesliga,32.0,1992.0,30,30,2640.0,29.3,0,0,0,0,0,0,2,0,0.0,0.0,0.0,0.0,0.0,Matches,0,0,0,,0.0,0.0,,,0,0,Matches,,,,,,,,,,,,,,,0,,,,,,Matches,,1,,,,,,,,,,,1,,,,Matches,,,,,,,,,,,,,,,,,,,,,Matches
2299,José Sá,pt POR,GK,Wolves,eng Premier League,32.0,1993.0,23,23,2070.0,23.0,0,0,0,0,0,0,2,0,0.0,0.0,0.0,0.0,0.0,Matches,0,0,0,,0.0,0.0,,,0,0,Matches,,,,,,,,,,,,,,,0,,,,,,Matches,,0,,,,,,,,,,,0,,,,Matches,,,,,,,,,,,,,,,,,,,,,Matches
2300,Elias Saad,tn TUN,"MF,FW",Augsburg,de Bundesliga,25.0,1999.0,10,7,497.0,5.5,0,0,0,0,0,0,1,0,0.0,0.0,0.0,0.0,0.0,Matches,0,6,3,50.0,1.09,0.54,0.0,0.0,0,0,Matches,,,,,,,,,,,,,,,0,,,,,,Matches,,8,,,,,,,,,,,1,,,,Matches,,,,,,,,,,,,,,,,,,,,,Matches
2302,Stefano Sabelli,it ITA,"MF,DF",Genoa,it Serie A,32.0,1993.0,16,12,913.0,10.1,0,0,0,0,0,0,0,0,0.0,0.0,0.0,0.0,0.0,Matches,0,8,0,0.0,0.79,0.0,0.0,,0,0,Matches,,,,,,,,,,,,,,,0,,,,,,Matches,,14,,,,,,,,,,,3,,,,Matches,,,,,,,,,,,,,,,,,,,,,Matches
2304,Marcel Sabitzer,at AUT,MF,Dortmund,de Bundesliga,31.0,1994.0,26,21,1817.0,20.2,1,2,3,1,0,0,3,0,0.05,0.1,0.15,0.05,0.15,Matches,1,20,4,20.0,0.99,0.2,0.05,0.25,0,0,Matches,,,,,,,,,,,,,,,2,,,,,,Matches,,19,,,,,,,,,,,20,,,,Matches,,,,,,,,,,,,,,,,,,,,,Matches
2305,Noah Sadiki,cd COD,MF,Sunderland,eng Premier League,20.0,2004.0,33,33,2889.0,32.1,0,1,1,0,0,0,9,0,0.0,0.03,0.03,0.0,0.03,Matches,0,19,5,26.3,0.59,0.16,0.0,0.0,0,0,Matches,,,,,,,,,,,,,,,1,,,,,,Matches,,26,,,,,,,,,,,33,,,,Matches,,,,,,,,,,,,,,,,,,,,,Matches
2306,Umar Sadiq,ng NGA,FW,Valencia,es La Liga,28.0,1997.0,20,8,911.0,10.1,4,2,6,4,0,0,3,0,0.4,0.2,0.59,0.4,0.59,Matches,4,25,10,40.0,2.47,0.99,0.16,0.4,0,0,Matches,,,,,,,,,,,,,,,2,,,,,,Matches,,5,,,,,,,,,,,1,,,,Matches,,,,,,,,,,,,,,,,,,,,,Matches
2308,Alexis Saelemaekers,be BEL,MF,Milan,it Serie A,26.0,1999.0,35,33,2788.0,31.0,3,3,6,3,0,0,5,0,0.1,0.1,0.19,0.1,0.19,Matches,3,43,11,25.6,1.39,0.36,0.07,0.27,0,0,Matches,,,,,,,,,,,,,,,3,,,,,,Matches,,38,,,,,,,,,,,30,,,,Matches,,,,,,,,,,,,,,,,,,,,,Matches
2309,Matvei Safonov,ru RUS,GK,PSG,fr Ligue 1,26.0,1999.0,15,15,1350.0,15.0,0,0,0,0,0,0,0,0,0.0,0.0,0.0,0.0,0.0,Matches,0,0,0,,0.0,0.0,,,0,0,Matches,,,,,,,,,,,,,,,0,,,,,,Matches,,0,,,,,,,,,,,0,,,,Matches,,,,,,,,,,,,,,,,,,,,,Matches
2311,Osame Sahraoui,ma MAR,MF,Lille,fr Ligue 1,24.0,2001.0,18,4,505.0,5.6,1,2,3,1,0,0,0,0,0.18,0.36,0.53,0.18,0.53,Matches,1,12,4,33.3,2.14,0.71,0.08,0.25,0,0,Matches,,,,,,,,,,,,,,,2,,,,,,Matches,,3,,,,,,,,,,,4,,,,Matches,,,,,,,,,,,,,,,,,,,,,Matches
2312,Wesley Saïd,fr FRA,MF,Lens,fr Ligue 1,30.0,1995.0,29,26,1991.0,22.1,12,2,14,11,1,1,2,0,0.54,0.09,0.63,0.5,0.59,Matches,12,60,27,45.0,2.71,1.22,0.2,0.44,1,1,Matches,,,,,,,,,,,,,,,2,,,,,,Matches,,15,,,,,,,,,,,9,,,,Matches,,,,,,,,,,,,,,,,,,,,,Matches
2314,Bukayo Saka,eng ENG,"FW,MF",Arsenal,eng Premier League,23.0,2001.0,31,25,2222.0,24.7,7,5,12,6,1,1,2,0,0.28,0.2,0.49,0.24,0.45,Matches,7,71,27,38.0,2.88,1.09,0.1,0.26,1,1,Matches,,,,,,,,,,,,,,,5,,,,,,Matches,,19,,,,,,,,,,,16,,,,Matches,,,,,,,,,,,,,,,,,,,,,Matches
2318,Mohamed Salah,eg EGY,MF,Liverpool,eng Premier League,33.0,1992.0,27,23,2146.0,23.8,7,7,14,6,1,1,1,0,0.29,0.29,0.59,0.25,0.55,Matches,7,68,19,27.9,2.85,0.8,0.1,0.37,1,1,Matches,,,,,,,,,,,,,,,7,,,,,,Matches,,12,,,,,,,,,,,3,,,,Matches,,,,,,,,,,,,,,,,,,,,,Matches
2320,Kike Salas,es ESP,DF,Sevilla,es La Liga,23.0,2002.0,26,24,2203.0,24.5,2,0,2,2,0,0,1,0,0.08,0.0,0.08,0.08,0.08,Matches,2,19,8,42.1,0.78,0.33,0.11,0.25,0,0,Matches,,,,,,,,,,,,,,,0,,,,,,Matches,,35,,,,,,,,,,,37,,,,Matches,,,,,,,,,,,,,,,,,,,,,Matches
2321,Manolis Saliakas,gr GRE,MF,St Pauli,de Bundesliga,28.0,1996.0,17,12,1106.0,12.3,1,3,4,1,0,0,3,0,0.08,0.24,0.33,0.08,0.33,Matches,1,16,3,18.8,1.3,0.24,0.06,0.33,0,0,Matches,,,,,,,,,,,,,,,3,,,,,,Matches,,20,,,,,,,,,,,13,,,,Matches,,,,,,,,,,,,,,,,,,,,,Matches
2322,William Saliba,fr FRA,DF,Arsenal,eng Premier League,24.0,2001.0,31,30,2614.0,29.0,1,0,1,1,0,0,2,0,0.03,0.0,0.03,0.03,0.03,Matches,1,5,1,20.0,0.17,0.03,0.2,1.0,0,0,Matches,,,,,,,,,,,,,,,0,,,,,,Matches,,23,,,,,,,,,,,15,,,,Matches,,,,,,,,,,,,,,,,,,,,,Matches
2324,Mohammed Salisu,gh GHA,DF,Monaco,fr Ligue 1,26.0,1999.0,12,12,1080.0,12.0,1,0,1,1,0,0,3,0,0.08,0.0,0.08,0.08,0.08,Matches,1,8,2,25.0,0.67,0.17,0.13,0.5,0,0,Matches,,,,,,,,,,,,,,,0,,,,,,Matches,,11,,,,,,,,,,,19,,,,Matches,,,,,,,,,,,,,,,,,,,,,Matches
2325,Lazar Samardzic,rs SRB,MF,Atalanta,it Serie A,23.0,2002.0,26,11,1030.0,11.4,2,1,3,2,0,0,1,0,0.17,0.09,0.26,0.17,0.26,Matches,2,25,9,36.0,2.18,0.79,0.08,0.22,0,0,Matches,,,,,,,,,,,,,,,1,,,,,,Matches,,8,,,,,,,,,,,10,,,,Matches,,,,,,,,,,,,,,,,,,,,,Matches
2326,Mbwana Samatta,tz TAN,FW,Le Havre,fr Ligue 1,32.0,1992.0,27,17,1542.0,17.1,2,1,3,2,0,0,4,0,0.12,0.06,0.18,0.12,0.18,Matches,2,42,16,38.1,2.45,0.93,0.05,0.13,0,0,Matches,,,,,,,,,,,,,,,1,,,,,,Matches,,6,,,,,,,,,,,4,,,,Matches,,,,,,,,,,,,,,,,,,,,,Matches
2327,Mama Samba Baldé,gw GNB,"FW,MF",Brest,fr Ligue 1,29.0,1995.0,18,8,716.0,8.0,2,2,4,2,0,0,0,0,0.25,0.25,0.5,0.25,0.5,Matches,2,31,5,16.1,3.9,0.63,0.06,0.4,0,0,Matches,,,,,,,,,,,,,,,2,,,,,,Matches,,7,,,,,,,,,,,5,,,,Matches,,,,,,,,,,,,,,,,,,,,,Matches
2328,Brice Samba,fr FRA,GK,Rennes,fr Ligue 1,31.0,1994.0,32,32,2880.0,32.0,0,0,0,0,0,0,5,0,0.0,0.0,0.0,0.0,0.0,Matches,0,0,0,,0.0,0.0,,,0,0,Matches,,,,,,,,,,,,,,,0,,,,,,Matches,,1,,,,,,,,,,,0,,,,Matches,,,,,,,,,,,,,,,,,,,,,Matches
2329,Albert Sambi Lokonga,be BEL,MF,Hamburger SV,de Bundesliga,25.0,1999.0,26,20,1710.0,19.0,5,0,5,5,0,0,3,0,0.26,0.0,0.26,0.26,0.26,Matches,5,19,11,57.9,1.0,0.58,0.26,0.45,0,0,Matches,,,,,,,,,,,,,,,0,,,,,,Matches,,13,,,,,,,,,,,13,,,,Matches,,,,,,,,,,,,,,,,,,,,,Matches
2330,Antonio Sanabria,py PAR,FW,Cremonese,it Serie A,29.0,1996.0,25,10,945.0,10.5,1,1,2,1,0,0,2,0,0.1,0.1,0.19,0.1,0.19,Matches,1,12,4,33.3,1.14,0.38,0.08,0.25,0,0,Matches,,,,,,,,,,,,,,,1,,,,,,Matches,,2,,,,,,,,,,,1,,,,Matches,,,,,,,,,,,,,,,,,,,,,Matches
2331,Oihan Sancet,es ESP,MF,Athletic Club,es La Liga,25.0,2000.0,28,22,1788.0,19.9,4,0,4,2,2,2,4,1,0.2,0.0,0.2,0.1,0.1,Matches,4,48,15,31.3,2.42,0.76,0.08,0.27,2,2,Matches,,,,,,,,,,,,,,,0,,,,,,Matches,,14,,,,,,,,,,,3,,,,Matches,,,,,,,,,,,,,,,,,,,,,Matches
2333,Alexis Sánchez,cl CHI,"FW,MF",Sevilla,es La Liga,36.0,1988.0,28,11,1308.0,14.5,4,2,6,3,1,1,3,0,0.28,0.14,0.41,0.21,0.34,Matches,4,25,9,36.0,1.72,0.62,0.16,0.44,1,1,Matches,,,,,,,,,,,,,,,2,,,,,,Matches,,13,,,,,,,,,,,7,,,,Matches,,,,,,,,,,,,,,,,,,,,,Matches
2334,Antonio Sánchez,es ESP,"MF,DF",Mallorca,es La Liga,28.0,1997.0,30,9,1073.0,11.9,0,0,0,0,0,0,5,1,0.0,0.0,0.0,0.0,0.0,Matches,0,6,3,50.0,0.5,0.25,0.0,0.0,0,0,Matches,,,,,,,,,,,,,,,0,,,,,,Matches,,12,,,,,,,,,,,16,,,,Matches,,,,,,,,,,,,,,,,,,,,,Matches
2335,Juanlu Sánchez,es ESP,"MF,DF",Sevilla,es La Liga,21.0,2003.0,32,23,1990.0,22.1,0,3,3,0,0,0,6,1,0.0,0.14,0.14,0.0,0.14,Matches,0,14,1,7.1,0.63,0.05,0.0,0.0,0,0,Matches,,,,,,,,,,,,,,,3,,,,,,Matches,,42,,,,,,,,,,,11,,,,Matches,,,,,,,,,,,,,,,,,,,,,Matches
2337,Manu Sánchez,es ESP,DF,Levante,es La Liga,24.0,2000.0,33,31,2814.0,31.3,1,2,3,1,0,0,8,0,0.03,0.06,0.1,0.03,0.1,Matches,1,13,4,30.8,0.42,0.13,0.08,0.25,0,0,Matches,,,,,,,,,,,,,,,2,,,,,,Matches,,54,,,,,,,,,,,35,,,,Matches,,,,,,,,,,,,,,,,,,,,,Matches
2338,Robert Sánchez,es ESP,GK,Chelsea,eng Premier League,27.0,1997.0,35,35,3039.0,33.8,0,1,1,0,0,0,3,1,0.0,0.03,0.03,0.0,0.03,Matches,0,0,0,,0.0,0.0,,,0,0,Matches,,,,,,,,,,,,,,,1,,,,,,Matches,,0,,,,,,,,,,,1,,,,Matches,,,,,,,,,,,,,,,,,,,,,Matches
2340,Jadon Sancho,eng ENG,MF,Aston Villa,eng Premier League,25.0,2000.0,23,9,876.0,9.7,0,2,2,0,0,0,0,0,0.0,0.21,0.21,0.0,0.21,Matches,0,10,3,30.0,1.03,0.31,0.0,0.0,0,0,Matches,,,,,,,,,,,,,,,2,,,,,,Matches,,2,,,,,,,,,,,2,,,,Matches,,,,,,,,,,,,,,,,,,,,,Matches
2341,Álex Sancris,es ESP,"MF,FW",Getafe,es La Liga,28.0,1997.0,18,5,708.0,7.9,0,1,1,0,0,0,4,1,0.0,0.13,0.13,0.0,0.13,Matches,0,13,5,38.5,1.65,0.64,0.0,0.0,0,0,Matches,,,,,,,,,,,,,,,1,,,,,,Matches,,5,,,,,,,,,,,2,,,,Matches,,,,,,,,,,,,,,,,,,,,,Matches
2342,Philipp Sander,de GER,"DF,MF",Gladbach,de Bundesliga,27.0,1998.0,30,29,2445.0,27.2,2,0,2,2,0,0,4,0,0.07,0.0,0.07,0.07,0.07,Matches,2,25,8,32.0,0.92,0.29,0.08,0.25,0,0,Matches,,,,,,,,,,,,,,,0,,,,,,Matches,,42,,,,,,,,,,,50,,,,Matches,,,,,,,,,,,,,,,,,,,,,Matches
2343,James Sands,us USA,MF,St Pauli,de Bundesliga,25.0,2000.0,24,23,1934.0,21.5,1,0,1,1,0,0,4,0,0.05,0.0,0.05,0.05,0.05,Matches,1,16,4,25.0,0.74,0.19,0.06,0.25,0,0,Matches,,,,,,,,,,,,,,,0,,,,,,Matches,,23,,,,,,,,,,,41,,,,Matches,,,,,,,,,,,,,,,,,,,,,Matches
2344,Ibou Sané,sn SEN,"FW,MF",Metz,fr Ligue 1,20.0,2005.0,16,5,541.0,6.0,1,1,2,1,0,0,2,0,0.17,0.17,0.33,0.17,0.33,Matches,1,6,3,50.0,1.0,0.5,0.17,0.33,0,0,Matches,,,,,,,,,,,,,,,1,,,,,,Matches,,3,,,,,,,,,,,1,,,,Matches,,,,,,,,,,,,,,,,,,,,,Matches
2345,Sadibou Sané,sn SEN,DF,Metz,fr Ligue 1,21.0,2004.0,23,22,1940.0,21.6,2,1,3,2,0,0,5,2,0.09,0.05,0.14,0.09,0.14,Matches,2,6,2,33.3,0.28,0.09,0.33,1.0,0,0,Matches,,,,,,,,,,,,,,,1,,,,,,Matches,,34,,,,,,,,,,,39,,,,Matches,,,,,,,,,,,,,,,,,,,,,Matches
2346,Arouna Sangante,sn SEN,DF,Le Havre,fr Ligue 1,23.0,2002.0,28,28,2324.0,25.8,1,1,2,1,0,0,4,2,0.04,0.04,0.08,0.04,0.08,Matches,1,9,5,55.6,0.35,0.19,0.11,0.2,0,0,Matches,,,,,,,,,,,,,,,1,,,,,,Matches,,25,,,,,,,,,,,36,,,,Matches,,,,,,,,,,,,,,,,,,,,,Matches
2347,Buba Sangaré,es ESP,"DF,MF",Elche,es La Liga,17.0,2007.0,12,8,538.0,6.0,0,0,0,0,0,0,3,0,0.0,0.0,0.0,0.0,0.0,Matches,0,2,0,0.0,0.33,0.0,0.0,,0,0,Matches,,,,,,,,,,,,,,,0,,,,,,Matches,,12,,,,,,,,,,,8,,,,Matches,,,,,,,,,,,,,,,,,,,,,Matches
2348,Ibrahim Sangaré,ci CIV,MF,Nottingham,eng Premier League,27.0,1997.0,28,25,2075.0,23.1,2,2,4,2,0,0,5,0,0.09,0.09,0.17,0.09,0.17,Matches,2,16,5,31.3,0.69,0.22,0.13,0.4,0,0,Matches,,,,,,,,,,,,,,,2,,,,,,Matches,,32,,,,,,,,,,,22,,,,Matches,,,,,,,,,,,,,,,,,,,,,Matches
2349,Mamadou Sangare,ml MLI,MF,Lens,fr Ligue 1,23.0,2002.0,29,27,2323.0,25.8,3,4,7,3,0,0,5,0,0.12,0.15,0.27,0.12,0.27,Matches,3,53,14,26.4,2.05,0.54,0.06,0.21,0,0,Matches,,,,,,,,,,,,,,,4,,,,,,Matches,,54,,,,,,,,,,,40,,,,Matches,,,,,,,,,,,,,,,,,,,,,Matches
2350,Nhoa Sangui,fr FRA,DF,Paris FC,fr Ligue 1,19.0,2006.0,26,18,1737.0,19.3,0,0,0,0,0,0,0,0,0.0,0.0,0.0,0.0,0.0,Matches,0,4,1,25.0,0.21,0.05,0.0,0.0,0,0,Matches,,,,,,,,,,,,,,,0,,,,,,Matches,,14,,,,,,,,,,,21,,,,Matches,,,,,,,,,,,,,,,,,,,,,Matches
2352,Kaishū Sano,jp JPN,MF,Mainz 05,de Bundesliga,24.0,2000.0,34,34,3059.0,34.0,1,2,3,1,0,0,1,0,0.03,0.06,0.09,0.03,0.09,Matches,1,24,6,25.0,0.71,0.18,0.04,0.17,0,0,Matches,,,,,,,,,,,,,,,2,,,,,,Matches,,31,,,,,,,,,,,67,,,,Matches,,,,,,,,,,,,,,,,,,,,,Matches
2353,Morgan Sanson,fr FRA,MF,Nice,fr Ligue 1,30.0,1994.0,31,20,1772.0,19.7,0,2,2,0,0,0,4,0,0.0,0.1,0.1,0.0,0.1,Matches,0,19,4,21.1,0.97,0.2,0.0,0.0,0,0,Matches,,,,,,,,,,,,,,,2,,,,,,Matches,,25,,,,,,,,,,,24,,,,Matches,,,,,,,,,,,,,,,,,,,,,Matches
2354,Baptiste Santamaria,fr FRA,MF,Valencia,es La Liga,30.0,1995.0,19,7,754.0,8.4,1,1,2,1,0,0,2,0,0.12,0.12,0.24,0.12,0.24,Matches,1,6,2,33.3,0.72,0.24,0.17,0.5,0,0,Matches,,,,,,,,,,,,,,,1,,,,,,Matches,,5,,,,,,,,,,,8,,,,Matches,,,,,,,,,,,,,,,,,,,,,Matches
2357,Alisson Santos,br BRA,"MF,FW",Napoli,it Serie A,22.0,2002.0,14,9,834.0,9.3,4,0,4,4,0,0,1,0,0.43,0.0,0.43,0.43,0.43,Matches,4,29,16,55.2,3.13,1.73,0.14,0.25,0,0,Matches,,,,,,,,,,,,,,,0,,,,,,Matches,,8,,,,,,,,,,,2,,,,Matches,,,,,,,,,,,,,,,,,,,,,Matches
2358,Andrey Santos,br BRA,MF,Chelsea,eng Premier League,21.0,2004.0,27,13,1260.0,14.0,1,0,1,1,0,0,4,0,0.07,0.0,0.07,0.07,0.07,Matches,1,11,2,18.2,0.79,0.14,0.09,0.5,0,0,Matches,,,,,,,,,,,,,,,0,,,,,,Matches,,21,,,,,,,,,,,18,,,,Matches,,,,,,,,,,,,,,,,,,,,,Matches
2359,Kauã Santos,br BRA,GK,Frankfurt,de Bundesliga,22.0,2003.0,13,13,1084.0,12.0,0,0,0,0,0,0,0,0,0.0,0.0,0.0,0.0,0.0,Matches,0,0,0,,0.0,0.0,,,0,0,Matches,,,,,,,,,,,,,,,0,,,,,,Matches,,1,,,,,,,,,,,0,,,,Matches,,,,,,,,,,,,,,,,,,,,,Matches
2360,Tiago Santos,pt POR,DF,Lille,fr Ligue 1,23.0,2002.0,15,8,709.0,7.9,0,0,0,0,0,0,0,0,0.0,0.0,0.0,0.0,0.0,Matches,0,9,0,0.0,1.14,0.0,0.0,,0,0,Matches,,,,,,,,,,,,,,,0,,,,,,Matches,,8,,,,,,,,,,,5,,,,Matches,,,,,,,,,,,,,,,,,,,,,Matches
2366,Amin Sarr,se SWE,"FW,MF",Hellas Verona,it Serie A,24.0,2001.0,34,9,1102.0,12.2,0,1,1,0,0,0,2,1,0.0,0.08,0.08,0.0,0.08,Matches,0,19,6,31.6,1.55,0.49,0.0,0.0,0,0,Matches,,,,,,,,,,,,,,,1,,,,,,Matches,,9,,,,,,,,,,,4,,,,Matches,,,,,,,,,,,,,,,,,,,,,Matches
2367,Bouna Sarr,sn SEN,"MF,DF",Metz,fr Ligue 1,33.0,1992.0,12,10,895.0,9.9,0,0,0,0,0,0,1,0,0.0,0.0,0.0,0.0,0.0,Matches,0,15,3,20.0,1.51,0.3,0.0,0.0,0,0,Matches,,,,,,,,,,,,,,,0,,,,,,Matches,,13,,,,,,,,,,,11,,,,Matches,,,,,,,,,,,,,,,,,,,,,Matches
2368,Ismaila Sarr,sn SEN,MF,Crystal Palace,eng Premier League,27.0,1998.0,28,24,2174.0,24.2,9,1,10,6,3,3,2,0,0.37,0.04,0.41,0.25,0.29,Matches,9,48,21,43.8,1.99,0.87,0.19,0.43,3,3,Matches,,,,,,,,,,,,,,,1,,,,,,Matches,,9,,,,,,,,,,,7,,,,Matches,,,,,,,,,,,,,,,,,,,,,Matches
2369,Malang Sarr,fr FRA,DF,Lens,fr Ligue 1,26.0,1999.0,33,33,2925.0,32.5,0,1,1,0,0,0,4,0,0.0,0.03,0.03,0.0,0.03,Matches,0,23,5,21.7,0.71,0.15,0.0,0.0,0,0,Matches,,,,,,,,,,,,,,,1,,,,,,Matches,,44,,,,,,,,,,,76,,,,Matches,,,,,,,,,,,,,,,,,,,,,Matches
2370,Mamadou Sarr,sn SEN,DF,Strasbourg,fr Ligue 1,19.0,2005.0,15,15,1305.0,14.5,0,0,0,0,0,0,3,0,0.0,0.0,0.0,0.0,0.0,Matches,0,1,0,0.0,0.07,0.0,0.0,,0,0,Matches,,,,,,,,,,,,,,,0,,,,,,Matches,,13,,,,,,,,,,,5,,,,Matches,,,,,,,,,,,,,,,,,,,,,Matches
2372,Martin Satriano,uy URU,"FW,MF",Getafe,es La Liga,24.0,2001.0,18,18,1603.0,17.8,6,1,7,6,0,0,5,0,0.34,0.06,0.39,0.34,0.39,Matches,6,35,14,40.0,1.97,0.79,0.17,0.43,0,0,Matches,,,,,,,,,,,,,,,1,,,,,,Matches,,13,,,,,,,,,,,9,,,,Matches,,,,,,,,,,,,,,,,,,,,,Matches
2373,Martin Satriano,uy URU,FW,Lyon,fr Ligue 1,24.0,2001.0,11,8,692.0,7.7,2,1,3,2,0,0,1,0,0.26,0.13,0.39,0.26,0.39,Matches,2,16,7,43.8,2.08,0.91,0.13,0.29,0,0,Matches,,,,,,,,,,,,,,,1,,,,,,Matches,,3,,,,,,,,,,,5,,,,Matches,,,,,,,,,,,,,,,,,,,,,Matches
2374,Mario Sauer,sk SVK,MF,Toulouse,fr Ligue 1,21.0,2004.0,25,6,651.0,7.2,1,0,1,1,0,0,4,0,0.14,0.0,0.14,0.14,0.14,Matches,1,14,3,21.4,1.94,0.41,0.07,0.33,0,0,Matches,,,,,,,,,,,,,,,0,,,,,,Matches,,6,,,,,,,,,,,10,,,,Matches,,,,,,,,,,,,,,,,,,,,,Matches
2375,Razvan Sava,ro ROU,GK,Udinese,it Serie A,23.0,2002.0,7,6,620.0,6.9,0,0,0,0,0,0,1,0,0.0,0.0,0.0,0.0,0.0,Matches,0,0,0,,0.0,0.0,,,0,0,Matches,,,,,,,,,,,,,,,0,,,,,,Matches,,0,,,,,,,,,,,0,,,,Matches,,,,,,,,,,,,,,,,,,,,,Matches
2376,Sávio,br BRA,MF,Manchester City,eng Premier League,21.0,2004.0,24,7,833.0,9.3,1,1,2,1,0,0,2,0,0.11,0.11,0.22,0.11,0.22,Matches,1,20,11,55.0,2.16,1.19,0.05,0.09,0,0,Matches,,,,,,,,,,,,,,,1,,,,,,Matches,,5,,,,,,,,,,,5,,,,Matches,,,,,,,,,,,,,,,,,,,,,Matches
2377,Nicolò Savona,it ITA,DF,Nottingham,eng Premier League,22.0,2003.0,14,11,1028.0,11.4,2,0,2,2,0,0,2,0,0.18,0.0,0.18,0.18,0.18,Matches,2,5,3,60.0,0.44,0.26,0.4,0.67,0,0,Matches,,,,,,,,,,,,,,,0,,,,,,Matches,,12,,,,,,,,,,,5,,,,Matches,,,,,,,,,,,,,,,,,,,,,Matches
2378,Amine Sbai,ma MAR,"MF,FW",Angers,fr Ligue 1,24.0,2000.0,25,23,1818.0,20.2,3,1,4,3,0,1,3,1,0.15,0.05,0.2,0.15,0.2,Matches,3,34,16,47.1,1.68,0.79,0.09,0.19,0,1,Matches,,,,,,,,,,,,,,,1,,,,,,Matches,,10,,,,,,,,,,,4,,,,Matches,,,,,,,,,,,,,,,,,,,,,Matches
2379,Joe Scally,us USA,"DF,MF",Gladbach,de Bundesliga,22.0,2002.0,32,29,2608.0,29.0,2,3,5,2,0,0,8,0,0.07,0.1,0.17,0.07,0.17,Matches,2,16,10,62.5,0.55,0.35,0.13,0.2,0,0,Matches,,,,,,,,,,,,,,,3,,,,,,Matches,,27,,,,,,,,,,,18,,,,Matches,,,,,,,,,,,,,,,,,,,,,Matches
2380,Giorgio Scalvini,it ITA,DF,Atalanta,it Serie A,21.0,2003.0,24,23,1808.0,20.1,3,1,4,3,0,0,2,0,0.15,0.05,0.2,0.15,0.2,Matches,3,20,6,30.0,1.0,0.3,0.15,0.5,0,0,Matches,,,,,,,,,,,,,,,1,,,,,,Matches,,23,,,,,,,,,,,38,,,,Matches,,,,,,,,,,,,,,,,,,,,,Matches
2381,Gianluca Scamacca,it ITA,FW,Atalanta,it Serie A,26.0,1999.0,24,16,1315.0,14.6,10,1,11,8,2,2,2,0,0.68,0.07,0.75,0.55,0.62,Matches,10,57,22,38.6,3.9,1.51,0.18,0.45,2,2,Matches,,,,,,,,,,,,,,,1,,,,,,Matches,,5,,,,,,,,,,,3,,,,Matches,,,,,,,,,,,,,,,,,,,,,Matches
2382,Oliver Scarles,eng ENG,"DF,MF",West Ham,eng Premier League,19.0,2005.0,13,9,659.0,7.3,0,0,0,0,0,0,2,0,0.0,0.0,0.0,0.0,0.0,Matches,0,3,0,0.0,0.41,0.0,0.0,,0,0,Matches,,,,,,,,,,,,,,,0,,,,,,Matches,,19,,,,,,,,,,,13,,,,Matches,,,,,,,,,,,,,,,,,,,,,Matches
2384,Kevin Schade,de GER,"MF,FW",Brentford,eng Premier League,23.0,2001.0,35,32,2745.0,30.5,8,3,11,8,0,1,6,1,0.26,0.1,0.36,0.26,0.36,Matches,8,57,24,42.1,1.87,0.79,0.14,0.33,0,1,Matches,,,,,,,,,,,,,,,3,,,,,,Matches,,27,,,,,,,,,,,19,,,,Matches,,,,,,,,,,,,,,,,,,,,,Matches
2385,András Schäfer,hu HUN,MF,Union Berlin,de Bundesliga,26.0,1999.0,28,16,1421.0,15.8,2,1,3,2,0,0,2,1,0.13,0.06,0.19,0.13,0.19,Matches,2,27,10,37.0,1.71,0.63,0.07,0.2,0,0,Matches,,,,,,,,,,,,,,,1,,,,,,Matches,,22,,,,,,,,,,,20,,,,Matches,,,,,,,,,,,,,,,,,,,,,Matches
2386,Fabian Schär,ch SUI,DF,Newcastle,eng Premier League,33.0,1991.0,16,11,1091.0,12.1,0,0,0,0,0,0,1,0,0.0,0.0,0.0,0.0,0.0,Matches,0,17,4,23.5,1.4,0.33,0.0,0.0,0,0,Matches,,,,,,,,,,,,,,,0,,,,,,Matches,,9,,,,,,,,,,,16,,,,Matches,,,,,,,,,,,,,,,,,,,,,Matches
2388,Derry Scherhant,de GER,MF,Freiburg,de Bundesliga,22.0,2002.0,31,12,1301.0,14.5,5,1,6,5,0,0,2,0,0.35,0.07,0.42,0.35,0.42,Matches,5,36,13,36.1,2.49,0.9,0.14,0.38,0,0,Matches,,,,,,,,,,,,,,,1,,,,,,Matches,,9,,,,,,,,,,,7,,,,Matches,,,,,,,,,,,,,,,,,,,,,Matches
2389,Patrik Schick,cz CZE,FW,Leverkusen,de Bundesliga,29.0,1996.0,28,23,1988.0,22.1,16,3,19,12,4,5,2,0,0.72,0.14,0.86,0.54,0.68,Matches,16,72,34,47.2,3.26,1.54,0.22,0.47,4,5,Matches,,,,,,,,,,,,,,,3,,,,,,Matches,,4,,,,,,,,,,,3,,,,Matches,,,,,,,,,,,,,,,,,,,,,Matches
2390,Stefan Schimmer,de GER,FW,Heidenheim,de Bundesliga,31.0,1994.0,27,3,820.0,9.1,5,1,6,5,0,0,1,0,0.55,0.11,0.66,0.55,0.66,Matches,5,32,12,37.5,3.51,1.32,0.16,0.42,0,0,Matches,,,,,,,,,,,,,,,1,,,,,,Matches,,4,,,,,,,,,,,4,,,,Matches,,,,,,,,,,,,,,,,,,,,,Matches
2391,Xaver Schlager,at AUT,MF,RB Leipzig,de Bundesliga,27.0,1997.0,26,21,1837.0,20.4,3,1,4,3,0,0,6,0,0.15,0.05,0.2,0.15,0.2,Matches,3,21,7,33.3,1.03,0.34,0.14,0.43,0,0,Matches,,,,,,,,,,,,,,,1,,,,,,Matches,,25,,,,,,,,,,,7,,,,Matches,,,,,,,,,,,,,,,,,,,,,Matches
2392,Keven Schlotterbeck,de GER,DF,Augsburg,de Bundesliga,28.0,1997.0,24,22,2031.0,22.6,0,1,1,0,0,1,7,1,0.0,0.04,0.04,0.0,0.04,Matches,0,12,3,25.0,0.53,0.13,0.0,0.0,0,1,Matches,,,,,,,,,,,,,,,1,,,,,,Matches,,25,,,,,,,,,,,33,,,,Matches,,,,,,,,,,,,,,,,,,,,,Matches
2393,Nico Schlotterbeck,de GER,DF,Dortmund,de Bundesliga,25.0,1999.0,28,28,2520.0,28.0,5,1,6,5,0,0,8,0,0.18,0.04,0.21,0.18,0.21,Matches,5,32,9,28.1,1.14,0.32,0.16,0.56,0,0,Matches,,,,,,,,,,,,,,,1,,,,,,Matches,,38,,,,,,,,,,,24,,,,Matches,,,,,,,,,,,,,,,,,,,,,Matches
2395,Romano Schmid,at AUT,"MF,FW",Werder Bremen,de Bundesliga,25.0,2000.0,34,34,2982.0,33.1,4,8,12,1,3,4,4,0,0.12,0.24,0.36,0.03,0.27,Matches,4,57,21,36.8,1.72,0.63,0.07,0.19,3,4,Matches,,,,,,,,,,,,,,,8,,,,,,Matches,,28,,,,,,,,,,,13,,,,Matches,,,,,,,,,,,,,,,,,,,,,Matches
2396,Isaac Schmidt,ch SUI,"MF,DF",Werder Bremen,de Bundesliga,25.0,1999.0,19,6,682.0,7.6,1,0,1,1,0,0,2,0,0.13,0.0,0.13,0.13,0.13,Matches,1,5,2,40.0,0.66,0.26,0.2,0.5,0,0,Matches,,,,,,,,,,,,,,,0,,,,,,Matches,,10,,,,,,,,,,,11,,,,Matches,,,,,,,,,,,,,,,,,,,,,Matches
2397,Joël Schmied,ch SUI,DF,Köln,de Bundesliga,26.0,1998.0,16,13,1078.0,12.0,0,0,0,0,0,0,5,0,0.0,0.0,0.0,0.0,0.0,Matches,0,5,0,0.0,0.42,0.0,0.0,,0,0,Matches,,,,,,,,,,,,,,,0,,,,,,Matches,,9,,,,,,,,,,,11,,,,Matches,,,,,,,,,,,,,,,,,,,,,Matches
2399,Jan Schöppner,de GER,MF,Heidenheim,de Bundesliga,26.0,1999.0,31,29,2252.0,25.0,3,3,6,3,0,0,5,0,0.12,0.12,0.24,0.12,0.24,Matches,3,25,7,28.0,1.0,0.28,0.12,0.43,0,0,Matches,,,,,,,,,,,,,,,3,,,,,,Matches,,17,,,,,,,,,,,32,,,,Matches,,,,,,,,,,,,,,,,,,,,,Matches
2400,Marvin Schwäbe,de GER,GK,Köln,de Bundesliga,30.0,1995.0,34,34,3060.0,34.0,0,0,0,0,0,0,2,0,0.0,0.0,0.0,0.0,0.0,Matches,0,0,0,,0.0,0.0,,,0,0,Matches,,,,,,,,,,,,,,,0,,,,,,Matches,,1,,,,,,,,,,,3,,,,Matches,,,,,,,,,,,,,,,,,,,,,Matches
2402,Alex Scott,eng ENG,MF,Bournemouth,eng Premier League,21.0,2003.0,37,34,2849.0,31.7,3,1,4,3,0,0,5,0,0.09,0.03,0.13,0.09,0.13,Matches,3,44,13,29.5,1.39,0.41,0.07,0.23,0,0,Matches,,,,,,,,,,,,,,,1,,,,,,Matches,,38,,,,,,,,,,,35,,,,Matches,,,,,,,,,,,,,,,,,,,,,Matches
2403,Simone Scuffet,it ITA,GK,Pisa,it Serie A,29.0,1996.0,7,7,630.0,7.0,0,0,0,0,0,0,0,0,0.0,0.0,0.0,0.0,0.0,Matches,0,0,0,,0.0,0.0,,,0,0,Matches,,,,,,,,,,,,,,,0,,,,,,Matches,,0,,,,,,,,,,,0,,,,Matches,,,,,,,,,,,,,,,,,,,,,Matches
2404,Sebastian Sebulonsen,no NOR,"DF,MF",Köln,de Bundesliga,25.0,2000.0,31,28,2498.0,27.8,0,0,0,0,0,0,5,0,0.0,0.0,0.0,0.0,0.0,Matches,0,31,5,16.1,1.12,0.18,0.0,0.0,0,0,Matches,,,,,,,,,,,,,,,0,,,,,,Matches,,26,,,,,,,,,,,17,,,,Matches,,,,,,,,,,,,,,,,,,,,,Matches
2405,Jenson Seelt,nl NED,DF,Wolfsburg,de Bundesliga,22.0,2003.0,9,8,681.0,7.6,0,0,0,0,0,0,0,0,0.0,0.0,0.0,0.0,0.0,Matches,0,2,0,0.0,0.26,0.0,0.0,,0,0,Matches,,,,,,,,,,,,,,,0,,,,,,Matches,,9,,,,,,,,,,,5,,,,Matches,,,,,,,,,,,,,,,,,,,,,Matches
2407,Alidu Seidu,gh GHA,DF,Rennes,fr Ligue 1,25.0,2000.0,21,13,1186.0,13.2,0,1,1,0,0,0,1,0,0.0,0.08,0.08,0.0,0.08,Matches,0,5,1,20.0,0.38,0.08,0.0,0.0,0,0,Matches,,,,,,,,,,,,,,,1,,,,,,Matches,,22,,,,,,,,,,,17,,,,Matches,,,,,,,,,,,,,,,,,,,,,Matches
2409,Nicolas Seiwald,at AUT,MF,RB Leipzig,de Bundesliga,24.0,2001.0,33,31,2694.0,29.9,0,2,2,0,0,0,2,0,0.0,0.07,0.07,0.0,0.07,Matches,0,20,7,35.0,0.67,0.23,0.0,0.0,0,0,Matches,,,,,,,,,,,,,,,2,,,,,,Matches,,47,,,,,,,,,,,60,,,,Matches,,,,,,,,,,,,,,,,,,,,,Matches
2410,Ayumu Seko,jp JPN,"MF,DF",Le Havre,fr Ligue 1,25.0,2000.0,30,29,2625.0,29.2,0,0,0,0,0,0,6,0,0.0,0.0,0.0,0.0,0.0,Matches,0,17,6,35.3,0.58,0.21,0.0,0.0,0,0,Matches,,,,,,,,,,,,,,,0,,,,,,Matches,,24,,,,,,,,,,,35,,,,Matches,,,,,,,,,,,,,,,,,,,,,Matches
2411,Matz Sels,be BEL,GK,Nottingham,eng Premier League,33.0,1992.0,31,30,2668.0,29.6,0,0,0,0,0,0,2,0,0.0,0.0,0.0,0.0,0.0,Matches,0,0,0,,0.0,0.0,,,0,0,Matches,,,,,,,,,,,,,,,0,,,,,,Matches,,1,,,,,,,,,,,0,,,,Matches,,,,,,,,,,,,,,,,,,,,,Matches
2412,Antoine Semenyo,gh GHA,MF,Bournemouth,eng Premier League,25.0,2000.0,20,20,1798.0,20.0,10,3,13,9,1,2,6,0,0.5,0.15,0.65,0.45,0.6,Matches,10,49,27,55.1,2.45,1.35,0.2,0.37,1,2,Matches,,,,,,,,,,,,,,,3,,,,,,Matches,,20,,,,,,,,,,,6,,,,Matches,,,,,,,,,,,,,,,,,,,,,Matches
2413,Antoine Semenyo,gh GHA,"MF,FW",Manchester City,eng Premier League,25.0,2000.0,17,17,1397.0,15.5,7,1,8,7,0,0,1,0,0.45,0.06,0.52,0.45,0.52,Matches,7,34,14,41.2,2.19,0.9,0.21,0.5,0,0,Matches,,,,,,,,,,,,,,,1,,,,,,Matches,,11,,,,,,,,,,,6,,,,Matches,,,,,,,,,,,,,,,,,,,,,Matches
2414,Adrian Šemper,hr CRO,GK,Pisa,it Serie A,27.0,1998.0,25,25,2250.0,25.0,0,0,0,0,0,0,0,0,0.0,0.0,0.0,0.0,0.0,Matches,0,0,0,,0.0,0.0,,,0,0,Matches,,,,,,,,,,,,,,,0,,,,,,Matches,,0,,,,,,,,,,,0,,,,Matches,,,,,,,,,,,,,,,,,,,,,Matches
2415,Marvin Senaya,gh GHA,"DF,MF",Auxerre,fr Ligue 1,24.0,2001.0,25,20,1780.0,19.8,1,0,1,1,0,0,5,0,0.05,0.0,0.05,0.05,0.05,Matches,1,15,5,33.3,0.76,0.25,0.07,0.2,0,0,Matches,,,,,,,,,,,,,,,0,,,,,,Matches,,31,,,,,,,,,,,34,,,,Matches,,,,,,,,,,,,,,,,,,,,,Matches
2416,Marcos Senesi,ar ARG,DF,Bournemouth,eng Premier League,28.0,1997.0,37,37,3288.0,36.5,0,5,5,0,0,0,8,0,0.0,0.14,0.14,0.0,0.14,Matches,0,17,5,29.4,0.47,0.14,0.0,0.0,0,0,Matches,,,,,,,,,,,,,,,5,,,,,,Matches,,34,,,,,,,,,,,50,,,,Matches,,,,,,,,,,,,,,,,,,,,,Matches
2417,Suat Serdar,de GER,MF,Hellas Verona,it Serie A,28.0,1997.0,20,12,1108.0,12.3,2,0,2,2,0,0,3,0,0.16,0.0,0.16,0.16,0.16,Matches,2,19,7,36.8,1.54,0.57,0.11,0.29,0,0,Matches,,,,,,,,,,,,,,,0,,,,,,Matches,,20,,,,,,,,,,,10,,,,Matches,,,,,,,,,,,,,,,,,,,,,Matches
2420,Benjamin Šeško,si SVN,FW,Manchester Utd,eng Premier League,22.0,2003.0,30,17,1643.0,18.3,11,1,12,11,0,0,2,0,0.6,0.05,0.66,0.6,0.66,Matches,11,61,34,55.7,3.34,1.86,0.18,0.32,0,0,Matches,,,,,,,,,,,,,,,1,,,,,,Matches,,3,,,,,,,,,,,3,,,,Matches,,,,,,,,,,,,,,,,,,,,,Matches
2421,Ryan Sessegnon,eng ENG,"DF,MF",Fulham,eng Premier League,25.0,2000.0,27,20,1823.0,20.3,3,1,4,3,0,0,0,0,0.15,0.05,0.2,0.15,0.2,Matches,3,16,4,25.0,0.79,0.2,0.19,0.75,0,0,Matches,,,,,,,,,,,,,,,1,,,,,,Matches,,29,,,,,,,,,,,23,,,,Matches,,,,,,,,,,,,,,,,,,,,,Matches
2422,Stephan El Shaarawy,it ITA,"MF,FW",Roma,it Serie A,32.0,1992.0,20,5,666.0,7.4,1,2,3,1,0,0,4,0,0.14,0.27,0.41,0.14,0.41,Matches,1,18,7,38.9,2.43,0.95,0.06,0.14,0,0,Matches,,,,,,,,,,,,,,,2,,,,,,Matches,,7,,,,,,,,,,,6,,,,Matches,,,,,,,,,,,,,,,,,,,,,Matches
2423,Luke Shaw,eng ENG,DF,Manchester Utd,eng Premier League,30.0,1995.0,38,38,3219.0,35.8,1,1,2,1,0,0,9,0,0.03,0.03,0.06,0.03,0.06,Matches,1,10,3,30.0,0.28,0.08,0.1,0.33,0,0,Matches,,,,,,,,,,,,,,,1,,,,,,Matches,,45,,,,,,,,,,,43,,,,Matches,,,,,,,,,,,,,,,,,,,,,Matches
2425,Kwasi Sibo,gh GHA,MF,Oviedo,es La Liga,27.0,1998.0,26,21,1681.0,18.7,0,0,0,0,0,0,3,1,0.0,0.0,0.0,0.0,0.0,Matches,0,9,2,22.2,0.48,0.11,0.0,0.0,0,0,Matches,,,,,,,,,,,,,,,0,,,,,,Matches,,20,,,,,,,,,,,14,,,,Matches,,,,,,,,,,,,,,,,,,,,,Matches
2426,Djibril Sidibé,fr FRA,"MF,DF",Toulouse,fr Ligue 1,33.0,1992.0,32,25,2141.0,23.8,3,4,7,2,1,2,1,0,0.13,0.17,0.29,0.08,0.25,Matches,3,8,5,62.5,0.34,0.21,0.38,0.6,1,2,Matches,,,,,,,,,,,,,,,4,,,,,,Matches,,32,,,,,,,,,,,18,,,,Matches,,,,,,,,,,,,,,,,,,,,,Matches
2427,Armindo Sieb,de GER,FW,Mainz 05,de Bundesliga,22.0,2003.0,22,3,548.0,6.1,2,0,2,2,0,0,1,0,0.33,0.0,0.33,0.33,0.33,Matches,2,18,6,33.3,2.96,0.99,0.11,0.33,0,0,Matches,,,,,,,,,,,,,,,0,,,,,,Matches,,4,,,,,,,,,,,0,,,,Matches,,,,,,,,,,,,,,,,,,,,,Matches
2428,Jamil Siebert,de GER,DF,Lecce,it Serie A,23.0,2002.0,21,18,1701.0,18.9,1,0,1,1,0,0,3,0,0.05,0.0,0.05,0.05,0.05,Matches,1,6,2,33.3,0.32,0.11,0.17,0.5,0,0,Matches,,,,,,,,,,,,,,,0,,,,,,Matches,,15,,,,,,,,,,,15,,,,Matches,,,,,,,,,,,,,,,,,,,,,Matches
2429,Francisco Sierralta,cl CHI,DF,Auxerre,fr Ligue 1,28.0,1997.0,10,9,861.0,9.6,1,0,1,1,0,0,2,0,0.1,0.0,0.1,0.1,0.1,Matches,1,7,2,28.6,0.73,0.21,0.14,0.5,0,0,Matches,,,,,,,,,,,,,,,0,,,,,,Matches,,6,,,,,,,,,,,9,,,,Matches,,,,,,,,,,,,,,,,,,,,,Matches
2430,Tim Siersleben,de GER,DF,Heidenheim,de Bundesliga,25.0,2000.0,15,12,1081.0,12.0,0,0,0,0,0,0,2,0,0.0,0.0,0.0,0.0,0.0,Matches,0,5,3,60.0,0.42,0.25,0.0,0.0,0,0,Matches,,,,,,,,,,,,,,,0,,,,,,Matches,,16,,,,,,,,,,,21,,,,Matches,,,,,,,,,,,,,,,,,,,,,Matches
2432,André Silva,pt POR,FW,Elche,es La Liga,29.0,1995.0,31,22,1849.0,20.5,10,0,10,7,3,3,3,0,0.49,0.0,0.49,0.34,0.34,Matches,10,57,29,50.9,2.77,1.41,0.18,0.34,3,3,Matches,,,,,,,,,,,,,,,0,,,,,,Matches,,8,,,,,,,,,,,4,,,,Matches,,,,,,,,,,,,,,,,,,,,,Matches
2433,Bernardo Silva,pt POR,MF,Manchester City,eng Premier League,30.0,1994.0,38,34,2872.0,31.9,2,4,6,2,0,0,10,0,0.06,0.13,0.19,0.06,0.19,Matches,2,30,7,23.3,0.94,0.22,0.07,0.29,0,0,Matches,,,,,,,,,,,,,,,4,,,,,,Matches,,28,,,,,,,,,,,21,,,,Matches,,,,,,,,,,,,,,,,,,,,,Matches
2434,Éderson Silva,br BRA,MF,Atalanta,it Serie A,26.0,1999.0,30,26,2230.0,24.8,2,1,3,1,1,1,3,0,0.08,0.04,0.12,0.04,0.08,Matches,2,35,11,31.4,1.41,0.44,0.06,0.18,1,1,Matches,,,,,,,,,,,,,,,1,,,,,,Matches,,35,,,,,,,,,,,28,,,,Matches,,,,,,,,,,,,,,,,,,,,,Matches
2435,Fábio Silva,pt POR,"FW,MF",Dortmund,de Bundesliga,23.0,2002.0,28,7,817.0,9.1,2,6,8,2,0,0,3,0,0.22,0.66,0.88,0.22,0.88,Matches,2,23,8,34.8,2.53,0.88,0.09,0.25,0,0,Matches,,,,,,,,,,,,,,,6,,,,,,Matches,,2,,,,,,,,,,,2,,,,Matches,,,,,,,,,,,,,,,,,,,,,Matches
2438,Abdallah Sima,sn SEN,"MF,FW",Lens,fr Ligue 1,24.0,2001.0,21,6,718.0,8.0,2,2,4,2,0,0,3,0,0.25,0.25,0.5,0.25,0.5,Matches,2,30,9,30.0,3.76,1.13,0.07,0.22,0,0,Matches,,,,,,,,,,,,,,,2,,,,,,Matches,,5,,,,,,,,,,,1,,,,Matches,,,,,,,,,,,,,,,,,,,,,Matches
2439,Giovanni Simeone,ar ARG,FW,Torino,it Serie A,30.0,1995.0,32,27,2230.0,24.8,11,0,11,11,0,0,1,0,0.44,0.0,0.44,0.44,0.44,Matches,11,78,28,35.9,3.15,1.13,0.14,0.39,0,0,Matches,,,,,,,,,,,,,,,0,,,,,,Matches,,9,,,,,,,,,,,5,,,,Matches,,,,,,,,,,,,,,,,,,,,,Matches
2440,Giuliano Simeone,ar ARG,"MF,FW",Atlético Madrid,es La Liga,22.0,2002.0,31,25,2099.0,23.3,4,6,10,4,0,0,2,0,0.17,0.26,0.43,0.17,0.43,Matches,4,36,14,38.9,1.54,0.6,0.11,0.29,0,0,Matches,,,,,,,,,,,,,,,6,,,,,,Matches,,25,,,,,,,,,,,20,,,,Matches,,,,,,,,,,,,,,,,,,,,,Matches
2441,Moses Simon,ng NGA,"MF,FW",Paris FC,fr Ligue 1,30.0,1995.0,29,25,2001.0,22.2,3,3,6,3,0,0,1,0,0.13,0.13,0.27,0.13,0.27,Matches,3,34,11,32.4,1.53,0.49,0.09,0.27,0,0,Matches,,,,,,,,,,,,,,,3,,,,,,Matches,,11,,,,,,,,,,,8,,,,Matches,,,,,,,,,,,,,,,,,,,,,Matches
2442,Unai Simón,es ESP,GK,Athletic Club,es La Liga,28.0,1997.0,37,37,3330.0,37.0,0,0,0,0,0,0,1,0,0.0,0.0,0.0,0.0,0.0,Matches,0,0,0,,0.0,0.0,,,0,0,Matches,,,,,,,,,,,,,,,0,,,,,,Matches,,0,,,,,,,,,,,0,,,,Matches,,,,,,,,,,,,,,,,,,,,,Matches
2443,Xavi Simons,nl NED,"MF,FW",Tottenham,eng Premier League,22.0,2003.0,28,19,1755.0,19.5,2,5,7,2,0,0,5,1,0.1,0.26,0.36,0.1,0.36,Matches,2,42,10,23.8,2.15,0.51,0.05,0.2,0,0,Matches,,,,,,,,,,,,,,,5,,,,,,Matches,,20,,,,,,,,,,,15,,,,Matches,,,,,,,,,,,,,,,,,,,,,Matches
2445,Jahmai Simpson-Pusey,eng ENG,DF,Köln,de Bundesliga,19.0,2005.0,11,10,863.0,9.6,0,0,0,0,0,0,2,1,0.0,0.0,0.0,0.0,0.0,Matches,0,6,3,50.0,0.63,0.31,0.0,0.0,0,0,Matches,,,,,,,,,,,,,,,0,,,,,,Matches,,8,,,,,,,,,,,12,,,,Matches,,,,,,,,,,,,,,,,,,,,,Matches
2446,Danel Sinani,lu LUX,"MF,FW",St Pauli,de Bundesliga,28.0,1997.0,30,23,2069.0,23.0,5,3,8,2,3,3,4,0,0.22,0.13,0.35,0.09,0.22,Matches,5,49,18,36.7,2.13,0.78,0.1,0.28,3,3,Matches,,,,,,,,,,,,,,,3,,,,,,Matches,,16,,,,,,,,,,,5,,,,Matches,,,,,,,,,,,,,,,,,,,,,Matches
2448,Lassine Sinayoko,ml MLI,"FW,MF",Auxerre,fr Ligue 1,25.0,1999.0,32,32,2770.0,30.8,12,4,16,9,3,4,8,0,0.39,0.13,0.52,0.29,0.42,Matches,12,93,39,41.9,3.02,1.27,0.13,0.31,3,4,Matches,,,,,,,,,,,,,,,4,,,,,,Matches,,26,,,,,,,,,,,26,,,,Matches,,,,,,,,,,,,,,,,,,,,,Matches
2449,Ibrahima Sissoko,ml MLI,"MF,DF",Nantes,fr Ligue 1,27.0,1997.0,13,9,803.0,8.9,0,0,0,0,0,0,4,0,0.0,0.0,0.0,0.0,0.0,Matches,0,6,0,0.0,0.67,0.0,0.0,,0,0,Matches,,,,,,,,,,,,,,,0,,,,,,Matches,,7,,,,,,,,,,,16,,,,Matches,,,,,,,,,,,,,,,,,,,,,Matches
2450,Antonio Sivera,es ESP,GK,Alavés,es La Liga,28.0,1996.0,38,38,3420.0,38.0,0,0,0,0,0,0,3,0,0.0,0.0,0.0,0.0,0.0,Matches,0,0,0,,0.0,0.0,,,0,0,Matches,,,,,,,,,,,,,,,0,,,,,,Matches,,1,,,,,,,,,,,0,,,,Matches,,,,,,,,,,,,,,,,,,,,,Matches
2452,Tim Skarke,de GER,"MF,FW",Union Berlin,de Bundesliga,28.0,1996.0,22,4,623.0,6.9,1,1,2,1,0,0,0,0,0.14,0.14,0.29,0.14,0.29,Matches,1,14,5,35.7,2.02,0.72,0.07,0.2,0,0,Matches,,,,,,,,,,,,,,,1,,,,,,Matches,,4,,,,,,,,,,,1,,,,Matches,,,,,,,,,,,,,,,,,,,,,Matches
2453,Ellyes Skhiri,tn TUN,"MF,DF",Frankfurt,de Bundesliga,30.0,1995.0,25,16,1444.0,16.0,0,0,0,0,0,0,3,1,0.0,0.0,0.0,0.0,0.0,Matches,0,8,0,0.0,0.5,0.0,0.0,,0,0,Matches,,,,,,,,,,,,,,,0,,,,,,Matches,,8,,,,,,,,,,,25,,,,Matches,,,,,,,,,,,,,,,,,,,,,Matches
2455,Łukasz Skorupski,pl POL,GK,Bologna,it Serie A,34.0,1991.0,19,19,1592.0,17.7,0,0,0,0,0,0,1,1,0.0,0.0,0.0,0.0,0.0,Matches,0,0,0,,0.0,0.0,,,0,0,Matches,,,,,,,,,,,,,,,0,,,,,,Matches,,0,,,,,,,,,,,0,,,,Matches,,,,,,,,,,,,,,,,,,,,,Matches
2459,Adam Smith,eng ENG,DF,Bournemouth,eng Premier League,34.0,1991.0,22,14,1077.0,12.0,0,2,2,0,0,0,3,0,0.0,0.17,0.17,0.0,0.17,Matches,0,0,0,,0.0,0.0,,,0,0,Matches,,,,,,,,,,,,,,,2,,,,,,Matches,,12,,,,,,,,,,,10,,,,Matches,,,,,,,,,,,,,,,,,,,,,Matches
2460,Eric Smith,se SWE,"DF,MF",St Pauli,de Bundesliga,28.0,1997.0,27,26,2311.0,25.7,2,2,4,2,0,0,4,1,0.08,0.08,0.16,0.08,0.16,Matches,2,12,5,41.7,0.47,0.19,0.17,0.4,0,0,Matches,,,,,,,,,,,,,,,2,,,,,,Matches,,23,,,,,,,,,,,24,,,,Matches,,,,,,,,,,,,,,,,,,,,,Matches
2461,Emile Smith Rowe,eng ENG,MF,Fulham,eng Premier League,25.0,2000.0,37,22,1923.0,21.4,3,0,3,3,0,0,1,0,0.14,0.0,0.14,0.14,0.14,Matches,3,36,11,30.6,1.68,0.51,0.08,0.27,0,0,Matches,,,,,,,,,,,,,,,0,,,,,,Matches,,22,,,,,,,,,,,22,,,,Matches,,,,,,,,,,,,,,,,,,,,,Matches
2462,Ivan Smolčić,hr CRO,DF,Como,it Serie A,24.0,2000.0,28,19,1662.0,18.5,0,1,1,0,0,0,8,0,0.0,0.05,0.05,0.0,0.05,Matches,0,12,4,33.3,0.65,0.22,0.0,0.0,0,0,Matches,,,,,,,,,,,,,,,1,,,,,,Matches,,24,,,,,,,,,,,23,,,,Matches,,,,,,,,,,,,,,,,,,,,,Matches
2464,Simon Sohm,ch SUI,MF,Bologna,it Serie A,24.0,2001.0,12,9,717.0,8.0,0,0,0,0,0,0,1,0,0.0,0.0,0.0,0.0,0.0,Matches,0,4,1,25.0,0.5,0.13,0.0,0.0,0,0,Matches,,,,,,,,,,,,,,,0,,,,,,Matches,,5,,,,,,,,,,,3,,,,Matches,,,,,,,,,,,,,,,,,,,,,Matches
2465,Simon Sohm,ch SUI,MF,Fiorentina,it Serie A,24.0,2001.0,16,9,708.0,7.9,0,1,1,0,0,0,2,0,0.0,0.13,0.13,0.0,0.13,Matches,0,5,0,0.0,0.64,0.0,0.0,,0,0,Matches,,,,,,,,,,,,,,,1,,,,,,Matches,,7,,,,,,,,,,,6,,,,Matches,,,,,,,,,,,,,,,,,,,,,Matches
2467,Dominic Solanke,eng ENG,FW,Tottenham,eng Premier League,27.0,1997.0,15,11,1001.0,11.1,3,0,3,3,0,0,1,0,0.27,0.0,0.27,0.27,0.27,Matches,3,20,11,55.0,1.8,0.99,0.15,0.27,0,0,Matches,,,,,,,,,,,,,,,0,,,,,,Matches,,16,,,,,,,,,,,3,,,,Matches,,,,,,,,,,,,,,,,,,,,,Matches
2468,Carlos Soler,es ESP,MF,Real Sociedad,es La Liga,28.0,1997.0,33,26,2317.0,25.7,4,3,7,4,0,0,3,1,0.16,0.12,0.27,0.16,0.27,Matches,4,35,19,54.3,1.36,0.74,0.11,0.21,0,0,Matches,,,,,,,,,,,,,,,3,,,,,,Matches,,22,,,,,,,,,,,16,,,,Matches,,,,,,,,,,,,,,,,,,,,,Matches
2470,Oumar Solet,fr FRA,DF,Udinese,it Serie A,25.0,2000.0,35,34,2959.0,32.9,3,1,4,2,1,1,1,0,0.09,0.03,0.12,0.06,0.09,Matches,3,33,6,18.2,1.0,0.18,0.09,0.5,1,1,Matches,,,,,,,,,,,,,,,1,,,,,,Matches,,57,,,,,,,,,,,47,,,,Matches,,,,,,,,,,,,,,,,,,,,,Matches
2473,Manor Solomon,il ISR,"FW,MF",Fiorentina,it Serie A,26.0,1999.0,16,9,890.0,9.9,2,1,3,2,0,0,1,0,0.2,0.1,0.3,0.2,0.3,Matches,2,11,4,36.4,1.11,0.4,0.18,0.5,0,0,Matches,,,,,,,,,,,,,,,1,,,,,,Matches,,11,,,,,,,,,,,0,,,,Matches,,,,,,,,,,,,,,,,,,,,,Matches
2476,Yann Sommer,ch SUI,GK,Inter,it Serie A,36.0,1988.0,33,33,2960.0,32.9,0,0,0,0,0,0,0,0,0.0,0.0,0.0,0.0,0.0,Matches,0,0,0,,0.0,0.0,,,0,0,Matches,,,,,,,,,,,,,,,0,,,,,,Matches,,0,,,,,,,,,,,0,,,,Matches,,,,,,,,,,,,,,,,,,,,,Matches
2478,David Soria,es ESP,GK,Getafe,es La Liga,32.0,1993.0,38,38,3420.0,38.0,0,0,0,0,0,0,2,0,0.0,0.0,0.0,0.0,0.0,Matches,0,0,0,,0.0,0.0,,,0,0,Matches,,,,,,,,,,,,,,,0,,,,,,Matches,,0,,,,,,,,,,,0,,,,Matches,,,,,,,,,,,,,,,,,,,,,Matches
2480,Hugo Sotelo,es ESP,MF,Celta Vigo,es La Liga,21.0,2003.0,20,16,1338.0,14.9,0,2,2,0,0,0,3,0,0.0,0.13,0.13,0.0,0.13,Matches,0,2,1,50.0,0.13,0.07,0.0,0.0,0,0,Matches,,,,,,,,,,,,,,,2,,,,,,Matches,,16,,,,,,,,,,,13,,,,Matches,,,,,,,,,,,,,,,,,,,,,Matches
2481,Florian Sotoca,fr FRA,"MF,FW",Lens,fr Ligue 1,34.0,1990.0,26,4,507.0,5.6,1,0,1,1,0,0,1,0,0.18,0.0,0.18,0.18,0.18,Matches,1,13,1,7.7,2.31,0.18,0.08,1.0,0,0,Matches,,,,,,,,,,,,,,,0,,,,,,Matches,,4,,,,,,,,,,,7,,,,Matches,,,,,,,,,,,,,,,,,,,,,Matches
2482,Riccardo Sottil,it ITA,"FW,MF",Lecce,it Serie A,26.0,1999.0,21,13,1066.0,11.8,1,2,3,1,0,0,1,0,0.08,0.17,0.25,0.08,0.25,Matches,1,20,3,15.0,1.69,0.25,0.05,0.33,0,0,Matches,,,,,,,,,,,,,,,2,,,,,,Matches,,2,,,,,,,,,,,2,,,,Matches,,,,,,,,,,,,,,,,,,,,,Matches
2483,Tomáš Souček,cz CZE,MF,West Ham,eng Premier League,30.0,1995.0,35,24,2200.0,24.4,5,0,5,5,0,0,3,1,0.2,0.0,0.2,0.2,0.2,Matches,5,26,14,53.8,1.06,0.57,0.19,0.36,0,0,Matches,,,,,,,,,,,,,,,0,,,,,,Matches,,23,,,,,,,,,,,16,,,,Matches,,,,,,,,,,,,,,,,,,,,,Matches
2484,Matìas Soulé,ar ARG,"MF,FW",Roma,it Serie A,22.0,2003.0,33,28,2139.0,23.8,6,5,11,6,0,0,1,0,0.25,0.21,0.46,0.25,0.46,Matches,6,52,18,34.6,2.19,0.76,0.12,0.33,0,0,Matches,,,,,,,,,,,,,,,5,,,,,,Matches,,15,,,,,,,,,,,9,,,,Matches,,,,,,,,,,,,,,,,,,,,,Matches
2486,Sambou Soumano,sn SEN,FW,Lorient,fr Ligue 1,24.0,2001.0,31,8,941.0,10.5,4,2,6,4,0,1,2,0,0.38,0.19,0.57,0.38,0.57,Matches,4,28,10,35.7,2.68,0.96,0.14,0.4,0,1,Matches,,,,,,,,,,,,,,,2,,,,,,Matches,,4,,,,,,,,,,,4,,,,Matches,,,,,,,,,,,,,,,,,,,,,Matches
2487,Issa Soumaré,sn SEN,"FW,MF",Le Havre,fr Ligue 1,24.0,2000.0,34,33,2948.0,32.8,8,5,13,7,1,3,3,0,0.24,0.15,0.4,0.21,0.37,Matches,8,77,28,36.4,2.35,0.85,0.1,0.29,1,3,Matches,,,,,,,,,,,,,,,5,,,,,,Matches,,20,,,,,,,,,,,12,,,,Matches,,,,,,,,,,,,,,,,,,,,,Matches
2489,Vinicius Souza,br BRA,MF,Wolfsburg,de Bundesliga,26.0,1999.0,24,22,1764.0,19.6,0,0,0,0,0,0,5,0,0.0,0.0,0.0,0.0,0.0,Matches,0,9,2,22.2,0.46,0.1,0.0,0.0,0,0,Matches,,,,,,,,,,,,,,,0,,,,,,Matches,,32,,,,,,,,,,,25,,,,Matches,,,,,,,,,,,,,,,,,,,,,Matches
2490,Djibril Sow,ch SUI,MF,Sevilla,es La Liga,28.0,1997.0,33,27,2187.0,24.3,5,4,9,5,0,0,6,0,0.21,0.16,0.37,0.21,0.37,Matches,5,19,8,42.1,0.78,0.33,0.26,0.63,0,0,Matches,,,,,,,,,,,,,,,4,,,,,,Matches,,27,,,,,,,,,,,23,,,,Matches,,,,,,,,,,,,,,,,,,,,,Matches
2491,Djed Spence,eng ENG,"DF,MF",Tottenham,eng Premier League,24.0,2000.0,30,23,2056.0,22.8,0,0,0,0,0,0,4,0,0.0,0.0,0.0,0.0,0.0,Matches,0,13,8,61.5,0.57,0.35,0.0,0.0,0,0,Matches,,,,,,,,,,,,,,,0,,,,,,Matches,,25,,,,,,,,,,,15,,,,Matches,,,,,,,,,,,,,,,,,,,,,Matches
2492,Leonardo Spinazzola,it ITA,"MF,DF",Napoli,it Serie A,32.0,1993.0,32,22,1901.0,21.1,3,3,6,3,0,0,2,0,0.14,0.14,0.28,0.14,0.28,Matches,3,21,7,33.3,0.99,0.33,0.14,0.43,0,0,Matches,,,,,,,,,,,,,,,3,,,,,,Matches,,10,,,,,,,,,,,4,,,,Matches,,,,,,,,,,,,,,,,,,,,,Matches
2494,Anton Stach,de GER,MF,Leeds United,eng Premier League,26.0,1998.0,29,28,2370.0,26.3,5,3,8,5,0,0,3,0,0.19,0.11,0.3,0.19,0.3,Matches,5,55,14,25.5,2.09,0.53,0.09,0.36,0,0,Matches,,,,,,,,,,,,,,,3,,,,,,Matches,,35,,,,,,,,,,,19,,,,Matches,,,,,,,,,,,,,,,,,,,,,Matches
2495,Jens Stage,dk DEN,MF,Werder Bremen,de Bundesliga,28.0,1996.0,29,29,2460.0,27.3,10,2,12,10,0,0,5,0,0.37,0.07,0.44,0.37,0.44,Matches,10,56,21,37.5,2.05,0.77,0.18,0.48,0,0,Matches,,,,,,,,,,,,,,,2,,,,,,Matches,,32,,,,,,,,,,,18,,,,Matches,,,,,,,,,,,,,,,,,,,,,Matches
2496,Benjamin Stambouli,fr FRA,MF,Metz,fr Ligue 1,34.0,1990.0,19,10,960.0,10.7,0,0,0,0,0,0,0,0,0.0,0.0,0.0,0.0,0.0,Matches,0,6,1,16.7,0.56,0.09,0.0,0.0,0,0,Matches,,,,,,,,,,,,,,,0,,,,,,Matches,,16,,,,,,,,,,,9,,,,Matches,,,,,,,,,,,,,,,,,,,,,Matches
2499,Josip Stanišić,hr CRO,DF,Bayern Munich,de Bundesliga,25.0,2000.0,26,19,1857.0,20.6,2,3,5,2,0,0,1,0,0.1,0.15,0.24,0.1,0.24,Matches,2,7,4,57.1,0.34,0.19,0.29,0.5,0,0,Matches,,,,,,,,,,,,,,,3,,,,,,Matches,,21,,,,,,,,,,,18,,,,Matches,,,,,,,,,,,,,,,,,,,,,Matches
2500,Carl Starfelt,se SWE,DF,Celta Vigo,es La Liga,30.0,1995.0,19,17,1491.0,16.6,0,0,0,0,0,0,3,1,0.0,0.0,0.0,0.0,0.0,Matches,0,4,1,25.0,0.24,0.06,0.0,0.0,0,0,Matches,,,,,,,,,,,,,,,0,,,,,,Matches,,16,,,,,,,,,,,16,,,,Matches,,,,,,,,,,,,,,,,,,,,,Matches
2501,Niklas Stark,de GER,DF,Werder Bremen,de Bundesliga,30.0,1995.0,14,9,697.0,7.7,0,0,0,0,0,0,8,2,0.0,0.0,0.0,0.0,0.0,Matches,0,3,1,33.3,0.39,0.13,0.0,0.0,0,0,Matches,,,,,,,,,,,,,,,0,,,,,,Matches,,12,,,,,,,,,,,13,,,,Matches,,,,,,,,,,,,,,,,,,,,,Matches
2502,Orri Steinn Óskarsson,is ISL,FW,Real Sociedad,es La Liga,20.0,2004.0,20,8,835.0,9.3,9,0,9,9,0,0,5,0,0.97,0.0,0.97,0.97,0.97,Matches,9,27,19,70.4,2.91,2.05,0.33,0.47,0,0,Matches,,,,,,,,,,,,,,,0,,,,,,Matches,,5,,,,,,,,,,,1,,,,Matches,,,,,,,,,,,,,,,,,,,,,Matches
2508,Angelo Stiller,de GER,MF,Stuttgart,de Bundesliga,24.0,2001.0,34,30,2743.0,30.5,2,5,7,2,0,1,1,0,0.07,0.16,0.23,0.07,0.23,Matches,2,17,8,47.1,0.56,0.26,0.12,0.25,0,1,Matches,,,,,,,,,,,,,,,5,,,,,,Matches,,23,,,,,,,,,,,28,,,,Matches,,,,,,,,,,,,,,,,,,,,,Matches
2509,Kevin Stöger,at AUT,MF,Gladbach,de Bundesliga,31.0,1993.0,29,15,1324.0,14.7,1,1,2,1,0,1,3,0,0.07,0.07,0.14,0.07,0.14,Matches,1,23,7,30.4,1.56,0.48,0.04,0.14,0,1,Matches,,,,,,,,,,,,,,,1,,,,,,Matches,,20,,,,,,,,,,,13,,,,Matches,,,,,,,,,,,,,,,,,,,,,Matches
2510,Filip Stojilković,ch SUI,"FW,MF",Pisa,it Serie A,25.0,2000.0,13,8,658.0,7.3,0,0,0,0,0,0,0,0,0.0,0.0,0.0,0.0,0.0,Matches,0,10,4,40.0,1.37,0.55,0.0,0.0,0,0,Matches,,,,,,,,,,,,,,,0,,,,,,Matches,,1,,,,,,,,,,,0,,,,Matches,,,,,,,,,,,,,,,,,,,,,Matches
2512,Jørgen Strand Larsen,no NOR,FW,Crystal Palace,eng Premier League,25.0,2000.0,14,12,903.0,10.0,3,0,3,3,0,0,2,0,0.3,0.0,0.3,0.3,0.3,Matches,3,23,7,30.4,2.29,0.7,0.13,0.43,0,0,Matches,,,,,,,,,,,,,,,0,,,,,,Matches,,0,,,,,,,,,,,1,,,,Matches,,,,,,,,,,,,,,,,,,,,,Matches
2513,Jørgen Strand Larsen,no NOR,FW,Wolves,eng Premier League,25.0,2000.0,22,14,1404.0,15.6,1,1,2,0,1,2,2,0,0.06,0.06,0.13,0.0,0.06,Matches,1,21,7,33.3,1.35,0.45,0.05,0.14,1,2,Matches,,,,,,,,,,,,,,,1,,,,,,Matches,,2,,,,,,,,,,,3,,,,Matches,,,,,,,,,,,,,,,,,,,,,Matches
2514,Gabriel Strefezza,br BRA,FW,Parma,it Serie A,28.0,1997.0,14,13,1007.0,11.2,2,2,4,2,0,0,3,0,0.18,0.18,0.36,0.18,0.36,Matches,2,24,7,29.2,2.14,0.63,0.08,0.29,0,0,Matches,,,,,,,,,,,,,,,2,,,,,,Matches,,12,,,,,,,,,,,5,,,,Matches,,,,,,,,,,,,,,,,,,,,,Matches
2515,Pascal Struijk,nl NED,DF,Leeds United,eng Premier League,25.0,1999.0,34,33,2936.0,32.6,0,1,1,0,0,0,5,0,0.0,0.03,0.03,0.0,0.03,Matches,0,31,5,16.1,0.95,0.15,0.0,0.0,0,0,Matches,,,,,,,,,,,,,,,1,,,,,,Matches,,22,,,,,,,,,,,32,,,,Matches,,,,,,,,,,,,,,,,,,,,,Matches
2517,Nikola Štulić,rs SRB,FW,Lecce,it Serie A,23.0,2001.0,34,20,1709.0,19.0,4,0,4,3,1,1,1,0,0.21,0.0,0.21,0.16,0.16,Matches,4,33,9,27.3,1.74,0.47,0.12,0.44,1,1,Matches,,,,,,,,,,,,,,,0,,,,,,Matches,,7,,,,,,,,,,,2,,,,Matches,,,,,,,,,,,,,,,,,,,,,Matches
2518,Denis Suárez,es ESP,MF,Alavés,es La Liga,31.0,1994.0,30,15,1406.0,15.6,1,2,3,1,0,0,6,0,0.06,0.13,0.19,0.06,0.19,Matches,1,9,4,44.4,0.58,0.26,0.11,0.25,0,0,Matches,,,,,,,,,,,,,,,2,,,,,,Matches,,12,,,,,,,,,,,7,,,,Matches,,,,,,,,,,,,,,,,,,,,,Matches
2519,Gabriel Suazo,cl CHI,"DF,MF",Sevilla,es La Liga,27.0,1997.0,29,25,2096.0,23.3,0,2,2,0,0,0,7,0,0.0,0.09,0.09,0.0,0.09,Matches,0,5,2,40.0,0.21,0.09,0.0,0.0,0,0,Matches,,,,,,,,,,,,,,,2,,,,,,Matches,,62,,,,,,,,,,,29,,,,Matches,,,,,,,,,,,,,,,,,,,,,Matches
2520,Luka Sučić,hr CRO,"MF,FW",Real Sociedad,es La Liga,22.0,2002.0,22,10,1022.0,11.4,3,1,4,3,0,0,1,0,0.26,0.09,0.35,0.26,0.35,Matches,3,23,7,30.4,2.03,0.62,0.13,0.43,0,0,Matches,,,,,,,,,,,,,,,1,,,,,,Matches,,8,,,,,,,,,,,5,,,,Matches,,,,,,,,,,,,,,,,,,,,,Matches
2521,Petar Sučić,hr CRO,MF,Inter,it Serie A,21.0,2003.0,34,21,1765.0,19.6,2,2,4,2,0,0,5,0,0.1,0.1,0.2,0.1,0.2,Matches,2,22,6,27.3,1.12,0.31,0.09,0.33,0,0,Matches,,,,,,,,,,,,,,,2,,,,,,Matches,,25,,,,,,,,,,,9,,,,Matches,,,,,,,,,,,,,,,,,,,,,Matches
2522,Yukinari Sugawara,jp JPN,"DF,MF",Werder Bremen,de Bundesliga,25.0,2000.0,31,29,2428.0,27.0,0,6,6,0,0,0,2,1,0.0,0.22,0.22,0.0,0.22,Matches,0,30,11,36.7,1.11,0.41,0.0,0.0,0,0,Matches,,,,,,,,,,,,,,,6,,,,,,Matches,,22,,,,,,,,,,,15,,,,Matches,,,,,,,,,,,,,,,,,,,,,Matches
2523,Pavel Šulc,cz CZE,"FW,MF",Lyon,fr Ligue 1,24.0,2000.0,27,17,1566.0,17.4,11,3,14,11,0,0,3,0,0.63,0.17,0.8,0.63,0.8,Matches,11,44,18,40.9,2.53,1.03,0.25,0.61,0,0,Matches,,,,,,,,,,,,,,,3,,,,,,Matches,,13,,,,,,,,,,,6,,,,Matches,,,,,,,,,,,,,,,,,,,,,Matches
2524,Niklas Süle,de GER,DF,Dortmund,de Bundesliga,29.0,1995.0,11,7,486.0,5.4,0,1,1,0,0,0,3,0,0.0,0.19,0.19,0.0,0.19,Matches,0,2,1,50.0,0.37,0.19,0.0,0.0,0,0,Matches,,,,,,,,,,,,,,,1,,,,,,Matches,,5,,,,,,,,,,,6,,,,Matches,,,,,,,,,,,,,,,,,,,,,Matches
2526,Ibrahim Sulemana,gh GHA,MF,Cagliari,it Serie A,22.0,2003.0,16,7,860.0,9.6,1,0,1,1,0,0,2,0,0.1,0.0,0.1,0.1,0.1,Matches,1,11,2,18.2,1.15,0.21,0.09,0.5,0,0,Matches,,,,,,,,,,,,,,,0,,,,,,Matches,,13,,,,,,,,,,,6,,,,Matches,,,,,,,,,,,,,,,,,,,,,Matches
2527,Kamaldeen Sulemana,gh GHA,MF,Atalanta,it Serie A,23.0,2002.0,25,9,1011.0,11.2,2,1,3,2,0,0,4,0,0.18,0.09,0.27,0.18,0.27,Matches,2,25,10,40.0,2.23,0.89,0.08,0.2,0,0,Matches,,,,,,,,,,,,,,,1,,,,,,Matches,,5,,,,,,,,,,,2,,,,Matches,,,,,,,,,,,,,,,,,,,,,Matches
2528,Crysencio Summerville,nl NED,"MF,FW",West Ham,eng Premier League,23.0,2001.0,31,29,2470.0,27.4,5,2,7,5,0,0,6,0,0.18,0.07,0.26,0.18,0.26,Matches,5,54,15,27.8,1.97,0.55,0.09,0.33,0,0,Matches,,,,,,,,,,,,,,,2,,,,,,Matches,,26,,,,,,,,,,,15,,,,Matches,,,,,,,,,,,,,,,,,,,,,Matches
2530,Yuito Suzuki,jp JPN,MF,Freiburg,de Bundesliga,23.0,2001.0,25,18,1632.0,18.1,4,2,6,4,0,0,3,0,0.22,0.11,0.33,0.22,0.33,Matches,4,38,14,36.8,2.1,0.77,0.11,0.29,0,0,Matches,,,,,,,,,,,,,,,2,,,,,,Matches,,12,,,,,,,,,,,10,,,,Matches,,,,,,,,,,,,,,,,,,,,,Matches
2531,Zion Suzuki,jp JPN,GK,Parma,it Serie A,22.0,2002.0,20,20,1800.0,20.0,0,0,0,0,0,0,1,0,0.0,0.0,0.0,0.0,0.0,Matches,0,0,0,,0.0,0.0,,,0,0,Matches,,,,,,,,,,,,,,,0,,,,,,Matches,,0,,,,,,,,,,,0,,,,Matches,,,,,,,,,,,,,,,,,,,,,Matches
2532,Mattias Svanberg,se SWE,MF,Wolfsburg,de Bundesliga,26.0,1999.0,24,8,861.0,9.6,3,1,4,3,0,0,6,1,0.31,0.1,0.42,0.31,0.42,Matches,3,21,8,38.1,2.2,0.84,0.14,0.38,0,0,Matches,,,,,,,,,,,,,,,1,,,,,,Matches,,7,,,,,,,,,,,10,,,,Matches,,,,,,,,,,,,,,,,,,,,,Matches
2533,Daniel Svensson,se SWE,MF,Dortmund,de Bundesliga,23.0,2002.0,33,27,2454.0,27.3,2,2,4,2,0,0,0,0,0.07,0.07,0.15,0.07,0.15,Matches,2,12,4,33.3,0.44,0.15,0.17,0.5,0,0,Matches,,,,,,,,,,,,,,,2,,,,,,Matches,,26,,,,,,,,,,,20,,,,Matches,,,,,,,,,,,,,,,,,,,,,Matches
2534,Mile Svilar,rs SRB,GK,Roma,it Serie A,25.0,1999.0,38,38,3420.0,38.0,0,0,0,0,0,0,0,0,0.0,0.0,0.0,0.0,0.0,Matches,0,0,0,,0.0,0.0,,,0,0,Matches,,,,,,,,,,,,,,,0,,,,,,Matches,,1,,,,,,,,,,,1,,,,Matches,,,,,,,,,,,,,,,,,,,,,Matches
2535,Williot Swedberg,se SWE,"FW,MF",Celta Vigo,es La Liga,21.0,2004.0,29,13,1270.0,14.1,5,5,10,5,0,0,2,0,0.35,0.35,0.71,0.35,0.71,Matches,5,23,12,52.2,1.63,0.85,0.22,0.42,0,0,Matches,,,,,,,,,,,,,,,5,,,,,,Matches,,17,,,,,,,,,,,4,,,,Matches,,,,,,,,,,,,,,,,,,,,,Matches
2536,Lamine Sy,mr MTN,DF,Auxerre,fr Ligue 1,22.0,2002.0,24,17,1536.0,17.1,0,0,0,0,0,0,1,0,0.0,0.0,0.0,0.0,0.0,Matches,0,13,2,15.4,0.76,0.12,0.0,0.0,0,0,Matches,,,,,,,,,,,,,,,0,,,,,,Matches,,29,,,,,,,,,,,26,,,,Matches,,,,,,,,,,,,,,,,,,,,,Matches
2540,Wojciech Szczęsny,pl POL,GK,Barcelona,es La Liga,35.0,1990.0,8,8,720.0,8.0,0,0,0,0,0,0,0,0,0.0,0.0,0.0,0.0,0.0,Matches,0,0,0,,0.0,0.0,,,0,0,Matches,,,,,,,,,,,,,,,0,,,,,,Matches,,0,,,,,,,,,,,0,,,,Matches,,,,,,,,,,,,,,,,,,,,,Matches
2541,Dominik Szoboszlai,hu HUN,"MF,DF",Liverpool,eng Premier League,24.0,2000.0,36,36,3231.0,35.9,6,7,13,6,0,1,8,1,0.17,0.19,0.36,0.17,0.36,Matches,6,71,23,32.4,1.98,0.64,0.08,0.26,0,1,Matches,,,,,,,,,,,,,,,7,,,,,,Matches,,32,,,,,,,,,,,29,,,,Matches,,,,,,,,,,,,,,,,,,,,,Matches
2542,Sebastian Szymański,pl POL,MF,Rennes,fr Ligue 1,26.0,1999.0,16,10,776.0,8.6,1,3,4,1,0,0,2,0,0.12,0.35,0.46,0.12,0.46,Matches,1,12,5,41.7,1.39,0.58,0.08,0.2,0,0,Matches,,,,,,,,,,,,,,,3,,,,,,Matches,,10,,,,,,,,,,,3,,,,Matches,,,,,,,,,,,,,,,,,,,,,Matches
2543,Alexander Sørloth,no NOR,FW,Atlético Madrid,es La Liga,29.0,1995.0,35,20,1980.0,22.0,13,0,13,13,0,0,4,1,0.59,0.0,0.59,0.59,0.59,Matches,13,68,35,51.5,3.09,1.59,0.19,0.37,0,0,Matches,,,,,,,,,,,,,,,0,,,,,,Matches,,7,,,,,,,,,,,0,,,,Matches,,,,,,,,,,,,,,,,,,,,,Matches
2545,Musa Al-Taamari,jo JOR,"MF,FW",Rennes,fr Ligue 1,28.0,1997.0,33,25,2212.0,24.6,6,6,12,6,0,0,4,0,0.24,0.24,0.49,0.24,0.49,Matches,6,64,23,35.9,2.6,0.94,0.09,0.26,0,0,Matches,,,,,,,,,,,,,,,6,,,,,,Matches,,16,,,,,,,,,,,11,,,,Matches,,,,,,,,,,,,,,,,,,,,,Matches
2546,Haris Tabaković,ba BIH,FW,Gladbach,de Bundesliga,31.0,1994.0,32,28,2382.0,26.5,13,3,16,13,0,2,5,0,0.49,0.11,0.6,0.49,0.6,Matches,13,67,27,40.3,2.53,1.02,0.19,0.48,0,2,Matches,,,,,,,,,,,,,,,3,,,,,,Matches,,6,,,,,,,,,,,0,,,,Matches,,,,,,,,,,,,,,,,,,,,,Matches
2547,Nicolás Tagliafico,ar ARG,DF,Lyon,fr Ligue 1,32.0,1992.0,20,14,1310.0,14.6,0,3,3,0,0,0,5,2,0.0,0.21,0.21,0.0,0.21,Matches,0,15,1,6.7,1.03,0.07,0.0,0.0,0,0,Matches,,,,,,,,,,,,,,,3,,,,,,Matches,,14,,,,,,,,,,,17,,,,Matches,,,,,,,,,,,,,,,,,,,,,Matches
2548,Jonathan Tah,de GER,DF,Bayern Munich,de Bundesliga,29.0,1996.0,28,23,2018.0,22.4,2,1,3,2,0,0,7,0,0.09,0.04,0.13,0.09,0.13,Matches,2,8,5,62.5,0.36,0.22,0.25,0.4,0,0,Matches,,,,,,,,,,,,,,,1,,,,,,Matches,,18,,,,,,,,,,,25,,,,Matches,,,,,,,,,,,,,,,,,,,,,Matches
2550,Chemsdine Talbi,ma MAR,"MF,FW",Sunderland,eng Premier League,20.0,2005.0,28,16,1561.0,17.3,4,1,5,4,0,0,0,0,0.23,0.06,0.29,0.23,0.29,Matches,4,25,10,40.0,1.44,0.58,0.16,0.4,0,0,Matches,,,,,,,,,,,,,,,1,,,,,,Matches,,6,,,,,,,,,,,3,,,,Matches,,,,,,,,,,,,,,,,,,,,,Matches
2551,Montassar Talbi,tn TUN,DF,Lorient,fr Ligue 1,27.0,1998.0,29,29,2610.0,29.0,0,1,1,0,0,0,3,0,0.0,0.03,0.03,0.0,0.03,Matches,0,14,2,14.3,0.48,0.07,0.0,0.0,0,0,Matches,,,,,,,,,,,,,,,1,,,,,,Matches,,19,,,,,,,,,,,27,,,,Matches,,,,,,,,,,,,,,,,,,,,,Matches
2552,Adrien Tameze,cm CMR,DF,Torino,it Serie A,31.0,1994.0,24,12,1120.0,12.4,0,0,0,0,0,0,3,0,0.0,0.0,0.0,0.0,0.0,Matches,0,5,0,0.0,0.4,0.0,0.0,,0,0,Matches,,,,,,,,,,,,,,,0,,,,,,Matches,,12,,,,,,,,,,,19,,,,Matches,,,,,,,,,,,,,,,,,,,,,Matches
2553,Ao Tanaka,jp JPN,MF,Leeds United,eng Premier League,26.0,1998.0,28,14,1315.0,14.6,2,0,2,2,0,0,1,0,0.14,0.0,0.14,0.14,0.14,Matches,2,17,5,29.4,1.16,0.34,0.12,0.4,0,0,Matches,,,,,,,,,,,,,,,0,,,,,,Matches,,15,,,,,,,,,,,21,,,,Matches,,,,,,,,,,,,,,,,,,,,,Matches
2556,Edmond Tapsoba,bf BFA,DF,Leverkusen,de Bundesliga,26.0,1999.0,29,29,2575.0,28.6,5,3,8,5,0,0,7,0,0.17,0.1,0.28,0.17,0.28,Matches,5,29,10,34.5,1.01,0.35,0.17,0.5,0,0,Matches,,,,,,,,,,,,,,,3,,,,,,Matches,,15,,,,,,,,,,,21,,,,Matches,,,,,,,,,,,,,,,,,,,,,Matches
2557,James Tarkowski,eng ENG,DF,Everton,eng Premier League,32.0,1992.0,37,37,3330.0,37.0,2,3,5,2,0,0,8,0,0.05,0.08,0.14,0.05,0.14,Matches,2,20,10,50.0,0.54,0.27,0.1,0.2,0,0,Matches,,,,,,,,,,,,,,,3,,,,,,Matches,,30,,,,,,,,,,,29,,,,Matches,,,,,,,,,,,,,,,,,,,,,Matches
2559,César Tárrega,es ESP,DF,Valencia,es La Liga,23.0,2002.0,32,29,2598.0,28.9,0,0,0,0,0,0,7,0,0.0,0.0,0.0,0.0,0.0,Matches,0,11,1,9.1,0.38,0.03,0.0,0.0,0,0,Matches,,,,,,,,,,,,,,,0,,,,,,Matches,,24,,,,,,,,,,,24,,,,Matches,,,,,,,,,,,,,,,,,,,,,Matches
2560,Tylel Tati,fr FRA,DF,Nantes,fr Ligue 1,17.0,2008.0,20,20,1721.0,19.1,0,0,0,0,0,0,5,1,0.0,0.0,0.0,0.0,0.0,Matches,0,3,0,0.0,0.16,0.0,0.0,,0,0,Matches,,,,,,,,,,,,,,,0,,,,,,Matches,,13,,,,,,,,,,,14,,,,Matches,,,,,,,,,,,,,,,,,,,,,Matches
2561,Nuno Tavares,pt POR,DF,Lazio,it Serie A,25.0,2000.0,23,17,1473.0,16.4,0,0,0,0,0,0,5,0,0.0,0.0,0.0,0.0,0.0,Matches,0,16,1,6.3,0.98,0.06,0.0,0.0,0,0,Matches,,,,,,,,,,,,,,,0,,,,,,Matches,,21,,,,,,,,,,,18,,,,Matches,,,,,,,,,,,,,,,,,,,,,Matches
2562,Marcus Tavernier,eng ENG,MF,Bournemouth,eng Premier League,26.0,1999.0,34,31,2731.0,30.3,7,4,11,5,2,2,6,0,0.23,0.13,0.36,0.16,0.3,Matches,7,70,24,34.3,2.31,0.79,0.1,0.29,2,2,Matches,,,,,,,,,,,,,,,4,,,,,,Matches,,21,,,,,,,,,,,16,,,,Matches,,,,,,,,,,,,,,,,,,,,,Matches
2563,Kenneth Taylor,nl NED,MF,Lazio,it Serie A,23.0,2002.0,17,17,1394.0,15.5,3,2,5,3,0,0,5,0,0.19,0.13,0.32,0.19,0.32,Matches,3,16,6,37.5,1.03,0.39,0.19,0.5,0,0,Matches,,,,,,,,,,,,,,,2,,,,,,Matches,,11,,,,,,,,,,,9,,,,Matches,,,,,,,,,,,,,,,,,,,,,Matches
2564,Loum Tchaouna,fr FRA,"MF,FW",Burnley,eng Premier League,21.0,2003.0,29,14,1272.0,14.1,2,1,3,2,0,0,2,0,0.14,0.07,0.21,0.14,0.21,Matches,2,23,9,39.1,1.63,0.64,0.09,0.22,0,0,Matches,,,,,,,,,,,,,,,1,,,,,,Matches,,9,,,,,,,,,,,2,,,,Matches,,,,,,,,,,,,,,,,,,,,,Matches
2565,Jackson Tchatchoua,cm CMR,"MF,DF",Wolves,eng Premier League,23.0,2001.0,31,19,1845.0,20.5,0,1,1,0,0,0,3,0,0.0,0.05,0.05,0.0,0.05,Matches,0,3,1,33.3,0.15,0.05,0.0,0.0,0,0,Matches,,,,,,,,,,,,,,,1,,,,,,Matches,,15,,,,,,,,,,,14,,,,Matches,,,,,,,,,,,,,,,,,,,,,Matches
2566,Aurélien Tchouaméni,fr FRA,MF,Real Madrid,es La Liga,25.0,2000.0,33,31,2615.0,29.1,1,0,1,1,0,0,8,0,0.03,0.0,0.03,0.03,0.03,Matches,1,45,7,15.6,1.55,0.24,0.02,0.14,0,0,Matches,,,,,,,,,,,,,,,0,,,,,,Matches,,41,,,,,,,,,,,45,,,,Matches,,,,,,,,,,,,,,,,,,,,,Matches
2567,Mathys Tel,fr FRA,"MF,FW",Tottenham,eng Premier League,20.0,2005.0,31,13,1349.0,15.0,4,1,5,4,0,0,1,0,0.27,0.07,0.33,0.27,0.33,Matches,4,35,8,22.9,2.34,0.53,0.11,0.5,0,0,Matches,,,,,,,,,,,,,,,1,,,,,,Matches,,12,,,,,,,,,,,5,,,,Matches,,,,,,,,,,,,,,,,,,,,,Matches
2568,Nathan Tella,ng NGA,MF,Leverkusen,de Bundesliga,26.0,1999.0,17,10,868.0,9.6,1,4,5,1,0,0,2,0,0.1,0.41,0.52,0.1,0.52,Matches,1,24,8,33.3,2.49,0.83,0.04,0.13,0,0,Matches,,,,,,,,,,,,,,,4,,,,,,Matches,,6,,,,,,,,,,,4,,,,Matches,,,,,,,,,,,,,,,,,,,,,Matches
2569,Nahuel Tenaglia,ar ARG,DF,Alavés,es La Liga,29.0,1996.0,36,36,3239.0,36.0,2,0,2,2,0,0,3,0,0.06,0.0,0.06,0.06,0.06,Matches,2,24,8,33.3,0.67,0.22,0.08,0.25,0,0,Matches,,,,,,,,,,,,,,,0,,,,,,Matches,,43,,,,,,,,,,,47,,,,Matches,,,,,,,,,,,,,,,,,,,,,Matches
2570,Arnau Tenas,es ESP,GK,Villarreal,es La Liga,24.0,2001.0,10,10,900.0,10.0,0,0,0,0,0,0,0,0,0.0,0.0,0.0,0.0,0.0,Matches,0,0,0,,0.0,0.0,,,0,0,Matches,,,,,,,,,,,,,,,0,,,,,,Matches,,1,,,,,,,,,,,0,,,,Matches,,,,,,,,,,,,,,,,,,,,,Matches
2572,Filippo Terracciano,it ITA,DF,Cremonese,it Serie A,22.0,2003.0,36,33,3011.0,33.5,2,0,2,2,0,0,6,0,0.06,0.0,0.06,0.06,0.06,Matches,2,14,4,28.6,0.42,0.12,0.14,0.5,0,0,Matches,,,,,,,,,,,,,,,0,,,,,,Matches,,23,,,,,,,,,,,56,,,,Matches,,,,,,,,,,,,,,,,,,,,,Matches
2574,Ramón Terrats,es ESP,MF,Espanyol,es La Liga,24.0,2000.0,29,12,1030.0,11.4,1,2,3,1,0,0,0,0,0.09,0.17,0.26,0.09,0.26,Matches,1,15,3,20.0,1.31,0.26,0.07,0.33,0,0,Matches,,,,,,,,,,,,,,,2,,,,,,Matches,,13,,,,,,,,,,,11,,,,Matches,,,,,,,,,,,,,,,,,,,,,Matches
2575,Martin Terrier,fr FRA,"MF,FW",Leverkusen,de Bundesliga,28.0,1997.0,18,7,675.0,7.5,4,1,5,4,0,0,1,0,0.53,0.13,0.67,0.53,0.67,Matches,4,17,6,35.3,2.27,0.8,0.24,0.67,0,0,Matches,,,,,,,,,,,,,,,1,,,,,,Matches,,4,,,,,,,,,,,1,,,,Matches,,,,,,,,,,,,,,,,,,,,,Matches
2576,Tanner Tessmann,us USA,MF,Lyon,fr Ligue 1,23.0,2001.0,29,22,1953.0,21.7,1,0,1,1,0,0,2,0,0.05,0.0,0.05,0.05,0.05,Matches,1,26,8,30.8,1.2,0.37,0.04,0.13,0,0,Matches,,,,,,,,,,,,,,,0,,,,,,Matches,,21,,,,,,,,,,,13,,,,Matches,,,,,,,,,,,,,,,,,,,,,Matches
2577,Kenny Tete,nl NED,DF,Fulham,eng Premier League,29.0,1995.0,22,21,1791.0,19.9,1,0,1,1,0,0,2,0,0.05,0.0,0.05,0.05,0.05,Matches,1,16,3,18.8,0.8,0.15,0.06,0.33,0,0,Matches,,,,,,,,,,,,,,,0,,,,,,Matches,,38,,,,,,,,,,,26,,,,Matches,,,,,,,,,,,,,,,,,,,,,Matches
2578,Jordan Teze,nl NED,"MF,DF",Monaco,fr Ligue 1,25.0,1999.0,33,28,2489.0,27.7,1,2,3,1,0,0,8,0,0.04,0.07,0.11,0.04,0.11,Matches,1,14,5,35.7,0.51,0.18,0.07,0.2,0,0,Matches,,,,,,,,,,,,,,,2,,,,,,Matches,,45,,,,,,,,,,,30,,,,Matches,,,,,,,,,,,,,,,,,,,,,Matches
2579,Florian Thauvin,fr FRA,MF,Lens,fr Ligue 1,32.0,1993.0,33,29,2443.0,27.1,11,6,17,9,2,3,6,0,0.41,0.22,0.63,0.33,0.55,Matches,11,74,27,36.5,2.73,0.99,0.15,0.41,2,3,Matches,,,,,,,,,,,,,,,6,,,,,,Matches,,17,,,,,,,,,,,11,,,,Matches,,,,,,,,,,,,,,,,,,,,,Matches
2580,Arthur Theate,be BEL,DF,Frankfurt,de Bundesliga,25.0,2000.0,24,24,2141.0,23.8,1,0,1,1,0,0,8,0,0.04,0.0,0.04,0.04,0.04,Matches,1,15,7,46.7,0.63,0.29,0.07,0.14,0,0,Matches,,,,,,,,,,,,,,,0,,,,,,Matches,,21,,,,,,,,,,,34,,,,Matches,,,,,,,,,,,,,,,,,,,,,Matches
2581,Igor Thiago,br BRA,FW,Brentford,eng Premier League,24.0,2001.0,38,37,3282.0,36.5,22,1,23,14,8,9,7,0,0.6,0.03,0.63,0.38,0.41,Matches,22,84,43,51.2,2.3,1.18,0.26,0.51,8,9,Matches,,,,,,,,,,,,,,,1,,,,,,Matches,,21,,,,,,,,,,,12,,,,Matches,,,,,,,,,,,,,,,,,,,,,Matches
2582,Malick Thiaw,de GER,DF,Newcastle,eng Premier League,23.0,2001.0,35,33,2965.0,32.9,4,0,4,4,0,0,4,0,0.12,0.0,0.12,0.12,0.12,Matches,4,28,14,50.0,0.85,0.42,0.14,0.29,0,0,Matches,,,,,,,,,,,,,,,0,,,,,,Matches,,34,,,,,,,,,,,30,,,,Matches,,,,,,,,,,,,,,,,,,,,,Matches
2583,Jan Thielmann,de GER,"MF,FW",Köln,de Bundesliga,23.0,2002.0,26,20,1540.0,17.1,3,1,4,3,0,0,4,0,0.18,0.06,0.23,0.18,0.23,Matches,3,27,10,37.0,1.58,0.58,0.11,0.3,0,0,Matches,,,,,,,,,,,,,,,1,,,,,,Matches,,12,,,,,,,,,,,13,,,,Matches,,,,,,,,,,,,,,,,,,,,,Matches
2584,Adrien Thomasson,fr FRA,MF,Lens,fr Ligue 1,31.0,1993.0,32,31,2683.0,29.8,3,9,12,3,0,0,11,0,0.1,0.3,0.4,0.1,0.4,Matches,3,43,13,30.2,1.44,0.44,0.07,0.23,0,0,Matches,,,,,,,,,,,,,,,9,,,,,,Matches,,56,,,,,,,,,,,20,,,,Matches,,,,,,,,,,,,,,,,,,,,,Matches
2585,Morten Thorsby,no NOR,MF,Genoa,it Serie A,29.0,1996.0,13,8,731.0,8.1,2,1,3,2,0,0,2,0,0.25,0.12,0.37,0.25,0.37,Matches,2,10,4,40.0,1.23,0.49,0.2,0.5,0,0,Matches,,,,,,,,,,,,,,,1,,,,,,Matches,,1,,,,,,,,,,,3,,,,Matches,,,,,,,,,,,,,,,,,,,,,Matches
2586,Morten Thorsby,no NOR,MF,Cremonese,it Serie A,29.0,1996.0,11,8,643.0,7.1,1,0,1,1,0,0,2,0,0.14,0.0,0.14,0.14,0.14,Matches,1,11,4,36.4,1.54,0.56,0.09,0.25,0,0,Matches,,,,,,,,,,,,,,,0,,,,,,Matches,,6,,,,,,,,,,,3,,,,Matches,,,,,,,,,,,,,,,,,,,,,Matches
2587,Kristian Thorstvedt,no NOR,MF,Sassuolo,it Serie A,26.0,1999.0,32,27,2460.0,27.3,4,4,8,4,0,0,9,0,0.15,0.15,0.29,0.15,0.29,Matches,4,43,13,30.2,1.57,0.48,0.09,0.31,0,0,Matches,,,,,,,,,,,,,,,4,,,,,,Matches,,20,,,,,,,,,,,31,,,,Matches,,,,,,,,,,,,,,,,,,,,,Matches
2588,Khéphren Thuram,fr FRA,MF,Juventus,it Serie A,24.0,2001.0,35,30,2442.0,27.1,3,3,6,3,0,0,2,0,0.11,0.11,0.22,0.11,0.22,Matches,3,50,15,30.0,1.84,0.55,0.06,0.2,0,0,Matches,,,,,,,,,,,,,,,3,,,,,,Matches,,32,,,,,,,,,,,12,,,,Matches,,,,,,,,,,,,,,,,,,,,,Matches
2589,Marcus Thuram,fr FRA,FW,Inter,it Serie A,27.0,1997.0,29,24,1900.0,21.1,13,6,19,13,0,0,2,0,0.62,0.28,0.9,0.62,0.9,Matches,13,74,29,39.2,3.51,1.37,0.18,0.45,0,0,Matches,,,,,,,,,,,,,,,6,,,,,,Matches,,13,,,,,,,,,,,1,,,,Matches,,,,,,,,,,,,,,,,,,,,,Matches
2590,Cheikh Tidiane Sabaly,sn SEN,"MF,FW",Metz,fr Ligue 1,26.0,1999.0,14,12,967.0,10.7,0,2,2,0,0,0,2,0,0.0,0.19,0.19,0.0,0.19,Matches,0,8,4,50.0,0.74,0.37,0.0,0.0,0,0,Matches,,,,,,,,,,,,,,,2,,,,,,Matches,,13,,,,,,,,,,,3,,,,Matches,,,,,,,,,,,,,,,,,,,,,Matches
2591,Youri Tielemans,be BEL,MF,Aston Villa,eng Premier League,28.0,1997.0,25,21,1862.0,20.7,0,4,4,0,0,0,0,0,0.0,0.19,0.19,0.0,0.19,Matches,0,24,7,29.2,1.16,0.34,0.0,0.0,0,0,Matches,,,,,,,,,,,,,,,4,,,,,,Matches,,39,,,,,,,,,,,16,,,,Matches,,,,,,,,,,,,,,,,,,,,,Matches
2593,Phillip Tietz,de GER,FW,Mainz 05,de Bundesliga,28.0,1997.0,19,19,1610.0,17.9,5,2,7,5,0,1,2,0,0.28,0.11,0.39,0.28,0.39,Matches,5,46,21,45.7,2.57,1.17,0.11,0.24,0,1,Matches,,,,,,,,,,,,,,,2,,,,,,Matches,,4,,,,,,,,,,,7,,,,Matches,,,,,,,,,,,,,,,,,,,,,Matches
2594,Malik Tillman,us USA,MF,Leverkusen,de Bundesliga,23.0,2002.0,29,18,1674.0,18.6,6,1,7,6,0,0,2,0,0.32,0.05,0.38,0.32,0.38,Matches,6,34,13,38.2,1.83,0.7,0.18,0.46,0,0,Matches,,,,,,,,,,,,,,,1,,,,,,Matches,,30,,,,,,,,,,,19,,,,Matches,,,,,,,,,,,,,,,,,,,,,Matches
2595,Jurriën Timber,nl NED,DF,Arsenal,eng Premier League,24.0,2001.0,30,28,2454.0,27.3,3,5,8,3,0,0,5,0,0.11,0.18,0.29,0.11,0.29,Matches,3,25,7,28.0,0.92,0.26,0.12,0.43,0,0,Matches,,,,,,,,,,,,,,,5,,,,,,Matches,,35,,,,,,,,,,,24,,,,Matches,,,,,,,,,,,,,,,,,,,,,Matches
2596,Quinten Timber,nl NED,MF,Marseille,fr Ligue 1,24.0,2001.0,15,14,1105.0,12.3,0,0,0,0,0,0,4,0,0.0,0.0,0.0,0.0,0.0,Matches,0,10,2,20.0,0.81,0.16,0.0,0.0,0,0,Matches,,,,,,,,,,,,,,,0,,,,,,Matches,,17,,,,,,,,,,,9,,,,Matches,,,,,,,,,,,,,,,,,,,,,Matches
2597,Jean-Clair Todibo,fr FRA,DF,West Ham,eng Premier League,25.0,1999.0,23,22,1814.0,20.2,0,1,1,0,0,0,5,1,0.0,0.05,0.05,0.0,0.05,Matches,0,2,0,0.0,0.1,0.0,0.0,,0,0,Matches,,,,,,,,,,,,,,,1,,,,,,Matches,,24,,,,,,,,,,,16,,,,Matches,,,,,,,,,,,,,,,,,,,,,Matches
2599,Corentin Tolisso,fr FRA,MF,Lyon,fr Ligue 1,30.0,1994.0,30,26,2302.0,25.6,11,4,15,9,2,3,4,0,0.43,0.16,0.59,0.35,0.51,Matches,11,54,27,50.0,2.11,1.06,0.2,0.41,2,3,Matches,,,,,,,,,,,,,,,4,,,,,,Matches,,18,,,,,,,,,,,17,,,,Matches,,,,,,,,,,,,,,,,,,,,,Matches
2600,Jeremy Toljan,de GER,DF,Levante,es La Liga,30.0,1994.0,37,37,3164.0,35.2,1,4,5,1,0,0,8,0,0.03,0.11,0.14,0.03,0.14,Matches,1,9,1,11.1,0.26,0.03,0.11,1.0,0,0,Matches,,,,,,,,,,,,,,,4,,,,,,Matches,,39,,,,,,,,,,,31,,,,Matches,,,,,,,,,,,,,,,,,,,,,Matches
2601,Tiago Tomás,pt POR,"MF,FW",Stuttgart,de Bundesliga,23.0,2002.0,27,10,1020.0,11.3,5,3,8,5,0,0,4,0,0.44,0.26,0.71,0.44,0.71,Matches,5,35,10,28.6,3.09,0.88,0.14,0.5,0,0,Matches,,,,,,,,,,,,,,,3,,,,,,Matches,,8,,,,,,,,,,,5,,,,Matches,,,,,,,,,,,,,,,,,,,,,Matches
2602,Fikayo Tomori,eng ENG,DF,Milan,it Serie A,27.0,1997.0,33,31,2554.0,28.4,0,2,2,0,0,0,8,1,0.0,0.07,0.07,0.0,0.07,Matches,0,9,2,22.2,0.32,0.07,0.0,0.0,0,0,Matches,,,,,,,,,,,,,,,2,,,,,,Matches,,40,,,,,,,,,,,28,,,,Matches,,,,,,,,,,,,,,,,,,,,,Matches
2603,Sandro Tonali,it ITA,MF,Newcastle,eng Premier League,25.0,2000.0,35,31,2534.0,28.2,0,2,2,0,0,0,4,0,0.0,0.07,0.07,0.0,0.07,Matches,0,37,8,21.6,1.31,0.28,0.0,0.0,0,0,Matches,,,,,,,,,,,,,,,2,,,,,,Matches,,25,,,,,,,,,,,28,,,,Matches,,,,,,,,,,,,,,,,,,,,,Matches
2605,Keke Topp,de GER,FW,Werder Bremen,de Bundesliga,21.0,2004.0,20,7,638.0,7.1,1,1,2,1,0,0,4,0,0.14,0.14,0.28,0.14,0.28,Matches,1,25,3,12.0,3.53,0.42,0.04,0.33,0,0,Matches,,,,,,,,,,,,,,,1,,,,,,Matches,,5,,,,,,,,,,,1,,,,Matches,,,,,,,,,,,,,,,,,,,,,Matches
2606,Pablo Torre,es ESP,"MF,FW",Mallorca,es La Liga,22.0,2003.0,35,19,1599.0,17.8,4,4,8,4,0,0,4,0,0.23,0.23,0.45,0.23,0.45,Matches,4,25,12,48.0,1.41,0.68,0.16,0.33,0,0,Matches,,,,,,,,,,,,,,,4,,,,,,Matches,,17,,,,,,,,,,,9,,,,Matches,,,,,,,,,,,,,,,,,,,,,Matches
2608,Ferran Torres,es ESP,FW,Barcelona,es La Liga,25.0,2000.0,33,23,1965.0,21.8,16,2,18,16,0,0,2,0,0.73,0.09,0.82,0.73,0.82,Matches,16,69,37,53.6,3.16,1.69,0.23,0.43,0,0,Matches,,,,,,,,,,,,,,,2,,,,,,Matches,,6,,,,,,,,,,,4,,,,Matches,,,,,,,,,,,,,,,,,,,,,Matches
2609,Pau Torres,es ESP,DF,Aston Villa,eng Premier League,28.0,1997.0,21,18,1676.0,18.6,0,0,0,0,0,0,1,0,0.0,0.0,0.0,0.0,0.0,Matches,0,9,1,11.1,0.48,0.05,0.0,0.0,0,0,Matches,,,,,,,,,,,,,,,0,,,,,,Matches,,14,,,,,,,,,,,11,,,,Matches,,,,,,,,,,,,,,,,,,,,,Matches
2610,Lucas Torró,es ESP,MF,Osasuna,es La Liga,31.0,1994.0,34,31,2293.0,25.5,0,1,1,0,0,0,6,0,0.0,0.04,0.04,0.0,0.04,Matches,0,29,9,31.0,1.14,0.35,0.0,0.0,0,0,Matches,,,,,,,,,,,,,,,1,,,,,,Matches,,19,,,,,,,,,,,30,,,,Matches,,,,,,,,,,,,,,,,,,,,,Matches
2611,Jordan Torunarigha,de GER,DF,Hamburger SV,de Bundesliga,27.0,1997.0,24,21,1962.0,21.8,0,0,0,0,0,0,3,0,0.0,0.0,0.0,0.0,0.0,Matches,0,5,1,20.0,0.23,0.05,0.0,0.0,0,0,Matches,,,,,,,,,,,,,,,0,,,,,,Matches,,22,,,,,,,,,,,30,,,,Matches,,,,,,,,,,,,,,,,,,,,,Matches
2613,Abdoulaye Touré,gn GUI,MF,Le Havre,fr Ligue 1,31.0,1994.0,11,8,740.0,8.2,2,0,2,2,0,1,2,0,0.24,0.0,0.24,0.24,0.24,Matches,2,13,4,30.8,1.58,0.49,0.15,0.5,0,1,Matches,,,,,,,,,,,,,,,0,,,,,,Matches,,6,,,,,,,,,,,10,,,,Matches,,,,,,,,,,,,,,,,,,,,,Matches
2614,Alpha Touré,sn SEN,MF,Metz,fr Ligue 1,19.0,2006.0,30,16,1606.0,17.8,0,1,1,0,0,0,5,0,0.0,0.06,0.06,0.0,0.06,Matches,0,17,1,5.9,0.95,0.06,0.0,0.0,0,0,Matches,,,,,,,,,,,,,,,1,,,,,,Matches,,23,,,,,,,,,,,10,,,,Matches,,,,,,,,,,,,,,,,,,,,,Matches
2615,Bazoumana Touré,ci CIV,"MF,FW",Hoffenheim,de Bundesliga,19.0,2006.0,30,29,2308.0,25.6,5,9,14,5,0,0,2,0,0.19,0.35,0.55,0.19,0.55,Matches,5,48,13,27.1,1.87,0.51,0.1,0.38,0,0,Matches,,,,,,,,,,,,,,,9,,,,,,Matches,,22,,,,,,,,,,,6,,,,Matches,,,,,,,,,,,,,,,,,,,,,Matches
2616,Idrissa Touré,de GER,MF,Pisa,it Serie A,27.0,1998.0,32,26,2279.0,25.3,1,0,1,1,0,0,4,1,0.04,0.0,0.04,0.04,0.04,Matches,1,29,8,27.6,1.15,0.32,0.03,0.13,0,0,Matches,,,,,,,,,,,,,,,0,,,,,,Matches,,28,,,,,,,,,,,25,,,,Matches,,,,,,,,,,,,,,,,,,,,,Matches
2620,Lucas Tousart,fr FRA,"MF,DF",Brest,fr Ligue 1,28.0,1997.0,24,9,834.0,9.3,1,0,1,1,0,0,0,0,0.11,0.0,0.11,0.11,0.11,Matches,1,9,3,33.3,0.97,0.32,0.11,0.33,0,0,Matches,,,,,,,,,,,,,,,0,,,,,,Matches,,12,,,,,,,,,,,9,,,,Matches,,,,,,,,,,,,,,,,,,,,,Matches
2622,Mattéo Tramoni,fr FRA,"MF,FW",Pisa,it Serie A,25.0,2000.0,27,21,1600.0,17.8,2,2,4,1,1,1,3,0,0.11,0.11,0.23,0.06,0.17,Matches,2,28,9,32.1,1.58,0.51,0.07,0.22,1,1,Matches,,,,,,,,,,,,,,,2,,,,,,Matches,,21,,,,,,,,,,,15,,,,Matches,,,,,,,,,,,,,,,,,,,,,Matches
2625,Bertrand Traoré,bf BFA,"MF,FW",Sunderland,eng Premier League,29.0,1995.0,12,9,632.0,7.0,1,0,1,1,0,0,1,0,0.14,0.0,0.14,0.14,0.14,Matches,1,12,6,50.0,1.71,0.85,0.08,0.17,0,0,Matches,,,,,,,,,,,,,,,0,,,,,,Matches,,4,,,,,,,,,,,2,,,,Matches,,,,,,,,,,,,,,,,,,,,,Matches
2626,Boubacar Traoré,ml MLI,MF,Metz,fr Ligue 1,23.0,2001.0,20,16,1387.0,15.4,1,0,1,1,0,0,4,0,0.06,0.0,0.06,0.06,0.06,Matches,1,19,3,15.8,1.23,0.19,0.05,0.33,0,0,Matches,,,,,,,,,,,,,,,0,,,,,,Matches,,26,,,,,,,,,,,15,,,,Matches,,,,,,,,,,,,,,,,,,,,,Matches
2627,Hamari Traoré,ml MLI,DF,Paris FC,fr Ligue 1,33.0,1992.0,18,14,1150.0,12.8,0,1,1,0,0,0,4,0,0.0,0.08,0.08,0.0,0.08,Matches,0,4,0,0.0,0.31,0.0,0.0,,0,0,Matches,,,,,,,,,,,,,,,1,,,,,,Matches,,22,,,,,,,,,,,18,,,,Matches,,,,,,,,,,,,,,,,,,,,,Matches
2628,Omar Traoré,de GER,"DF,MF",Heidenheim,de Bundesliga,27.0,1998.0,26,16,1501.0,16.7,0,2,2,0,0,0,2,0,0.0,0.12,0.12,0.0,0.12,Matches,0,10,2,20.0,0.6,0.12,0.0,0.0,0,0,Matches,,,,,,,,,,,,,,,2,,,,,,Matches,,11,,,,,,,,,,,17,,,,Matches,,,,,,,,,,,,,,,,,,,,,Matches
2629,Kevin Trapp,de GER,GK,Paris FC,fr Ligue 1,35.0,1990.0,22,22,1980.0,22.0,0,0,0,0,0,0,2,0,0.0,0.0,0.0,0.0,0.0,Matches,0,0,0,,0.0,0.0,,,0,0,Matches,,,,,,,,,,,,,,,0,,,,,,Matches,,0,,,,,,,,,,,1,,,,Matches,,,,,,,,,,,,,,,,,,,,,Matches
2633,Philipp Treu,de GER,"DF,MF",Freiburg,de Bundesliga,24.0,2000.0,28,24,2186.0,24.3,1,2,3,1,0,0,2,0,0.04,0.08,0.12,0.04,0.12,Matches,1,17,5,29.4,0.7,0.21,0.06,0.2,0,0,Matches,,,,,,,,,,,,,,,2,,,,,,Matches,,27,,,,,,,,,,,7,,,,Matches,,,,,,,,,,,,,,,,,,,,,Matches
2634,Christopher Trimmel,at AUT,"MF,DF",Union Berlin,de Bundesliga,38.0,1987.0,29,22,1861.0,20.7,0,3,3,0,0,0,8,0,0.0,0.15,0.15,0.0,0.15,Matches,0,5,1,20.0,0.24,0.05,0.0,0.0,0,0,Matches,,,,,,,,,,,,,,,3,,,,,,Matches,,24,,,,,,,,,,,10,,,,Matches,,,,,,,,,,,,,,,,,,,,,Matches
2635,Kieran Trippier,eng ENG,DF,Newcastle,eng Premier League,34.0,1990.0,21,18,1586.0,17.6,0,1,1,0,0,0,3,0,0.0,0.06,0.06,0.0,0.06,Matches,0,2,0,0.0,0.11,0.0,0.0,,0,0,Matches,,,,,,,,,,,,,,,1,,,,,,Matches,,13,,,,,,,,,,,7,,,,Matches,,,,,,,,,,,,,,,,,,,,,Matches
2636,Mariano Troilo,ar ARG,DF,Parma,it Serie A,22.0,2003.0,21,18,1625.0,18.1,1,0,1,1,0,0,8,2,0.06,0.0,0.06,0.06,0.06,Matches,1,9,2,22.2,0.5,0.11,0.11,0.5,0,0,Matches,,,,,,,,,,,,,,,0,,,,,,Matches,,18,,,,,,,,,,,16,,,,Matches,,,,,,,,,,,,,,,,,,,,,Matches
2637,Leandro Trossard,be BEL,"FW,MF",Arsenal,eng Premier League,30.0,1994.0,31,21,2000.0,22.2,6,6,12,6,0,0,2,0,0.27,0.27,0.54,0.27,0.54,Matches,6,53,15,28.3,2.39,0.68,0.11,0.4,0,0,Matches,,,,,,,,,,,,,,,6,,,,,,Matches,,15,,,,,,,,,,,9,,,,Matches,,,,,,,,,,,,,,,,,,,,,Matches
2638,Adrien Truffert,fr FRA,DF,Bournemouth,eng Premier League,23.0,2001.0,38,38,3379.0,37.5,1,5,6,1,0,0,5,0,0.03,0.13,0.16,0.03,0.16,Matches,1,16,6,37.5,0.43,0.16,0.06,0.17,0,0,Matches,,,,,,,,,,,,,,,5,,,,,,Matches,,51,,,,,,,,,,,43,,,,Matches,,,,,,,,,,,,,,,,,,,,,Matches
2639,Kostas Tsimikas,gr GRE,MF,Roma,it Serie A,29.0,1996.0,18,6,644.0,7.2,0,0,0,0,0,0,1,0,0.0,0.0,0.0,0.0,0.0,Matches,0,7,0,0.0,0.98,0.0,0.0,,0,0,Matches,,,,,,,,,,,,,,,0,,,,,,Matches,,5,,,,,,,,,,,8,,,,Matches,,,,,,,,,,,,,,,,,,,,,Matches
2640,Heorhii Tsitaishvili,ge GEO,"MF,DF",Metz,fr Ligue 1,24.0,2000.0,33,28,2449.0,27.2,3,2,5,3,0,0,3,0,0.11,0.07,0.18,0.11,0.18,Matches,3,31,8,25.8,1.14,0.29,0.1,0.38,0,0,Matches,,,,,,,,,,,,,,,2,,,,,,Matches,,12,,,,,,,,,,,14,,,,Matches,,,,,,,,,,,,,,,,,,,,,Matches
2641,Viktor Tsyhankov,ua UKR,"MF,FW",Girona,es La Liga,27.0,1997.0,32,31,2630.0,29.2,6,5,11,6,0,0,3,0,0.21,0.17,0.38,0.21,0.38,Matches,6,51,21,41.2,1.75,0.72,0.12,0.29,0,0,Matches,,,,,,,,,,,,,,,5,,,,,,Matches,,22,,,,,,,,,,,21,,,,Matches,,,,,,,,,,,,,,,,,,,,,Matches
2642,Axel Tuanzebe,cd COD,DF,Burnley,eng Premier League,27.0,1997.0,14,14,1201.0,13.3,1,0,1,1,0,0,1,0,0.07,0.0,0.07,0.07,0.07,Matches,1,2,1,50.0,0.15,0.07,0.5,1.0,0,0,Matches,,,,,,,,,,,,,,,0,,,,,,Matches,,8,,,,,,,,,,,12,,,,Matches,,,,,,,,,,,,,,,,,,,,,Matches
2643,Kareem Tunde,es ESP,MF,Levante,es La Liga,19.0,2005.0,21,17,1133.0,12.6,0,1,1,0,0,0,3,0,0.0,0.08,0.08,0.0,0.08,Matches,0,21,3,14.3,1.67,0.24,0.0,0.0,0,0,Matches,,,,,,,,,,,,,,,1,,,,,,Matches,,11,,,,,,,,,,,14,,,,Matches,,,,,,,,,,,,,,,,,,,,,Matches
2644,Stefano Turati,it ITA,GK,Sassuolo,it Serie A,23.0,2001.0,6,6,532.0,5.9,0,0,0,0,0,0,0,0,0.0,0.0,0.0,0.0,0.0,Matches,0,0,0,,0.0,0.0,,,0,0,Matches,,,,,,,,,,,,,,,0,,,,,,Matches,,0,,,,,,,,,,,1,,,,Matches,,,,,,,,,,,,,,,,,,,,,Matches
2645,Beñat Turrientes,es ESP,MF,Real Sociedad,es La Liga,23.0,2002.0,27,16,1348.0,15.0,0,3,3,0,0,0,7,0,0.0,0.2,0.2,0.0,0.2,Matches,0,20,6,30.0,1.34,0.4,0.0,0.0,0,0,Matches,,,,,,,,,,,,,,,3,,,,,,Matches,,23,,,,,,,,,,,9,,,,Matches,,,,,,,,,,,,,,,,,,,,,Matches
2649,Destiny Udogie,it ITA,"DF,MF",Tottenham,eng Premier League,22.0,2002.0,20,14,1338.0,14.9,0,1,1,0,0,0,4,0,0.0,0.07,0.07,0.0,0.07,Matches,0,4,1,25.0,0.27,0.07,0.0,0.0,0,0,Matches,,,,,,,,,,,,,,,1,,,,,,Matches,,20,,,,,,,,,,,7,,,,Matches,,,,,,,,,,,,,,,,,,,,,Matches
2650,Matthieu Udol,fr FRA,"MF,DF",Lens,fr Ligue 1,29.0,1996.0,34,33,3002.0,33.4,1,7,8,1,0,0,2,0,0.03,0.21,0.24,0.03,0.24,Matches,1,47,17,36.2,1.41,0.51,0.02,0.06,0,0,Matches,,,,,,,,,,,,,,,7,,,,,,Matches,,21,,,,,,,,,,,51,,,,Matches,,,,,,,,,,,,,,,,,,,,,Matches
2651,Manuel Ugarte,uy URU,MF,Manchester Utd,eng Premier League,24.0,2001.0,22,8,887.0,9.9,0,0,0,0,0,0,1,0,0.0,0.0,0.0,0.0,0.0,Matches,0,13,1,7.7,1.32,0.1,0.0,0.0,0,0,Matches,,,,,,,,,,,,,,,0,,,,,,Matches,,30,,,,,,,,,,,20,,,,Matches,,,,,,,,,,,,,,,,,,,,,Matches
2652,Lesley Ugochukwu,fr FRA,MF,Burnley,eng Premier League,21.0,2004.0,35,27,2336.0,26.0,3,1,4,3,0,0,3,1,0.12,0.04,0.15,0.12,0.15,Matches,3,23,8,34.8,0.89,0.31,0.13,0.38,0,0,Matches,,,,,,,,,,,,,,,1,,,,,,Matches,,26,,,,,,,,,,,17,,,,Matches,,,,,,,,,,,,,,,,,,,,,Matches
2653,Filip Ugrinic,ch SUI,MF,Valencia,es La Liga,26.0,1999.0,27,17,1504.0,16.7,0,3,3,0,0,0,3,0,0.0,0.18,0.18,0.0,0.18,Matches,0,20,3,15.0,1.2,0.18,0.0,0.0,0,0,Matches,,,,,,,,,,,,,,,3,,,,,,Matches,,16,,,,,,,,,,,11,,,,Matches,,,,,,,,,,,,,,,,,,,,,Matches
2654,Lukas Ullrich,de GER,"DF,MF",Gladbach,de Bundesliga,21.0,2004.0,23,14,1305.0,14.5,0,0,0,0,0,0,2,0,0.0,0.0,0.0,0.0,0.0,Matches,0,10,2,20.0,0.69,0.14,0.0,0.0,0,0,Matches,,,,,,,,,,,,,,,0,,,,,,Matches,,17,,,,,,,,,,,21,,,,Matches,,,,,,,,,,,,,,,,,,,,,Matches
2657,Deniz Undav,de GER,"FW,MF",Stuttgart,de Bundesliga,29.0,1996.0,29,25,2241.0,24.9,19,7,26,19,0,1,5,0,0.76,0.28,1.04,0.76,1.04,Matches,19,124,46,37.1,4.98,1.85,0.15,0.41,0,1,Matches,,,,,,,,,,,,,,,7,,,,,,Matches,,14,,,,,,,,,,,4,,,,Matches,,,,,,,,,,,,,,,,,,,,,Matches
2658,Dayot Upamecano,fr FRA,DF,Bayern Munich,de Bundesliga,26.0,1998.0,24,21,1794.0,19.9,1,1,2,1,0,0,4,0,0.05,0.05,0.1,0.05,0.1,Matches,1,8,2,25.0,0.4,0.1,0.13,0.5,0,0,Matches,,,,,,,,,,,,,,,1,,,,,,Matches,,26,,,,,,,,,,,21,,,,Matches,,,,,,,,,,,,,,,,,,,,,Matches
2660,Jonas Urbig,de GER,GK,Bayern Munich,de Bundesliga,21.0,2003.0,14,11,1111.0,12.3,0,0,0,0,0,0,0,0,0.0,0.0,0.0,0.0,0.0,Matches,0,0,0,,0.0,0.0,,,0,0,Matches,,,,,,,,,,,,,,,0,,,,,,Matches,,0,,,,,,,,,,,0,,,,Matches,,,,,,,,,,,,,,,,,,,,,Matches
2661,Can Uzun,tr TUR,MF,Frankfurt,de Bundesliga,19.0,2005.0,21,15,1156.0,12.8,8,4,12,7,1,1,3,0,0.62,0.31,0.93,0.54,0.86,Matches,8,41,19,46.3,3.19,1.48,0.2,0.42,1,1,Matches,,,,,,,,,,,,,,,4,,,,,,Matches,,9,,,,,,,,,,,3,,,,Matches,,,,,,,,,,,,,,,,,,,,,Matches
2662,Josha Vagnoman,de GER,"DF,MF",Stuttgart,de Bundesliga,24.0,2000.0,27,18,1587.0,17.6,1,3,4,1,0,0,3,0,0.06,0.17,0.23,0.06,0.23,Matches,1,19,11,57.9,1.08,0.62,0.05,0.09,0,0,Matches,,,,,,,,,,,,,,,3,,,,,,Matches,,19,,,,,,,,,,,3,,,,Matches,,,,,,,,,,,,,,,,,,,,,Matches
2665,Lautaro Valenti,ar ARG,DF,Parma,it Serie A,26.0,1999.0,27,25,2252.0,25.0,0,0,0,0,0,0,7,0,0.0,0.0,0.0,0.0,0.0,Matches,0,17,4,23.5,0.68,0.16,0.0,0.0,0,0,Matches,,,,,,,,,,,,,,,0,,,,,,Matches,,30,,,,,,,,,,,26,,,,Matches,,,,,,,,,,,,,,,,,,,,,Matches
2666,Óscar Valentín,es ESP,MF,Rayo Vallecano,es La Liga,30.0,1994.0,33,26,2108.0,23.4,1,0,1,1,0,0,3,1,0.04,0.0,0.04,0.04,0.04,Matches,1,13,4,30.8,0.56,0.17,0.08,0.25,0,0,Matches,,,,,,,,,,,,,,,0,,,,,,Matches,,43,,,,,,,,,,,29,,,,Matches,,,,,,,,,,,,,,,,,,,,,Matches
2667,Nicolás Valentini,ar ARG,DF,Hellas Verona,it Serie A,24.0,2001.0,21,15,1409.0,15.7,0,0,0,0,0,0,8,1,0.0,0.0,0.0,0.0,0.0,Matches,0,16,7,43.8,1.02,0.45,0.0,0.0,0,0,Matches,,,,,,,,,,,,,,,0,,,,,,Matches,,18,,,,,,,,,,,16,,,,Matches,,,,,,,,,,,,,,,,,,,,,Matches
2668,Germán Valera,es ESP,"MF,DF",Elche,es La Liga,23.0,2002.0,36,33,2857.0,31.7,4,5,9,4,0,0,5,1,0.13,0.16,0.28,0.13,0.28,Matches,4,28,8,28.6,0.88,0.25,0.14,0.5,0,0,Matches,,,,,,,,,,,,,,,5,,,,,,Matches,,40,,,,,,,,,,,23,,,,Matches,,,,,,,,,,,,,,,,,,,,,Matches
2669,Emanuele Valeri,it ITA,"MF,DF",Parma,it Serie A,26.0,1998.0,34,29,2643.0,29.4,0,2,2,0,0,0,2,0,0.0,0.07,0.07,0.0,0.07,Matches,0,23,5,21.7,0.78,0.17,0.0,0.0,0,0,Matches,,,,,,,,,,,,,,,2,,,,,,Matches,,32,,,,,,,,,,,20,,,,Matches,,,,,,,,,,,,,,,,,,,,,Matches
2670,Martin Valjent,sk SVK,DF,Mallorca,es La Liga,29.0,1995.0,37,37,3308.0,36.8,0,0,0,0,0,0,6,0,0.0,0.0,0.0,0.0,0.0,Matches,0,17,8,47.1,0.46,0.22,0.0,0.0,0,0,Matches,,,,,,,,,,,,,,,0,,,,,,Matches,,33,,,,,,,,,,,24,,,,Matches,,,,,,,,,,,,,,,,,,,,,Matches
2671,Álex Valle,es ESP,DF,Como,it Serie A,21.0,2004.0,28,23,2026.0,22.5,1,4,5,1,0,0,3,0,0.04,0.18,0.22,0.04,0.22,Matches,1,11,2,18.2,0.49,0.09,0.09,0.5,0,0,Matches,,,,,,,,,,,,,,,4,,,,,,Matches,,31,,,,,,,,,,,24,,,,Matches,,,,,,,,,,,,,,,,,,,,,Matches
2672,Álvaro Vallés,es ESP,GK,Real Betis,es La Liga,28.0,1997.0,28,28,2520.0,28.0,0,0,0,0,0,0,1,0,0.0,0.0,0.0,0.0,0.0,Matches,0,0,0,,0.0,0.0,,,0,0,Matches,,,,,,,,,,,,,,,0,,,,,,Matches,,0,,,,,,,,,,,1,,,,Matches,,,,,,,,,,,,,,,,,,,,,Matches
2673,Federico Valverde,uy URU,"MF,DF",Real Madrid,es La Liga,27.0,1998.0,33,31,2740.0,30.4,5,8,13,5,0,0,3,1,0.16,0.26,0.43,0.16,0.43,Matches,5,51,22,43.1,1.68,0.72,0.1,0.23,0,0,Matches,,,,,,,,,,,,,,,8,,,,,,Matches,,25,,,,,,,,,,,25,,,,Matches,,,,,,,,,,,,,,,,,,,,,Matches
2674,Ignace Van Der Brempt,be BEL,DF,Como,it Serie A,23.0,2002.0,20,11,931.0,10.3,0,1,1,0,0,0,2,0,0.0,0.1,0.1,0.0,0.1,Matches,0,3,0,0.0,0.29,0.0,0.0,,0,0,Matches,,,,,,,,,,,,,,,1,,,,,,Matches,,14,,,,,,,,,,,8,,,,Matches,,,,,,,,,,,,,,,,,,,,,Matches
2675,Virgil van Dijk,nl NED,DF,Liverpool,eng Premier League,34.0,1991.0,38,38,3420.0,38.0,6,0,6,6,0,0,4,0,0.16,0.0,0.16,0.16,0.16,Matches,6,30,14,46.7,0.79,0.37,0.2,0.43,0,0,Matches,,,,,,,,,,,,,,,0,,,,,,Matches,,15,,,,,,,,,,,26,,,,Matches,,,,,,,,,,,,,,,,,,,,,Matches
2676,Vladyslav Vanat,ua UKR,FW,Girona,es La Liga,23.0,2002.0,27,27,1942.0,21.6,9,1,10,6,3,3,4,0,0.42,0.05,0.46,0.28,0.32,Matches,9,27,18,66.7,1.25,0.83,0.33,0.5,3,3,Matches,,,,,,,,,,,,,,,1,,,,,,Matches,,3,,,,,,,,,,,3,,,,Matches,,,,,,,,,,,,,,,,,,,,,Matches
2677,Jari Vandeputte,be BEL,MF,Cremonese,it Serie A,29.0,1996.0,32,23,1944.0,21.6,1,5,6,1,0,0,3,0,0.05,0.23,0.28,0.05,0.28,Matches,1,20,8,40.0,0.93,0.37,0.05,0.13,0,0,Matches,,,,,,,,,,,,,,,5,,,,,,Matches,,21,,,,,,,,,,,18,,,,Matches,,,,,,,,,,,,,,,,,,,,,Matches
2678,Vanderson,br BRA,"DF,MF",Monaco,fr Ligue 1,24.0,2001.0,14,7,616.0,6.8,0,2,2,0,0,0,4,0,0.0,0.29,0.29,0.0,0.29,Matches,0,3,0,0.0,0.44,0.0,0.0,,0,0,Matches,,,,,,,,,,,,,,,2,,,,,,Matches,,13,,,,,,,,,,,19,,,,Matches,,,,,,,,,,,,,,,,,,,,,Matches
2679,Maarten Vandevoordt,be BEL,GK,RB Leipzig,de Bundesliga,23.0,2002.0,12,11,1052.0,11.7,0,0,0,0,0,0,0,0,0.0,0.0,0.0,0.0,0.0,Matches,0,0,0,,0.0,0.0,,,0,0,Matches,,,,,,,,,,,,,,,0,,,,,,Matches,,0,,,,,,,,,,,0,,,,Matches,,,,,,,,,,,,,,,,,,,,,Matches
2680,Charles Vanhoutte,be BEL,MF,Nice,fr Ligue 1,26.0,1998.0,26,21,1772.0,19.7,0,2,2,0,0,0,7,0,0.0,0.1,0.1,0.0,0.1,Matches,0,5,1,20.0,0.25,0.05,0.0,0.0,0,0,Matches,,,,,,,,,,,,,,,2,,,,,,Matches,,28,,,,,,,,,,,21,,,,Matches,,,,,,,,,,,,,,,,,,,,,Matches
2681,Jamie Vardy,eng ENG,FW,Cremonese,it Serie A,38.0,1987.0,29,24,2105.0,23.4,7,2,9,7,0,0,5,0,0.3,0.09,0.38,0.3,0.38,Matches,7,30,14,46.7,1.28,0.6,0.23,0.5,0,0,Matches,,,,,,,,,,,,,,,2,,,,,,Matches,,10,,,,,,,,,,,3,,,,Matches,,,,,,,,,,,,,,,,,,,,,Matches
2682,Obed Vargas,mx MEX,MF,Atlético Madrid,es La Liga,19.0,2005.0,12,8,740.0,8.2,0,1,1,0,0,0,2,0,0.0,0.12,0.12,0.0,0.12,Matches,0,5,0,0.0,0.61,0.0,0.0,,0,0,Matches,,,,,,,,,,,,,,,1,,,,,,Matches,,16,,,,,,,,,,,8,,,,Matches,,,,,,,,,,,,,,,,,,,,,Matches
2683,Ruben Vargas,ch SUI,"MF,FW",Sevilla,es La Liga,26.0,1998.0,24,20,1594.0,17.7,3,6,9,2,1,1,2,0,0.17,0.34,0.51,0.11,0.45,Matches,3,41,8,19.5,2.31,0.45,0.07,0.38,1,1,Matches,,,,,,,,,,,,,,,6,,,,,,Matches,,15,,,,,,,,,,,7,,,,Matches,,,,,,,,,,,,,,,,,,,,,Matches
2684,Nikola Vasilj,ba BIH,GK,St Pauli,de Bundesliga,29.0,1995.0,34,34,3060.0,34.0,0,0,0,0,0,0,0,0,0.0,0.0,0.0,0.0,0.0,Matches,0,0,0,,0.0,0.0,,,0,0,Matches,,,,,,,,,,,,,,,0,,,,,,Matches,,1,,,,,,,,,,,1,,,,Matches,,,,,,,,,,,,,,,,,,,,,Matches
2685,Johan Vásquez,mx MEX,DF,Genoa,it Serie A,26.0,1998.0,36,36,3215.0,35.7,1,0,1,1,0,0,2,0,0.03,0.0,0.03,0.03,0.03,Matches,1,24,6,25.0,0.67,0.17,0.04,0.17,0,0,Matches,,,,,,,,,,,,,,,0,,,,,,Matches,,38,,,,,,,,,,,46,,,,Matches,,,,,,,,,,,,,,,,,,,,,Matches
2687,Denis Vavro,sk SVK,DF,Wolfsburg,de Bundesliga,29.0,1996.0,17,13,1176.0,13.1,1,0,1,1,0,0,2,0,0.08,0.0,0.08,0.08,0.08,Matches,1,12,5,41.7,0.92,0.38,0.08,0.2,0,0,Matches,,,,,,,,,,,,,,,0,,,,,,Matches,,5,,,,,,,,,,,14,,,,Matches,,,,,,,,,,,,,,,,,,,,,Matches
2688,José Luis García Vayá,es ESP,"MF,DF",Valencia,es La Liga,26.0,1998.0,31,26,2225.0,24.7,2,0,2,1,1,3,4,0,0.08,0.0,0.08,0.04,0.04,Matches,2,24,3,12.5,0.97,0.12,0.08,0.67,1,3,Matches,,,,,,,,,,,,,,,0,,,,,,Matches,,33,,,,,,,,,,,19,,,,Matches,,,,,,,,,,,,,,,,,,,,,Matches
2691,Franco Vázquez,ar ARG,"FW,MF",Cremonese,it Serie A,36.0,1989.0,15,4,524.0,5.8,1,1,2,1,0,0,1,0,0.17,0.17,0.34,0.17,0.34,Matches,1,12,4,33.3,2.06,0.69,0.08,0.25,0,0,Matches,,,,,,,,,,,,,,,1,,,,,,Matches,,12,,,,,,,,,,,4,,,,Matches,,,,,,,,,,,,,,,,,,,,,Matches
2692,Jesus Vazquez,es ESP,"DF,MF",Valencia,es La Liga,22.0,2003.0,24,7,974.0,10.8,0,0,0,0,0,0,2,0,0.0,0.0,0.0,0.0,0.0,Matches,0,8,2,25.0,0.74,0.18,0.0,0.0,0,0,Matches,,,,,,,,,,,,,,,0,,,,,,Matches,,10,,,,,,,,,,,4,,,,Matches,,,,,,,,,,,,,,,,,,,,,Matches
2693,Lucas Vázquez,es ESP,MF,Leverkusen,de Bundesliga,34.0,1991.0,12,6,481.0,5.3,1,2,3,1,0,0,2,0,0.19,0.37,0.56,0.19,0.56,Matches,1,4,1,25.0,0.75,0.19,0.25,1.0,0,0,Matches,,,,,,,,,,,,,,,2,,,,,,Matches,,4,,,,,,,,,,,2,,,,Matches,,,,,,,,,,,,,,,,,,,,,Matches
2694,Luis Vázquez,ar ARG,FW,Getafe,es La Liga,24.0,2001.0,17,14,1194.0,13.3,3,1,4,3,0,0,2,0,0.23,0.08,0.3,0.23,0.3,Matches,3,25,9,36.0,1.88,0.68,0.12,0.33,0,0,Matches,,,,,,,,,,,,,,,1,,,,,,Matches,,3,,,,,,,,,,,4,,,,Matches,,,,,,,,,,,,,,,,,,,,,Matches
2695,Matías Vecino,uy URU,MF,Lazio,it Serie A,33.0,1991.0,13,5,603.0,6.7,0,1,1,0,0,0,1,0,0.0,0.15,0.15,0.0,0.15,Matches,0,7,1,14.3,1.04,0.15,0.0,0.0,0,0,Matches,,,,,,,,,,,,,,,1,,,,,,Matches,,9,,,,,,,,,,,7,,,,Matches,,,,,,,,,,,,,,,,,,,,,Matches
2697,Danilo Veiga,pt POR,DF,Lecce,it Serie A,22.0,2002.0,36,33,3020.0,33.6,0,1,1,0,0,0,9,0,0.0,0.03,0.03,0.0,0.03,Matches,0,6,2,33.3,0.18,0.06,0.0,0.0,0,0,Matches,,,,,,,,,,,,,,,1,,,,,,Matches,,53,,,,,,,,,,,32,,,,Matches,,,,,,,,,,,,,,,,,,,,,Matches
2698,Renato Veiga,pt POR,DF,Villarreal,es La Liga,22.0,2003.0,32,27,2481.0,27.6,0,0,0,0,0,0,5,1,0.0,0.0,0.0,0.0,0.0,Matches,0,9,3,33.3,0.33,0.11,0.0,0.0,0,0,Matches,,,,,,,,,,,,,,,0,,,,,,Matches,,9,,,,,,,,,,,26,,,,Matches,,,,,,,,,,,,,,,,,,,,,Matches
2699,Joël Veltman,nl NED,DF,Brighton,eng Premier League,33.0,1992.0,24,9,1058.0,11.8,1,0,1,1,0,0,5,0,0.09,0.0,0.09,0.09,0.09,Matches,1,4,1,25.0,0.34,0.09,0.25,1.0,0,0,Matches,,,,,,,,,,,,,,,0,,,,,,Matches,,17,,,,,,,,,,,19,,,,Matches,,,,,,,,,,,,,,,,,,,,,Matches
2700,Micky van de Ven,nl NED,DF,Tottenham,eng Premier League,24.0,2001.0,35,35,3041.0,33.8,4,1,5,4,0,0,9,1,0.12,0.03,0.15,0.12,0.15,Matches,4,16,6,37.5,0.47,0.18,0.25,0.67,0,0,Matches,,,,,,,,,,,,,,,1,,,,,,Matches,,20,,,,,,,,,,,21,,,,Matches,,,,,,,,,,,,,,,,,,,,,Matches
2701,Unai Vencedor Paris,es ESP,MF,Levante,es La Liga,24.0,2000.0,16,11,812.0,9.0,0,0,0,0,0,0,3,1,0.0,0.0,0.0,0.0,0.0,Matches,0,0,0,,0.0,0.0,,,0,0,Matches,,,,,,,,,,,,,,,0,,,,,,Matches,,13,,,,,,,,,,,4,,,,Matches,,,,,,,,,,,,,,,,,,,,,Matches
2704,Nikolas Veratschnig,at AUT,"MF,DF",Mainz 05,de Bundesliga,22.0,2003.0,21,6,660.0,7.3,0,1,1,0,0,0,3,0,0.0,0.14,0.14,0.0,0.14,Matches,0,4,1,25.0,0.55,0.14,0.0,0.0,0,0,Matches,,,,,,,,,,,,,,,1,,,,,,Matches,,13,,,,,,,,,,,10,,,,Matches,,,,,,,,,,,,,,,,,,,,,Matches
2705,Bart Verbruggen,nl NED,GK,Brighton,eng Premier League,22.0,2002.0,38,38,3420.0,38.0,0,0,0,0,0,0,3,0,0.0,0.0,0.0,0.0,0.0,Matches,0,0,0,,0.0,0.0,,,0,0,Matches,,,,,,,,,,,,,,,0,,,,,,Matches,,1,,,,,,,,,,,0,,,,Matches,,,,,,,,,,,,,,,,,,,,,Matches
2706,Calvin Verdonk,id IDN,DF,Lille,fr Ligue 1,28.0,1997.0,18,7,790.0,8.8,0,0,0,0,0,0,3,1,0.0,0.0,0.0,0.0,0.0,Matches,0,3,1,33.3,0.34,0.11,0.0,0.0,0,0,Matches,,,,,,,,,,,,,,,0,,,,,,Matches,,10,,,,,,,,,,,15,,,,Matches,,,,,,,,,,,,,,,,,,,,,Matches
2707,Antonio Vergara,it ITA,MF,Napoli,it Serie A,22.0,2003.0,12,8,612.0,6.8,1,2,3,1,0,0,2,0,0.15,0.29,0.44,0.15,0.44,Matches,1,10,3,30.0,1.47,0.44,0.1,0.33,0,0,Matches,,,,,,,,,,,,,,,2,,,,,,Matches,,9,,,,,,,,,,,4,,,,Matches,,,,,,,,,,,,,,,,,,,,,Matches
2708,Arthur Vermeeren,be BEL,MF,Marseille,fr Ligue 1,20.0,2005.0,20,10,828.0,9.2,0,1,1,0,0,0,1,1,0.0,0.11,0.11,0.0,0.11,Matches,0,3,1,33.3,0.33,0.11,0.0,0.0,0,0,Matches,,,,,,,,,,,,,,,1,,,,,,Matches,,11,,,,,,,,,,,11,,,,Matches,,,,,,,,,,,,,,,,,,,,,Matches
2711,Mikel Vesga,es ESP,MF,Athletic Club,es La Liga,32.0,1993.0,23,1,465.0,5.2,0,0,0,0,0,0,0,0,0.0,0.0,0.0,0.0,0.0,Matches,0,3,0,0.0,0.58,0.0,0.0,,0,0,Matches,,,,,,,,,,,,,,,0,,,,,,Matches,,10,,,,,,,,,,,9,,,,Matches,,,,,,,,,,,,,,,,,,,,,Matches
2712,Guglielmo Vicario,it ITA,GK,Tottenham,eng Premier League,28.0,1996.0,31,31,2790.0,31.0,0,0,0,0,0,0,1,0,0.0,0.0,0.0,0.0,0.0,Matches,0,0,0,,0.0,0.0,,,0,0,Matches,,,,,,,,,,,,,,,0,,,,,,Matches,,1,,,,,,,,,,,0,,,,Matches,,,,,,,,,,,,,,,,,,,,,Matches
2713,Carlos Vicente,es ESP,MF,Alavés,es La Liga,26.0,1999.0,21,11,1258.0,14.0,5,0,5,2,3,3,1,0,0.36,0.0,0.36,0.14,0.14,Matches,5,12,6,50.0,0.86,0.43,0.42,0.83,3,3,Matches,,,,,,,,,,,,,,,0,,,,,,Matches,,18,,,,,,,,,,,7,,,,Matches,,,,,,,,,,,,,,,,,,,,,Matches
2714,Nacho Vidal,es ESP,DF,Oviedo,es La Liga,30.0,1995.0,29,27,2263.0,25.1,0,0,0,0,0,0,4,0,0.0,0.0,0.0,0.0,0.0,Matches,0,15,3,20.0,0.6,0.12,0.0,0.0,0,0,Matches,,,,,,,,,,,,,,,0,,,,,,Matches,,30,,,,,,,,,,,29,,,,Matches,,,,,,,,,,,,,,,,,,,,,Matches
2715,Fabio Vieira,pt POR,"MF,FW",Hamburger SV,de Bundesliga,25.0,2000.0,29,25,2206.0,24.5,7,5,12,6,1,1,4,2,0.29,0.2,0.49,0.24,0.45,Matches,7,59,19,32.2,2.41,0.78,0.12,0.37,1,1,Matches,,,,,,,,,,,,,,,5,,,,,,Matches,,9,,,,,,,,,,,15,,,,Matches,,,,,,,,,,,,,,,,,,,,,Matches
2717,Gonzalo Villar,es ESP,MF,Elche,es La Liga,27.0,1998.0,12,8,718.0,8.0,1,0,1,1,0,0,3,0,0.13,0.0,0.13,0.13,0.13,Matches,1,4,1,25.0,0.5,0.13,0.25,1.0,0,0,Matches,,,,,,,,,,,,,,,0,,,,,,Matches,,9,,,,,,,,,,,2,,,,Matches,,,,,,,,,,,,,,,,,,,,,Matches
2718,Federico Viñas,uy URU,"FW,MF",Oviedo,es La Liga,27.0,1998.0,33,28,2439.0,27.1,9,1,10,7,2,2,7,3,0.33,0.04,0.37,0.26,0.3,Matches,9,57,21,36.8,2.1,0.77,0.16,0.43,2,2,Matches,,,,,,,,,,,,,,,1,,,,,,Matches,,32,,,,,,,,,,,13,,,,Matches,,,,,,,,,,,,,,,,,,,,,Matches
2719,Jan Virgili,es ESP,"MF,FW",Mallorca,es La Liga,19.0,2006.0,31,19,1792.0,19.9,2,4,6,2,0,0,0,1,0.1,0.2,0.3,0.1,0.3,Matches,2,32,16,50.0,1.61,0.8,0.06,0.13,0,0,Matches,,,,,,,,,,,,,,,4,,,,,,Matches,,10,,,,,,,,,,,7,,,,Matches,,,,,,,,,,,,,,,,,,,,,Matches
2721,Martin Vitík,cz CZE,DF,Bologna,it Serie A,22.0,2003.0,19,14,1325.0,14.7,0,0,0,0,0,0,3,0,0.0,0.0,0.0,0.0,0.0,Matches,0,8,2,25.0,0.54,0.14,0.0,0.0,0,0,Matches,,,,,,,,,,,,,,,0,,,,,,Matches,,22,,,,,,,,,,,8,,,,Matches,,,,,,,,,,,,,,,,,,,,,Matches
2722,Vitinha,pt POR,MF,PSG,fr Ligue 1,25.0,2000.0,29,24,2119.0,23.5,1,7,8,1,0,0,2,0,0.04,0.3,0.34,0.04,0.34,Matches,1,34,10,29.4,1.44,0.42,0.03,0.1,0,0,Matches,,,,,,,,,,,,,,,7,,,,,,Matches,,20,,,,,,,,,,,26,,,,Matches,,,,,,,,,,,,,,,,,,,,,Matches
2723,Vitinha,pt POR,"FW,MF",Genoa,it Serie A,25.0,2000.0,35,28,2226.0,24.7,5,1,6,5,0,0,5,0,0.2,0.04,0.24,0.2,0.24,Matches,5,65,20,30.8,2.63,0.81,0.08,0.25,0,0,Matches,,,,,,,,,,,,,,,1,,,,,,Matches,,32,,,,,,,,,,,14,,,,Matches,,,,,,,,,,,,,,,,,,,,,Matches
2724,Daniel Vivian,es ESP,DF,Athletic Club,es La Liga,26.0,1999.0,31,28,2564.0,28.5,1,0,1,1,0,0,8,1,0.04,0.0,0.04,0.04,0.04,Matches,1,17,6,35.3,0.6,0.21,0.06,0.17,0,0,Matches,,,,,,,,,,,,,,,0,,,,,,Matches,,38,,,,,,,,,,,34,,,,Matches,,,,,,,,,,,,,,,,,,,,,Matches
2725,Odysseas Vlachodimos,gr GRE,GK,Sevilla,es La Liga,31.0,1994.0,33,33,2970.0,33.0,0,0,0,0,0,0,1,0,0.0,0.0,0.0,0.0,0.0,Matches,0,0,0,,0.0,0.0,,,0,0,Matches,,,,,,,,,,,,,,,0,,,,,,Matches,,0,,,,,,,,,,,1,,,,Matches,,,,,,,,,,,,,,,,,,,,,Matches
2726,Dušan Vlahović,rs SRB,FW,Juventus,it Serie A,25.0,2000.0,19,11,968.0,10.8,7,1,8,6,1,1,0,0,0.65,0.09,0.74,0.56,0.65,Matches,7,49,18,36.7,4.56,1.67,0.14,0.39,1,1,Matches,,,,,,,,,,,,,,,1,,,,,,Matches,,3,,,,,,,,,,,2,,,,Matches,,,,,,,,,,,,,,,,,,,,,Matches
2727,Nikola Vlašić,hr CRO,"MF,FW",Torino,it Serie A,27.0,1997.0,37,36,3043.0,33.8,8,3,11,3,5,5,7,0,0.24,0.09,0.33,0.09,0.18,Matches,8,49,17,34.7,1.45,0.5,0.16,0.47,5,5,Matches,,,,,,,,,,,,,,,3,,,,,,Matches,,39,,,,,,,,,,,22,,,,Matches,,,,,,,,,,,,,,,,,,,,,Matches
2728,Mërgim Vojvoda,xk KVX,"MF,DF",Como,it Serie A,30.0,1995.0,30,19,1591.0,17.7,2,2,4,2,0,0,2,0,0.11,0.11,0.23,0.11,0.23,Matches,2,18,7,38.9,1.02,0.4,0.11,0.29,0,0,Matches,,,,,,,,,,,,,,,2,,,,,,Matches,,4,,,,,,,,,,,14,,,,Matches,,,,,,,,,,,,,,,,,,,,,Matches
2729,Cristian Volpato,au AUS,FW,Sassuolo,it Serie A,21.0,2003.0,24,11,1064.0,11.8,2,4,6,2,0,0,4,0,0.17,0.34,0.51,0.17,0.51,Matches,2,21,7,33.3,1.78,0.59,0.1,0.29,0,0,Matches,,,,,,,,,,,,,,,4,,,,,,Matches,,11,,,,,,,,,,,6,,,,Matches,,,,,,,,,,,,,,,,,,,,,Matches
2730,Alexis Vossah,fr FRA,MF,Toulouse,fr Ligue 1,17.0,2008.0,23,12,1092.0,12.1,1,1,2,1,0,0,5,1,0.08,0.08,0.16,0.08,0.16,Matches,1,9,2,22.2,0.74,0.16,0.11,0.5,0,0,Matches,,,,,,,,,,,,,,,1,,,,,,Matches,,7,,,,,,,,,,,7,,,,Matches,,,,,,,,,,,,,,,,,,,,,Matches
2731,Aster Vranckx,be BEL,MF,Sassuolo,it Serie A,22.0,2002.0,16,9,690.0,7.7,0,0,0,0,0,0,2,0,0.0,0.0,0.0,0.0,0.0,Matches,0,3,1,33.3,0.39,0.13,0.0,0.0,0,0,Matches,,,,,,,,,,,,,,,0,,,,,,Matches,,9,,,,,,,,,,,0,,,,Matches,,,,,,,,,,,,,,,,,,,,,Matches
2732,Stefan de Vrij,nl NED,DF,Inter,it Serie A,33.0,1992.0,11,8,670.0,7.4,0,0,0,0,0,0,1,0,0.0,0.0,0.0,0.0,0.0,Matches,0,6,2,33.3,0.81,0.27,0.0,0.0,0,0,Matches,,,,,,,,,,,,,,,0,,,,,,Matches,,12,,,,,,,,,,,7,,,,Matches,,,,,,,,,,,,,,,,,,,,,Matches
2733,İsak Vural,tr TUR,MF,Pisa,it Serie A,19.0,2006.0,15,9,752.0,8.4,0,0,0,0,0,0,4,0,0.0,0.0,0.0,0.0,0.0,Matches,0,6,1,16.7,0.72,0.12,0.0,0.0,0,0,Matches,,,,,,,,,,,,,,,0,,,,,,Matches,,7,,,,,,,,,,,2,,,,Matches,,,,,,,,,,,,,,,,,,,,,Matches
2734,Luka Vušković,hr CRO,DF,Hamburger SV,de Bundesliga,18.0,2007.0,28,27,2442.0,27.1,6,0,6,5,1,1,6,0,0.22,0.0,0.22,0.18,0.18,Matches,6,32,10,31.3,1.18,0.37,0.19,0.6,1,1,Matches,,,,,,,,,,,,,,,0,,,,,,Matches,,17,,,,,,,,,,,40,,,,Matches,,,,,,,,,,,,,,,,,,,,,Matches
2736,Elye Wahi,ci CIV,FW,Nice,fr Ligue 1,22.0,2003.0,14,11,922.0,10.2,5,1,6,4,1,1,5,0,0.49,0.1,0.59,0.39,0.49,Matches,5,23,15,65.2,2.25,1.46,0.22,0.33,1,1,Matches,,,,,,,,,,,,,,,1,,,,,,Matches,,4,,,,,,,,,,,2,,,,Matches,,,,,,,,,,,,,,,,,,,,,Matches
2738,Hauke Wahl,de GER,DF,St Pauli,de Bundesliga,31.0,1994.0,30,29,2592.0,28.8,2,1,3,2,0,0,1,0,0.07,0.03,0.1,0.07,0.1,Matches,2,10,4,40.0,0.35,0.14,0.2,0.5,0,0,Matches,,,,,,,,,,,,,,,1,,,,,,Matches,,32,,,,,,,,,,,31,,,,Matches,,,,,,,,,,,,,,,,,,,,,Matches
2739,Luca Waldschmidt,de GER,"FW,MF",Köln,de Bundesliga,29.0,1996.0,24,7,677.0,7.5,5,4,9,3,2,2,1,0,0.66,0.53,1.2,0.4,0.93,Matches,5,26,13,50.0,3.46,1.73,0.19,0.38,2,2,Matches,,,,,,,,,,,,,,,4,,,,,,Matches,,3,,,,,,,,,,,4,,,,Matches,,,,,,,,,,,,,,,,,,,,,Matches
2740,Kyle Walker,eng ENG,"DF,MF",Burnley,eng Premier League,35.0,1990.0,36,35,3096.0,34.4,0,2,2,0,0,0,9,0,0.0,0.06,0.06,0.0,0.06,Matches,0,4,0,0.0,0.12,0.0,0.0,,0,0,Matches,,,,,,,,,,,,,,,2,,,,,,Matches,,32,,,,,,,,,,,43,,,,Matches,,,,,,,,,,,,,,,,,,,,,Matches
2741,Kyle Walker-Peters,eng ENG,DF,West Ham,eng Premier League,28.0,1997.0,23,15,1383.0,15.4,1,0,1,1,0,0,2,0,0.07,0.0,0.07,0.07,0.07,Matches,1,5,3,60.0,0.33,0.2,0.2,0.33,0,0,Matches,,,,,,,,,,,,,,,0,,,,,,Matches,,30,,,,,,,,,,,9,,,,Matches,,,,,,,,,,,,,,,,,,,,,Matches
2742,Sebastian Walukiewicz,pl POL,DF,Sassuolo,it Serie A,25.0,2000.0,34,33,2852.0,31.7,0,1,1,0,0,0,7,0,0.0,0.03,0.03,0.0,0.03,Matches,0,7,0,0.0,0.22,0.0,0.0,,0,0,Matches,,,,,,,,,,,,,,,1,,,,,,Matches,,34,,,,,,,,,,,23,,,,Matches,,,,,,,,,,,,,,,,,,,,,Matches
2743,Aaron Wan-Bissaka,cd COD,"DF,MF",West Ham,eng Premier League,27.0,1997.0,25,23,2081.0,23.1,0,2,2,0,0,0,4,0,0.0,0.09,0.09,0.0,0.09,Matches,0,0,0,,0.0,0.0,,,0,0,Matches,,,,,,,,,,,,,,,2,,,,,,Matches,,24,,,,,,,,,,,41,,,,Matches,,,,,,,,,,,,,,,,,,,,,Matches
2745,James Ward-Prowse,eng ENG,MF,Burnley,eng Premier League,30.0,1994.0,13,7,684.0,7.6,0,1,1,0,0,0,1,0,0.0,0.13,0.13,0.0,0.13,Matches,0,3,2,66.7,0.39,0.26,0.0,0.0,0,0,Matches,,,,,,,,,,,,,,,1,,,,,,Matches,,4,,,,,,,,,,,15,,,,Matches,,,,,,,,,,,,,,,,,,,,,Matches
2746,Ollie Watkins,eng ENG,FW,Aston Villa,eng Premier League,29.0,1995.0,37,33,2839.0,31.5,16,3,19,16,0,0,4,0,0.51,0.1,0.6,0.51,0.6,Matches,16,83,38,45.8,2.63,1.2,0.19,0.42,0,0,Matches,,,,,,,,,,,,,,,3,,,,,,Matches,,14,,,,,,,,,,,5,,,,Matches,,,,,,,,,,,,,,,,,,,,,Matches
2748,Timothy Weah,us USA,"MF,DF",Marseille,fr Ligue 1,25.0,2000.0,29,26,2253.0,25.0,2,2,4,2,0,0,5,0,0.08,0.08,0.16,0.08,0.16,Matches,2,29,10,34.5,1.16,0.4,0.07,0.2,0,0,Matches,,,,,,,,,,,,,,,2,,,,,,Matches,,35,,,,,,,,,,,15,,,,Matches,,,,,,,,,,,,,,,,,,,,,Matches
2750,Nelson Weiper,de GER,FW,Mainz 05,de Bundesliga,20.0,2005.0,24,3,558.0,6.2,0,0,0,0,0,0,1,0,0.0,0.0,0.0,0.0,0.0,Matches,0,13,6,46.2,2.1,0.97,0.0,0.0,0,0,Matches,,,,,,,,,,,,,,,0,,,,,,Matches,,2,,,,,,,,,,,3,,,,Matches,,,,,,,,,,,,,,,,,,,,,Matches
2752,Danny Welbeck,eng ENG,FW,Brighton,eng Premier League,34.0,1990.0,37,26,2258.0,25.1,13,1,14,12,1,3,5,0,0.52,0.04,0.56,0.48,0.52,Matches,13,56,28,50.0,2.23,1.12,0.23,0.46,1,3,Matches,,,,,,,,,,,,,,,1,,,,,,Matches,,14,,,,,,,,,,,8,,,,Matches,,,,,,,,,,,,,,,,,,,,,Matches
2755,Wesley,br BRA,MF,Roma,it Serie A,21.0,2003.0,30,28,2448.0,27.2,5,0,5,5,0,0,7,2,0.18,0.0,0.18,0.18,0.18,Matches,5,25,13,52.0,0.92,0.48,0.2,0.38,0,0,Matches,,,,,,,,,,,,,,,0,,,,,,Matches,,40,,,,,,,,,,,23,,,,Matches,,,,,,,,,,,,,,,,,,,,,Matches
2756,Adam Wharton,eng ENG,MF,Crystal Palace,eng Premier League,21.0,2004.0,34,29,2552.0,28.4,1,5,6,1,0,0,6,1,0.04,0.18,0.21,0.04,0.21,Matches,1,32,6,18.8,1.13,0.21,0.03,0.17,0,0,Matches,,,,,,,,,,,,,,,5,,,,,,Matches,,36,,,,,,,,,,,27,,,,Matches,,,,,,,,,,,,,,,,,,,,,Matches
2757,Ben White,eng ENG,DF,Arsenal,eng Premier League,27.0,1997.0,12,9,702.0,7.8,0,1,1,0,0,0,0,0,0.0,0.13,0.13,0.0,0.13,Matches,0,5,1,20.0,0.64,0.13,0.0,0.0,0,0,Matches,,,,,,,,,,,,,,,1,,,,,,Matches,,9,,,,,,,,,,,9,,,,Matches,,,,,,,,,,,,,,,,,,,,,Matches
2758,Silvan Widmer,ch SUI,MF,Mainz 05,de Bundesliga,32.0,1993.0,27,22,1810.0,20.1,2,1,3,2,0,0,5,0,0.1,0.05,0.15,0.1,0.15,Matches,2,20,4,20.0,0.99,0.2,0.1,0.5,0,0,Matches,,,,,,,,,,,,,,,1,,,,,,Matches,,27,,,,,,,,,,,18,,,,Matches,,,,,,,,,,,,,,,,,,,,,Matches
2759,Mats Wieffer,nl NED,DF,Brighton,eng Premier League,25.0,1999.0,26,23,1903.0,21.1,2,3,5,2,0,0,8,0,0.09,0.14,0.24,0.09,0.24,Matches,2,18,6,33.3,0.85,0.28,0.11,0.33,0,0,Matches,,,,,,,,,,,,,,,3,,,,,,Matches,,43,,,,,,,,,,,24,,,,Matches,,,,,,,,,,,,,,,,,,,,,Matches
2760,Iñaki Williams,gh GHA,"MF,FW",Athletic Club,es La Liga,31.0,1994.0,30,25,2157.0,24.0,3,6,9,2,1,1,2,0,0.13,0.25,0.38,0.08,0.33,Matches,3,57,20,35.1,2.38,0.83,0.05,0.15,1,1,Matches,,,,,,,,,,,,,,,6,,,,,,Matches,,9,,,,,,,,,,,8,,,,Matches,,,,,,,,,,,,,,,,,,,,,Matches
2761,Neco Williams,wls WAL,DF,Nottingham,eng Premier League,24.0,2001.0,37,36,3204.0,35.6,2,3,5,2,0,0,6,1,0.06,0.08,0.14,0.06,0.14,Matches,2,46,19,41.3,1.29,0.53,0.04,0.11,0,0,Matches,,,,,,,,,,,,,,,3,,,,,,Matches,,61,,,,,,,,,,,46,,,,Matches,,,,,,,,,,,,,,,,,,,,,Matches
2762,Nico Williams,es ESP,MF,Athletic Club,es La Liga,23.0,2002.0,25,20,1674.0,18.6,6,3,9,5,1,2,2,0,0.32,0.16,0.48,0.27,0.43,Matches,6,46,16,34.8,2.47,0.86,0.13,0.38,1,2,Matches,,,,,,,,,,,,,,,3,,,,,,Matches,,9,,,,,,,,,,,7,,,,Matches,,,,,,,,,,,,,,,,,,,,,Matches
2763,Estêvão Willian,br BRA,MF,Chelsea,eng Premier League,18.0,2007.0,22,12,848.0,9.4,2,2,4,2,0,0,4,0,0.21,0.21,0.42,0.21,0.42,Matches,2,28,8,28.6,2.97,0.85,0.07,0.25,0,0,Matches,,,,,,,,,,,,,,,2,,,,,,Matches,,6,,,,,,,,,,,4,,,,Matches,,,,,,,,,,,,,,,,,,,,,Matches
2764,Joe Willock,eng ENG,MF,Newcastle,eng Premier League,25.0,1999.0,24,10,983.0,10.9,0,2,2,0,0,0,3,0,0.0,0.18,0.18,0.0,0.18,Matches,0,17,6,35.3,1.56,0.55,0.0,0.0,0,0,Matches,,,,,,,,,,,,,,,2,,,,,,Matches,,15,,,,,,,,,,,7,,,,Matches,,,,,,,,,,,,,,,,,,,,,Matches
2765,Callum Wilson,eng ENG,FW,West Ham,eng Premier League,33.0,1992.0,32,11,1251.0,13.9,7,1,8,7,0,0,1,0,0.5,0.07,0.58,0.5,0.58,Matches,7,38,16,42.1,2.73,1.15,0.18,0.44,0,0,Matches,,,,,,,,,,,,,,,1,,,,,,Matches,,2,,,,,,,,,,,3,,,,Matches,,,,,,,,,,,,,,,,,,,,,Matches
2766,Harry Wilson,wls WAL,MF,Fulham,eng Premier League,28.0,1997.0,36,32,2673.0,29.7,10,7,17,10,0,0,7,0,0.34,0.24,0.57,0.34,0.57,Matches,10,78,25,32.1,2.63,0.84,0.13,0.4,0,0,Matches,,,,,,,,,,,,,,,7,,,,,,Matches,,19,,,,,,,,,,,16,,,,Matches,,,,,,,,,,,,,,,,,,,,,Matches
2767,Patrick Wimmer,at AUT,MF,Wolfsburg,de Bundesliga,24.0,2001.0,25,21,1621.0,18.0,4,3,7,4,0,0,4,0,0.22,0.17,0.39,0.22,0.39,Matches,4,24,8,33.3,1.33,0.44,0.17,0.5,0,0,Matches,,,,,,,,,,,,,,,3,,,,,,Matches,,20,,,,,,,,,,,23,,,,Matches,,,,,,,,,,,,,,,,,,,,,Matches
2768,Jonas Wind,dk DEN,FW,Wolfsburg,de Bundesliga,26.0,1999.0,11,5,481.0,5.3,1,0,1,1,0,0,1,0,0.19,0.0,0.19,0.19,0.19,Matches,1,9,6,66.7,1.68,1.12,0.11,0.17,0,0,Matches,,,,,,,,,,,,,,,0,,,,,,Matches,,0,,,,,,,,,,,0,,,,Matches,,,,,,,,,,,,,,,,,,,,,Matches
2770,Florian Wirtz,de GER,MF,Liverpool,eng Premier League,22.0,2003.0,33,27,2378.0,26.4,5,3,8,5,0,0,1,0,0.19,0.11,0.3,0.19,0.3,Matches,5,51,18,35.3,1.93,0.68,0.1,0.28,0,0,Matches,,,,,,,,,,,,,,,3,,,,,,Matches,,26,,,,,,,,,,,12,,,,Matches,,,,,,,,,,,,,,,,,,,,,Matches
2771,Yoane Wissa,cd COD,FW,Newcastle,eng Premier League,28.0,1996.0,19,4,531.0,5.9,1,1,2,1,0,0,3,0,0.17,0.17,0.34,0.17,0.34,Matches,1,13,5,38.5,2.2,0.85,0.08,0.2,0,0,Matches,,,,,,,,,,,,,,,1,,,,,,Matches,,5,,,,,,,,,,,0,,,,Matches,,,,,,,,,,,,,,,,,,,,,Matches
2772,Axel Witsel,be BEL,MF,Girona,es La Liga,36.0,1989.0,32,30,2526.0,28.1,1,2,3,1,0,0,2,1,0.04,0.07,0.11,0.04,0.11,Matches,1,20,5,25.0,0.71,0.18,0.05,0.2,0,0,Matches,,,,,,,,,,,,,,,2,,,,,,Matches,,24,,,,,,,,,,,30,,,,Matches,,,,,,,,,,,,,,,,,,,,,Matches
2774,Marius Wolf,de GER,MF,Augsburg,de Bundesliga,30.0,1995.0,29,12,1019.0,11.3,1,1,2,1,0,0,4,0,0.09,0.09,0.18,0.09,0.18,Matches,1,14,5,35.7,1.24,0.44,0.07,0.2,0,0,Matches,,,,,,,,,,,,,,,1,,,,,,Matches,,10,,,,,,,,,,,13,,,,Matches,,,,,,,,,,,,,,,,,,,,,Matches
2776,Nick Woltemade,de GER,"FW,MF",Newcastle,eng Premier League,23.0,2002.0,33,24,1902.0,21.1,8,3,11,7,1,1,0,0,0.38,0.14,0.52,0.33,0.47,Matches,8,32,13,40.6,1.51,0.62,0.25,0.62,1,1,Matches,,,,,,,,,,,,,,,3,,,,,,Matches,,13,,,,,,,,,,,5,,,,Matches,,,,,,,,,,,,,,,,,,,,,Matches
2777,Jeong Woo-yeong,kr KOR,"MF,FW",Union Berlin,de Bundesliga,25.0,1999.0,28,13,1197.0,13.3,4,1,5,4,0,0,0,0,0.3,0.08,0.38,0.3,0.38,Matches,4,22,8,36.4,1.65,0.6,0.18,0.5,0,0,Matches,,,,,,,,,,,,,,,1,,,,,,Matches,,7,,,,,,,,,,,8,,,,Matches,,,,,,,,,,,,,,,,,,,,,Matches
2778,Chris Wood,nz NZL,FW,Nottingham,eng Premier League,33.0,1991.0,15,11,901.0,10.0,3,0,3,3,0,0,0,0,0.3,0.0,0.3,0.3,0.3,Matches,3,23,9,39.1,2.3,0.9,0.13,0.33,0,0,Matches,,,,,,,,,,,,,,,0,,,,,,Matches,,1,,,,,,,,,,,1,,,,Matches,,,,,,,,,,,,,,,,,,,,,Matches
2781,Joe Worrall,eng ENG,DF,Burnley,eng Premier League,28.0,1997.0,11,5,500.0,5.6,0,0,0,0,0,0,0,0,0.0,0.0,0.0,0.0,0.0,Matches,0,1,0,0.0,0.18,0.0,0.0,,0,0,Matches,,,,,,,,,,,,,,,0,,,,,,Matches,,2,,,,,,,,,,,6,,,,Matches,,,,,,,,,,,,,,,,,,,,,Matches
2783,Granit Xhaka,ch SUI,MF,Sunderland,eng Premier League,32.0,1992.0,34,32,2904.0,32.3,1,6,7,1,0,0,8,0,0.03,0.19,0.22,0.03,0.22,Matches,1,21,5,23.8,0.65,0.15,0.05,0.2,0,0,Matches,,,,,,,,,,,,,,,6,,,,,,Matches,,33,,,,,,,,,,,29,,,,Matches,,,,,,,,,,,,,,,,,,,,,Matches
2784,Lamine Yamal,es ESP,"MF,FW",Barcelona,es La Liga,18.0,2007.0,28,26,2262.0,25.1,16,11,27,13,3,4,1,0,0.64,0.44,1.07,0.52,0.95,Matches,16,117,37,31.6,4.66,1.47,0.14,0.43,3,4,Matches,,,,,,,,,,,,,,,11,,,,,,Matches,,20,,,,,,,,,,,8,,,,Matches,,,,,,,,,,,,,,,,,,,,,Matches
2786,Roman Yaremchuk,ua UKR,FW,Lyon,fr Ligue 1,29.0,1995.0,11,5,561.0,6.2,4,1,5,4,0,0,1,0,0.64,0.16,0.8,0.64,0.8,Matches,4,16,6,37.5,2.57,0.96,0.25,0.67,0,0,Matches,,,,,,,,,,,,,,,1,,,,,,Matches,,3,,,,,,,,,,,0,,,,Matches,,,,,,,,,,,,,,,,,,,,,Matches
2787,Yehor Yarmoliuk,ua UKR,MF,Brentford,eng Premier League,21.0,2004.0,37,30,2659.0,29.5,1,2,3,1,0,0,7,0,0.03,0.07,0.1,0.03,0.1,Matches,1,16,4,25.0,0.54,0.14,0.06,0.25,0,0,Matches,,,,,,,,,,,,,,,2,,,,,,Matches,,46,,,,,,,,,,,28,,,,Matches,,,,,,,,,,,,,,,,,,,,,Matches
2788,Gessime Yassine,ma MAR,MF,Strasbourg,fr Ligue 1,19.0,2005.0,12,6,510.0,5.7,0,1,1,0,0,0,0,0,0.0,0.18,0.18,0.0,0.18,Matches,0,8,1,12.5,1.41,0.18,0.0,0.0,0,0,Matches,,,,,,,,,,,,,,,1,,,,,,Matches,,9,,,,,,,,,,,1,,,,Matches,,,,,,,,,,,,,,,,,,,,,Matches
2789,Ryan Yates,eng ENG,MF,Nottingham,eng Premier League,27.0,1997.0,22,2,617.0,6.9,0,2,2,0,0,0,3,0,0.0,0.29,0.29,0.0,0.29,Matches,0,9,2,22.2,1.31,0.29,0.0,0.0,0,0,Matches,,,,,,,,,,,,,,,2,,,,,,Matches,,10,,,,,,,,,,,9,,,,Matches,,,,,,,,,,,,,,,,,,,,,Matches
2790,Terry Yegbe,gh GHA,DF,Metz,fr Ligue 1,24.0,2001.0,24,22,1963.0,21.8,0,1,1,0,0,0,3,0,0.0,0.05,0.05,0.0,0.05,Matches,0,6,2,33.3,0.28,0.09,0.0,0.0,0,0,Matches,,,,,,,,,,,,,,,1,,,,,,Matches,,7,,,,,,,,,,,22,,,,Matches,,,,,,,,,,,,,,,,,,,,,Matches
2792,Kenan Yıldız,tr TUR,"MF,FW",Juventus,it Serie A,20.0,2005.0,36,33,2825.0,31.4,10,6,16,9,1,2,2,0,0.32,0.19,0.51,0.29,0.48,Matches,10,97,40,41.2,3.09,1.27,0.1,0.25,1,2,Matches,,,,,,,,,,,,,,,6,,,,,,Matches,,14,,,,,,,,,,,7,,,,Matches,,,,,,,,,,,,,,,,,,,,,Matches
2793,Darlin Yongwa,cm CMR,"DF,MF",Lorient,fr Ligue 1,24.0,2000.0,23,14,1312.0,14.6,0,1,1,0,0,0,4,1,0.0,0.07,0.07,0.0,0.07,Matches,0,10,2,20.0,0.69,0.14,0.0,0.0,0,0,Matches,,,,,,,,,,,,,,,1,,,,,,Matches,,24,,,,,,,,,,,11,,,,Matches,,,,,,,,,,,,,,,,,,,,,Matches
2794,Leny Yoro,fr FRA,DF,Manchester Utd,eng Premier League,19.0,2005.0,32,18,1740.0,19.3,0,0,0,0,0,0,1,0,0.0,0.0,0.0,0.0,0.0,Matches,0,9,3,33.3,0.47,0.16,0.0,0.0,0,0,Matches,,,,,,,,,,,,,,,0,,,,,,Matches,,20,,,,,,,,,,,31,,,,Matches,,,,,,,,,,,,,,,,,,,,,Matches
2795,Ali Yousuf,ly LBY,DF,Nantes,fr Ligue 1,24.0,2001.0,13,10,969.0,10.8,0,0,0,0,0,0,4,0,0.0,0.0,0.0,0.0,0.0,Matches,0,6,1,16.7,0.56,0.09,0.0,0.0,0,0,Matches,,,,,,,,,,,,,,,0,,,,,,Matches,,7,,,,,,,,,,,18,,,,Matches,,,,,,,,,,,,,,,,,,,,,Matches
2797,Illia Zabarnyi,ua UKR,DF,PSG,fr Ligue 1,22.0,2002.0,28,26,2387.0,26.5,1,0,1,1,0,0,6,0,0.04,0.0,0.04,0.04,0.04,Matches,1,4,3,75.0,0.15,0.11,0.25,0.33,0,0,Matches,,,,,,,,,,,,,,,0,,,,,,Matches,,20,,,,,,,,,,,20,,,,Matches,,,,,,,,,,,,,,,,,,,,,Matches
2799,Mattia Zaccagni,it ITA,FW,Lazio,it Serie A,30.0,1995.0,26,26,2104.0,23.4,3,0,3,3,0,1,6,1,0.13,0.0,0.13,0.13,0.13,Matches,3,34,14,41.2,1.45,0.6,0.09,0.21,0,1,Matches,,,,,,,,,,,,,,,0,,,,,,Matches,,21,,,,,,,,,,,20,,,,Matches,,,,,,,,,,,,,,,,,,,,,Matches
2803,Stephan Zagadou,fr FRA,DF,Le Havre,fr Ligue 1,16.0,2008.0,8,6,495.0,5.5,1,0,1,1,0,0,0,1,0.18,0.0,0.18,0.18,0.18,Matches,1,1,1,100.0,0.18,0.18,1.0,1.0,0,0,Matches,,,,,,,,,,,,,,,0,,,,,,Matches,,5,,,,,,,,,,,1,,,,Matches,,,,,,,,,,,,,,,,,,,,,Matches
2804,Warren Zaïre-Emery,fr FRA,"DF,MF",PSG,fr Ligue 1,19.0,2006.0,32,27,2447.0,27.2,3,4,7,3,0,0,3,0,0.11,0.15,0.26,0.11,0.26,Matches,3,19,7,36.8,0.7,0.26,0.16,0.43,0,0,Matches,,,,,,,,,,,,,,,4,,,,,,Matches,,29,,,,,,,,,,,11,,,,Matches,,,,,,,,,,,,,,,,,,,,,Matches
2805,Denis Zakaria,ch SUI,"DF,MF",Monaco,fr Ligue 1,28.0,1996.0,24,23,2031.0,22.6,2,1,3,2,0,0,4,1,0.09,0.04,0.13,0.09,0.13,Matches,2,18,3,16.7,0.8,0.13,0.11,0.67,0,0,Matches,,,,,,,,,,,,,,,1,,,,,,Matches,,25,,,,,,,,,,,45,,,,Matches,,,,,,,,,,,,,,,,,,,,,Matches
2806,Arsen Zakharyan,ru RUS,MF,Real Sociedad,es La Liga,22.0,2003.0,17,3,458.0,5.1,0,0,0,0,0,0,2,0,0.0,0.0,0.0,0.0,0.0,Matches,0,14,3,21.4,2.75,0.59,0.0,0.0,0,0,Matches,,,,,,,,,,,,,,,0,,,,,,Matches,,6,,,,,,,,,,,2,,,,Matches,,,,,,,,,,,,,,,,,,,,,Matches
2807,Nicola Zalewski,pl POL,MF,Atalanta,it Serie A,23.0,2002.0,33,24,1897.0,21.1,2,4,6,2,0,0,3,0,0.09,0.19,0.28,0.09,0.28,Matches,2,38,7,18.4,1.8,0.33,0.05,0.29,0,0,Matches,,,,,,,,,,,,,,,4,,,,,,Matches,,20,,,,,,,,,,,16,,,,Matches,,,,,,,,,,,,,,,,,,,,,Matches
2808,Nicolò Zaniolo,it ITA,"FW,MF",Udinese,it Serie A,26.0,1999.0,32,28,2257.0,25.1,5,6,11,5,0,0,8,0,0.2,0.24,0.44,0.2,0.44,Matches,5,72,22,30.6,2.87,0.88,0.07,0.23,0,0,Matches,,,,,,,,,,,,,,,6,,,,,,Matches,,21,,,,,,,,,,,4,,,,Matches,,,,,,,,,,,,,,,,,,,,,Matches
2809,Alessandro Zanoli,it ITA,MF,Udinese,it Serie A,24.0,2000.0,19,16,1280.0,14.2,1,2,3,1,0,0,1,0,0.07,0.14,0.21,0.07,0.21,Matches,1,3,1,33.3,0.21,0.07,0.33,1.0,0,0,Matches,,,,,,,,,,,,,,,2,,,,,,Matches,,18,,,,,,,,,,,7,,,,Matches,,,,,,,,,,,,,,,,,,,,,Matches
2810,Duván Zapata,co COL,FW,Torino,it Serie A,34.0,1991.0,28,11,1103.0,12.3,3,1,4,3,0,1,0,0,0.24,0.08,0.33,0.24,0.33,Matches,3,34,15,44.1,2.77,1.22,0.09,0.2,0,1,Matches,,,,,,,,,,,,,,,1,,,,,,Matches,,2,,,,,,,,,,,1,,,,Matches,,,,,,,,,,,,,,,,,,,,,Matches
2811,Gabriele Zappa,it ITA,"DF,MF",Cagliari,it Serie A,25.0,1999.0,31,18,1597.0,17.7,0,3,3,0,0,0,2,0,0.0,0.17,0.17,0.0,0.17,Matches,0,11,2,18.2,0.62,0.11,0.0,0.0,0,0,Matches,,,,,,,,,,,,,,,3,,,,,,Matches,,17,,,,,,,,,,,18,,,,Matches,,,,,,,,,,,,,,,,,,,,,Matches
2812,Davide Zappacosta,it ITA,MF,Atalanta,it Serie A,33.0,1992.0,35,30,2569.0,28.5,3,3,6,3,0,0,3,0,0.11,0.11,0.21,0.11,0.21,Matches,3,37,9,24.3,1.3,0.32,0.08,0.33,0,0,Matches,,,,,,,,,,,,,,,3,,,,,,Matches,,14,,,,,,,,,,,18,,,,Matches,,,,,,,,,,,,,,,,,,,,,Matches
2814,Bryan Zaragoza,es ESP,"FW,MF",Celta Vigo,es La Liga,23.0,2001.0,19,13,1131.0,12.6,1,1,2,0,1,1,1,0,0.08,0.08,0.16,0.0,0.08,Matches,1,26,12,46.2,2.07,0.95,0.04,0.08,1,1,Matches,,,,,,,,,,,,,,,1,,,,,,Matches,,5,,,,,,,,,,,2,,,,Matches,,,,,,,,,,,,,,,,,,,,,Matches
2815,Oier Zarraga,es ESP,MF,Udinese,it Serie A,26.0,1999.0,24,2,475.0,5.3,0,0,0,0,0,0,2,0,0.0,0.0,0.0,0.0,0.0,Matches,0,4,1,25.0,0.76,0.19,0.0,0.0,0,0,Matches,,,,,,,,,,,,,,,0,,,,,,Matches,,6,,,,,,,,,,,7,,,,Matches,,,,,,,,,,,,,,,,,,,,,Matches
2817,Aaron Zehnter,de GER,"DF,MF",Wolfsburg,de Bundesliga,20.0,2004.0,20,17,1456.0,16.2,2,0,2,2,0,0,0,0,0.12,0.0,0.12,0.12,0.12,Matches,2,11,5,45.5,0.68,0.31,0.18,0.4,0,0,Matches,,,,,,,,,,,,,,,0,,,,,,Matches,,10,,,,,,,,,,,16,,,,Matches,,,,,,,,,,,,,,,,,,,,,Matches
2818,Jordan Zemura,zw ZIM,"MF,DF",Udinese,it Serie A,25.0,1999.0,17,13,1127.0,12.5,0,1,1,0,0,0,3,0,0.0,0.08,0.08,0.0,0.08,Matches,0,5,1,20.0,0.4,0.08,0.0,0.0,0,0,Matches,,,,,,,,,,,,,,,1,,,,,,Matches,,17,,,,,,,,,,,6,,,,Matches,,,,,,,,,,,,,,,,,,,,,Matches
2819,Robin Zentner,de GER,GK,Mainz 05,de Bundesliga,30.0,1994.0,10,10,876.0,9.7,0,0,0,0,0,0,2,1,0.0,0.0,0.0,0.0,0.0,Matches,0,0,0,,0.0,0.0,,,0,0,Matches,,,,,,,,,,,,,,,0,,,,,,Matches,,0,,,,,,,,,,,0,,,,Matches,,,,,,,,,,,,,,,,,,,,,Matches
2820,Alessio Zerbin,it ITA,MF,Cremonese,it Serie A,26.0,1999.0,32,17,1646.0,18.3,0,3,3,0,0,0,1,0,0.0,0.16,0.16,0.0,0.16,Matches,0,21,7,33.3,1.15,0.38,0.0,0.0,0,0,Matches,,,,,,,,,,,,,,,3,,,,,,Matches,,20,,,,,,,,,,,3,,,,Matches,,,,,,,,,,,,,,,,,,,,,Matches
2821,Cedric Zesiger,ch SUI,DF,Augsburg,de Bundesliga,27.0,1998.0,27,20,1816.0,20.2,0,0,0,0,0,0,7,0,0.0,0.0,0.0,0.0,0.0,Matches,0,12,3,25.0,0.59,0.15,0.0,0.0,0,0,Matches,,,,,,,,,,,,,,,0,,,,,,Matches,,24,,,,,,,,,,,17,,,,Matches,,,,,,,,,,,,,,,,,,,,,Matches
2822,Michael Zetterer,de GER,GK,Frankfurt,de Bundesliga,30.0,1995.0,22,21,1976.0,22.0,0,0,0,0,0,0,1,0,0.0,0.0,0.0,0.0,0.0,Matches,0,0,0,,0.0,0.0,,,0,0,Matches,,,,,,,,,,,,,,,0,,,,,,Matches,,1,,,,,,,,,,,1,,,,Matches,,,,,,,,,,,,,,,,,,,,,Matches
2824,Piotr Zieliński,pl POL,MF,Inter,it Serie A,31.0,1994.0,34,22,2045.0,22.7,6,3,9,5,1,1,3,0,0.26,0.13,0.4,0.22,0.35,Matches,6,29,10,34.5,1.28,0.44,0.21,0.6,1,1,Matches,,,,,,,,,,,,,,,3,,,,,,Matches,,19,,,,,,,,,,,7,,,,Matches,,,,,,,,,,,,,,,,,,,,,Matches
2827,Jan Ziółkowski,pl POL,DF,Roma,it Serie A,20.0,2005.0,18,5,517.0,5.7,0,0,0,0,0,0,3,0,0.0,0.0,0.0,0.0,0.0,Matches,0,2,0,0.0,0.35,0.0,0.0,,0,0,Matches,,,,,,,,,,,,,,,0,,,,,,Matches,,14,,,,,,,,,,,7,,,,Matches,,,,,,,,,,,,,,,,,,,,,Matches
2828,Joshua Zirkzee,nl NED,"FW,MF",Manchester Utd,eng Premier League,24.0,2001.0,24,5,626.0,7.0,2,1,3,2,0,0,3,0,0.29,0.14,0.43,0.29,0.43,Matches,2,25,9,36.0,3.59,1.29,0.08,0.22,0,0,Matches,,,,,,,,,,,,,,,1,,,,,,Matches,,6,,,,,,,,,,,1,,,,Matches,,,,,,,,,,,,,,,,,,,,,Matches
2829,Budu Zivzivadze,ge GEO,FW,Heidenheim,de Bundesliga,31.0,1994.0,20,14,1142.0,12.7,6,0,6,6,0,0,2,1,0.47,0.0,0.47,0.47,0.47,Matches,6,28,14,50.0,2.21,1.1,0.21,0.43,0,0,Matches,,,,,,,,,,,,,,,0,,,,,,Matches,,10,,,,,,,,,,,1,,,,Matches,,,,,,,,,,,,,,,,,,,,,Matches
2831,Nadir Zortea,it ITA,DF,Bologna,it Serie A,26.0,1999.0,32,16,1819.0,20.2,0,2,2,0,0,0,2,0,0.0,0.1,0.1,0.0,0.1,Matches,0,11,1,9.1,0.54,0.05,0.0,0.0,0,0,Matches,,,,,,,,,,,,,,,2,,,,,,Matches,,17,,,,,,,,,,,20,,,,Matches,,,,,,,,,,,,,,,,,,,,,Matches
2832,Yanis Zouaoui,dz ALG,"DF,MF",Le Havre,fr Ligue 1,27.0,1998.0,30,28,2338.0,26.0,1,1,2,0,1,1,7,0,0.04,0.04,0.08,0.0,0.04,Matches,1,16,5,31.3,0.62,0.19,0.06,0.2,1,1,Matches,,,,,,,,,,,,,,,1,,,,,,Matches,,30,,,,,,,,,,,27,,,,Matches,,,,,,,,,,,,,,,,,,,,,Matches
2833,Igor Zubeldia,es ESP,DF,Real Sociedad,es La Liga,28.0,1997.0,25,23,2082.0,23.1,0,1,1,0,0,0,9,0,0.0,0.04,0.04,0.0,0.04,Matches,0,6,1,16.7,0.26,0.04,0.0,0.0,0,0,Matches,,,,,,,,,,,,,,,1,,,,,,Matches,,21,,,,,,,,,,,23,,,,Matches,,,,,,,,,,,,,,,,,,,,,Matches
2834,Martín Zubimendi,es ESP,MF,Arsenal,eng Premier League,26.0,1999.0,38,34,2992.0,33.2,5,1,6,5,0,0,4,0,0.15,0.03,0.18,0.15,0.18,Matches,5,27,9,33.3,0.81,0.27,0.19,0.56,0,0,Matches,,,,,,,,,,,,,,,1,,,,,,Matches,,39,,,,,,,,,,,39,,,,Matches,,,,,,,,,,,,,,,,,,,,,Matches
2835,Martin Ødegaard,no NOR,MF,Arsenal,eng Premier League,26.0,1998.0,24,16,1369.0,15.2,1,6,7,1,0,0,0,0,0.07,0.39,0.46,0.07,0.46,Matches,1,22,8,36.4,1.45,0.53,0.05,0.13,0,0,Matches,,,,,,,,,,,,,,,6,,,,,,Matches,,9,,,,,,,,,,,7,,,,Matches,,,,,,,,,,,,,,,,,,,,,Matches
2836,Leo Østigård,no NOR,DF,Genoa,it Serie A,25.0,1999.0,30,30,2622.0,29.1,5,1,6,5,0,0,7,0,0.17,0.03,0.21,0.17,0.21,Matches,5,22,12,54.5,0.76,0.41,0.23,0.42,0,0,Matches,,,,,,,,,,,,,,,1,,,,,,Matches,,27,,,,,,,,,,,30,,,,Matches,,,,,,,,,,,,,,,,,,,,,Matches
